Label,Number of Queries,mAP (Embeddings_Raw),mAP (Embeddings_Raw__Int),mAP (Embeddings_Raw__Res11),mAP (Embeddings_Raw__Res01),mAP (Embeddings_Raw__ZCA_N_C),mAP (Embeddings_Raw__ZCA_C),mAP (Embeddings_Raw__rZMs_C),mAP (Embeddings_Raw__Int__ZCA_N_C),mAP (Embeddings_Raw__Int__ZCA_C),mAP (Embeddings_Raw__Int__rZMs_C),mAP (Embeddings_Raw__Res11__ZCA_C),mAP (Embeddings_Raw__Res01__ZCA_C),mAP (Embeddings_Raw__Res11__rZMs_C),mAP (Embeddings_Raw__Res01__rZMs_C),mAP (Embeddings_Raw__ZCA_N_C__Int),mAP (Embeddings_Raw__ZCA_C__Int),mAP (Embeddings_Raw__ZCA_C__Res11),mAP (Embeddings_Raw__ZCA_C__Res01),mAP (Embeddings_Raw__ZCA_N_C__rZMs_C),mAP (Embeddings_Raw__ZCA_C__rZMs_C),mAP (Embeddings_Raw__rZMs_C__Int),mAP (Embeddings_Raw__rZMs_C__Res11),mAP (Embeddings_Raw__rZMs_C__Res01),mAP (Embeddings_Raw__rZMs_C__ZCA_N_C),mAP (Embeddings_Raw__rZMs_C__ZCA_C),mAP (Embeddings_Raw__Int__ZCA_N_C__rZMs_C),mAP (Embeddings_Raw__Int__ZCA_C__rZMs_C),mAP (Embeddings_Raw__Int__rZMs_C__ZCA_N_C),mAP (Embeddings_Raw__Int__rZMs_C__ZCA_C),mAP (Embeddings_Raw__Res11__ZCA_C__rZMs_C),mAP (Embeddings_Raw__Res01__ZCA_C__rZMs_C),mAP (Embeddings_Raw__Res11__rZMs_C__ZCA_C),mAP (Embeddings_Raw__Res01__rZMs_C__ZCA_C),mAP (Embeddings_Raw__ZCA_N_C__Int__rZMs_C),mAP (Embeddings_Raw__ZCA_C__Int__rZMs_C),mAP (Embeddings_Raw__ZCA_C__Res11__rZMs_C),mAP (Embeddings_Raw__ZCA_C__Res01__rZMs_C),mAP (Embeddings_Raw__ZCA_N_C__rZMs_C__Int),mAP (Embeddings_Raw__ZCA_C__rZMs_C__Int),mAP (Embeddings_Raw__ZCA_C__rZMs_C__Res11),mAP (Embeddings_Raw__ZCA_C__rZMs_C__Res01),mAP (Embeddings_Raw__rZMs_C__Int__ZCA_N_C),mAP (Embeddings_Raw__rZMs_C__Int__ZCA_C),mAP (Embeddings_Raw__rZMs_C__Res11__ZCA_C),mAP (Embeddings_Raw__rZMs_C__Res01__ZCA_C),mAP (Embeddings_Raw__rZMs_C__ZCA_N_C__Int),mAP (Embeddings_Raw__rZMs_C__ZCA_C__Int),mAP (Embeddings_Raw__rZMs_C__ZCA_C__Res11),mAP (Embeddings_Raw__rZMs_C__ZCA_C__Res01)
1053597844,64.0,0.01485227138184054,0.0026322917092312824,0.03780228947393493,0.03254124251196328,0.02145838887725945,0.02145838887725945,0.005108020482000181,0.015399907489190732,0.015399907489190732,0.0038827531723547954,0.019217353474950582,0.01921586246836444,0.005108020482000181,0.005108020482000181,0.012336978966476864,0.013816039994066248,0.46948071882600423,0.403301626216574,0.022888408645142556,0.022911265600776623,0.0026322917092312824,0.03780228947393493,0.03254124251196328,0.02129477047008122,0.02129477047008122,0.017446379247172402,0.01736391653826948,0.016496661808776233,0.016496661808776233,0.01876263290647844,0.018762772995034448,0.02129477047008122,0.02129477047008122,0.021384519853507002,0.01957204812078758,0.022911265600776623,0.022911265600776623,0.012336978966476864,0.013816039994066248,0.46948071882600423,0.403301626216574,0.015399907489190732,0.015399907489190732,0.019217353474950582,0.01921586246836444,0.011903034088163171,0.013218215526658425,0.45950556822870653,0.39969948681826123
1053597981,64.0,0.060139556002197704,0.0025258197479058413,0.06150248376979657,0.04158762651503288,0.014177526015044158,0.014177526015044158,0.003139857275773385,0.01135132623522951,0.01135132623522951,0.00265444913864562,0.011939030559690996,0.011938766978685627,0.003139857275773385,0.003139857275773385,0.008846200956865913,0.00913036291337188,0.4607703231682868,0.4377056264467294,0.013681267378752696,0.013679114898447529,0.0025258197479058413,0.06150248376979657,0.04158762651503288,0.015229797753357859,0.015229797753357859,0.012958262502994523,0.01294113664414578,0.013442216386797746,0.013442216386797746,0.012756977157440005,0.012756368951453746,0.015229797753357859,0.015229797753357859,0.013191365593969885,0.01209561945896541,0.013679114898447529,0.013679114898447529,0.008846200956865913,0.00913036291337188,0.4607703231682868,0.4377056264467294,0.01135132623522951,0.01135132623522951,0.011939030559690996,0.011938766978685627,0.008739217369301307,0.008562611200608604,0.4855102811783666,0.44817983372371323
1053597998,64.0,0.035367429619753726,0.0022233196515709973,0.04613494015056824,0.04235029349223078,0.020531697296584623,0.020531697296584623,0.004148259594724967,0.016362003973492224,0.016362003973492224,0.0033966240683026283,0.01869337350219338,0.018693150205747456,0.004148259594724967,0.004148259594724967,0.009966545520089373,0.011020762318417818,0.49542914955886197,0.45314371283391486,0.022365127339178215,0.022362449678665353,0.0022233196515709973,0.04613494015056824,0.04235029349223078,0.02186761945058215,0.02186761945058215,0.01710282608282799,0.0171431657001103,0.01696655162178385,0.01696655162178385,0.016509255506231415,0.016510461205270163,0.02186761945058215,0.02186761945058215,0.022251597262464118,0.01879420845714888,0.022362449678665353,0.022362449678665353,0.009966545520089373,0.011020762318417818,0.49542914955886197,0.45314371283391486,0.016362003973492224,0.016362003973492224,0.01869337350219338,0.018693150205747456,0.009779734537500256,0.010324251634750085,0.4879555645847963,0.44460721788789076
1053599558,64.0,0.02384892817387659,0.002726230832299,0.04839955302804159,0.03194234015520494,0.02394632037341884,0.02394632037341884,0.005707947692116833,0.015224815714137824,0.015224815714137824,0.003865935965385188,0.02137665129370217,0.021375941625105647,0.005707947692116833,0.005707947692116833,0.012945181525539234,0.013610244848236796,0.43563926764130273,0.3939387965096024,0.025481497110174188,0.025410789631111742,0.002726230832299,0.04839955302804159,0.03194234015520494,0.025745758280227255,0.025745758280227255,0.016787138608946896,0.016792536526734896,0.017281485795703776,0.017281485795703776,0.019990844872413285,0.01999054785470875,0.025745758280227255,0.025745758280227255,0.024707563410566777,0.02157302334780439,0.025410789631111742,0.025410789631111742,0.012945181525539234,0.013610244848236796,0.43563926764130273,0.3939387965096024,0.015224815714137824,0.015224815714137824,0.02137665129370217,0.021375941625105647,0.012471257464540616,0.013473598857825845,0.42768874909173915,0.3868099761709056
1053599657,64.0,0.024817435767385956,0.0026775730024793925,0.014220827607431227,0.011051186563167338,0.014674237522986092,0.014674237522986092,0.004185465813134931,0.011693829305315285,0.011693829305315285,0.003605684939184426,0.013924020725174825,0.013924096319081126,0.004185465813134931,0.004185465813134931,0.009164325510186432,0.009298018824089198,0.38843610624181374,0.3676481963805909,0.015384898323367377,0.015384870498871661,0.0026775730024793925,0.014220827607431227,0.011051186563167338,0.016300232819593093,0.016300232819593093,0.012240249922697611,0.012254668363989711,0.012915452499211723,0.012915452499211723,0.013590395271505561,0.01359087312359161,0.016300232819593093,0.016300232819593093,0.015341913312476443,0.013508388145799525,0.015384870498871661,0.015384870498871661,0.009164325510186432,0.009298018824089198,0.38843610624181374,0.3676481963805909,0.011693829305315285,0.011693829305315285,0.013924020725174825,0.013924096319081126,0.00866288672433307,0.008882624399199004,0.3892185188087223,0.3663523237658125
1053599695,64.0,0.04452534313830108,0.002183623729440419,0.019745295807230064,0.016323744841188335,0.01761245597857396,0.01761245597857396,0.0041689542024354745,0.012816902862721292,0.012816902862721292,0.0026102265278526455,0.01755758759935283,0.017558755890799006,0.0041689542024354745,0.0041689542024354745,0.011320745377413075,0.01212009351361293,0.40184769572782203,0.3850920847340453,0.01823703823771978,0.018218542128335603,0.002183623729440419,0.019745295807230064,0.016323744841188335,0.02100029881913292,0.02100029881913292,0.013125050901557472,0.013119530909410052,0.01541339048289819,0.01541339048289819,0.016528712165077807,0.01652952905838055,0.02100029881913292,0.02100029881913292,0.0182327405017782,0.01603576161991765,0.018218542128335603,0.018218542128335603,0.011320745377413075,0.01212009351361293,0.40184769572782203,0.3850920847340453,0.012816902862721292,0.012816902862721292,0.01755758759935283,0.017558755890799006,0.010237366340349502,0.01097713295718613,0.39331001948918143,0.3820955487512644
1053600704,64.0,0.01924276515506297,0.002033319271487528,0.07020408620304086,0.04681196912137156,0.02095439294993421,0.02095439294993421,0.005781096889953645,0.014822834293048611,0.014822834293048611,0.0027122408339893063,0.018631155932867526,0.0186328784189994,0.005781096889953645,0.005781096889953645,0.012919900081404465,0.014037328272434653,0.4777341269017763,0.4561584413982754,0.02136647276836332,0.021364837910938506,0.002033319271487528,0.07020408620304086,0.04681196912137156,0.01990807485507784,0.01990807485507784,0.014862763731632946,0.014854271944312667,0.014942813877784317,0.014942813877784317,0.016893721997582718,0.016893754350990994,0.01990807485507784,0.01990807485507784,0.020675592490962333,0.01871924402913479,0.021364837910938506,0.021364837910938506,0.012919900081404465,0.014037328272434653,0.4777341269017763,0.4561584413982754,0.014822834293048611,0.014822834293048611,0.018631155932867526,0.0186328784189994,0.012641271134151057,0.013470903537417131,0.47085530119636076,0.4486481516438308
1053600735,64.0,0.022503127764104732,0.0020745746681580107,0.059790374426679296,0.047879576423972434,0.023964224830335716,0.023964224830335716,0.006180343744521331,0.017079013000979533,0.017079013000979533,0.004055125673914171,0.02374024723110634,0.023740351573201837,0.006180343744521331,0.006180343744521331,0.013605830846117665,0.014319925054053405,0.4616021839540769,0.4330906673686739,0.024905863500644186,0.024896612645834176,0.0020745746681580107,0.059790374426679296,0.047879576423972434,0.02495054542778577,0.02495054542778577,0.017150971090693964,0.017153315023952283,0.01773108139906015,0.01773108139906015,0.02091830335492437,0.020912997529199034,0.02495054542778577,0.02495054542778577,0.023335581251433944,0.019937016716616504,0.024896612645834176,0.024896612645834176,0.013605830846117665,0.014319925054053405,0.4616021839540769,0.4330906673686739,0.017079013000979533,0.017079013000979533,0.02374024723110634,0.023740351573201837,0.012401546441948288,0.013345366731665375,0.44999112724428497,0.42807674001516116
1053600841,64.0,0.02062305053395328,0.00210742407440975,0.06410304149669245,0.046754815824382796,0.01741520662018359,0.01741520662018359,0.005335956140067384,0.013672831679291198,0.013672831679291198,0.0031487329870687718,0.016805202847843766,0.016811825847139784,0.005335956140067384,0.005335956140067384,0.012939396236199933,0.013186718566974572,0.5177570546719582,0.4642784185701468,0.01841545937286065,0.01835281680610534,0.00210742407440975,0.06410304149669245,0.046754815824382796,0.018958607570321518,0.018958607570321518,0.014450236872668812,0.014450021194721697,0.0146293891615078,0.0146293891615078,0.016929245789369825,0.016929313965404973,0.018958607570321518,0.018958607570321518,0.017764061061554908,0.015881453966665012,0.01835281680610534,0.01835281680610534,0.012939396236199933,0.013186718566974572,0.5177570546719582,0.4642784185701468,0.013672831679291198,0.013672831679291198,0.016805202847843766,0.016811825847139784,0.012535519728827941,0.013227093448159108,0.5124096723088158,0.46218126653997527
1053601770,64.0,0.027472152276916663,0.0026519144448582535,0.0514441455785747,0.04129829604402667,0.02414954900677054,0.02414954900677054,0.007655406039513465,0.01414913575321563,0.01414913575321563,0.004310158261660137,0.020003761450939645,0.020008776044482555,0.007655406039513465,0.007655406039513465,0.011349078196155786,0.013288713548482796,0.5596221980122472,0.5153805617054377,0.02388325094901157,0.023887968957750184,0.0026519144448582535,0.0514441455785747,0.04129829604402667,0.02487776722599999,0.02487776722599999,0.014130645687784016,0.014125292183489364,0.014846455149669991,0.014846455149669991,0.01793808236326284,0.017940512422001478,0.02487776722599999,0.02487776722599999,0.021972244183057772,0.01879691835027511,0.023887968957750184,0.023887968957750184,0.011349078196155786,0.013288713548482796,0.5596221980122472,0.5153805617054377,0.01414913575321563,0.01414913575321563,0.020003761450939645,0.020008776044482555,0.010931050609402393,0.012377618049265612,0.5528675562944504,0.5166883391076331
1053601855,64.0,0.016774147322999772,0.002142197997958868,0.048424045332815496,0.04116938661057538,0.018521264213252314,0.018521264213252314,0.005084665792372609,0.011780582499592008,0.011780582499592008,0.0030952066737911263,0.01697324772458381,0.016974259345237615,0.005084665792372609,0.005084665792372609,0.011869474912102385,0.011347681338798632,0.4894688133061208,0.4610037574668091,0.019707429559329148,0.019709516824044804,0.002142197997958868,0.048424045332815496,0.04116938661057538,0.01840868159457452,0.01840868159457452,0.014384962989430336,0.014390349642197674,0.01323069361575581,0.01323069361575581,0.016928781315720887,0.01692902502541497,0.01840868159457452,0.01840868159457452,0.01887905526961791,0.01571579151940563,0.019709516824044804,0.019709516824044804,0.011869474912102385,0.011347681338798632,0.4894688133061208,0.4610037574668091,0.011780582499592008,0.011780582499592008,0.01697324772458381,0.016974259345237615,0.01040561862028102,0.010954291051144819,0.4832712424066488,0.45490281664651666
1053601862,64.0,0.03859109771759726,0.0020991641473148293,0.09182759933589948,0.08059383551273695,0.015808902409611345,0.015808902409611345,0.00607259502138555,0.012755840362238459,0.012755840362238459,0.0038789324536889452,0.013780239275866472,0.013780471587185844,0.00607259502138555,0.00607259502138555,0.011130714619014123,0.01190965680439666,0.5049666692028448,0.45683281317048485,0.015617786128058052,0.015606437966692015,0.0020991641473148293,0.09182759933589948,0.08059383551273695,0.014925246699402267,0.014925246699402267,0.013278766462234848,0.01327913249325615,0.012941527259901425,0.012941527259901425,0.01383335938545763,0.013833599830102883,0.014925246699402267,0.014925246699402267,0.015459860127553921,0.014004919392113683,0.015606437966692015,0.015606437966692015,0.011130714619014123,0.01190965680439666,0.5049666692028448,0.45683281317048485,0.012755840362238459,0.012755840362238459,0.013780239275866472,0.013780471587185844,0.010378470215575452,0.01120089935196985,0.4861512282367951,0.4334878137938739
1086289693,64.0,0.036086066259769525,0.0033425499421338312,0.09232289655834687,0.06973628245317165,0.018963943846310387,0.018963943846310387,0.00679282318301489,0.013920972958296914,0.013920972958296914,0.004467968083895674,0.0171864019891586,0.017184240283859474,0.00679282318301489,0.00679282318301489,0.01343727171199268,0.014425275706177037,0.5135477720871229,0.48266774320352074,0.01946295471555183,0.019462198423013898,0.0033425499421338312,0.09232289655834687,0.06973628245317165,0.01971762580143809,0.01971762580143809,0.014723319847247868,0.014723903858494307,0.015096679292785934,0.015096679292785934,0.017387891462788355,0.017387656961403077,0.01971762580143809,0.01971762580143809,0.01883804224885476,0.017710658092820467,0.019462198423013898,0.019462198423013898,0.01343727171199268,0.014425275706177037,0.5135477720871229,0.48266774320352074,0.013920972958296914,0.013920972958296914,0.0171864019891586,0.017184240283859474,0.012880018668809381,0.01384969968507634,0.5098275323538186,0.48256857278787385
1086289730,64.0,0.022701475380505744,0.002621245543014077,0.051155129006473114,0.04102107665978326,0.015105131082761361,0.015105131082761361,0.004172333919397483,0.011561032318563869,0.011561032318563869,0.0028735285052218624,0.015012480566604414,0.015013046394941838,0.004172333919397483,0.004172333919397483,0.011410322865858734,0.01186207990767851,0.49949463820128626,0.4612147154662173,0.01525262491623286,0.015257234296262443,0.002621245543014077,0.051155129006473114,0.04102107665978326,0.01559830627005107,0.01559830627005107,0.012978204672595426,0.012939986108289434,0.012479820208818045,0.012479820208818045,0.01388741015331891,0.014011896463816871,0.01559830627005107,0.01559830627005107,0.015272015240942407,0.013962713376494558,0.015257234296262443,0.015257234296262443,0.011410322865858734,0.01186207990767851,0.49949463820128626,0.4612147154662173,0.011561032318563869,0.011561032318563869,0.015012480566604414,0.015013046394941838,0.011407024303489239,0.011998353189547414,0.5064619022553264,0.46236875149581397
1086289785,64.0,0.02073059513047346,0.0030944772334336687,0.056847080217124396,0.042669262077721634,0.021295425674416484,0.021295425674416484,0.007037715479816206,0.014741536024838624,0.014741536024838624,0.004972844502773997,0.01750670766590466,0.017511917063987473,0.007037715479816206,0.007037715479816206,0.011968561987648983,0.01288589527587043,0.46292751001437416,0.43932540532452713,0.020567442446365734,0.020570707750176765,0.0030944772334336687,0.056847080217124396,0.042669262077721634,0.01994113458825985,0.01994113458825985,0.017701755535207035,0.01768338498214652,0.015896326431115743,0.015896326431115743,0.017216984502636958,0.017230236829248978,0.01994113458825985,0.01994113458825985,0.019970405840678024,0.01785682990351695,0.020570707750176765,0.020570707750176765,0.011968561987648983,0.01288589527587043,0.46292751001437416,0.43932540532452713,0.014741536024838624,0.014741536024838624,0.01750670766590466,0.017511917063987473,0.011589234798684974,0.01240791780526374,0.45334280733505067,0.42500126914244707
1086290323,64.0,0.059519920559339,0.003128087498233261,0.05223025220053505,0.030722189012174408,0.023485700843084,0.023485700843084,0.008246315592839983,0.017726712024335168,0.017726712024335168,0.005298264119535756,0.02049159484316588,0.020490748580805924,0.008246315592839983,0.008246315592839983,0.015016064162368866,0.01628145246206585,0.45716890724312054,0.4311173587732477,0.02368754408371102,0.023690150922687645,0.003128087498233261,0.05223025220053505,0.030722189012174408,0.02390829942566787,0.02390829942566787,0.01968048321407089,0.019665417685501528,0.019296407129619806,0.019296407129619806,0.020604216165709358,0.020607403340113264,0.02390829942566787,0.02390829942566787,0.023047568792037062,0.02065902176992524,0.023690150922687645,0.023690150922687645,0.015016064162368866,0.01628145246206585,0.45716890724312054,0.4311173587732477,0.017726712024335168,0.017726712024335168,0.02049159484316588,0.020490748580805924,0.014377406945695333,0.015296521626042241,0.4505952375289622,0.42361480228681886
1086290361,64.0,0.030353550473318842,0.002785121873338102,0.06543942518335258,0.04928645933782147,0.016921860085251844,0.016921860085251844,0.006624717646995159,0.013143691761863531,0.013143691761863531,0.005225130326778721,0.015656342116781838,0.015656415456918604,0.006624717646995159,0.006624717646995159,0.00971115566072867,0.011162145732100342,0.44994044953318796,0.42327216579229965,0.017957889057296807,0.017831599909813072,0.002785121873338102,0.06543942518335258,0.04928645933782147,0.01879744840099595,0.01879744840099595,0.013994194574067486,0.013989286931666749,0.014193066495845882,0.014193066495845882,0.014961371082350473,0.014965997757917746,0.01879744840099595,0.01879744840099595,0.01622787038230681,0.014836580030122073,0.017831599909813072,0.017831599909813072,0.00971115566072867,0.011162145732100342,0.44994044953318796,0.42327216579229965,0.013143691761863531,0.013143691761863531,0.015656342116781838,0.015656415456918604,0.009557865555842121,0.010739865664625668,0.43124818840866225,0.4148942720795871
1086290453,384.0,0.27523888176573197,0.0099904883022583,0.02762665796077782,0.058653828865220636,0.008236278572378424,0.008236278572378424,0.010252840900974352,0.00823972960281169,0.00823972960281169,0.010432857651989756,0.008240024512681248,0.008242055472936107,0.010252840900974352,0.010252840900974352,0.007989654241722594,0.007992146048385034,0.03447696790642414,0.015350472707918075,0.008203551325894334,0.008203740722975146,0.0099904883022583,0.02762665796077782,0.058653828865220636,0.008234299272712442,0.008234299272712442,0.008262728331742408,0.008262329045204804,0.008239073275835652,0.008239073275835652,0.008269266376693661,0.008269322798993369,0.008234299272712442,0.008234299272712442,0.008009247735317714,0.007999021693032056,0.008203740722975146,0.008203740722975146,0.007989654241722594,0.007992146048385034,0.03447696790642414,0.015350472707918075,0.00823972960281169,0.00823972960281169,0.008240024512681248,0.008242055472936107,0.008001167497664457,0.00800317139352927,0.03545579471415096,0.015057319278100204
1086290477,384.0,0.2719284741217401,0.010330859186352171,0.02392886464585908,0.05378194280812184,0.008253863406790372,0.008253863406790372,0.011071837320183874,0.008240366232843974,0.008240366232843974,0.011045617399202156,0.008238216505946194,0.008238635852509469,0.011071837320183874,0.011071837320183874,0.007995316252310319,0.007997125120352161,0.05210842599774199,0.017860026917637526,0.00823908750394735,0.008238834899267423,0.010330859186352171,0.02392886464585908,0.05378194280812184,0.008235932095285935,0.008235932095285935,0.008262531987107587,0.008262380684948875,0.008239689642951947,0.008239689642951947,0.008266278232745122,0.008266392818258117,0.008235932095285935,0.008235932095285935,0.008015095897357142,0.00800425621324441,0.008238834899267423,0.008238834899267423,0.007995316252310319,0.007997125120352161,0.05210842599774199,0.017860026917637526,0.008240366232843974,0.008240366232843974,0.008238216505946194,0.008238635852509469,0.008002462374203835,0.00800247809535104,0.04561761337072203,0.01822249021174718
1086290484,64.0,0.01989902128180786,0.002476857513662838,0.06828782805495885,0.05084306172415217,0.02020751832378267,0.02020751832378267,0.005694245539106008,0.016457531126520063,0.016457531126520063,0.003976595966877003,0.019083149904898424,0.01908242321063508,0.005694245539106008,0.005694245539106008,0.013210157860877888,0.013799950482611505,0.44035900752063395,0.4171180798823757,0.02150638824027299,0.02150874700856672,0.002476857513662838,0.06828782805495885,0.05084306172415217,0.02311740257925381,0.02311740257925381,0.016961734971707283,0.016965864788544664,0.01810670422630505,0.01810670422630505,0.019910350748500925,0.019912652653100556,0.02311740257925381,0.02311740257925381,0.020881618041849095,0.018500813196525016,0.02150874700856672,0.02150874700856672,0.013210157860877888,0.013799950482611505,0.44035900752063395,0.4171180798823757,0.016457531126520063,0.016457531126520063,0.019083149904898424,0.01908242321063508,0.012922815924674612,0.013030670074531863,0.4435351893655747,0.42445333639994387
1086290521,64.0,0.02119327457865362,0.002006819273503226,0.056768236455167924,0.05133220675930519,0.024729928269502828,0.024729928269502828,0.007099522045239556,0.014028537531051622,0.014028537531051622,0.003432410515519696,0.022739709069339767,0.02273962257636403,0.007099522045239556,0.007099522045239556,0.014453554575632117,0.01551524106802576,0.44418568455359697,0.40942496088453034,0.026001444367074016,0.026001639709933428,0.002006819273503226,0.056768236455167924,0.05133220675930519,0.02428719720358567,0.02428719720358567,0.014884229057233736,0.014871284458894395,0.01492317392677527,0.01492317392677527,0.021456713921899014,0.021415597797879243,0.02428719720358567,0.02428719720358567,0.02433303984319074,0.021912267353250185,0.026001639709933428,0.026001639709933428,0.014453554575632117,0.01551524106802576,0.44418568455359697,0.40942496088453034,0.014028537531051622,0.014028537531051622,0.022739709069339767,0.02273962257636403,0.013639998633005522,0.014835338597911715,0.4446285328504661,0.4122847744931126
1086291924,64.0,0.015415102088483821,0.0022459989447292912,0.046412255294795514,0.034272006011800485,0.01803162777366927,0.01803162777366927,0.004817981004624352,0.013124160329054653,0.013124160329054653,0.003265006689918149,0.015676136444237796,0.015681447923717628,0.004817981004624352,0.004817981004624352,0.012203117419753452,0.012882971861518608,0.4690279980166858,0.43622268155476707,0.01823904295869259,0.018233907934455233,0.0022459989447292912,0.046412255294795514,0.034272006011800485,0.01812566441246221,0.01812566441246221,0.014084197713589004,0.014079117842282243,0.013924453099984744,0.013924453099984744,0.015838749565508185,0.015838116672413676,0.01812566441246221,0.01812566441246221,0.017188539134509566,0.016275962070740654,0.018233907934455233,0.018233907934455233,0.012203117419753452,0.012882971861518608,0.4690279980166858,0.43622268155476707,0.013124160329054653,0.013124160329054653,0.015676136444237796,0.015681447923717628,0.012239016572272712,0.012879095698016166,0.4621782049379296,0.4277184627575584
1086292082,64.0,0.019378267903350836,0.002663438510497659,0.11098883483776058,0.09094813434728748,0.0190317897835246,0.0190317897835246,0.004983371309667885,0.012600425767958083,0.012600425767958083,0.003486455570044218,0.01756212152147227,0.017562384334488867,0.004983371309667885,0.004983371309667885,0.01276315874562771,0.013423262916886815,0.4428770046976489,0.4049946799309136,0.02015527410533435,0.02015486613094952,0.002663438510497659,0.11098883483776058,0.09094813434728748,0.020274952888772867,0.020274952888772867,0.012928847305768666,0.012928978014236953,0.01361900169874539,0.01361900169874539,0.016399590777838213,0.016401133827937422,0.020274952888772867,0.020274952888772867,0.018960095451501156,0.017765892940428938,0.02015486613094952,0.02015486613094952,0.01276315874562771,0.013423262916886815,0.4428770046976489,0.4049946799309136,0.012600425767958083,0.012600425767958083,0.01756212152147227,0.017562384334488867,0.010905221454271342,0.011790904432101406,0.4394609895259641,0.39982389264602647
1086292143,62.0,0.027730008957656743,0.0026832140592896636,0.04786039150579303,0.03590627995203652,0.026822925899744648,0.026822925899744648,0.004193501899491409,0.0174727440036482,0.0174727440036482,0.0030937791637018377,0.02552979608723459,0.025530278391525447,0.004193501899491409,0.004193501899491409,0.011877421965617318,0.014295876343657985,0.42974437043931907,0.38832681252186535,0.028800801973250342,0.0287940104526512,0.0026832140592896636,0.04786039150579303,0.03590627995203652,0.033735820155568856,0.033735820155568856,0.01905909219017198,0.019051037477139637,0.019668048430704296,0.019668048430704296,0.023479969575596563,0.02348140841682532,0.033735820155568856,0.033735820155568856,0.02667415320887922,0.023733235135510296,0.0287940104526512,0.0287940104526512,0.011877421965617318,0.014295876343657985,0.42974437043931907,0.38832681252186535,0.0174727440036482,0.0174727440036482,0.02552979608723459,0.025530278391525447,0.01149370428378339,0.014350742934692243,0.43637696366582185,0.39739989339820475
1086292341,64.0,0.01456183409186936,0.0027338938688134897,0.0732134578059298,0.055824908228970974,0.02384895981138097,0.02384895981138097,0.0047673267902148975,0.016705576479644175,0.016705576479644175,0.004081408636279115,0.021737553914584644,0.021736671887916493,0.0047673267902148975,0.0047673267902148975,0.012368577054493816,0.014488015170107968,0.43065379298550804,0.4077042716685098,0.025363730991385676,0.02536581961852082,0.0027338938688134897,0.0732134578059298,0.055824908228970974,0.02280715780088912,0.02280715780088912,0.01959006975015685,0.01960856724092248,0.017816579497883834,0.017816579497883834,0.01855450213237403,0.018555915864936698,0.02280715780088912,0.02280715780088912,0.024451608854322966,0.021428669498702112,0.02536581961852082,0.02536581961852082,0.012368577054493816,0.014488015170107968,0.43065379298550804,0.4077042716685098,0.016705576479644175,0.016705576479644175,0.021737553914584644,0.021736671887916493,0.010574885126607298,0.012161529644768439,0.41441694170258775,0.38088932535762376
1086292433,64.0,0.014593843640386244,0.002026013007994802,0.03854351590206486,0.03442100543337757,0.017467716948764495,0.017467716948764495,0.00503492221929895,0.01100595009576384,0.01100595009576384,0.0029626277064255264,0.015074304414176896,0.015052266410506193,0.00503492221929895,0.00503492221929895,0.010253205140879807,0.011050735204575397,0.39222758800329127,0.37385532230105223,0.018621291178740212,0.018603088612374044,0.002026013007994802,0.03854351590206486,0.03442100543337757,0.017440184875579443,0.017440184875579443,0.01206950935385961,0.012067366964275395,0.011437893177459895,0.011437893177459895,0.013112376830189454,0.013109321158734085,0.017440184875579443,0.017440184875579443,0.017833131553366237,0.015294141928272767,0.018603088612374044,0.018603088612374044,0.010253205140879807,0.011050735204575397,0.39222758800329127,0.37385532230105223,0.01100595009576384,0.01100595009576384,0.015074304414176896,0.015052266410506193,0.009350843812823863,0.010412547769550796,0.37369546330111125,0.36694810441922754
1086292440,64.0,0.020306947036170257,0.002170507976876596,0.08649449392443284,0.06377507960896285,0.02038437214372636,0.02038437214372636,0.00464259896131176,0.015433279386703882,0.015433279386703882,0.0034004074386381144,0.02053116317349497,0.02052923105561506,0.00464259896131176,0.00464259896131176,0.009868726400570273,0.012123562487384536,0.45063277013031094,0.43594595776282913,0.020949153099493745,0.02095302620406372,0.002170507976876596,0.08649449392443284,0.06377507960896285,0.02272769589346009,0.02272769589346009,0.017028576370255667,0.017026820218501028,0.017080034910924205,0.017080034910924205,0.01828802055072238,0.018288070072336463,0.02272769589346009,0.02272769589346009,0.020436287587932478,0.017519943951200136,0.02095302620406372,0.02095302620406372,0.009868726400570273,0.012123562487384536,0.45063277013031094,0.43594595776282913,0.015433279386703882,0.015433279386703882,0.02053116317349497,0.02052923105561506,0.00956103751543992,0.011707001520339638,0.4535082398588573,0.43550751053881126
1086292822,64.0,0.020158769679450236,0.0025013611592496717,0.08799538832646532,0.06400890622463562,0.026796314257559135,0.026796314257559135,0.008382844768793321,0.017854546065055932,0.017854546065055932,0.004523476676926728,0.023914726651386938,0.02391466339110965,0.008382844768793321,0.008382844768793321,0.015463696891730107,0.018845635609268024,0.5338612878720478,0.5117823842252345,0.02805042200324127,0.028040988217377796,0.0025013611592496717,0.08799538832646532,0.06400890622463562,0.026766461203269972,0.026766461203269972,0.018512633269281563,0.018491269689627284,0.018104886564392637,0.018104886564392637,0.02043282426922323,0.020432071703473144,0.026766461203269972,0.026766461203269972,0.02677846039964208,0.023932764656007022,0.028040988217377796,0.028040988217377796,0.015463696891730107,0.018845635609268024,0.5338612878720478,0.5117823842252345,0.017854546065055932,0.017854546065055932,0.023914726651386938,0.02391466339110965,0.014648137535883446,0.016900857209954205,0.5066310470106091,0.4937406229506959
1086292921,64.0,0.018898547588282424,0.0025464350366568404,0.07857225588189824,0.055255010738355224,0.028641754558945836,0.028641754558945836,0.006211528759132843,0.02067066250938838,0.02067066250938838,0.004061979374834074,0.027299052464202837,0.027300284926446393,0.006211528759132843,0.006211528759132843,0.015699607885401416,0.019397854935330246,0.4733901646117015,0.4690306273347205,0.03126552255854866,0.03125330509572351,0.0025464350366568404,0.07857225588189824,0.055255010738355224,0.03032438445572025,0.03032438445572025,0.02297795965269152,0.02297862585338826,0.02205340571428264,0.02205340571428264,0.023914216973618157,0.02390965510385538,0.03032438445572025,0.03032438445572025,0.029595156921813304,0.026344377778967535,0.03125330509572351,0.03125330509572351,0.015699607885401416,0.019397854935330246,0.4733901646117015,0.4690306273347205,0.02067066250938838,0.02067066250938838,0.027299052464202837,0.027300284926446393,0.014599794212515702,0.017672425457189153,0.4628925018748942,0.45012043863586293
1086292976,64.0,0.01677776515535788,0.0031521268571590264,0.05555431999463877,0.042334211447872624,0.027755663532377295,0.027755663532377295,0.007295729490473725,0.01952346363398423,0.01952346363398423,0.0044740247178019135,0.025662639166858365,0.02566399088302725,0.007295729490473725,0.007295729490473725,0.014366009804485451,0.01717948878824716,0.4177875532706635,0.39144760357317715,0.029103667233666364,0.029085677205724293,0.0031521268571590264,0.05555431999463877,0.042334211447872624,0.029256148049008557,0.029256148049008557,0.019702542638628626,0.01970652559281394,0.020329742827850293,0.020329742827850293,0.022563233760869775,0.022562065206288198,0.029256148049008557,0.029256148049008557,0.028014993347520122,0.02381378745727873,0.029085677205724293,0.029085677205724293,0.014366009804485451,0.01717948878824716,0.4177875532706635,0.39144760357317715,0.01952346363398423,0.01952346363398423,0.025662639166858365,0.02566399088302725,0.01317673022513262,0.015890009091131047,0.4185731877426816,0.39073964183969767
1086293034,64.0,0.016425084215088967,0.0023149099321675246,0.06501455229071643,0.062054318316836526,0.019239529262518196,0.019239529262518196,0.0077980566181136,0.014133421078297875,0.014133421078297875,0.0042007394380038105,0.017548176502690596,0.017546780319753364,0.0077980566181136,0.0077980566181136,0.012106037829373742,0.01340326626224078,0.5004434326126811,0.45040857426742803,0.02022257366602631,0.02020897718403348,0.0023149099321675246,0.06501455229071643,0.062054318316836526,0.021858183958544428,0.021858183958544428,0.014673658929159089,0.014657343439793693,0.014675878301862703,0.014675878301862703,0.016322971484880544,0.016322463990822145,0.021858183958544428,0.021858183958544428,0.019039561747044527,0.017081000937735846,0.02020897718403348,0.02020897718403348,0.012106037829373742,0.01340326626224078,0.5004434326126811,0.45040857426742803,0.014133421078297875,0.014133421078297875,0.017548176502690596,0.017546780319753364,0.011120763249759521,0.012527153499905932,0.4848199228832053,0.4350796309088251
1086293089,64.0,0.013887783538509701,0.0027129620055115805,0.0327823269280517,0.026093353722768206,0.021734358698121854,0.021734358698121854,0.006196912244099386,0.013770652439408747,0.013770652439408747,0.003319876788241756,0.018722815196466364,0.018722612025601465,0.006196912244099386,0.006196912244099386,0.010918345688915252,0.011825150566317081,0.45832845656928806,0.4164004725928118,0.02321429763147605,0.023206018385471126,0.0027129620055115805,0.0327823269280517,0.026093353722768206,0.02354622388232139,0.02354622388232139,0.014449722871971847,0.014445809554326087,0.014694014573537147,0.014694014573537147,0.016966804679960062,0.01694588268775827,0.02354622388232139,0.02354622388232139,0.021565611942751153,0.01824495035209707,0.023206018385471126,0.023206018385471126,0.010918345688915252,0.011825150566317081,0.45832845656928806,0.4164004725928118,0.013770652439408747,0.013770652439408747,0.018722815196466364,0.018722612025601465,0.010028180813310575,0.01020480185761498,0.46030513811372686,0.4165398679767862
1086293164,64.0,0.032325596125900774,0.0017673321620146065,0.08110381894437232,0.07327214337936683,0.02096174548914486,0.02096174548914486,0.0036323053020617477,0.013863318563940234,0.013863318563940234,0.0022364111154970115,0.018839995666920163,0.0188423134434379,0.0036323053020617477,0.0036323053020617477,0.012951859027564218,0.01339681085134408,0.4777777210049731,0.4474215360610226,0.021585527864243156,0.021560624229445165,0.0017673321620146065,0.08110381894437232,0.07327214337936683,0.021716404189066302,0.021716404189066302,0.014269798705835546,0.014278416104413232,0.014932719939609857,0.014932719939609857,0.01813872958991452,0.018140431420873307,0.021716404189066302,0.021716404189066302,0.021006511595594288,0.01846840522965836,0.021560624229445165,0.021560624229445165,0.012951859027564218,0.01339681085134408,0.4777777210049731,0.4474215360610226,0.013863318563940234,0.013863318563940234,0.018839995666920163,0.0188423134434379,0.012117425229759298,0.012883729206101861,0.4640456463276618,0.4424928667773068
1086293386,384.0,0.21756402854733328,0.010120066855296771,0.04033429050522972,0.08342330242200323,0.008250971028118097,0.008250971028118097,0.010669966813850011,0.008241395168438453,0.008241395168438453,0.010810172966298987,0.008246199551780164,0.008246621049980727,0.010669966813850011,0.010669966813850011,0.00800361247836311,0.008003126745451304,0.037222095452474374,0.016447292367156727,0.008247253209767625,0.008247034254962104,0.010120066855296771,0.04033429050522972,0.08342330242200323,0.008242305907339357,0.008242305907339357,0.008261673405755626,0.008261127436715731,0.008240889680844804,0.008240889680844804,0.008280178871085205,0.00828045980398298,0.008242305907339357,0.008242305907339357,0.008026057943342943,0.008015158504290373,0.008247034254962104,0.008247034254962104,0.00800361247836311,0.008003126745451304,0.037222095452474374,0.016447292367156727,0.008241395168438453,0.008241395168438453,0.008246199551780164,0.008246621049980727,0.008005114633309779,0.008004916358841284,0.05062983671093288,0.017009002393521013
1086293409,64.0,0.016210970633876387,0.002661571923645768,0.07881928631648379,0.05577246939225496,0.01972801809442949,0.01972801809442949,0.004044576584857339,0.01483339020637049,0.01483339020637049,0.0034444528958818897,0.018038350158930964,0.01803735452895623,0.004044576584857339,0.004044576584857339,0.014790353003387534,0.015084854929204519,0.5048145873104288,0.49553009867977194,0.020627499739877552,0.02063135789304906,0.002661571923645768,0.07881928631648379,0.05577246939225496,0.020031758618775868,0.020031758618775868,0.015967523709930015,0.015918382349188288,0.01586711850738311,0.01586711850738311,0.01581942352842436,0.015811734684821645,0.020031758618775868,0.020031758618775868,0.020243217867717073,0.018674927082848822,0.02063135789304906,0.02063135789304906,0.014790353003387534,0.015084854929204519,0.5048145873104288,0.49553009867977194,0.01483339020637049,0.01483339020637049,0.018038350158930964,0.01803735452895623,0.013179230261907239,0.013718661354137964,0.4834080295776428,0.4733088263786988
1086293416,64.0,0.017624035561784452,0.0020323085367581475,0.07075925699887771,0.05055380775129297,0.019660706489062825,0.019660706489062825,0.004737097500102424,0.012398059313232576,0.012398059313232576,0.0035208785053892464,0.017224933445262054,0.01722123452872688,0.004737097500102424,0.004737097500102424,0.01071970227556742,0.012092106499082036,0.41509576194270054,0.3827269306741361,0.020636590763774016,0.02063551010903815,0.0020323085367581475,0.07075925699887771,0.05055380775129297,0.019623300130131142,0.019623300130131142,0.01412415810871001,0.01412229793263059,0.01375895431361316,0.01375895431361316,0.01586689193154463,0.01586716244223876,0.019623300130131142,0.019623300130131142,0.019931765561284145,0.018400277957421683,0.02063551010903815,0.02063551010903815,0.01071970227556742,0.012092106499082036,0.41509576194270054,0.3827269306741361,0.012398059313232576,0.012398059313232576,0.017224933445262054,0.01722123452872688,0.009281989470740774,0.010779544447247628,0.4010572438226396,0.381515802493309
1086293935,64.0,0.02316072608001718,0.002543572846969939,0.10960104145607517,0.09441002744176981,0.02595143783240229,0.02595143783240229,0.008550541908086717,0.0178161439562868,0.0178161439562868,0.004522456840194356,0.022743208928111096,0.022743416774659575,0.008550541908086717,0.008550541908086717,0.015255859566073586,0.01560325550033956,0.4710847187911741,0.4527756429401224,0.026707186403247554,0.026708022087823753,0.002543572846969939,0.10960104145607517,0.09441002744176981,0.026350867064560232,0.026350867064560232,0.021190262730384584,0.021197671650327404,0.02012493741058761,0.02012493741058761,0.021518294507472602,0.02151799231202641,0.026350867064560232,0.026350867064560232,0.024795783278533507,0.022651652266195834,0.026708022087823753,0.026708022087823753,0.015255859566073586,0.01560325550033956,0.4710847187911741,0.4527756429401224,0.0178161439562868,0.0178161439562868,0.022743208928111096,0.022743416774659575,0.014209762229086818,0.014701896193043218,0.46946126536730215,0.45080236603417234
1086294017,64.0,0.0201025967860091,0.0020936627450001575,0.08382880304785503,0.07323086683119939,0.017465935019762995,0.017465935019762995,0.004023476067255161,0.013121088360509734,0.013121088360509734,0.002599749420888517,0.014684142984862238,0.014689357504762572,0.004023476067255161,0.004023476067255161,0.009882423998451672,0.010550456137207282,0.43228093656561595,0.3984264657306492,0.01920447092178149,0.01918659758032005,0.0020936627450001575,0.08382880304785503,0.07323086683119939,0.016996435160068737,0.016996435160068737,0.014469325623577623,0.014470086460745837,0.013304806234624485,0.013304806234624485,0.014378511223753316,0.0143746215260946,0.016996435160068737,0.016996435160068737,0.018019611673329865,0.015664661757548076,0.01918659758032005,0.01918659758032005,0.009882423998451672,0.010550456137207282,0.43228093656561595,0.3984264657306492,0.013121088360509734,0.013121088360509734,0.014684142984862238,0.014689357504762572,0.00860820822477815,0.010007444586594798,0.4274426439606071,0.39601766970959373
1086294024,384.0,0.2812433672850888,0.010244243643162667,0.04333696536113809,0.08051715177432546,0.008249845639394838,0.008249845639394838,0.011049345376511826,0.008244387324195591,0.008244387324195591,0.010918635439353718,0.00824032212034796,0.008240327523551942,0.011049345376511826,0.011049345376511826,0.007996512371959905,0.007998033411644427,0.02883730768018911,0.016442425105218133,0.008239324165601969,0.008239374180226178,0.010244243643162667,0.04333696536113809,0.08051715177432546,0.008237223301230216,0.008237223301230216,0.008267296764123922,0.008266982176452364,0.00824422187995953,0.00824422187995953,0.008277512988784198,0.008277551793219881,0.008237223301230216,0.008237223301230216,0.008017792361476839,0.008007244064023793,0.008239374180226178,0.008239374180226178,0.007996512371959905,0.007998033411644427,0.02883730768018911,0.016442425105218133,0.008244387324195591,0.008244387324195591,0.00824032212034796,0.008240327523551942,0.008004698643522839,0.008003803040038735,0.03031824632405573,0.016291824095150845
110000293085,64.0,0.018955589277220963,0.002129987369573245,0.07307435939490527,0.0688195878886598,0.018972608660435125,0.018972608660435125,0.005094843054552327,0.013699771292452353,0.013699771292452353,0.00288803772268605,0.016047028250854564,0.01604621268645204,0.005094843054552327,0.005094843054552327,0.011648278910722702,0.012929071347857726,0.5878980797164175,0.5688414318383126,0.019191067641434953,0.019188975358531472,0.002129987369573245,0.07307435939490527,0.0688195878886598,0.019950798892495077,0.019950798892495077,0.013559519791514997,0.013563816750900893,0.014920472354260594,0.014920472354260594,0.017383344146836916,0.01738289768276956,0.019950798892495077,0.019950798892495077,0.01903564533009437,0.01590921122910327,0.019188975358531472,0.019188975358531472,0.011648278910722702,0.012929071347857726,0.5878980797164175,0.5688414318383126,0.013699771292452353,0.013699771292452353,0.016047028250854564,0.01604621268645204,0.010853954601974733,0.012133356546635242,0.5765026224143464,0.5622391011331513
110000293088,64.0,0.01902361801741927,0.0028322927702433016,0.11678877568330163,0.0868070729110262,0.014487508640473783,0.014487508640473783,0.005501185485830855,0.01150148022430116,0.01150148022430116,0.004106761913157047,0.013203932451725929,0.013203718828200992,0.005501185485830855,0.005501185485830855,0.010232304960129538,0.010734496276421193,0.6246815786831054,0.6051373286715834,0.015310398202357429,0.015327261603000701,0.0028322927702433016,0.11678877568330163,0.0868070729110262,0.014719743371447842,0.014719743371447842,0.012446033975038582,0.012446516617506979,0.012410737662543563,0.012410737662543563,0.013358904055069832,0.01335884213436036,0.014719743371447842,0.014719743371447842,0.014874788829763968,0.013318007498795106,0.015327261603000701,0.015327261603000701,0.010232304960129538,0.010734496276421193,0.6246815786831054,0.6051373286715834,0.01150148022430116,0.01150148022430116,0.013203932451725929,0.013203718828200992,0.009874999498602184,0.010187730948280098,0.6387050720539377,0.6158348170740239
110000293089,64.0,0.023316139902832017,0.0022523638107126254,0.08861028869262486,0.07546525310617344,0.016377585787240828,0.016377585787240828,0.005455645339298869,0.011356481171630952,0.011356481171630952,0.0032786593162694834,0.014200037429747242,0.014200171878208746,0.005455645339298869,0.005455645339298869,0.011408183150660448,0.01157863978853757,0.6148768499764312,0.5936077576280356,0.01561751560106156,0.015616734203557919,0.0022523638107126254,0.08861028869262486,0.07546525310617344,0.016867031695050046,0.016867031695050046,0.011796590424599332,0.011771181766664024,0.01233465938592191,0.01233465938592191,0.014440595201478916,0.014454686608031871,0.016867031695050046,0.016867031695050046,0.015121109146708098,0.013766614015753131,0.015616734203557919,0.015616734203557919,0.011408183150660448,0.01157863978853757,0.6148768499764312,0.5936077576280356,0.011356481171630952,0.011356481171630952,0.014200037429747242,0.014200171878208746,0.010910126638975103,0.010869185580884655,0.6111448006835078,0.5914194548093048
110000293091,384.0,0.2689689478358083,0.010265814846062224,0.03118139786556171,0.06131493478476385,0.00824432389083859,0.00824432389083859,0.010246683450868115,0.00823649118981983,0.00823649118981983,0.010374044998185035,0.00824098264058394,0.008241122240214236,0.010246683450868115,0.010246683450868115,0.007987257032895002,0.00798570646484041,0.03135590670674463,0.016993125444222122,0.00822813613991555,0.00822794901357173,0.010265814846062224,0.03118139786556171,0.06131493478476385,0.008237345807198558,0.008237345807198558,0.008259371420549094,0.008259505040797628,0.008234706336842024,0.008234706336842024,0.0082719159224261,0.008272004696602327,0.008237345807198558,0.008237345807198558,0.008011025255128574,0.00800045340825724,0.00822794901357173,0.00822794901357173,0.007987257032895002,0.00798570646484041,0.03135590670674463,0.016993125444222122,0.00823649118981983,0.00823649118981983,0.00824098264058394,0.008241122240214236,0.007996687847471718,0.00799447593381949,0.024991074846595084,0.015964554316189275
110000293098,64.0,0.015226984124417805,0.0029279536569307807,0.07047340056233996,0.053070544149648104,0.02790225020394352,0.02790225020394352,0.006539294216100029,0.020923913665592774,0.020923913665592774,0.004493395764836337,0.02209820393988136,0.02209700176084773,0.006539294216100029,0.006539294216100029,0.01526748485524535,0.015085794722254513,0.5332235470574253,0.5100095655307397,0.027295635637661242,0.027299246056110157,0.0029279536569307807,0.07047340056233996,0.053070544149648104,0.02704149488851342,0.02704149488851342,0.024432512502753218,0.024434829223377308,0.023149323685950227,0.023149323685950227,0.023365221905193544,0.023390305248030877,0.02704149488851342,0.02704149488851342,0.026538384372673585,0.02203730697649646,0.027299246056110157,0.027299246056110157,0.01526748485524535,0.015085794722254513,0.5332235470574253,0.5100095655307397,0.020923913665592774,0.020923913665592774,0.02209820393988136,0.02209700176084773,0.013990721216453388,0.014537779849268115,0.536400188196203,0.5143182701630215
110000293236,64.0,0.014812960742475643,0.0019045274609100875,0.05696097777795314,0.04880983011169868,0.021350527994509934,0.021350527994509934,0.00547374560220115,0.011990667896677775,0.011990667896677775,0.0024046990384960433,0.01976446884451758,0.019764517263341275,0.00547374560220115,0.00547374560220115,0.011408389635552936,0.012629807800821714,0.5685216430160043,0.543927690113278,0.0225763350025756,0.022537916265106785,0.0019045274609100875,0.05696097777795314,0.04880983011169868,0.020562464613262513,0.020562464613262513,0.013476322994096707,0.013470464528066224,0.013449952330991792,0.013449952330991792,0.019172451441477632,0.019104858766332257,0.020562464613262513,0.020562464613262513,0.021235059790034285,0.01740429182948766,0.022537916265106785,0.022537916265106785,0.011408389635552936,0.012629807800821714,0.5685216430160043,0.543927690113278,0.011990667896677775,0.011990667896677775,0.01976446884451758,0.019764517263341275,0.01061563914562925,0.012084439317605864,0.5559644095157192,0.5360900275374013
110000294883,64.0,0.02583220312534044,0.002037904930089473,0.05704183077198536,0.047703548913466426,0.021176926034294958,0.021176926034294958,0.005378291511473815,0.013925327261050743,0.013925327261050743,0.0031773024574587613,0.017703275424880885,0.017702609994515745,0.005378291511473815,0.005378291511473815,0.01372993113042444,0.01252405535691723,0.5581893709414285,0.5474380773965906,0.021277920149596487,0.021278542906733013,0.002037904930089473,0.05704183077198536,0.047703548913466426,0.020373747162185582,0.020373747162185582,0.014300944476280766,0.014302605584385264,0.01561687616334898,0.01561687616334898,0.01746958152429736,0.01747056031750384,0.020373747162185582,0.020373747162185582,0.021115318212429967,0.018193670773411226,0.021278542906733013,0.021278542906733013,0.01372993113042444,0.01252405535691723,0.5581893709414285,0.5474380773965906,0.013925327261050743,0.013925327261050743,0.017703275424880885,0.017702609994515745,0.011692664824838701,0.011138586053630972,0.5563942730839654,0.544921042776301
110000294889,64.0,0.02061837936021856,0.002362409070179981,0.045355595860557235,0.04529273798033662,0.0174384218773781,0.0174384218773781,0.007292821192192082,0.011431774627800505,0.011431774627800505,0.0031138513084167717,0.015128026665305555,0.015127505172574066,0.007292821192192082,0.007292821192192082,0.010910100585599068,0.010524875381383606,0.5971525039540373,0.5691203842382222,0.017380088330127327,0.017368749304627708,0.002362409070179981,0.045355595860557235,0.04529273798033662,0.01757796384365283,0.01757796384365283,0.011924803951058183,0.011946337587677354,0.012025383074485625,0.012025383074485625,0.015715460795519633,0.015715622555338857,0.01757796384365283,0.01757796384365283,0.016778710145865405,0.013912142593810062,0.017368749304627708,0.017368749304627708,0.010910100585599068,0.010524875381383606,0.5971525039540373,0.5691203842382222,0.011431774627800505,0.011431774627800505,0.015128026665305555,0.015127505172574066,0.010047144719164324,0.009385907385503784,0.5915326100707348,0.5686959488929786
110000294893,64.0,0.029122239850252835,0.002946301902416012,0.15081545173067495,0.1610908685369081,0.019275773704427544,0.019275773704427544,0.010367253094527714,0.015266123701108317,0.015266123701108317,0.0041895398640844645,0.0175517464454267,0.017551761908626742,0.010367253094527714,0.010367253094527714,0.013346267694867353,0.013740277886535169,0.5940135731742658,0.5446961935227739,0.01872648949836211,0.018726261981683378,0.002946301902416012,0.15081545173067495,0.1610908685369081,0.018751471891921993,0.018751471891921993,0.015677733317516693,0.015674002252820854,0.015803726313849527,0.015803726313849527,0.01750121196670541,0.01750562906464936,0.018751471891921993,0.018751471891921993,0.018186911895329297,0.016556563964463426,0.018726261981683378,0.018726261981683378,0.013346267694867353,0.013740277886535169,0.5940135731742658,0.5446961935227739,0.015266123701108317,0.015266123701108317,0.0175517464454267,0.017551761908626742,0.0132074945986661,0.013711741503536271,0.5783166009607125,0.5487304282808012
110000294899,384.0,0.37623509278033485,0.011845638636002992,0.04847877964744035,0.07100291944248732,0.008235902251400248,0.008235902251400248,0.011504278787679645,0.008219201510509595,0.008219201510509595,0.011633410709607508,0.008224987492807692,0.008225184430062973,0.011504278787679645,0.011504278787679645,0.007979253679867742,0.007979439576008596,0.04174650023476085,0.016259651071853898,0.00821761045978743,0.008217846731868728,0.011845638636002992,0.04847877964744035,0.07100291944248732,0.008219847357001793,0.008219847357001793,0.00823940909275448,0.008239486839512608,0.008218284829572495,0.008218284829572495,0.008257564722125195,0.00825748752565339,0.008219847357001793,0.008219847357001793,0.008001751263630813,0.007991705519676998,0.008217846731868728,0.008217846731868728,0.007979253679867742,0.007979439576008596,0.04174650023476085,0.016259651071853898,0.008219201510509595,0.008219201510509595,0.008224987492807692,0.008225184430062973,0.007985668703031787,0.007984335286188768,0.03412253307270117,0.015891448714317715
110000294902,64.0,0.018240803619513878,0.0032709462045678946,0.07863655548936373,0.07315954204586055,0.023670043966136055,0.023670043966136055,0.009859075633524715,0.020352297704007,0.020352297704007,0.006782499836614657,0.02153884743971641,0.021538662210016168,0.009859075633524715,0.009859075633524715,0.012232941424629674,0.01313877151334735,0.7020683299891353,0.6720982719265858,0.025234932547606958,0.02521890238504241,0.0032709462045678946,0.07863655548936373,0.07315954204586055,0.02753050428383149,0.02753050428383149,0.0197882614986231,0.0197889737002917,0.02122028370790795,0.02122028370790795,0.021196183286265925,0.02119724587477371,0.02753050428383149,0.02753050428383149,0.02353200430829771,0.02000781514495706,0.02521890238504241,0.02521890238504241,0.012232941424629674,0.01313877151334735,0.7020683299891353,0.6720982719265858,0.020352297704007,0.020352297704007,0.02153884743971641,0.021538662210016168,0.011816420782832555,0.012988489058418456,0.693495079231372,0.666701782928547
110000294909,64.0,0.026013466374681406,0.002593868215438053,0.08868080189492825,0.08289055160009014,0.017353528956614562,0.017353528956614562,0.00743365274052603,0.013780782485290277,0.013780782485290277,0.0036616524389585917,0.015792637548059263,0.015791008409734086,0.00743365274052603,0.00743365274052603,0.012564729830640718,0.012926817424659157,0.5622180993796397,0.5499141142325327,0.017221411328452705,0.017226599977336735,0.002593868215438053,0.08868080189492825,0.08289055160009014,0.017837278352887863,0.017837278352887863,0.014186283354748362,0.014186500580979892,0.014660805118448353,0.014660805118448353,0.016590804529628005,0.01659017849423005,0.017837278352887863,0.017837278352887863,0.01655158351734745,0.015543826232116155,0.017226599977336735,0.017226599977336735,0.012564729830640718,0.012926817424659157,0.5622180993796397,0.5499141142325327,0.013780782485290277,0.013780782485290277,0.015792637548059263,0.015791008409734086,0.011785306861198901,0.012500443959867462,0.5576422211265218,0.5476263437641143
110000295507,64.0,0.030706636756690112,0.001860214877242442,0.1112914961005774,0.08994450101791912,0.014567316325382666,0.014567316325382666,0.003982028833982569,0.010269475324926633,0.010269475324926633,0.002780018854048488,0.013705120631061189,0.013705260699419942,0.003982028833982569,0.003982028833982569,0.010963791489192888,0.010846693948343228,0.5666201798342917,0.5420032189011583,0.015161415397800242,0.01516157924577919,0.001860214877242442,0.1112914961005774,0.08994450101791912,0.014958950317312425,0.014958950317312425,0.012080632855825306,0.012081334189337834,0.011829033937694218,0.011829033937694218,0.014092214100450142,0.014091973559881168,0.014958950317312425,0.014958950317312425,0.014662174571849353,0.013725235855015274,0.01516157924577919,0.01516157924577919,0.010963791489192888,0.010846693948343228,0.5666201798342917,0.5420032189011583,0.010269475324926633,0.010269475324926633,0.013705120631061189,0.013705260699419942,0.01010577227657618,0.009862887142842825,0.5524270247214063,0.5293644638968806
110000295544,64.0,0.02422901372318475,0.0018362672799210305,0.09966171592349787,0.07338589362403569,0.018075499571577423,0.018075499571577423,0.004355536406514094,0.012333112018636001,0.012333112018636001,0.002789031587032197,0.016275845726632626,0.016270057864113036,0.004355536406514094,0.004355536406514094,0.013423695240126772,0.014265571964928926,0.5660445735582516,0.5326280420111862,0.018316241088881077,0.01831256449587799,0.0018362672799210305,0.09966171592349787,0.07338589362403569,0.017899261623809733,0.017899261623809733,0.012707298507045054,0.012706995123162543,0.013002552894411688,0.013002552894411688,0.01664491581972472,0.016644085629910765,0.017899261623809733,0.017899261623809733,0.018023600141270954,0.016546153358709945,0.01831256449587799,0.01831256449587799,0.013423695240126772,0.014265571964928926,0.5660445735582516,0.5326280420111862,0.012333112018636001,0.012333112018636001,0.016275845726632626,0.016270057864113036,0.01256037212177087,0.012735118289012696,0.5620876824136344,0.5314010156742028
110000295545,64.0,0.02186562052310707,0.0025929134062798345,0.08190045236611873,0.07580108715529604,0.017282691223209506,0.017282691223209506,0.00641716236784449,0.012730199148264074,0.012730199148264074,0.003549314597928591,0.015674801633578817,0.015674465376909353,0.00641716236784449,0.00641716236784449,0.012750777820739866,0.012884379826750263,0.5757673204563911,0.5508273466064888,0.017368112762225166,0.017370433025532886,0.0025929134062798345,0.08190045236611873,0.07580108715529604,0.016640810277660636,0.016640810277660636,0.013253283387387283,0.013249025898845732,0.013422314383681347,0.013422314383681347,0.014939453433826152,0.014934955160471757,0.016640810277660636,0.016640810277660636,0.0173226436679175,0.014614343664624092,0.017370433025532886,0.017370433025532886,0.012750777820739866,0.012884379826750263,0.5757673204563911,0.5508273466064888,0.012730199148264074,0.012730199148264074,0.015674801633578817,0.015674465376909353,0.01201963602798032,0.011791080443416936,0.5685880899105978,0.5455281455549424
110000295566,64.0,0.040147235211228316,0.0021609991673978996,0.0820240318558275,0.07119104992159284,0.01233218843066083,0.01233218843066083,0.0058959837486211135,0.009898578488165093,0.009898578488165093,0.0031650078668424577,0.01238150117731283,0.012381145353148808,0.0058959837486211135,0.0058959837486211135,0.010174338331838888,0.010473747356820648,0.5921898063633045,0.5752699328525589,0.012571018582111074,0.012569221439381915,0.0021609991673978996,0.0820240318558275,0.07119104992159284,0.012655585031983012,0.012655585031983012,0.009846473460100825,0.009821983301237758,0.01054214047616462,0.01054214047616462,0.011286160544060902,0.011286198179666227,0.012655585031983012,0.012655585031983012,0.012411058096022075,0.011799429074213165,0.012569221439381915,0.012569221439381915,0.010174338331838888,0.010473747356820648,0.5921898063633045,0.5752699328525589,0.009898578488165093,0.009898578488165093,0.01238150117731283,0.012381145353148808,0.009372228262804679,0.009469348171999604,0.603975649850441,0.5850219921870401
110000295570,64.0,0.045395446055186736,0.0018106646555648446,0.0701229825429218,0.06432470955619385,0.011316017958851406,0.011316017958851406,0.005970655863212299,0.009800807387102954,0.009800807387102954,0.0026344786703743216,0.01143511938188143,0.011435075929490307,0.005970655863212299,0.005970655863212299,0.009037023869598253,0.009578969211065791,0.5926190961805076,0.5766477147727062,0.011619216717593714,0.011618996009522932,0.0018106646555648446,0.0701229825429218,0.06432470955619385,0.011642480100640958,0.011642480100640958,0.010550233517410254,0.01055236252086816,0.010566180419246852,0.010566180419246852,0.010560444795143542,0.01055915818802122,0.011642480100640958,0.011642480100640958,0.011626049024881511,0.01069129162565366,0.011618996009522932,0.011618996009522932,0.009037023869598253,0.009578969211065791,0.5926190961805076,0.5766477147727062,0.009800807387102954,0.009800807387102954,0.01143511938188143,0.011435075929490307,0.008912705164754422,0.00909632692492653,0.6047166550484991,0.5825844848517239
110000295573,64.0,0.03907414301366018,0.0033367123287095673,0.10566467870454521,0.0863490067991431,0.017392014347101116,0.017392014347101116,0.00975474845970545,0.01404671643598641,0.01404671643598641,0.006664305370839519,0.01597558390645587,0.015983128522341714,0.00975474845970545,0.00975474845970545,0.01197466840671044,0.013091033186830137,0.6144995757382564,0.6063291771789415,0.017802988447696837,0.017800530694149466,0.0033367123287095673,0.10566467870454521,0.0863490067991431,0.017971677294201995,0.017971677294201995,0.013724257409235701,0.013721829671191404,0.014230537187738453,0.014230537187738453,0.015063546343079668,0.0150635580798996,0.017971677294201995,0.017971677294201995,0.017472563280319823,0.015671527031760293,0.017800530694149466,0.017800530694149466,0.01197466840671044,0.013091033186830137,0.6144995757382564,0.6063291771789415,0.01404671643598641,0.01404671643598641,0.01597558390645587,0.015983128522341714,0.011319858547991038,0.012123233232160215,0.6156655127415611,0.6066117166637216
110000295602,64.0,0.01593336824206394,0.002928319125327455,0.07308343491478127,0.07544237789576164,0.019674434764292127,0.019674434764292127,0.007934945935512194,0.014340988839049844,0.014340988839049844,0.0046114555829301195,0.016707626855650914,0.016706903699285257,0.007934945935512194,0.007934945935512194,0.011786603748013788,0.012338191332603048,0.6490288116218648,0.630574402151666,0.02207794009865651,0.02207985929994771,0.002928319125327455,0.07308343491478127,0.07544237789576164,0.021697536369871984,0.021697536369871984,0.014327093224567494,0.014327834424156749,0.015499326099341348,0.015499326099341348,0.01596480693721397,0.01596261804903064,0.021697536369871984,0.021697536369871984,0.020617699057363284,0.01722406044773355,0.02207985929994771,0.02207985929994771,0.011786603748013788,0.012338191332603048,0.6490288116218648,0.630574402151666,0.014340988839049844,0.014340988839049844,0.016707626855650914,0.016706903699285257,0.010244853564366224,0.01066428874416379,0.6496761478680956,0.6288804305781505
110000295613,64.0,0.035642871737147155,0.002645174280858501,0.1384788117591809,0.13921163136712078,0.021864814922150175,0.021864814922150175,0.008406096288734854,0.015615180891213517,0.015615180891213517,0.00462685404005317,0.02121150854204148,0.0212131109099637,0.008406096288734854,0.008406096288734854,0.012691651383209743,0.014632203232434563,0.6405440083463005,0.62832931017653,0.023175399860848937,0.023174328911336018,0.002645174280858501,0.1384788117591809,0.13921163136712078,0.023847073923021378,0.023847073923021378,0.01559867125535998,0.015600213185287194,0.016197000624230184,0.016197000624230184,0.018725468905852305,0.018727366207699596,0.023847073923021378,0.023847073923021378,0.02230202194987715,0.018412172858314747,0.023174328911336018,0.023174328911336018,0.012691651383209743,0.014632203232434563,0.6405440083463005,0.62832931017653,0.015615180891213517,0.015615180891213517,0.02121150854204148,0.0212131109099637,0.012128058726190256,0.013750985763945253,0.6348840606240082,0.6227029242206632
110000295616,64.0,0.0369145512561805,0.0020886509846409843,0.1315869905166887,0.11667828440306695,0.015507547089151997,0.015507547089151997,0.004379443040490409,0.007164284882752343,0.007164284882752343,0.0033785346507469063,0.011430772378070572,0.01142274006585458,0.004379443040490409,0.004379443040490409,0.008931045462975733,0.009278555893084614,0.7078674026123234,0.6801297611185514,0.015490170436057707,0.015490099944085362,0.0020886509846409843,0.1315869905166887,0.11667828440306695,0.014776309132547983,0.014776309132547983,0.0070688442999700275,0.007069279056162541,0.0074196111416207,0.0074196111416207,0.010899759906095405,0.010893580884515964,0.014776309132547983,0.014776309132547983,0.01517225932680982,0.0125991433845068,0.015490099944085362,0.015490099944085362,0.008931045462975733,0.009278555893084614,0.7078674026123234,0.6801297611185514,0.007164284882752343,0.007164284882752343,0.011430772378070572,0.01142274006585458,0.007125494323848214,0.007547549049287951,0.704515154638022,0.6732638204621433
110000296159,384.0,0.31620039722715976,0.010229150952328882,0.03547634626982751,0.06548769083187936,0.008253878031271889,0.008253878031271889,0.010212417232500673,0.008244958808526248,0.008244958808526248,0.010308565326222367,0.008240183940639093,0.008239848296791691,0.010212417232500673,0.010212417232500673,0.007986473865459537,0.007985721329187453,0.032272487667928416,0.015511340350719348,0.0082247532367591,0.008224986328170253,0.010229150952328882,0.03547634626982751,0.06548769083187936,0.008234601324456041,0.008234601324456041,0.008268934774017063,0.008268873193484181,0.008244713395924969,0.008244713395924969,0.00827499173416747,0.008275023412629121,0.008234601324456041,0.008234601324456041,0.00800940827468147,0.007999564550965345,0.008224986328170253,0.008224986328170253,0.007986473865459537,0.007985721329187453,0.032272487667928416,0.015511340350719348,0.008244958808526248,0.008244958808526248,0.008240183940639093,0.008239848296791691,0.007994517010729294,0.007991019461344994,0.027626757298306465,0.015498897170696387
110000296169,64.0,0.020281607115096738,0.003438956638313936,0.08680525652095517,0.07079028648365204,0.01756871082639764,0.01756871082639764,0.008383607490296721,0.01456389809954369,0.01456389809954369,0.005016992522368242,0.016133770926698363,0.016113100264045756,0.008383607490296721,0.008383607490296721,0.013271146681845623,0.013296180751104222,0.5841055037899459,0.5592669725624857,0.017731631879093327,0.017721373211181328,0.003438956638313936,0.08680525652095517,0.07079028648365204,0.017489424654121056,0.017489424654121056,0.015166498774877402,0.015157983736467649,0.01553362890167503,0.01553362890167503,0.01631078559307263,0.016319891257143677,0.017489424654121056,0.017489424654121056,0.017020849996549795,0.015407589252463454,0.017721373211181328,0.017721373211181328,0.013271146681845623,0.013296180751104222,0.5841055037899459,0.5592669725624857,0.01456389809954369,0.01456389809954369,0.016133770926698363,0.016113100264045756,0.013066006699191722,0.012704303361579185,0.5812284337250484,0.5561534204378922
110000296172,64.0,0.020508524296008388,0.0022930769748393362,0.13589941584996315,0.10208821649580047,0.016108792799701784,0.016108792799701784,0.004247495911440476,0.009591549278220816,0.009591549278220816,0.0026085513183507106,0.012779845149159403,0.012780040712713152,0.004247495911440476,0.004247495911440476,0.00932968895574077,0.009435851425761027,0.6031017422854732,0.5814550871218592,0.015741577758123595,0.015715924706326604,0.0022930769748393362,0.13589941584996315,0.10208821649580047,0.014143045979654031,0.014143045979654031,0.009679239112706491,0.00967717763874703,0.010341814830956681,0.010341814830956681,0.012755045456925398,0.01275453602909434,0.014143045979654031,0.014143045979654031,0.0151249725337093,0.013084447973600645,0.015715924706326604,0.015715924706326604,0.00932968895574077,0.009435851425761027,0.6031017422854732,0.5814550871218592,0.009591549278220816,0.009591549278220816,0.012779845149159403,0.012780040712713152,0.00843876681715236,0.008763443629418865,0.5995567090443291,0.5765496215782032
110000296303,64.0,0.024021539039158834,0.002595358984289904,0.06658474351437225,0.05960550475766314,0.02375570710585683,0.02375570710585683,0.005918330321750542,0.015511153139176202,0.015511153139176202,0.003978372163036734,0.022538744853754816,0.0225810307362133,0.005918330321750542,0.005918330321750542,0.011050266275941762,0.012446799898535886,0.6019993978615107,0.5899062527515802,0.02538330191435485,0.02542099810995123,0.002595358984289904,0.06658474351437225,0.05960550475766314,0.02443680700644882,0.02443680700644882,0.016116473795454406,0.016112750280248982,0.0171812301701723,0.0171812301701723,0.0198157076679084,0.01982001415845862,0.02443680700644882,0.02443680700644882,0.023609681568152095,0.02060286388103604,0.02542099810995123,0.02542099810995123,0.011050266275941762,0.012446799898535886,0.6019993978615107,0.5899062527515802,0.015511153139176202,0.015511153139176202,0.022538744853754816,0.0225810307362133,0.00982894494692783,0.010625400249231523,0.5771550431628353,0.5718992583946366
110000296308,64.0,0.03339007099796351,0.0024732594945123085,0.12425293130558009,0.1069905037233338,0.016646028170620275,0.016646028170620275,0.005134247722681649,0.01173547751091987,0.01173547751091987,0.0030903705701454793,0.014159860476811486,0.014159882163658495,0.005134247722681649,0.005134247722681649,0.011458135736350992,0.012012556980894196,0.6662988526199617,0.6299406815661202,0.016891296191354696,0.016891130547407995,0.0024732594945123085,0.12425293130558009,0.1069905037233338,0.016248899678547587,0.016248899678547587,0.0124135808689289,0.012423815422924877,0.01299742542488353,0.01299742542488353,0.01526425871748121,0.015264258625224078,0.016248899678547587,0.016248899678547587,0.016334019219970342,0.015415982705414982,0.016891130547407995,0.016891130547407995,0.011458135736350992,0.012012556980894196,0.6662988526199617,0.6299406815661202,0.01173547751091987,0.01173547751091987,0.014159860476811486,0.014159882163658495,0.01067919304180366,0.010958933009519571,0.6654624522077535,0.6252841706000383
110000296327,64.0,0.022626577854949557,0.0027032774270071484,0.0468810861395479,0.04269119541082889,0.021287447863524052,0.021287447863524052,0.005663155045262585,0.01409735585133756,0.01409735585133756,0.0036115553145448435,0.019438545193751978,0.019431663491703166,0.005663155045262585,0.005663155045262585,0.012461836660959168,0.013882037469344286,0.5830578711381624,0.5484748375212753,0.022738952792656624,0.022735108498955124,0.0027032774270071484,0.0468810861395479,0.04269119541082889,0.021571358949082315,0.021571358949082315,0.015500064270686148,0.015499837107481979,0.01546520415138561,0.01546520415138561,0.018579162054545382,0.018576779102412566,0.021571358949082315,0.021571358949082315,0.02172214389336798,0.01913881154869377,0.022735108498955124,0.022735108498955124,0.012461836660959168,0.013882037469344286,0.5830578711381624,0.5484748375212753,0.01409735585133756,0.01409735585133756,0.019438545193751978,0.019431663491703166,0.011698055673639948,0.012865524408282872,0.5800751510883587,0.545958633587238
110000296342,64.0,0.035802509066432016,0.0024065755340648555,0.10509875996736577,0.10760722802338644,0.020438194172332082,0.020438194172332082,0.008233967012410592,0.016484002686134865,0.016484002686134865,0.004130879130417343,0.019760547073746297,0.019760322839937998,0.008233967012410592,0.008233967012410592,0.01603488955907192,0.01528944509664535,0.5800077565208337,0.5684272932007236,0.0201775189491465,0.020179637245938506,0.0024065755340648555,0.10509875996736577,0.10760722802338644,0.020567541593760206,0.020567541593760206,0.016302581799727912,0.0163027124939482,0.01755111303838683,0.01755111303838683,0.019514766029352596,0.019511920170076424,0.020567541593760206,0.020567541593760206,0.020075897073613635,0.018297906204456902,0.020179637245938506,0.020179637245938506,0.01603488955907192,0.01528944509664535,0.5800077565208337,0.5684272932007236,0.016484002686134865,0.016484002686134865,0.019760547073746297,0.019760322839937998,0.014895929508814253,0.015071653688058005,0.5690954089595365,0.5624385764914275
110000296351,64.0,0.026677833885251443,0.0023340124609585026,0.10265846649945906,0.09044944559545422,0.01998346454493251,0.01998346454493251,0.007394038438532903,0.014169057851107272,0.014169057851107272,0.003995787508461575,0.015791020979299252,0.01578973249384926,0.007394038438532903,0.007394038438532903,0.010854588668927733,0.012471789354415235,0.6773347190201899,0.6473971727962885,0.020007323414289173,0.020002616140986997,0.0023340124609585026,0.10265846649945906,0.09044944559545422,0.01853888783781038,0.01853888783781038,0.01389856556399123,0.013891970410019959,0.014590472632143626,0.014590472632143626,0.018212938859073855,0.01821343690676949,0.01853888783781038,0.01853888783781038,0.01881596528900009,0.015341497640234349,0.020002616140986997,0.020002616140986997,0.010854588668927733,0.012471789354415235,0.6773347190201899,0.6473971727962885,0.014169057851107272,0.014169057851107272,0.015791020979299252,0.01578973249384926,0.010174625343820198,0.011550443910248882,0.6781797539165372,0.6505983658893549
110000296353,64.0,0.02342433375187056,0.0020875270815847603,0.08347868254174023,0.07804332772091599,0.013504325404408593,0.013504325404408593,0.004312650396703672,0.009198128302663163,0.009198128302663163,0.002134134741958872,0.012844343182177236,0.01284771946376661,0.004312650396703672,0.004312650396703672,0.010313307279963218,0.010706277100439058,0.6680285936659834,0.6447317740026111,0.013473028557501305,0.013469321473445319,0.0020875270815847603,0.08347868254174023,0.07804332772091599,0.013517393984385393,0.013517393984385393,0.008802240352978413,0.008799075145146775,0.009571693231765136,0.009571693231765136,0.011737279180593193,0.011739454712861076,0.013517393984385393,0.013517393984385393,0.012926932692021362,0.011930839277019784,0.013469321473445319,0.013469321473445319,0.010313307279963218,0.010706277100439058,0.6680285936659834,0.6447317740026111,0.009198128302663163,0.009198128302663163,0.012844343182177236,0.01284771946376661,0.009301767039799071,0.009907409184310694,0.6706910435965886,0.6473647279329934
110000296368,64.0,0.04167770846770277,0.0024516927215055434,0.16113269671565433,0.16169659747446097,0.017354467828986114,0.017354467828986114,0.006793186245746203,0.011770181878559355,0.011770181878559355,0.0033942092125327367,0.01532619922650784,0.015326539034998506,0.006793186245746203,0.006793186245746203,0.010691024366801865,0.011034621161957052,0.6845765976380501,0.667460671640017,0.01740439237172881,0.01740958181434291,0.0024516927215055434,0.16113269671565433,0.16169659747446097,0.0186073967419907,0.0186073967419907,0.012023234244479288,0.012025868009574333,0.012604337784162558,0.012604337784162558,0.01644719471982822,0.01644833082698101,0.0186073967419907,0.0186073967419907,0.016293827199041083,0.0130161438995551,0.01740958181434291,0.01740958181434291,0.010691024366801865,0.011034621161957052,0.6845765976380501,0.667460671640017,0.011770181878559355,0.011770181878559355,0.01532619922650784,0.015326539034998506,0.010434284842617098,0.010775548688450026,0.681261725265465,0.6661204376872025
110000296371,64.0,0.040208506080869705,0.0020969787985405286,0.16778086352121246,0.15800079503908201,0.020941905412172557,0.020941905412172557,0.00592516156431282,0.012270934420805043,0.012270934420805043,0.00313355495976322,0.01747463253511905,0.017472314399134572,0.00592516156431282,0.00592516156431282,0.01046765364796936,0.011577772159972721,0.6965591667116098,0.6810358907307219,0.02072726566038648,0.020745703298919525,0.0020969787985405286,0.16778086352121246,0.15800079503908201,0.021279661166610894,0.021279661166610894,0.012374260324639364,0.012365440568564591,0.013589406496364075,0.013589406496364075,0.016626312244210056,0.01662786973668606,0.021279661166610894,0.021279661166610894,0.020203009738060006,0.016152622199756668,0.020745703298919525,0.020745703298919525,0.01046765364796936,0.011577772159972721,0.6965591667116098,0.6810358907307219,0.012270934420805043,0.012270934420805043,0.01747463253511905,0.017472314399134572,0.009613777485462245,0.010238373250233183,0.6818879420574894,0.668881884178874
110000296380,64.0,0.036584327814273475,0.0030412969340331774,0.1302355062516805,0.11905805726767117,0.015694232910211173,0.015694232910211173,0.007929863420081224,0.010024614568314487,0.010024614568314487,0.004006520767422035,0.0132749261302001,0.013251684414444981,0.007929863420081224,0.007929863420081224,0.009768907260093414,0.010074057110747258,0.6849149541734056,0.6622620307786887,0.015574571903689462,0.01557894146148559,0.0030412969340331774,0.1302355062516805,0.11905805726767117,0.01527572907046332,0.01527572907046332,0.010359462221207894,0.01035905911409914,0.010476130760973293,0.010476130760973293,0.013093655387921148,0.013093915102285414,0.01527572907046332,0.01527572907046332,0.015567106727721389,0.01204226272996081,0.01557894146148559,0.01557894146148559,0.009768907260093414,0.010074057110747258,0.6849149541734056,0.6622620307786887,0.010024614568314487,0.010024614568314487,0.0132749261302001,0.013251684414444981,0.008938092623754142,0.009284076333366744,0.6734859116455691,0.6519019314530736
110000296687,64.0,0.02056463870784915,0.0027893390194696746,0.08381402167876209,0.0778086242882194,0.020266395112356023,0.020266395112356023,0.00677584196724047,0.013874522301707281,0.013874522301707281,0.004554178057420995,0.017577978645963263,0.017575601477141746,0.00677584196724047,0.00677584196724047,0.01232368672578682,0.011341428690002832,0.5723934344253064,0.5440875291826618,0.020827126441263798,0.02082273954360708,0.0027893390194696746,0.08381402167876209,0.0778086242882194,0.01944157997681796,0.01944157997681796,0.016499636909661088,0.016499667787888212,0.015490305423827668,0.015490305423827668,0.018337608688341136,0.018337772227682944,0.01944157997681796,0.01944157997681796,0.01939010112458843,0.015830807419957547,0.02082273954360708,0.02082273954360708,0.01232368672578682,0.011341428690002832,0.5723934344253064,0.5440875291826618,0.013874522301707281,0.013874522301707281,0.017577978645963263,0.017575601477141746,0.011848660690851116,0.01089356035322859,0.5571494890222758,0.5238857404806218
110000296688,64.0,0.03243105198893453,0.0020119884708295747,0.08165506553962155,0.0752377064487878,0.016907866911507814,0.016907866911507814,0.005243452383276165,0.012221553097961009,0.012221553097961009,0.0026212673094840695,0.014756613968783992,0.014745650850519874,0.005243452383276165,0.005243452383276165,0.011642145594888412,0.011906858573444952,0.5522814940760383,0.5210399581244542,0.016954042495443043,0.01695083746957863,0.0020119884708295747,0.08165506553962155,0.0752377064487878,0.016802679778669023,0.016802679778669023,0.013216869156711069,0.013219964694546584,0.013725914319583756,0.013725914319583756,0.0151402118499953,0.015137626722627672,0.016802679778669023,0.016802679778669023,0.01652977322953021,0.014183438123437775,0.01695083746957863,0.01695083746957863,0.011642145594888412,0.011906858573444952,0.5522814940760383,0.5210399581244542,0.012221553097961009,0.012221553097961009,0.014756613968783992,0.014745650850519874,0.010404540758395123,0.010412782743815826,0.5500315158630543,0.5236087827609163
110000296690,64.0,0.02300040286887709,0.0021475972921596548,0.1175039421933334,0.09949208675425819,0.023326383096197247,0.023326383096197247,0.0065530840575519006,0.014002760711597992,0.014002760711597992,0.0038364934242988056,0.019709683230267745,0.01970662747844484,0.0065530840575519006,0.0065530840575519006,0.013220127035025673,0.014704564683995882,0.5862992136787245,0.5689332058902957,0.023915286508669243,0.02391392674224116,0.0021475972921596548,0.1175039421933334,0.09949208675425819,0.022510379054953587,0.022510379054953587,0.014101032790829736,0.014096446428147695,0.015183729949160221,0.015183729949160221,0.019682154920216133,0.019670269439043465,0.022510379054953587,0.022510379054953587,0.0229545378342573,0.019810599081226683,0.02391392674224116,0.02391392674224116,0.013220127035025673,0.014704564683995882,0.5862992136787245,0.5689332058902957,0.014002760711597992,0.014002760711597992,0.019709683230267745,0.01970662747844484,0.01273152300709846,0.013541886674834771,0.5724748642600747,0.555983060927123
110000297101,64.0,0.08263234111835042,0.003726918362786822,0.2835275504227068,0.2649857218178713,0.02649438813440691,0.02649438813440691,0.008439838433805151,0.01851481505628815,0.01851481505628815,0.00529589312235131,0.022916616057651926,0.02293963830811997,0.008439838433805151,0.008439838433805151,0.013335760204142968,0.016714944036637026,0.7671163177431103,0.7426083452114994,0.027747185110942,0.027768203070788595,0.003726918362786822,0.2835275504227068,0.2649857218178713,0.029004746790424883,0.029004746790424883,0.018813984683549535,0.01881903392977511,0.018659474228801334,0.018659474228801334,0.021347455721310797,0.021229222202005658,0.029004746790424883,0.029004746790424883,0.024900287665930172,0.02222849266056945,0.027768203070788595,0.027768203070788595,0.013335760204142968,0.016714944036637026,0.7671163177431103,0.7426083452114994,0.01851481505628815,0.01851481505628815,0.022916616057651926,0.02293963830811997,0.012628929668172889,0.015641228016022125,0.7634897031104089,0.7375809284151885
110000297118,384.0,0.45476681625748266,0.012434631258076222,0.045870161730662155,0.06802110537275304,0.008221064488744928,0.008221064488744928,0.011923856102575632,0.008228958041317035,0.008228958041317035,0.012092583350895534,0.008237223763740314,0.00823882870544753,0.011923856102575632,0.011923856102575632,0.007982178804224655,0.007983561252657964,0.02704100519059824,0.016386701590511536,0.008201374151384134,0.008201200950849866,0.012434631258076222,0.045870161730662155,0.06802110537275304,0.008230487393141412,0.008230487393141412,0.008251900950502102,0.008251583161077991,0.00822915671100491,0.00822915671100491,0.008269083621547652,0.008269161453113632,0.008230487393141412,0.008230487393141412,0.008004398542424304,0.007992961876932748,0.008201200950849866,0.008201200950849866,0.007982178804224655,0.007983561252657964,0.02704100519059824,0.016386701590511536,0.008228958041317035,0.008228958041317035,0.008237223763740314,0.00823882870544753,0.007993754506994232,0.007993151518505017,0.02590694139341822,0.0166460279229749
110000297123,64.0,0.09606337369039059,0.004039443365256792,0.149304725761445,0.14523174408629005,0.03775589350642325,0.03775589350642325,0.008809062062155613,0.018956166317919625,0.018956166317919625,0.00576958755957814,0.028997245856582147,0.02897906802311428,0.008809062062155613,0.008809062062155613,0.015692982356775756,0.020253720427577216,0.6537564935860757,0.6265873149666862,0.04041324853289866,0.0404008165403151,0.004039443365256792,0.149304725761445,0.14523174408629005,0.03921526382801125,0.03921526382801125,0.01817242231031737,0.018177965832868962,0.019405185394041458,0.019405185394041458,0.030051460236555572,0.030052913539279254,0.03921526382801125,0.03921526382801125,0.03789142035958439,0.02996784910446447,0.0404008165403151,0.0404008165403151,0.015692982356775756,0.020253720427577216,0.6537564935860757,0.6265873149666862,0.018956166317919625,0.018956166317919625,0.028997245856582147,0.02897906802311428,0.013993359903341078,0.017582972208401645,0.6500175648442732,0.6243986109536737
A1166128,384.0,0.1963611316294852,0.010744471806900293,0.03587945367117953,0.06847553151866728,0.008262563193985962,0.008262563193985962,0.010961291514656607,0.00823297454911606,0.00823297454911606,0.011129866721648144,0.008245845535581841,0.008245978212411909,0.010961291514656607,0.010961291514656607,0.00799939624821069,0.008001206340477492,0.03287535554168048,0.0167847150847966,0.008247503733732812,0.00824739410802624,0.010744471806900293,0.03587945367117953,0.06847553151866728,0.00824077660915732,0.00824077660915732,0.008254323727483373,0.008254017892270855,0.008232898921931828,0.008232898921931828,0.008283152736103631,0.008283072876331996,0.00824077660915732,0.00824077660915732,0.008020392329512278,0.008007876249942139,0.00824739410802624,0.00824739410802624,0.00799939624821069,0.008001206340477492,0.03287535554168048,0.0167847150847966,0.00823297454911606,0.00823297454911606,0.008245845535581841,0.008245978212411909,0.00800592471737997,0.00800577443954825,0.029592219277360592,0.016403208387682847
A1166131,64.0,0.03358240233180249,0.0022117031237909117,0.042919772005125284,0.035104060483212886,0.021210113426770847,0.021210113426770847,0.006077184725829425,0.015101240822176322,0.015101240822176322,0.00403027209105136,0.01887782930791349,0.018878412693588482,0.006077184725829425,0.006077184725829425,0.012415321033902497,0.014561755678647027,0.5173087113990611,0.5115292198607109,0.02128797160199367,0.021309238892357626,0.0022117031237909117,0.042919772005125284,0.035104060483212886,0.02155871203817179,0.02155871203817179,0.017110575489688255,0.017119233946436985,0.0162471126942237,0.0162471126942237,0.017687214513482666,0.01768112235703334,0.02155871203817179,0.02155871203817179,0.020542329977614036,0.01894706126745789,0.021309238892357626,0.021309238892357626,0.012415321033902497,0.014561755678647027,0.5173087113990611,0.5115292198607109,0.015101240822176322,0.015101240822176322,0.01887782930791349,0.018878412693588482,0.011700024175662575,0.013832686203524529,0.4935655252703409,0.49231228745637295
A1166133,64.0,0.03030611193907472,0.001972691255021149,0.05320432104919702,0.03723941913542786,0.013604779383358771,0.013604779383358771,0.006451095953436584,0.010365896799171057,0.010365896799171057,0.0030738174375675234,0.01300635891849524,0.013002923744370665,0.006451095953436584,0.006451095953436584,0.009746371462781154,0.010142920280077775,0.45277942097365204,0.4202206023385979,0.013873414493772527,0.013873983167974304,0.001972691255021149,0.05320432104919702,0.03723941913542786,0.013608035341246933,0.013608035341246933,0.01108460570460321,0.011077465536776278,0.01120170313370447,0.01120170313370447,0.012675796465464743,0.01267577860600409,0.013608035341246933,0.013608035341246933,0.013130421125728252,0.012460847261444072,0.013873983167974304,0.013873983167974304,0.009746371462781154,0.010142920280077775,0.45277942097365204,0.4202206023385979,0.010365896799171057,0.010365896799171057,0.01300635891849524,0.013002923744370665,0.009475595595827281,0.009816154955191295,0.4556040160366534,0.42513368236650456
A1166145,64.0,0.01291034996001485,0.002140219395241639,0.026903550622171805,0.022770067983311,0.019020764887394938,0.019020764887394938,0.00712194869248998,0.01302521850840278,0.01302521850840278,0.002900918306055285,0.016097314509727696,0.016097881681835013,0.00712194869248998,0.00712194869248998,0.012674040765185045,0.014244650945541368,0.4626734694350994,0.4424957529105455,0.01961676089014082,0.019618205288155104,0.002140219395241639,0.026903550622171805,0.022770067983311,0.018495190172747658,0.018495190172747658,0.013958650785191217,0.013923794881021783,0.013588053281574298,0.013588053281574298,0.01627870906446013,0.0162945629513167,0.018495190172747658,0.018495190172747658,0.01868036823202672,0.017797692090966072,0.019618205288155104,0.019618205288155104,0.012674040765185045,0.014244650945541368,0.4626734694350994,0.4424957529105455,0.01302521850840278,0.01302521850840278,0.016097314509727696,0.016097881681835013,0.01131316316721979,0.013306897321324528,0.4397784798502213,0.4252820079473188
A1166146,64.0,0.016004677196168122,0.002677184988505645,0.03892208196905951,0.029874830100502032,0.02332865973948382,0.02332865973948382,0.007934172826786165,0.012739634885285971,0.012739634885285971,0.003535247150349107,0.018884250836136526,0.018887240289574843,0.007934172826786165,0.007934172826786165,0.014192919471401543,0.01580735881579453,0.4540191694714836,0.4530482426878398,0.02544007037638729,0.025438322498954093,0.002677184988505645,0.03892208196905951,0.029874830100502032,0.023734180129591487,0.023734180129591487,0.014678457055073481,0.014684363944941334,0.014605619893688134,0.014605619893688134,0.019196354994549893,0.01919661218329713,0.023734180129591487,0.023734180129591487,0.024426995764185853,0.02185430141573066,0.025438322498954093,0.025438322498954093,0.014192919471401543,0.01580735881579453,0.4540191694714836,0.4530482426878398,0.012739634885285971,0.012739634885285971,0.018884250836136526,0.018887240289574843,0.012288079309486303,0.01415934144037956,0.45582268712895274,0.451575071684452
A1166150,64.0,0.011394284852568541,0.0019675498063167255,0.029683341239898124,0.027547106423693287,0.013861513464007083,0.013861513464007083,0.004131452742009674,0.01115937608490707,0.01115937608490707,0.002354678140900077,0.013834833078001535,0.013834334460504482,0.004131452742009674,0.004131452742009674,0.010780173449467129,0.011586462694553674,0.45564296641929714,0.4215908587037685,0.015294024406910212,0.015295268324356999,0.0019675498063167255,0.029683341239898124,0.027547106423693287,0.01480209071913364,0.01480209071913364,0.012376478490867088,0.012378692937264667,0.012207867116757715,0.012207867116757715,0.013247715692539588,0.01324768913849705,0.01480209071913364,0.01480209071913364,0.014710187228308734,0.012693550521210347,0.015295268324356999,0.015295268324356999,0.010780173449467129,0.011586462694553674,0.45564296641929714,0.4215908587037685,0.01115937608490707,0.01115937608490707,0.013834833078001535,0.013834334460504482,0.010209943168457296,0.011245253966469013,0.45013778641407864,0.4127251952066764
A1166153,64.0,0.012524891105724582,0.0019654418183317132,0.025073541680931996,0.018739226036169558,0.022057323986384984,0.022057323986384984,0.005588834289148736,0.014458570062743209,0.014458570062743209,0.0030406327091268086,0.019214389149360547,0.0192141801636522,0.005588834289148736,0.005588834289148736,0.014145776627214782,0.014613621166597741,0.4670277345480565,0.43829363180559167,0.02218977689629069,0.022179911645577213,0.0019654418183317132,0.025073541680931996,0.018739226036169558,0.021632710166372145,0.021632710166372145,0.017407667365109764,0.017406096388626963,0.015768765166341202,0.015768765166341202,0.019301189389696608,0.019320081872596356,0.021632710166372145,0.021632710166372145,0.021565470715296554,0.019578731081289498,0.022179911645577213,0.022179911645577213,0.014145776627214782,0.014613621166597741,0.4670277345480565,0.43829363180559167,0.014458570062743209,0.014458570062743209,0.019214389149360547,0.0192141801636522,0.0131553712839465,0.013985905245155038,0.45368622792329505,0.42858741766171354
A1166154,64.0,0.013338593606816994,0.0022405356767524484,0.04765044088537676,0.039742038280954364,0.01730772173112019,0.01730772173112019,0.006099835068089214,0.00987572119093904,0.00987572119093904,0.003011729349964789,0.013668122480322982,0.013669339159447402,0.006099835068089214,0.006099835068089214,0.009294541333488966,0.011052908744868872,0.4958811422022857,0.475543270223976,0.017950748245615294,0.017946631327558298,0.0022405356767524484,0.04765044088537676,0.039742038280954364,0.01740087597795009,0.01740087597795009,0.011117097959370216,0.011119302413199262,0.010521765777950214,0.010521765777950214,0.014151127601528068,0.014153582436168105,0.01740087597795009,0.01740087597795009,0.016928941523299847,0.013842760259419057,0.017946631327558298,0.017946631327558298,0.009294541333488966,0.011052908744868872,0.4958811422022857,0.475543270223976,0.00987572119093904,0.00987572119093904,0.013668122480322982,0.013669339159447402,0.008575326067000058,0.010206427473532113,0.4802537157624672,0.45728629161305767
A1166159,64.0,0.013413530010661588,0.0033096010627915997,0.04293309386575291,0.03601017290662191,0.01409322805081262,0.01409322805081262,0.006121757666536495,0.009148274164296828,0.009148274164296828,0.003789645509361609,0.012772297005479135,0.012772567237986768,0.006121757666536495,0.006121757666536495,0.009217631736892802,0.01096452134643506,0.46662685338716253,0.43897744566080504,0.014936922050651408,0.014925223853494608,0.0033096010627915997,0.04293309386575291,0.03601017290662191,0.015094388277160949,0.015094388277160949,0.009949410870922337,0.009927842356332513,0.010451882086970402,0.010451882086970402,0.012181621883612622,0.012183018459154853,0.015094388277160949,0.015094388277160949,0.014361373459805305,0.013821904700201221,0.014925223853494608,0.014925223853494608,0.009217631736892802,0.01096452134643506,0.46662685338716253,0.43897744566080504,0.009148274164296828,0.009148274164296828,0.012772297005479135,0.012772567237986768,0.008730964293052982,0.01032172275539263,0.4635491055698705,0.433080107482886
A1166160,64.0,0.012856609425595007,0.002022046439410817,0.2078134546653518,0.16094065277382166,0.022361509304058825,0.022361509304058825,0.011432229064418348,0.01738059744887553,0.01738059744887553,0.0033960238636842302,0.02102880848535256,0.021028575731327232,0.011432229064418348,0.011432229064418348,0.015321378504274924,0.015970225264814775,0.48040554926387014,0.4766212602194218,0.02299396191092797,0.023019283540691073,0.002022046439410817,0.2078134546653518,0.16094065277382166,0.022796146388681594,0.022796146388681594,0.019333450683768523,0.019333896106055324,0.018671416020799594,0.018671416020799594,0.020582468480133075,0.02055506475357312,0.022796146388681594,0.022796146388681594,0.02219758702112729,0.020976766365350737,0.023019283540691073,0.023019283540691073,0.015321378504274924,0.015970225264814775,0.48040554926387014,0.4766212602194218,0.01738059744887553,0.01738059744887553,0.02102880848535256,0.021028575731327232,0.014800740668602104,0.015070138273352698,0.4686714151131978,0.462966452011198
A1166161,64.0,0.020093525584636472,0.002177848111982576,0.04946829425124114,0.04628286161705458,0.019794682603167312,0.019794682603167312,0.005723722944184753,0.011123761686848388,0.011123761686848388,0.0031464037987729006,0.01653730665216064,0.016538861696708287,0.005723722944184753,0.005723722944184753,0.01132170803943043,0.012802541536402864,0.49114137383320333,0.4642806035777676,0.020790861847003263,0.020794446089967167,0.002177848111982576,0.04946829425124114,0.04628286161705458,0.019044365807626768,0.019044365807626768,0.013426644843396921,0.013427246057439867,0.011664786530143264,0.011664786530143264,0.01602902185706065,0.016032680127049302,0.019044365807626768,0.019044365807626768,0.019100931224290862,0.0179242978769727,0.020794446089967167,0.020794446089967167,0.01132170803943043,0.012802541536402864,0.49114137383320333,0.4642806035777676,0.011123761686848388,0.011123761686848388,0.01653730665216064,0.016538861696708287,0.010642816965807727,0.012086875256992053,0.4747957374576399,0.4483425395784263
A1166167,64.0,0.011996305726760905,0.002209376020450414,0.031001205499359467,0.025276925949346878,0.02211246925846627,0.02211246925846627,0.00603329202512484,0.015529182104286261,0.015529182104286261,0.00392462285031309,0.02028575589163049,0.020288264191205833,0.00603329202512484,0.00603329202512484,0.013925524685744052,0.015560516091471247,0.45260085130647865,0.437083777130571,0.022654089218611447,0.022657415451430428,0.002209376020450414,0.031001205499359467,0.025276925949346878,0.022384218836434582,0.022384218836434582,0.01648288049247374,0.016496170254487925,0.01628582288456752,0.01628582288456752,0.01898000179878167,0.018979707337915274,0.022384218836434582,0.022384218836434582,0.02266994211415227,0.019903039085555845,0.022657415451430428,0.022657415451430428,0.013925524685744052,0.015560516091471247,0.45260085130647865,0.437083777130571,0.015529182104286261,0.015529182104286261,0.02028575589163049,0.020288264191205833,0.012840902732087663,0.013918555513193988,0.4365945224168791,0.41724246379204644
A1166176,64.0,0.010338638782623193,0.002578629309217768,0.039311472658177735,0.03498576829378884,0.020440811978687877,0.020440811978687877,0.007620518925017032,0.015803238732207646,0.015803238732207646,0.004108630993434939,0.019246647805709137,0.019251086928449023,0.007620518925017032,0.007620518925017032,0.013565934739389465,0.014444818343825223,0.5133050531688187,0.49690168978154503,0.020867564035247553,0.020870873248612618,0.002578629309217768,0.039311472658177735,0.03498576829378884,0.021666403699573206,0.021666403699573206,0.017455036508079006,0.017453677204387764,0.016739156954693378,0.016739156954693378,0.018520294003020448,0.01853260181714191,0.021666403699573206,0.021666403699573206,0.019763037056366967,0.018576284543009875,0.020870873248612618,0.020870873248612618,0.013565934739389465,0.014444818343825223,0.5133050531688187,0.49690168978154503,0.015803238732207646,0.015803238732207646,0.019246647805709137,0.019251086928449023,0.013450547322363001,0.014232250209382681,0.4907074653417641,0.47026511924789816
A1170388,64.0,0.055047568592921606,0.0022959025940244584,0.07363404781168964,0.07673913522101157,0.023738338474125896,0.023738338474125896,0.008559760290532513,0.017144889480556227,0.017144889480556227,0.004061132153705372,0.02086115820100685,0.020860760343145143,0.008559760290532513,0.008559760290532513,0.01844183314978791,0.019713713035617614,0.5291507923375532,0.5296043746902191,0.02521101015817501,0.025209921967699667,0.0022959025940244584,0.07363404781168964,0.07673913522101157,0.022430076665814667,0.022430076665814667,0.01785967016143119,0.017845705939857025,0.01791511791245034,0.01791511791245034,0.020921924024395563,0.0209229292140248,0.022430076665814667,0.022430076665814667,0.024416668281585036,0.02156532712806709,0.025209921967699667,0.025209921967699667,0.01844183314978791,0.019713713035617614,0.5291507923375532,0.5296043746902191,0.017144889480556227,0.017144889480556227,0.02086115820100685,0.020860760343145143,0.016349328912638735,0.01805521842802777,0.5007727756093595,0.49924428795951453
A1170394,64.0,0.03284656428668964,0.0026612391727196417,0.06129999650377669,0.06761745659809609,0.027558153498316994,0.027558153498316994,0.01064572323006541,0.01855736809173288,0.01855736809173288,0.005178151528195709,0.027250035110752163,0.027249933023869004,0.01064572323006541,0.01064572323006541,0.01634511465209476,0.01996024391209436,0.4813128074831097,0.4827022361799018,0.03146978965126605,0.03147495711280715,0.0026612391727196417,0.06129999650377669,0.06761745659809609,0.03323064291444286,0.03323064291444286,0.01900718450497981,0.019011206207317177,0.019804243790939043,0.019804243790939043,0.025535990581212482,0.02553555613190562,0.03323064291444286,0.03323064291444286,0.029243864882149712,0.026107252504574678,0.03147495711280715,0.03147495711280715,0.01634511465209476,0.01996024391209436,0.4813128074831097,0.4827022361799018,0.01855736809173288,0.01855736809173288,0.027250035110752163,0.027249933023869004,0.01476022172960271,0.018739005034522357,0.4751997513417288,0.47378116683925264
A1170400,64.0,0.01947998584856738,0.0025093642624346903,0.04616640184838856,0.04624896839186049,0.021010294234456595,0.021010294234456595,0.008226743004898927,0.014171643305149343,0.014171643305149343,0.0034879325395832427,0.01780474433887837,0.01780313849117441,0.008226743004898927,0.008226743004898927,0.013759892568117023,0.015634399458770806,0.5066244782137103,0.5039354657175538,0.020931822812769806,0.020933280014386726,0.0025093642624346903,0.04616640184838856,0.04624896839186049,0.02012346103448493,0.02012346103448493,0.014947864816458828,0.014951287309676252,0.015356679000009017,0.015356679000009017,0.018140590325034095,0.01814003203927832,0.02012346103448493,0.02012346103448493,0.020665926096094384,0.017936362589007108,0.020933280014386726,0.020933280014386726,0.013759892568117023,0.015634399458770806,0.5066244782137103,0.5039354657175538,0.014171643305149343,0.014171643305149343,0.01780474433887837,0.01780313849117441,0.01318282150096385,0.014899169019038564,0.5029178659227285,0.49441522424945417
A1170401,64.0,0.02553542649050837,0.0029719876725747664,0.043951387765964085,0.057040868604464105,0.022322213323892292,0.022322213323892292,0.008198484606175152,0.01539203327174495,0.01539203327174495,0.003676892897103911,0.020279648834490828,0.020340421644918383,0.008198484606175152,0.008198484606175152,0.01620656013858503,0.018665803348927843,0.49872268656709995,0.4930386189625208,0.023021740495912716,0.022991200601573874,0.0029719876725747664,0.043951387765964085,0.057040868604464105,0.0233109724744074,0.0233109724744074,0.01567243761550926,0.01567294752950654,0.016228403946219546,0.016228403946219546,0.0191344183539434,0.019133391209179406,0.0233109724744074,0.0233109724744074,0.022084253019265067,0.021707925848537816,0.022991200601573874,0.022991200601573874,0.01620656013858503,0.018665803348927843,0.49872268656709995,0.4930386189625208,0.01539203327174495,0.01539203327174495,0.020279648834490828,0.020340421644918383,0.015912462259309708,0.01702541400959044,0.4926097775375285,0.4836660201589511
A1170413,64.0,0.024429697608715058,0.002446844010493158,0.06480659886705065,0.06944424916436354,0.02295369766540842,0.02295369766540842,0.008327297634446356,0.016165000163600382,0.016165000163600382,0.004070382559782298,0.020624485360459667,0.020624417484292796,0.008327297634446356,0.008327297634446356,0.015120795444634587,0.017883759014214455,0.530740794493156,0.5292406873135432,0.024043784154757296,0.024087277782752832,0.002446844010493158,0.06480659886705065,0.06944424916436354,0.02312573441050069,0.02312573441050069,0.016020476670497562,0.015896453355506636,0.016997082033424964,0.016997082033424964,0.02182654921210416,0.021826583229694257,0.02312573441050069,0.02312573441050069,0.022842328360763033,0.021214786322793687,0.024087277782752832,0.024087277782752832,0.015120795444634587,0.017883759014214455,0.530740794493156,0.5292406873135432,0.016165000163600382,0.016165000163600382,0.020624485360459667,0.020624417484292796,0.01468101857615139,0.01715425633461331,0.5107455497403851,0.5047347934552467
A1170414,64.0,0.01864693227793488,0.002882771568669992,0.052193173465078915,0.052086235655931186,0.017894985926753884,0.017894985926753884,0.006391931720316719,0.013229804274480624,0.013229804274480624,0.0037232769720523225,0.015418981878108404,0.015380975141680662,0.006391931720316719,0.006391931720316719,0.01203407787342629,0.012737882771191707,0.5574956238807618,0.5595718998476366,0.0176893876711085,0.017688662665649356,0.002882771568669992,0.052193173465078915,0.052086235655931186,0.01659588226304329,0.01659588226304329,0.0151130766855867,0.015150169960857485,0.013616762571641213,0.013616762571641213,0.015496596350458244,0.015496424332070014,0.01659588226304329,0.01659588226304329,0.017538056881879188,0.015330088127676129,0.017688662665649356,0.017688662665649356,0.01203407787342629,0.012737882771191707,0.5574956238807618,0.5595718998476366,0.013229804274480624,0.013229804274480624,0.015418981878108404,0.015380975141680662,0.011770398458804888,0.012341548250519977,0.5384164453736339,0.536145865400261
A1170417,64.0,0.022469807586422207,0.0023656310564853862,0.07516760943276868,0.08545774828000427,0.017919007601407185,0.017919007601407185,0.008307704878208918,0.012305473733369477,0.012305473733369477,0.0032900291095202005,0.01403871744024022,0.014039056478549914,0.008307704878208918,0.008307704878208918,0.011990210091868226,0.012826331782409356,0.5465335408711934,0.5414700564550399,0.0180531318429652,0.018053878205242714,0.0023656310564853862,0.07516760943276868,0.08545774828000427,0.017062498807763497,0.017062498807763497,0.012606030119295841,0.01260725303226951,0.012466760513488884,0.012466760513488884,0.0146961588511874,0.014711738155861968,0.017062498807763497,0.017062498807763497,0.01659443542444816,0.014707300657198441,0.018053878205242714,0.018053878205242714,0.011990210091868226,0.012826331782409356,0.5465335408711934,0.5414700564550399,0.012305473733369477,0.012305473733369477,0.01403871744024022,0.014039056478549914,0.011657808059922031,0.012181851411739322,0.5202135453071767,0.5188401733507793
A1170420,64.0,0.030432228459353165,0.0023558398288712453,0.08932188815915819,0.08652844148338162,0.02723173943036358,0.02723173943036358,0.008477399623200571,0.016754953556648463,0.016754953556648463,0.004267913618937402,0.022316170275319604,0.022316249266978873,0.008477399623200571,0.008477399623200571,0.016852057427191237,0.021222006097453845,0.5713593032461189,0.5533988395420956,0.027260628386923128,0.027260228160866637,0.0023558398288712453,0.08932188815915819,0.08652844148338162,0.026043657371575955,0.026043657371575955,0.016956809337556677,0.01695420902384731,0.01760500904315989,0.01760500904315989,0.023482872299351837,0.023484174432946744,0.026043657371575955,0.026043657371575955,0.025085654157454614,0.02370386317532873,0.027260228160866637,0.027260228160866637,0.016852057427191237,0.021222006097453845,0.5713593032461189,0.5533988395420956,0.016754953556648463,0.016754953556648463,0.022316170275319604,0.022316249266978873,0.015938698716945497,0.018958335400137204,0.5469641388219201,0.5378575143318939
A1170421,64.0,0.018836461602494636,0.003266259084414063,0.08556562426785254,0.0795324259890003,0.02743272533110679,0.02743272533110679,0.009375692351330104,0.017577005118664293,0.017577005118664293,0.004539225537626373,0.021924112553323778,0.021923695669968116,0.009375692351330104,0.009375692351330104,0.018287513644177862,0.02021261858546216,0.5673828884650067,0.5430049781772041,0.027916392946497143,0.027907815357227035,0.003266259084414063,0.08556562426785254,0.0795324259890003,0.02558303982489531,0.02558303982489531,0.01811563425691354,0.018135583642428846,0.018762761255693112,0.018762761255693112,0.02183639662699032,0.021840362722116008,0.02558303982489531,0.02558303982489531,0.026094729357823792,0.02500699868240797,0.027907815357227035,0.027907815357227035,0.018287513644177862,0.02021261858546216,0.5673828884650067,0.5430049781772041,0.017577005118664293,0.017577005118664293,0.021924112553323778,0.021923695669968116,0.017197110568152162,0.019230222979001718,0.5477863938949318,0.5277143117391896
A1170424,64.0,0.024862832102051178,0.002780780881979064,0.08393049071615287,0.09822097886871313,0.025253174900451265,0.025253174900451265,0.010096404002857095,0.017564078080124442,0.017564078080124442,0.0041179662476217935,0.022811390870871744,0.022811573179781355,0.010096404002857095,0.010096404002857095,0.01654892415873285,0.01955023531181757,0.4935214727287646,0.49605793492899786,0.026057237433828748,0.026062902606285427,0.002780780881979064,0.08393049071615287,0.09822097886871313,0.026019106584142835,0.026019106584142835,0.017355030817975542,0.017355683947109922,0.017910854667753374,0.017910854667753374,0.021863814558260426,0.021863911929760997,0.026019106584142835,0.026019106584142835,0.02547262516229926,0.02300294612042446,0.026062902606285427,0.026062902606285427,0.01654892415873285,0.01955023531181757,0.4935214727287646,0.49605793492899786,0.017564078080124442,0.017564078080124442,0.022811390870871744,0.022811573179781355,0.01595897467693084,0.018831278829975127,0.4855155993271762,0.4810705899955461
A1170430,64.0,0.02139066304389854,0.0031575990897943816,0.07451573874913367,0.07057537255328378,0.02625481636343029,0.02625481636343029,0.00828658071258332,0.018491013021801086,0.018491013021801086,0.0056025678097140095,0.023878301781533096,0.02387644973307786,0.00828658071258332,0.00828658071258332,0.014338016041920688,0.016309562526743558,0.5544834128067216,0.5361395608810823,0.027298015227926933,0.02726454245135828,0.0031575990897943816,0.07451573874913367,0.07057537255328378,0.02585377870749977,0.02585377870749977,0.020173014855609205,0.020180158064127273,0.019599550478695597,0.019599550478695597,0.02182375148935298,0.021823576332437738,0.02585377870749977,0.02585377870749977,0.02572640090844126,0.023735486744512795,0.02726454245135828,0.02726454245135828,0.014338016041920688,0.016309562526743558,0.5544834128067216,0.5361395608810823,0.018491013021801086,0.018491013021801086,0.023878301781533096,0.02387644973307786,0.01322499067096663,0.015077565473174365,0.529020243662774,0.5121219356493295
A1170431,64.0,0.03082987663915042,0.0033712959068082976,0.07551065975897132,0.07348206651848074,0.025429610015763302,0.025429610015763302,0.010848723087936177,0.01968794673467117,0.01968794673467117,0.0066221674859976605,0.023326924173489017,0.023326641675551617,0.010848723087936177,0.010848723087936177,0.01595173944213949,0.018577243889914087,0.5057203331038269,0.5109224762555424,0.026442283559413984,0.026430788772872662,0.0033712959068082976,0.07551065975897132,0.07348206651848074,0.027536278897367483,0.027536278897367483,0.02094229505093389,0.02094937176337603,0.020571845935389323,0.020571845935389323,0.023155448832302472,0.023156239283437362,0.027536278897367483,0.027536278897367483,0.025385134974876353,0.020994102200285032,0.026430788772872662,0.026430788772872662,0.01595173944213949,0.018577243889914087,0.5057203331038269,0.5109224762555424,0.01968794673467117,0.01968794673467117,0.023326924173489017,0.023326641675551617,0.01589710393153785,0.017993506996309337,0.49545296847686804,0.49487437283861063
A1170439,64.0,0.035597967175256186,0.002542399664114629,0.05884544270868563,0.046787764547228945,0.01995768330103725,0.01995768330103725,0.00939974421165478,0.013605741741141519,0.013605741741141519,0.0037685114562649082,0.017457442513025917,0.01745657686883599,0.00939974421165478,0.00939974421165478,0.013849571890997307,0.014246198447349988,0.4827667796253857,0.47554805419995966,0.020909574770460865,0.020910422634002442,0.002542399664114629,0.05884544270868563,0.046787764547228945,0.02021487868552176,0.02021487868552176,0.014253099130913709,0.014253485300716913,0.014547036407701596,0.014547036407701596,0.017007705388851938,0.016996622522666302,0.02021487868552176,0.02021487868552176,0.019805348606399684,0.016889288423013824,0.020910422634002442,0.020910422634002442,0.013849571890997307,0.014246198447349988,0.4827667796253857,0.47554805419995966,0.013605741741141519,0.013605741741141519,0.017457442513025917,0.01745657686883599,0.013318122029427532,0.013779397299034232,0.4616335435814922,0.45332243283473517
A1170442,64.0,0.034787908912921904,0.0019959950474612064,0.04677560241339671,0.04536293899121077,0.01761351180445366,0.01761351180445366,0.0066940863948518,0.013761852338477848,0.013761852338477848,0.0027946101076304847,0.015939229949434818,0.015938996192541768,0.0066940863948518,0.0066940863948518,0.012885466629313162,0.013584201682408271,0.47109236224151185,0.47416914351628314,0.01780941650607931,0.01780874776171286,0.0019959950474612064,0.04677560241339671,0.04536293899121077,0.017960117771585175,0.017960117771585175,0.014038388186554474,0.014076404676636779,0.01441223301843606,0.01441223301843606,0.01574387557934227,0.01574391979829653,0.017960117771585175,0.017960117771585175,0.017445713186447064,0.01630605974785724,0.01780874776171286,0.01780874776171286,0.012885466629313162,0.013584201682408271,0.47109236224151185,0.47416914351628314,0.013761852338477848,0.013761852338477848,0.015939229949434818,0.015938996192541768,0.011804905486136552,0.012216407410507798,0.45255752683988054,0.44468280143249855
A1170446,64.0,0.015765320740276752,0.0019603938726213996,0.04393548886343733,0.04082282708271987,0.023631789539270306,0.023631789539270306,0.005400955006466726,0.014033019789842716,0.014033019789842716,0.002683340477796853,0.019195907558858846,0.019195998546652986,0.005400955006466726,0.005400955006466726,0.016267863726673607,0.016305870425762654,0.4698982213823909,0.45964890526803004,0.023042359389680453,0.023041788525939366,0.0019603938726213996,0.04393548886343733,0.04082282708271987,0.02176070969972428,0.02176070969972428,0.017087102914929937,0.017194644053214955,0.016070347191279994,0.016070347191279994,0.02033459752203839,0.020334865586684077,0.02176070969972428,0.02176070969972428,0.021767003125686947,0.02041389568530808,0.023041788525939366,0.023041788525939366,0.016267863726673607,0.016305870425762654,0.4698982213823909,0.45964890526803004,0.014033019789842716,0.014033019789842716,0.019195907558858846,0.019195998546652986,0.015156638703423094,0.015531080358460589,0.46048243358984425,0.4439055551790407
A1170448,64.0,0.015308475107816147,0.0024469717306749694,0.04451348360915016,0.045228373528829094,0.03099472397792954,0.03099472397792954,0.008773881352215233,0.01690755644943601,0.01690755644943601,0.0037793912143799847,0.02806137602868435,0.028077343290710897,0.008773881352215233,0.008773881352215233,0.014500754000611819,0.018955255679962073,0.4525230856507229,0.43881855803995024,0.03330025636493455,0.033301993247135675,0.0024469717306749694,0.04451348360915016,0.045228373528829094,0.03439201055435296,0.03439201055435296,0.016846664645913164,0.016850927977080685,0.017279202925579357,0.017279202925579357,0.02596141474500309,0.02596177614204504,0.03439201055435296,0.03439201055435296,0.03168788386709325,0.0252984573061794,0.033301993247135675,0.033301993247135675,0.014500754000611819,0.018955255679962073,0.4525230856507229,0.43881855803995024,0.01690755644943601,0.01690755644943601,0.02806137602868435,0.028077343290710897,0.013547954146358164,0.017629588672604786,0.4501101874058676,0.4337223916678303
A1170455,64.0,0.01920718030266402,0.0025053700844396565,0.04469158774323574,0.043049875663729684,0.019908506160872315,0.019908506160872315,0.007021846347535332,0.015017709162799067,0.015017709162799067,0.003710432372850519,0.017266532053568758,0.017266280043833026,0.007021846347535332,0.007021846347535332,0.014455334348492473,0.015350659900715177,0.5006181951582908,0.4982858984343891,0.020807981600658297,0.02083111496637578,0.0025053700844396565,0.04469158774323574,0.043049875663729684,0.020271507089164,0.020271507089164,0.01607592088602995,0.016084914064511253,0.015909782250387215,0.015909782250387215,0.017134313442775963,0.017141214716739725,0.020271507089164,0.020271507089164,0.020423798253839588,0.017599572595577602,0.02083111496637578,0.02083111496637578,0.014455334348492473,0.015350659900715177,0.5006181951582908,0.4982858984343891,0.015017709162799067,0.015017709162799067,0.017266532053568758,0.017266280043833026,0.013116498237333686,0.014371723414434927,0.4848560025808243,0.48046180330982935
A1170459,64.0,0.019315014596363058,0.0022768649926159113,0.09257696242736332,0.07835113799701567,0.01907381465131233,0.01907381465131233,0.005625580301293694,0.011677639472957276,0.011677639472957276,0.003149642984647788,0.016509790113298103,0.016509713928029492,0.005625580301293694,0.005625580301293694,0.012067131304735738,0.013780368855533609,0.534332644830913,0.5314329242825984,0.020082516376746445,0.02008446128799948,0.0022768649926159113,0.09257696242736332,0.07835113799701567,0.018364803272466156,0.018364803272466156,0.012670652887634129,0.01267026944777043,0.01261780302281724,0.01261780302281724,0.016445462423183222,0.016447096961106113,0.018364803272466156,0.018364803272466156,0.019017627003839507,0.016527726071333647,0.02008446128799948,0.02008446128799948,0.012067131304735738,0.013780368855533609,0.534332644830913,0.5314329242825984,0.011677639472957276,0.011677639472957276,0.016509790113298103,0.016509713928029492,0.011475692272564106,0.012118259228584049,0.5215986677128185,0.5164747957078515
A1170460,64.0,0.021263800074026416,0.002144303431950126,0.07837028777654922,0.061081508543494034,0.02195473686961584,0.02195473686961584,0.006720350122133066,0.013901005558984256,0.013901005558984256,0.00314841171572293,0.018265334246646434,0.018266339454245537,0.006720350122133066,0.006720350122133066,0.012003453486536067,0.015013277496428775,0.5476195452325718,0.5168914665861629,0.02281653224980722,0.022815781863498873,0.002144303431950126,0.07837028777654922,0.061081508543494034,0.023309933158288818,0.023309933158288818,0.015018846309968645,0.015023613650501727,0.014643030006325882,0.014643030006325882,0.020174256277770496,0.020092927876486297,0.023309933158288818,0.023309933158288818,0.021635537325647047,0.018941500633308083,0.022815781863498873,0.022815781863498873,0.012003453486536067,0.015013277496428775,0.5476195452325718,0.5168914665861629,0.013901005558984256,0.013901005558984256,0.018265334246646434,0.018266339454245537,0.011982828529573808,0.013996783899188948,0.5313756453629577,0.5071141431512247
A1170461,64.0,0.014236543572988697,0.0023831549196114826,0.054684766574389386,0.05110130299740447,0.01662032797744275,0.01662032797744275,0.00710628183746864,0.012162377442126508,0.012162377442126508,0.0032425711923914466,0.016332704121975874,0.01633245594185666,0.00710628183746864,0.00710628183746864,0.01171137362791173,0.012597977195769881,0.4722540865301554,0.4687330211892106,0.017085355415080074,0.017126012986012285,0.0023831549196114826,0.054684766574389386,0.05110130299740447,0.016881607387393787,0.016881607387393787,0.012560754668217761,0.012559946993756014,0.012978223462900921,0.012978223462900921,0.015538231435037044,0.015536680167868556,0.016881607387393787,0.016881607387393787,0.017082553057425384,0.01429356278717453,0.017126012986012285,0.017126012986012285,0.01171137362791173,0.012597977195769881,0.4722540865301554,0.4687330211892106,0.012162377442126508,0.012162377442126508,0.016332704121975874,0.01633245594185666,0.010996511987333167,0.011681390804347179,0.4556035557431246,0.44494181835720586
A1170462,64.0,0.020667991587237134,0.002107569518142348,0.05686393094101472,0.04763512868971073,0.016107071088684588,0.016107071088684588,0.005949758823671496,0.010480356024417959,0.010480356024417959,0.003217515841224958,0.015069959342979056,0.015071109817869657,0.005949758823671496,0.005949758823671496,0.010840095932827974,0.012392183237126894,0.5330829646651191,0.5330911818272176,0.016861675019428347,0.01685754461998207,0.002107569518142348,0.05686393094101472,0.04763512868971073,0.01634657559787044,0.01634657559787044,0.01196312268638151,0.011958132143288329,0.011272276628919374,0.011272276628919374,0.013705699965547179,0.01370074889392817,0.01634657559787044,0.01634657559787044,0.015830534615515916,0.014531187438538248,0.01685754461998207,0.01685754461998207,0.010840095932827974,0.012392183237126894,0.5330829646651191,0.5330911818272176,0.010480356024417959,0.010480356024417959,0.015069959342979056,0.015071109817869657,0.01034355676791063,0.011486302847871159,0.5158423505765298,0.5123592638809715
A1170468,64.0,0.01525715086235829,0.002120347962680796,0.03482761579389865,0.02770195371922731,0.015626086997681105,0.015626086997681105,0.006635643506854148,0.012789392503322882,0.012789392503322882,0.0031887481765423067,0.01511256234503573,0.01511259573415519,0.006635643506854148,0.006635643506854148,0.010518232619457977,0.012076981241615728,0.48963179312495675,0.4625900146673463,0.015651721893945616,0.015631246107854904,0.002120347962680796,0.03482761579389865,0.02770195371922731,0.015623726742481067,0.015623726742481067,0.013310836349340605,0.013329699663593519,0.013439255823595625,0.013439255823595625,0.01359775297832512,0.01359842602266505,0.015623726742481067,0.015623726742481067,0.015411938177036698,0.014438457189327328,0.015631246107854904,0.015631246107854904,0.010518232619457977,0.012076981241615728,0.48963179312495675,0.4625900146673463,0.012789392503322882,0.012789392503322882,0.01511256234503573,0.01511259573415519,0.010197551048128365,0.011868743616444449,0.4744405602665854,0.4404590278082339
A1170475,64.0,0.012555604593872352,0.002674950389948724,0.06935263613119998,0.055807890663087334,0.020739993479318226,0.020739993479318226,0.008782618161407277,0.013764957700973478,0.013764957700973478,0.00427787181305582,0.017367611592283873,0.0173686526970261,0.008782618161407277,0.008782618161407277,0.010663676820916767,0.013454548571954418,0.4831955500968688,0.4647751942094003,0.021683981299539308,0.021689236873156534,0.002674950389948724,0.06935263613119998,0.055807890663087334,0.022705580297947385,0.022705580297947385,0.015197626009256143,0.015194612360137872,0.014849191578559597,0.014849191578559597,0.018466806820846584,0.01846630196203522,0.022705580297947385,0.022705580297947385,0.02034842138275398,0.017296153516373716,0.021689236873156534,0.021689236873156534,0.010663676820916767,0.013454548571954418,0.4831955500968688,0.4647751942094003,0.013764957700973478,0.013764957700973478,0.017367611592283873,0.0173686526970261,0.01030923807073618,0.01245748938126366,0.4769578372174245,0.4541327309826242
A1170477,64.0,0.01424585238819489,0.0028181367860528783,0.06434264937581662,0.05872542234158101,0.018781910444298246,0.018781910444298246,0.007198954857156967,0.01553974910571501,0.01553974910571501,0.004031770688779368,0.019210714462408553,0.01921187172210019,0.007198954857156967,0.007198954857156967,0.012090748547819562,0.013986555837234493,0.5235102012377618,0.5088995946408196,0.01983421056909399,0.01984153534229648,0.0028181367860528783,0.06434264937581662,0.05872542234158101,0.020884964718608272,0.020884964718608272,0.01671341756387078,0.016712224929344613,0.016678876459935633,0.016678876459935633,0.0187809196922002,0.018780167739534087,0.020884964718608272,0.020884964718608272,0.018939883438170328,0.018518396491299938,0.01984153534229648,0.01984153534229648,0.012090748547819562,0.013986555837234493,0.5235102012377618,0.5088995946408196,0.01553974910571501,0.01553974910571501,0.019210714462408553,0.01921187172210019,0.011870731538494756,0.013955726753556021,0.5225023244548902,0.5079044725436478
A1170495,64.0,0.058051875609671975,0.002372248557995908,0.08761426275742643,0.059045144346494036,0.016288510552600336,0.016288510552600336,0.007737615482807,0.012280670350016128,0.012280670350016128,0.004216992546653159,0.014111371080241636,0.014111500674554162,0.007737615482807,0.007737615482807,0.011133178676492547,0.01244129938503987,0.5366788555591739,0.5163913942940872,0.016855113754199014,0.016853152859812745,0.002372248557995908,0.08761426275742643,0.059045144346494036,0.016548913642819057,0.016548913642819057,0.013527855100705564,0.01352324852812978,0.013018470390380734,0.013018470390380734,0.01492087055169309,0.014921147724080465,0.016548913642819057,0.016548913642819057,0.01593567001578596,0.014354918518066681,0.016853152859812745,0.016853152859812745,0.011133178676492547,0.01244129938503987,0.5366788555591739,0.5163913942940872,0.012280670350016128,0.012280670350016128,0.014111371080241636,0.014111500674554162,0.01089654840057718,0.011716071531774876,0.5153756904029883,0.5024428498058534
A1170498,64.0,0.03137798267519468,0.0029899106558353497,0.05995811730827633,0.03975444905623506,0.01857939021726775,0.01857939021726775,0.008533729856884914,0.013946567102763614,0.013946567102763614,0.004395824663416125,0.01729233751127429,0.017294020846986474,0.008533729856884914,0.008533729856884914,0.012036829987495973,0.014211394234818474,0.4584219495953602,0.4270073566159971,0.019967595224540356,0.019973821966852552,0.0029899106558353497,0.05995811730827633,0.03975444905623506,0.020262552655147686,0.020262552655147686,0.01546007612676277,0.015450128995816147,0.015142407302967622,0.015142407302967622,0.017090138610504062,0.017095537446616564,0.020262552655147686,0.020262552655147686,0.019173089273305473,0.01832684957365699,0.019973821966852552,0.019973821966852552,0.012036829987495973,0.014211394234818474,0.4584219495953602,0.4270073566159971,0.013946567102763614,0.013946567102763614,0.01729233751127429,0.017294020846986474,0.011792992866871787,0.012986870733332875,0.44198405501720645,0.41595083091709933
A1170502,64.0,0.0325708539647106,0.0034404636186531634,0.0575604987725229,0.04917567731321703,0.01269832158133837,0.01269832158133837,0.0063313155286822175,0.011024058550903123,0.011024058550903123,0.003632830296230087,0.011719611105181629,0.011720138501566554,0.0063313155286822175,0.0063313155286822175,0.010059737294091589,0.010946421116752765,0.4756755748792575,0.464743100930034,0.012846460844574024,0.012846288448610306,0.0034404636186531634,0.0575604987725229,0.04917567731321703,0.013179703946259136,0.013179703946259136,0.011993401680496318,0.012002158754740972,0.011359603744736352,0.011359603744736352,0.01172058211929532,0.011721478748259392,0.013179703946259136,0.013179703946259136,0.012735774317847769,0.01251491953377509,0.012846288448610306,0.012846288448610306,0.010059737294091589,0.010946421116752765,0.4756755748792575,0.464743100930034,0.011024058550903123,0.011024058550903123,0.011719611105181629,0.011720138501566554,0.009391747156551803,0.010548270632860469,0.4752678399574593,0.4538283805546624
A1170507,64.0,0.024418938504673023,0.0021240795168518266,0.07916748366711909,0.05368304584210001,0.014594844311203519,0.014594844311203519,0.004610736372779703,0.011277886060446995,0.011277886060446995,0.0026211466137332495,0.012893568923896296,0.01289407497784087,0.004610736372779703,0.004610736372779703,0.009675510620542208,0.010028345743766508,0.5187233635667474,0.48580738305570814,0.014655950541619863,0.01465583244620946,0.0021240795168518266,0.07916748366711909,0.05368304584210001,0.014279281483095676,0.014279281483095676,0.013078851249837578,0.01307806743599471,0.012479772616920662,0.012479772616920662,0.01229304760922867,0.012289474078011562,0.014279281483095676,0.014279281483095676,0.013885069683765355,0.013051283096461511,0.01465583244620946,0.01465583244620946,0.009675510620542208,0.010028345743766508,0.5187233635667474,0.48580738305570814,0.011277886060446995,0.011277886060446995,0.012893568923896296,0.01289407497784087,0.009713708640060797,0.010564867264541488,0.5095799545837073,0.4744799129838929
A1170509,64.0,0.0286485676094639,0.0019909043826348673,0.03910532394290726,0.026892738588390298,0.01678874100393165,0.01678874100393165,0.005787796132614074,0.01126342571945179,0.01126342571945179,0.0029976813525376743,0.01522591538749372,0.0152205578862754,0.005787796132614074,0.005787796132614074,0.011907621015352544,0.01356046760293113,0.48452362854737724,0.48260478579634436,0.017259825761459225,0.01725792804827181,0.0019909043826348673,0.03910532394290726,0.026892738588390298,0.017378251887274307,0.017378251887274307,0.012474601158941001,0.012473861684435846,0.012764813919692357,0.012764813919692357,0.01460085660157393,0.014600750401494892,0.017378251887274307,0.017378251887274307,0.01648031605085631,0.01603004679846247,0.01725792804827181,0.01725792804827181,0.011907621015352544,0.01356046760293113,0.48452362854737724,0.48260478579634436,0.01126342571945179,0.01126342571945179,0.01522591538749372,0.0152205578862754,0.011131789973475423,0.012672182654838686,0.4739132289629604,0.46632131265987237
A1170528,64.0,0.0197388167013558,0.0023277154316049833,0.044635370937696324,0.03606860374386903,0.01954175968325868,0.01954175968325868,0.006187740701649665,0.013899866943447223,0.013899866943447223,0.0032151023877616362,0.01671776065113057,0.016717701051386483,0.006187740701649665,0.006187740701649665,0.01184691937152747,0.013176560136775614,0.499657346344608,0.47051617749556235,0.02000201703979151,0.020003934402428633,0.0023277154316049833,0.044635370937696324,0.03606860374386903,0.020798140866849522,0.020798140866849522,0.015540280648557593,0.015542465579358997,0.015432893400040624,0.015432893400040624,0.016873668778888604,0.01687599443351011,0.020798140866849522,0.020798140866849522,0.018863629690470066,0.018976906979054922,0.020003934402428633,0.020003934402428633,0.01184691937152747,0.013176560136775614,0.499657346344608,0.47051617749556235,0.013899866943447223,0.013899866943447223,0.01671776065113057,0.016717701051386483,0.010769571218290613,0.01143253776930412,0.4882868476893757,0.45097701510119986
A1170530,64.0,0.018239975120281776,0.0023295739615185264,0.068133216824662,0.04607591905097671,0.016566698677179047,0.016566698677179047,0.005573851212194578,0.012695059180362924,0.012695059180362924,0.0030601733811044325,0.016288315661902884,0.016288805296814528,0.005573851212194578,0.005573851212194578,0.010995812631945982,0.012140555718137751,0.463815655836486,0.4439096200249615,0.016940851240820808,0.016956710472138325,0.0023295739615185264,0.068133216824662,0.04607591905097671,0.017312416635353885,0.017312416635353885,0.014049660911388314,0.0140486303904114,0.01366661484591529,0.01366661484591529,0.014579793846891906,0.014580925662450695,0.017312416635353885,0.017312416635353885,0.015912493217644704,0.015819084436990736,0.016956710472138325,0.016956710472138325,0.010995812631945982,0.012140555718137751,0.463815655836486,0.4439096200249615,0.012695059180362924,0.012695059180362924,0.016288315661902884,0.016288805296814528,0.010696357576244368,0.01181240183034682,0.44479659818245054,0.42969319541838535
A1170534,64.0,0.016861940245006795,0.0028516494693139106,0.1032431445187467,0.076936549034564,0.021334214819745494,0.021334214819745494,0.0069127592228376165,0.013985888860133574,0.013985888860133574,0.003761165759012663,0.019024070647862434,0.019025388310365893,0.0069127592228376165,0.0069127592228376165,0.01070506193391547,0.012619773506380468,0.6006818898775249,0.5778757247977577,0.02351349078174396,0.023512045041980706,0.0028516494693139106,0.1032431445187467,0.076936549034564,0.02237998665570531,0.02237998665570531,0.014784874295784721,0.01477711838847793,0.014219237224350336,0.014219237224350336,0.01755915191674129,0.01755446186113166,0.02237998665570531,0.02237998665570531,0.021987638330951745,0.01852839639178456,0.023512045041980706,0.023512045041980706,0.01070506193391547,0.012619773506380468,0.6006818898775249,0.5778757247977577,0.013985888860133574,0.013985888860133574,0.019024070647862434,0.019025388310365893,0.010369260925299767,0.012143590474015498,0.5721925768770981,0.5615051274229871
A1170535,65.0,0.022301128268985417,0.0025777327615944144,0.0882304479293457,0.06436319325469458,0.01975613112806366,0.01975613112806366,0.007775255869637271,0.013294608764283067,0.013294608764283067,0.0036275552592783867,0.018253281367912395,0.018253090729450236,0.007775255869637271,0.007775255869637271,0.014906201104449169,0.015332002409383145,0.5310678236098729,0.4898114045975082,0.02060832484348922,0.020606928174968477,0.0025777327615944144,0.0882304479293457,0.06436319325469458,0.01984005836414111,0.01984005836414111,0.015413197604115093,0.015440659107498471,0.014785240685447076,0.014785240685447076,0.01741269948828174,0.017412181159429413,0.01984005836414111,0.01984005836414111,0.019586276834612785,0.019322848446684318,0.020606928174968477,0.020606928174968477,0.014906201104449169,0.015332002409383145,0.5310678236098729,0.4898114045975082,0.013294608764283067,0.013294608764283067,0.018253281367912395,0.018253090729450236,0.014087043022874725,0.015062658802181807,0.5100099551470603,0.47025863018255093
A1170537,64.0,0.014599385549041754,0.00243540278162774,0.04010381012470994,0.029509195761541193,0.014786411752542913,0.014786411752542913,0.005640366732875604,0.010400740524664312,0.010400740524664312,0.003456763065658147,0.014195519919191064,0.014198568913427039,0.005640366732875604,0.005640366732875604,0.009689950821996229,0.010694641081115662,0.4363746466081846,0.4038994245841764,0.015752176714543882,0.015772477080485677,0.00243540278162774,0.04010381012470994,0.029509195761541193,0.01573433131972433,0.01573433131972433,0.010851482952720926,0.010850915309803758,0.011067380350065374,0.011067380350065374,0.013359260634896177,0.013359722761841384,0.01573433131972433,0.01573433131972433,0.015164002177266508,0.014237604366655715,0.015772477080485677,0.015772477080485677,0.009689950821996229,0.010694641081115662,0.4363746466081846,0.4038994245841764,0.010400740524664312,0.010400740524664312,0.014195519919191064,0.014198568913427039,0.009874896631261761,0.0105320087399254,0.42117713290955416,0.39685201160750544
A1170540,64.0,0.015686521575602963,0.002134899694125167,0.046101300919968606,0.029465705524463613,0.018175852692460363,0.018175852692460363,0.005651266871069664,0.014391984740316359,0.014391984740316359,0.0030132216403107727,0.016795461442107838,0.016794891386937197,0.005651266871069664,0.005651266871069664,0.011929105543771735,0.012777402666298395,0.47353098366159846,0.4484341019395668,0.018349550573549905,0.018350006041821902,0.002134899694125167,0.046101300919968606,0.029465705524463613,0.01941630578873261,0.01941630578873261,0.015559675219858266,0.015575689582472924,0.015121936639617717,0.015121936639617717,0.016918589733187415,0.016927101765851608,0.01941630578873261,0.01941630578873261,0.017922918774090742,0.01644814807283542,0.018350006041821902,0.018350006041821902,0.011929105543771735,0.012777402666298395,0.47353098366159846,0.4484341019395668,0.014391984740316359,0.014391984740316359,0.016795461442107838,0.016794891386937197,0.011734831201573063,0.01274390099590897,0.47174215870138775,0.44771697557386264
A12069aW,64.0,0.10779951458105068,0.0031954368004209256,0.016787365002081035,0.019922187045808462,0.0074668309209760825,0.0074668309209760825,0.009413195918667641,0.0071590771407949285,0.0071590771407949285,0.00865858692120109,0.0077998945175183345,0.0077999681400890185,0.009413195918667641,0.009413195918667641,0.0026611747109166507,0.003020107462098968,0.32322588527454493,0.29974058733549747,0.008559588728085044,0.008551563936890489,0.0031954368004209256,0.016787365002081035,0.019922187045808462,0.008008606252459858,0.008008606252459858,0.006312108854066035,0.006337218822040555,0.007683880106526395,0.007683880106526395,0.007342800982803093,0.007338696674685179,0.008008606252459858,0.008008606252459858,0.00822766334577382,0.0070889069458826845,0.008551563936890489,0.008551563936890489,0.0026611747109166507,0.003020107462098968,0.32322588527454493,0.29974058733549747,0.0071590771407949285,0.0071590771407949285,0.0077998945175183345,0.0077999681400890185,0.0023420365831615347,0.0026031999347205514,0.29500422285819566,0.27351230488208406
A12083bW,64.0,0.09778487642433276,0.00298385551896022,0.014883129968098001,0.010015282812223237,0.007496584122623189,0.007496584122623189,0.004248065551184648,0.00511230056345999,0.00511230056345999,0.003813927689044451,0.006122992051556631,0.006129969467141489,0.004248065551184648,0.004248065551184648,0.0017828386242189393,0.0019202929258026742,0.31683354877696546,0.2785399595558071,0.0076150637490460475,0.007609036966337976,0.00298385551896022,0.014883129968098001,0.010015282812223237,0.007145537459358737,0.007145537459358737,0.005977647157780171,0.005980356377708498,0.006266982601592238,0.006266982601592238,0.005638211094882862,0.005638563473226737,0.007145537459358737,0.007145537459358737,0.00754903915976249,0.005429658516704041,0.007609036966337976,0.007609036966337976,0.0017828386242189393,0.0019202929258026742,0.31683354877696546,0.2785399595558071,0.00511230056345999,0.00511230056345999,0.006122992051556631,0.006129969467141489,0.001777290609101671,0.0017645909088440945,0.30303625498752473,0.26683438831299605
A13415aW,64.0,0.06459291290185898,0.0036412812149637153,0.03628251835321022,0.02567080512146281,0.0048586655571479604,0.0048586655571479604,0.005931244524857414,0.005629012575966803,0.005629012575966803,0.00644687361451119,0.0047178514000300285,0.004714864855150157,0.005931244524857414,0.005931244524857414,0.0021405695387777023,0.0021869946747045334,0.33648942100540624,0.31168424813943924,0.005162294910917558,0.005162134576448124,0.0036412812149637153,0.03628251835321022,0.02567080512146281,0.005688861028380256,0.005688861028380256,0.007779365884484419,0.007791948256660463,0.006382695910333458,0.006382695910333458,0.005374329759572036,0.0053721010570123,0.005688861028380256,0.005688861028380256,0.00551756891428081,0.004545027963611194,0.005162134576448124,0.005162134576448124,0.0021405695387777023,0.0021869946747045334,0.33648942100540624,0.31168424813943924,0.005629012575966803,0.005629012575966803,0.0047178514000300285,0.004714864855150157,0.002307760195917927,0.002213394430572078,0.3380552958625881,0.3106222152225168
A13495dW,64.0,0.10912211180996394,0.001667481842852049,0.007597745994696152,0.006118231534851545,0.004754654421793662,0.004754654421793662,0.0020004215857582354,0.0049125017015132335,0.0049125017015132335,0.0021615764124563786,0.00512295913580424,0.005122897503211167,0.0020004215857582354,0.0020004215857582354,0.0028440916921548673,0.0029620036375591838,0.25605660276812,0.21212524125595902,0.00496099459664892,0.004967966112573991,0.001667481842852049,0.007597745994696152,0.006118231534851545,0.0053711869333697435,0.0053711869333697435,0.0051679613657715584,0.0051622690105325945,0.005230578773075787,0.005230578773075787,0.0046410941524632696,0.004639377486504574,0.0053711869333697435,0.0053711869333697435,0.004890636718136179,0.004208604318804672,0.004967966112573991,0.004967966112573991,0.0028440916921548673,0.0029620036375591838,0.25605660276812,0.21212524125595902,0.0049125017015132335,0.0049125017015132335,0.00512295913580424,0.005122897503211167,0.0028176479951255505,0.003515604693619891,0.2365100272214552,0.16362690946976968
AEOJUM201,64.0,0.014929571491019242,0.0024325129716798034,0.08238360224731536,0.0770382280591472,0.020921343860851305,0.020921343860851305,0.004897612146128934,0.012968008425370109,0.012968008425370109,0.0038865589372813346,0.01814339720833556,0.01815270674460842,0.004897612146128934,0.004897612146128934,0.008259707608994167,0.008669393272434031,0.580449864413339,0.5269751850047723,0.021269911817113886,0.021258369704748908,0.0024325129716798034,0.08238360224731536,0.0770382280591472,0.022650205550633917,0.022650205550633917,0.012497112742313814,0.012413359547540912,0.013506672870046933,0.013506672870046933,0.017643082028968863,0.017642789490426573,0.022650205550633917,0.022650205550633917,0.020231253114958485,0.01366744161693339,0.021258369704748908,0.021258369704748908,0.008259707608994167,0.008669393272434031,0.580449864413339,0.5269751850047723,0.012968008425370109,0.012968008425370109,0.01814339720833556,0.01815270674460842,0.0076441586409663155,0.007983099212319107,0.5872310798877429,0.5377521629075037
AEOJUM305,64.0,0.020868499183921498,0.003672776106086036,0.06948837758101815,0.06096678120185333,0.020808041107751984,0.020808041107751984,0.006716205883303068,0.014267353026986633,0.014267353026986633,0.005319667302351471,0.01956320373967871,0.019561417759925027,0.006716205883303068,0.006716205883303068,0.01159752045460967,0.013268582002858293,0.5263814337491018,0.508659154563675,0.02151801695406441,0.02152203828089671,0.003672776106086036,0.06948837758101815,0.06096678120185333,0.021212799005446217,0.021212799005446217,0.016111636247344404,0.01611449303658949,0.01542711661721811,0.01542711661721811,0.01681476948366821,0.01681569057014234,0.021212799005446217,0.021212799005446217,0.020603409929669504,0.018061713628712575,0.02152203828089671,0.02152203828089671,0.01159752045460967,0.013268582002858293,0.5263814337491018,0.508659154563675,0.014267353026986633,0.014267353026986633,0.01956320373967871,0.019561417759925027,0.01063080170842978,0.012248039826530615,0.5178683832065394,0.5007844698589298
AEOJUM402,64.0,0.027120468956270096,0.0035988701803865656,0.07780721879187548,0.07781311399550477,0.025781693741230315,0.025781693741230315,0.0083341139272587,0.015393048924761338,0.015393048924761338,0.005670458438507522,0.01990901777175923,0.01990907574225263,0.0083341139272587,0.0083341139272587,0.01130923570357298,0.013693359656809906,0.5667795469513419,0.5500575359914222,0.028744638473067106,0.028808486077005733,0.0035988701803865656,0.07780721879187548,0.07781311399550477,0.0266383961463697,0.0266383961463697,0.01672900948221972,0.016704993130330692,0.016673605780618547,0.016673605780618547,0.021915694510526988,0.02191554112878157,0.0266383961463697,0.0266383961463697,0.02621248442977203,0.017166856386042786,0.028808486077005733,0.028808486077005733,0.01130923570357298,0.013693359656809906,0.5667795469513419,0.5500575359914222,0.015393048924761338,0.015393048924761338,0.01990901777175923,0.01990907574225263,0.010816215520424693,0.012661284864687749,0.5635986487093829,0.5453479259913644
AEOJUM502,64.0,0.01818615373261566,0.0034441873418966013,0.10568388018588779,0.08844522290419801,0.01700755518567475,0.01700755518567475,0.006658602414619656,0.0109553453750173,0.0109553453750173,0.005159290079029243,0.014672492678093596,0.01467275249706648,0.006658602414619656,0.006658602414619656,0.01063529441895565,0.010427080655588684,0.5476275425924958,0.5114777710487479,0.017455893853696676,0.017466287838770776,0.0034441873418966013,0.10568388018588779,0.08844522290419801,0.016781570967567654,0.016781570967567654,0.011739757813018078,0.011738222089617938,0.012233464451581955,0.012233464451581955,0.013416932921971703,0.013416312963781221,0.016781570967567654,0.016781570967567654,0.01644850201635488,0.014503314190811663,0.017466287838770776,0.017466287838770776,0.01063529441895565,0.010427080655588684,0.5476275425924958,0.5114777710487479,0.0109553453750173,0.0109553453750173,0.014672492678093596,0.01467275249706648,0.009457267356473469,0.00937270046649492,0.5325356775352057,0.4965603024517836
AEOJUM605,64.0,0.0365278675659526,0.002947054381381195,0.05947932106424545,0.0497138651051979,0.016934080711843033,0.016934080711843033,0.006166012385176005,0.01411292120454847,0.01411292120454847,0.00453298366515616,0.017331528280013404,0.017333635227612214,0.006166012385176005,0.006166012385176005,0.010331617833486746,0.012205629826187364,0.5531572294394381,0.539180655382643,0.017396481006229248,0.017507515311056255,0.002947054381381195,0.05947932106424545,0.0497138651051979,0.019675346380061007,0.019675346380061007,0.013743719684325278,0.013742318863648779,0.01441356349343139,0.01441356349343139,0.015614348633166677,0.01561407631881475,0.019675346380061007,0.019675346380061007,0.01725423425089634,0.014629239470045602,0.017507515311056255,0.017507515311056255,0.010331617833486746,0.012205629826187364,0.5531572294394381,0.539180655382643,0.01411292120454847,0.01411292120454847,0.017331528280013404,0.017333635227612214,0.00920405484452941,0.010824881020565464,0.5505827073094443,0.5368242888079544
AETJUM106,64.0,0.06836217519806237,0.003794281634686883,0.1125159823239265,0.10653689566412232,0.01687078821578802,0.01687078821578802,0.009909761462471573,0.013454883625716806,0.013454883625716806,0.005281590323539865,0.016336749767824277,0.016403196602861606,0.009909761462471573,0.009909761462471573,0.013266270666735924,0.014392168993621274,0.5612201993142363,0.540767490070098,0.01729009466734251,0.01729341213182996,0.003794281634686883,0.1125159823239265,0.10653689566412232,0.017307248356729595,0.017307248356729595,0.013877074486966217,0.01387614568475457,0.014190599036604917,0.014190599036604917,0.016462990976244138,0.016451604771230827,0.017307248356729595,0.017307248356729595,0.01667576680882584,0.015256549109031532,0.01729341213182996,0.01729341213182996,0.013266270666735924,0.014392168993621274,0.5612201993142363,0.540767490070098,0.013454883625716806,0.013454883625716806,0.016336749767824277,0.016403196602861606,0.013004298292888544,0.013754905670476257,0.5607638991329827,0.5382923038800911
AETJUM117,64.0,0.026394984909297512,0.002800264181678126,0.06491328659016979,0.05396820076023354,0.018927004794028528,0.018927004794028528,0.006686354114489724,0.013337261004219237,0.013337261004219237,0.004717584708364226,0.01637476364150417,0.016375266566463983,0.006686354114489724,0.006686354114489724,0.012017346450765314,0.0132759149009224,0.5067570467525403,0.4626804023045262,0.01947673282291923,0.019475246670957697,0.002800264181678126,0.06491328659016979,0.05396820076023354,0.018645763461684534,0.018645763461684534,0.014324261124504759,0.014326080061904115,0.013883594141189155,0.013883594141189155,0.016483802376229196,0.016424346903805162,0.018645763461684534,0.018645763461684534,0.01902488284187448,0.01667539303536626,0.019475246670957697,0.019475246670957697,0.012017346450765314,0.0132759149009224,0.5067570467525403,0.4626804023045262,0.013337261004219237,0.013337261004219237,0.01637476364150417,0.016375266566463983,0.009924827590199223,0.011852815903545708,0.5000846152368595,0.4455880164287645
AETJUM120,64.0,0.020667850581970782,0.0021578044789820495,0.039872556432169436,0.03229095982210245,0.014118991438082554,0.014118991438082554,0.0036435130567652385,0.010889897940982012,0.010889897940982012,0.0029029806147606854,0.012875556756097455,0.012874006023181466,0.0036435130567652385,0.0036435130567652385,0.009892722974669392,0.009517430612018093,0.541418701952478,0.5007669408793232,0.014873517404447352,0.014877110161409853,0.0021578044789820495,0.039872556432169436,0.03229095982210245,0.014634006697476767,0.014634006697476767,0.01152266691018844,0.011520763792265016,0.011608852193004266,0.011608852193004266,0.01347893166885165,0.01348207972559374,0.014634006697476767,0.014634006697476767,0.01498708877490272,0.012769591454494161,0.014877110161409853,0.014877110161409853,0.009892722974669392,0.009517430612018093,0.541418701952478,0.5007669408793232,0.010889897940982012,0.010889897940982012,0.012875556756097455,0.012874006023181466,0.009223328494916718,0.008973891502341088,0.5445018949837643,0.5042646107320616
AETJUM224,64.0,0.07576078680837346,0.0027682588206654284,0.07263308051239124,0.0711281011770586,0.020679588825255255,0.020679588825255255,0.006567296634683673,0.017116156593977274,0.017116156593977274,0.004723266976731566,0.018714910878107605,0.01871422285413274,0.006567296634683673,0.006567296634683673,0.013602935671627365,0.014184855188253126,0.5511814170978138,0.529068642627576,0.02045054049305413,0.020454768093172173,0.0027682588206654284,0.07263308051239124,0.0711281011770586,0.020861282401850725,0.020861282401850725,0.01724529298024349,0.017247206252976603,0.01759641577152051,0.01759641577152051,0.019235434270180894,0.019251182826139582,0.020861282401850725,0.020861282401850725,0.019736674501765184,0.018588540670366475,0.020454768093172173,0.020454768093172173,0.013602935671627365,0.014184855188253126,0.5511814170978138,0.529068642627576,0.017116156593977274,0.017116156593977274,0.018714910878107605,0.01871422285413274,0.0126639246963354,0.013442966577819498,0.5497847630529791,0.5283007641894706
AETJUM226,64.0,0.03654726630351472,0.001912400290989176,0.036741476950333696,0.025422994657647028,0.017786127302437716,0.017786127302437716,0.005975261435804978,0.01107869839983292,0.01107869839983292,0.003285104388955074,0.017050968804711002,0.01705340086933364,0.005975261435804978,0.005975261435804978,0.00882235811541471,0.009957688093596753,0.47013405139514847,0.4293288240069148,0.021105184639954457,0.02113580844510064,0.001912400290989176,0.036741476950333696,0.025422994657647028,0.021591431396212453,0.021591431396212453,0.01177718561818138,0.011876373806943,0.012315591504111307,0.012315591504111307,0.014797097927168452,0.014796652729366363,0.021591431396212453,0.021591431396212453,0.020503155640899887,0.015864223637307263,0.02113580844510064,0.02113580844510064,0.00882235811541471,0.009957688093596753,0.47013405139514847,0.4293288240069148,0.01107869839983292,0.01107869839983292,0.017050968804711002,0.01705340086933364,0.008055104791342653,0.008661482981362668,0.4687285781413256,0.42905355924055955
AETJUM332,64.0,0.07687128447950944,0.002610928476867994,0.08648045883178497,0.07978726331022444,0.02133952061745935,0.02133952061745935,0.00546804716895245,0.016130680160588027,0.016130680160588027,0.0038318708623119218,0.01936307783422746,0.019363487131966364,0.00546804716895245,0.00546804716895245,0.01377034535565695,0.014765244780322935,0.5721762567745795,0.5462595804615704,0.022067563381534983,0.022068729954621644,0.002610928476867994,0.08648045883178497,0.07978726331022444,0.0203076137328499,0.0203076137328499,0.01645964941917632,0.016470860866706946,0.016494395419330482,0.016494395419330482,0.01859901951813595,0.018598774023238278,0.0203076137328499,0.0203076137328499,0.021766980938229145,0.02029652446059272,0.022068729954621644,0.022068729954621644,0.01377034535565695,0.014765244780322935,0.5721762567745795,0.5462595804615704,0.016130680160588027,0.016130680160588027,0.01936307783422746,0.019363487131966364,0.01283682129724955,0.013568950274937536,0.5740811482079718,0.5517982754128531
APTJUM105,64.0,0.028788427436195245,0.00225365976807005,0.14695482706280547,0.14704785697867243,0.026370980783322544,0.026370980783322544,0.005126023262158099,0.014341063778051577,0.014341063778051577,0.003696477854872252,0.021211881260661574,0.021214502387065372,0.005126023262158099,0.005126023262158099,0.013593777702910977,0.014110707000622415,0.4755843371466438,0.4772488056811627,0.027097437626265465,0.027097858640033334,0.00225365976807005,0.14695482706280547,0.14704785697867243,0.02446858440533702,0.02446858440533702,0.015007735359458511,0.015012890709334923,0.015552479742614474,0.015552479742614474,0.018806033626691403,0.018809590534912587,0.02446858440533702,0.02446858440533702,0.02641824145726245,0.021327195427515065,0.027097858640033334,0.027097858640033334,0.013593777702910977,0.014110707000622415,0.4755843371466438,0.4772488056811627,0.014341063778051577,0.014341063778051577,0.021211881260661574,0.021214502387065372,0.010799961964443307,0.011741830285772777,0.4691668897391376,0.46173833702222616
APTJUM109,64.0,0.019973121856030087,0.0027847410568886044,0.05567911034442651,0.0485394747069539,0.016465934295729186,0.016465934295729186,0.0052157594244823914,0.008692116629556532,0.008692116629556532,0.003948223823696194,0.013485446494476657,0.013501209240095525,0.0052157594244823914,0.0052157594244823914,0.008546056462195407,0.009540351164152389,0.43486209082710475,0.3916676368105792,0.018267238141810225,0.01826745424685557,0.0027847410568886044,0.05567911034442651,0.0485394747069539,0.015677405004807722,0.015677405004807722,0.011073188703885264,0.01114980251156003,0.009812505374813275,0.009812505374813275,0.013282258336804728,0.013282362221752567,0.015677405004807722,0.015677405004807722,0.016993862612875183,0.014542589276742535,0.01826745424685557,0.01826745424685557,0.008546056462195407,0.009540351164152389,0.43486209082710475,0.3916676368105792,0.008692116629556532,0.008692116629556532,0.013485446494476657,0.013501209240095525,0.007697789152431025,0.008258974102496803,0.42199459947710605,0.3824250610317402
APTJUM114,64.0,0.018535375064222336,0.002089745536340909,0.04114009529749691,0.02894459505885197,0.016285293013580355,0.016285293013580355,0.0024906582449099497,0.009699014850339749,0.009699014850339749,0.0023227393794191704,0.014134467427585312,0.014134345936237445,0.0024906582449099497,0.0024906582449099497,0.009446707982883152,0.010045694643750623,0.4827004009815892,0.44986256206509606,0.01705016081471503,0.01704807360880577,0.002089745536340909,0.04114009529749691,0.02894459505885197,0.01714676341668308,0.01714676341668308,0.010787491465021372,0.01074164645484374,0.01074732890875603,0.01074732890875603,0.013893593056107925,0.013892211907529636,0.01714676341668308,0.01714676341668308,0.015882908521862048,0.012916153322367483,0.01704807360880577,0.01704807360880577,0.009446707982883152,0.010045694643750623,0.4827004009815892,0.44986256206509606,0.009699014850339749,0.009699014850339749,0.014134467427585312,0.014134345936237445,0.008089570272656032,0.008602507190443674,0.48231832970201094,0.45181894466797146
APTJUM117,64.0,0.01805797966309699,0.002923446487974404,0.042622673950063125,0.04106712492385411,0.018415047024078195,0.018415047024078195,0.0067186307450123614,0.012187613467540073,0.012187613467540073,0.0047223073694552435,0.01740114394389705,0.017412692559924312,0.0067186307450123614,0.0067186307450123614,0.011853085840024848,0.01271544379254528,0.5006723277874547,0.47293377783911844,0.019167316384182138,0.019165519102325054,0.002923446487974404,0.042622673950063125,0.04106712492385411,0.018963036390436658,0.018963036390436658,0.012013031931583068,0.012017103027689761,0.012997851548748466,0.012997851548748466,0.015447156863539212,0.01544723031140576,0.018963036390436658,0.018963036390436658,0.018393182988544136,0.016256187688503156,0.019165519102325054,0.019165519102325054,0.011853085840024848,0.01271544379254528,0.5006723277874547,0.47293377783911844,0.012187613467540073,0.012187613467540073,0.01740114394389705,0.017412692559924312,0.010692904881418342,0.011515287493863754,0.4929623523559572,0.46210903309248424
APTJUM129,64.0,0.019316305318728168,0.0023564228953610695,0.05621511187664385,0.04867068539407343,0.018144816893002267,0.018144816893002267,0.004768340072233147,0.011087183102639314,0.011087183102639314,0.0039265255096279875,0.01466638945804233,0.014666239938904738,0.004768340072233147,0.004768340072233147,0.009906289792343313,0.009907334111272568,0.5103329585553141,0.4915933597427831,0.019875469413986706,0.01987152517670616,0.0023564228953610695,0.05621511187664385,0.04867068539407343,0.01716523415920666,0.01716523415920666,0.01411493208626514,0.014113396050124922,0.012602049615419443,0.012602049615419443,0.01398391260698977,0.013979027356144784,0.01716523415920666,0.01716523415920666,0.019100993157927005,0.015442497452662584,0.01987152517670616,0.01987152517670616,0.009906289792343313,0.009907334111272568,0.5103329585553141,0.4915933597427831,0.011087183102639314,0.011087183102639314,0.01466638945804233,0.014666239938904738,0.008550169306819221,0.008776347826245518,0.49621722457573303,0.4760657032469567
APTJUM214,64.0,0.016608655923069274,0.002097222009011078,0.041611598070358295,0.036960093242099853,0.019136892643901306,0.019136892643901306,0.00333870255698758,0.016748771663571686,0.016748771663571686,0.0028451579930738064,0.01832033645550858,0.01832297142033341,0.00333870255698758,0.00333870255698758,0.013226513608852014,0.013489812173852684,0.4771853922601323,0.45496760650981627,0.020298135171151012,0.020297982205270782,0.002097222009011078,0.041611598070358295,0.036960093242099853,0.020191564680460267,0.020191564680460267,0.018903763170521594,0.018895178585128316,0.01871073471575219,0.01871073471575219,0.017731030067688638,0.017734456174385117,0.020191564680460267,0.020191564680460267,0.01983004372623578,0.01839793358808524,0.020297982205270782,0.020297982205270782,0.013226513608852014,0.013489812173852684,0.4771853922601323,0.45496760650981627,0.016748771663571686,0.016748771663571686,0.01832033645550858,0.01832297142033341,0.01096585282139793,0.011994010746750555,0.46387748081739544,0.4491050071142105
APTJUM219,64.0,0.017946681948886635,0.0022196989259119474,0.06970898363612135,0.07866202694283887,0.016153204129296845,0.016153204129296845,0.00372626325762142,0.010977964296983446,0.010977964296983446,0.0026172145449828246,0.013168289515216171,0.013168807757664883,0.00372626325762142,0.00372626325762142,0.01131085448597623,0.012069889628446613,0.48103416171367863,0.459412042518758,0.016508588392014294,0.016506975353245697,0.0022196989259119474,0.06970898363612135,0.07866202694283887,0.01488625671123045,0.01488625671123045,0.011697980785071165,0.011703255155015503,0.01216723366001926,0.01216723366001926,0.012818273731219897,0.012818249680678224,0.01488625671123045,0.01488625671123045,0.016174294125256613,0.014702270450844223,0.016506975353245697,0.016506975353245697,0.01131085448597623,0.012069889628446613,0.48103416171367863,0.459412042518758,0.010977964296983446,0.010977964296983446,0.013168289515216171,0.013168807757664883,0.01020489842917111,0.010232681338416443,0.46828570792898305,0.44400029675320424
APTJUM231,64.0,0.024556377668626138,0.0026846891602855354,0.07120820912869294,0.06557846384350516,0.02382952384336879,0.02382952384336879,0.005311971406650945,0.015320292272798637,0.015320292272798637,0.0036357029131378555,0.022970096498963123,0.02296977672889796,0.005311971406650945,0.005311971406650945,0.011367868852157816,0.013182617257406897,0.5750563182217887,0.5720349783258472,0.025254236831625566,0.025255306595276982,0.0026846891602855354,0.07120820912869294,0.06557846384350516,0.025200622536864444,0.025200622536864444,0.01577399933929473,0.015779383563228104,0.016387020179105656,0.016387020179105656,0.020124674521696233,0.020128295076548543,0.025200622536864444,0.025200622536864444,0.02483253171454564,0.01999650421996845,0.025255306595276982,0.025255306595276982,0.011367868852157816,0.013182617257406897,0.5750563182217887,0.5720349783258472,0.015320292272798637,0.015320292272798637,0.022970096498963123,0.02296977672889796,0.010502228241203334,0.011775229802729574,0.5611570558318796,0.5500413527508611
APTJUM232,64.0,0.019250309685249548,0.002094183617601075,0.06866167276438521,0.060920442246596984,0.02417536572630136,0.02417536572630136,0.004586846785219012,0.014708952244623914,0.014708952244623914,0.0038984279069852685,0.019587888906506378,0.0195462425839149,0.004586846785219012,0.004586846785219012,0.01416932110796766,0.01585869861093171,0.4390387244684176,0.4304013998640731,0.025398270754317914,0.02539969210807915,0.002094183617601075,0.06866167276438521,0.060920442246596984,0.02389709284490967,0.02389709284490967,0.015649737781608265,0.015651269606011847,0.015979920403834263,0.015979920403834263,0.018556373387316114,0.018570243538711735,0.02389709284490967,0.02389709284490967,0.024574145420517612,0.022213855088448392,0.02539969210807915,0.02539969210807915,0.01416932110796766,0.01585869861093171,0.4390387244684176,0.4304013998640731,0.014708952244623914,0.014708952244623914,0.019587888906506378,0.0195462425839149,0.011687943694581836,0.013179471944948623,0.43154945150013607,0.4269388409792249
APTJUM324,64.0,0.015507734315227653,0.0032411066919832937,0.1084922606708624,0.09288316566569364,0.013871078318642276,0.013871078318642276,0.006062722445189421,0.011417709382903474,0.011417709382903474,0.004754339254446963,0.01225370369472047,0.012254452951978651,0.006062722445189421,0.006062722445189421,0.007841628192404906,0.008996149996047746,0.48859725187659897,0.4699516852901422,0.01473208099814076,0.014717925221221454,0.0032411066919832937,0.1084922606708624,0.09288316566569364,0.014075892724659275,0.014075892724659275,0.014372258687145839,0.014378076175385876,0.013187509023034526,0.013187509023034526,0.01079777817699575,0.01079790726341381,0.014075892724659275,0.014075892724659275,0.013890696588119526,0.012923509100207797,0.014717925221221454,0.014717925221221454,0.007841628192404906,0.008996149996047746,0.48859725187659897,0.4699516852901422,0.011417709382903474,0.011417709382903474,0.01225370369472047,0.012254452951978651,0.007104880990988267,0.007468593840778552,0.4568939023489557,0.4371808577813057
APTJUM326,64.0,0.01886088315485231,0.0031349696826786116,0.06435044798899442,0.048432384136491126,0.012400198192435962,0.012400198192435962,0.004130345405237445,0.00795946431217241,0.00795946431217241,0.003482849824021041,0.011246577792972223,0.011246692615316483,0.004130345405237445,0.004130345405237445,0.007095869885385004,0.00732329073478409,0.545367313446712,0.47615500899229035,0.01354351918078379,0.013540986264954319,0.0031349696826786116,0.06435044798899442,0.048432384136491126,0.013223093102320147,0.013223093102320147,0.009667497339867603,0.009669283141643984,0.008883761247646272,0.008883761247646272,0.009920029037389953,0.0099242960256338,0.013223093102320147,0.013223093102320147,0.013606094523264006,0.010903849618746322,0.013540986264954319,0.013540986264954319,0.007095869885385004,0.00732329073478409,0.545367313446712,0.47615500899229035,0.00795946431217241,0.00795946431217241,0.011246577792972223,0.011246692615316483,0.006046686189051389,0.00677689784642227,0.5313711082603523,0.46809876829846975
APTJUM422,64.0,0.01918933294030539,0.002611921398965577,0.05573568179863156,0.04826200951095139,0.01588865100035453,0.01588865100035453,0.0055104201956704575,0.012093268198896006,0.012093268198896006,0.0040383974456020865,0.015216795698203838,0.015216180392856113,0.0055104201956704575,0.0055104201956704575,0.010214242952885188,0.01096592591234103,0.5134448968746458,0.48566314991762893,0.01652063528667752,0.016537106410037167,0.002611921398965577,0.05573568179863156,0.04826200951095139,0.016387061771716907,0.016387061771716907,0.01227877867252174,0.012277989927619996,0.013049488799519211,0.013049488799519211,0.01365566874263497,0.01365493966831307,0.016387061771716907,0.016387061771716907,0.01592098691582296,0.014017807359278444,0.016537106410037167,0.016537106410037167,0.010214242952885188,0.01096592591234103,0.5134448968746458,0.48566314991762893,0.012093268198896006,0.012093268198896006,0.015216795698203838,0.015216180392856113,0.009120558598897,0.009814040166580457,0.5130065963202535,0.4864690332852847
ATSJUM112,64.0,0.01942152478108369,0.0020265201025400983,0.06416626379571398,0.04913020741876961,0.019945357049657404,0.019945357049657404,0.004569156387479709,0.013641553597789593,0.013641553597789593,0.00339872710873254,0.016478671408505043,0.016475342556443673,0.004569156387479709,0.004569156387479709,0.011091071288983572,0.011473887050470111,0.49596020352749376,0.4605230450044717,0.019453097116100704,0.019458706855570825,0.0020265201025400983,0.06416626379571398,0.04913020741876961,0.020955598896671267,0.020955598896671267,0.014742327103490903,0.014737591063180433,0.015539743321848532,0.015539743321848532,0.015213945963300158,0.015212573389185271,0.020955598896671267,0.020955598896671267,0.01857961100424093,0.016299251406553,0.019458706855570825,0.019458706855570825,0.011091071288983572,0.011473887050470111,0.49596020352749376,0.4605230450044717,0.013641553597789593,0.013641553597789593,0.016478671408505043,0.016475342556443673,0.009183529810549006,0.01050020601323974,0.4822460131758247,0.45054122489356907
ATSJUM122,64.0,0.021926502019970748,0.002339970126431187,0.05982650585898326,0.057429569842110485,0.02620649737243406,0.02620649737243406,0.006704236348485983,0.018205013348047073,0.018205013348047073,0.00500667957474289,0.023208894758077747,0.023206821242750225,0.006704236348485983,0.006704236348485983,0.01371107341609011,0.014555014254186135,0.5166273695770044,0.4976099503865272,0.0254455590289102,0.02546343738839721,0.002339970126431187,0.05982650585898326,0.057429569842110485,0.026655963193807215,0.026655963193807215,0.018938379133531576,0.01894153088729497,0.019249895787929395,0.019249895787929395,0.022434660003996444,0.02243709784544096,0.026655963193807215,0.026655963193807215,0.024444152532266474,0.02168421023980951,0.02546343738839721,0.02546343738839721,0.01371107341609011,0.014555014254186135,0.5166273695770044,0.4976099503865272,0.018205013348047073,0.018205013348047073,0.023208894758077747,0.023206821242750225,0.01261226122863906,0.013135463924948172,0.5089708034198734,0.4877025621703191
ATSJUM123,64.0,0.017148540394691707,0.0023881641485162006,0.0689535157440191,0.06098896937572005,0.02377877799933114,0.02377877799933114,0.005001128388264989,0.014881862315240276,0.014881862315240276,0.0034341135997504467,0.019317625430540986,0.019313286407957535,0.005001128388264989,0.005001128388264989,0.010788715958887172,0.012179669124532963,0.5313626274665982,0.5161049854986666,0.022378949541746386,0.022378966928107362,0.0023881641485162006,0.0689535157440191,0.06098896937572005,0.022886965952325037,0.022886965952325037,0.014928770144088513,0.014885889781966274,0.015376880494386728,0.015376880494386728,0.017837377069829494,0.01783962109554626,0.022886965952325037,0.022886965952325037,0.0210642198519423,0.01786754076490834,0.022378966928107362,0.022378966928107362,0.010788715958887172,0.012179669124532963,0.5313626274665982,0.5161049854986666,0.014881862315240276,0.014881862315240276,0.019317625430540986,0.019313286407957535,0.010187571919191453,0.011393377538657445,0.5263989424770942,0.5116601845991258
ATSJUM203,64.0,0.025150700332539973,0.002463723915300533,0.055010821827215624,0.047644070866505336,0.026158424282119452,0.026158424282119452,0.004870531559516162,0.012626044037436444,0.012626044037436444,0.0028912908653692376,0.020136827989368104,0.020137858731931437,0.004870531559516162,0.004870531559516162,0.011247508994600261,0.012123940703777173,0.524351752382675,0.5144705680550666,0.028421861656062395,0.02840417916336882,0.002463723915300533,0.055010821827215624,0.047644070866505336,0.025702253093043203,0.025702253093043203,0.013473009596360878,0.013486866479598281,0.013805289442930187,0.013805289442930187,0.019003109775081527,0.019021853505620044,0.025702253093043203,0.025702253093043203,0.026577514466965657,0.019195070365802876,0.02840417916336882,0.02840417916336882,0.011247508994600261,0.012123940703777173,0.524351752382675,0.5144705680550666,0.012626044037436444,0.012626044037436444,0.020136827989368104,0.020137858731931437,0.009042302960516616,0.010260640390312518,0.5254484069232713,0.5108680563738602
ATSJUM210,64.0,0.028591288273318808,0.002427962187153976,0.09217683114440786,0.09622765338702885,0.030603932067208184,0.030603932067208184,0.009074416847294008,0.018576886518954356,0.018576886518954356,0.003985502626046515,0.02587042693685178,0.025869915646223464,0.009074416847294008,0.009074416847294008,0.015465275063391418,0.018575957436643954,0.5003330166948994,0.4839868077298932,0.03132633509977165,0.0313055649780763,0.002427962187153976,0.09217683114440786,0.09622765338702885,0.031216783936777594,0.031216783936777594,0.018288554916916975,0.018311249404234443,0.020648203731947003,0.020648203731947003,0.022480419287388857,0.022479163196234588,0.031216783936777594,0.031216783936777594,0.02975480732431215,0.026494720746234397,0.0313055649780763,0.0313055649780763,0.015465275063391418,0.018575957436643954,0.5003330166948994,0.4839868077298932,0.018576886518954356,0.018576886518954356,0.02587042693685178,0.025869915646223464,0.01366887955512034,0.015754849838594872,0.493880637503109,0.4763439190279265
ATSJUM217,64.0,0.02241978399310389,0.0026823508775619754,0.0564147691584143,0.045640259886304664,0.022751352275659015,0.022751352275659015,0.0072086058432545945,0.015377347438162107,0.015377347438162107,0.004277708916775977,0.018753538027403628,0.018755273862010754,0.0072086058432545945,0.0072086058432545945,0.01002690028184675,0.012810413247596446,0.46834953816404784,0.4375784594190466,0.024255397225402698,0.024252050658151985,0.0026823508775619754,0.0564147691584143,0.045640259886304664,0.02312776582115617,0.02312776582115617,0.017239797256556944,0.017220772863017385,0.0177306038029668,0.0177306038029668,0.01774762482080249,0.017750212532680432,0.02312776582115617,0.02312776582115617,0.022873117528376258,0.019898666880185288,0.024252050658151985,0.024252050658151985,0.01002690028184675,0.012810413247596446,0.46834953816404784,0.4375784594190466,0.015377347438162107,0.015377347438162107,0.018753538027403628,0.018755273862010754,0.00801359929174935,0.00994485662791443,0.44965570248684184,0.4221835967012814
ATSJUM222,64.0,0.02419720551830563,0.002832813451369187,0.10481431684890183,0.0975307614390061,0.01728909921359864,0.01728909921359864,0.004137855479247938,0.012224593542071586,0.012224593542071586,0.002774847687729032,0.01458172747078791,0.014580836901536215,0.004137855479247938,0.004137855479247938,0.012167298622429226,0.012971388439321392,0.5449922922127343,0.5255938071602916,0.018515539097600366,0.01851297704119814,0.002832813451369187,0.10481431684890183,0.0975307614390061,0.017079630229239882,0.017079630229239882,0.013361141833037396,0.013365827296260561,0.013505022164812443,0.013505022164812443,0.014433192928152731,0.014431110438348499,0.017079630229239882,0.017079630229239882,0.017422203255582108,0.01690339774525579,0.01851297704119814,0.01851297704119814,0.012167298622429226,0.012971388439321392,0.5449922922127343,0.5255938071602916,0.012224593542071586,0.012224593542071586,0.01458172747078791,0.014580836901536215,0.01152704298860638,0.011933140676515266,0.5408342727473736,0.5272092532965162
ATSJUM229,64.0,0.03441560492640412,0.0020602933717905683,0.06257967201155193,0.05353165327710903,0.01883269287460154,0.01883269287460154,0.004219884211685854,0.011558042630212038,0.011558042630212038,0.0026858377575327327,0.015399979748581837,0.015401454085264868,0.004219884211685854,0.004219884211685854,0.012120725283323251,0.012806484540240323,0.5484358313535633,0.5257383368971618,0.018995213628310564,0.019004238495742645,0.0020602933717905683,0.06257967201155193,0.05353165327710903,0.018269986133596493,0.018269986133596493,0.011462762611127723,0.011462730099692259,0.012685871894705502,0.012685871894705502,0.014857513211443164,0.014857489758451303,0.018269986133596493,0.018269986133596493,0.01888131964407867,0.017359210958364252,0.019004238495742645,0.019004238495742645,0.012120725283323251,0.012806484540240323,0.5484358313535633,0.5257383368971618,0.011558042630212038,0.011558042630212038,0.015399979748581837,0.015401454085264868,0.010871254560847931,0.011505088444576799,0.5487823171631838,0.5277020612376293
ATSJUM401,64.0,0.03255343323150377,0.0023310709013275237,0.059246891277998835,0.04993696160566669,0.01796181182418477,0.01796181182418477,0.004464512227273255,0.011297692053771506,0.011297692053771506,0.0031102855017258566,0.014215848351138505,0.014216586214704155,0.004464512227273255,0.004464512227273255,0.009519903269319096,0.010736914386097128,0.5403307702785478,0.5198031645962261,0.01835262710361281,0.01834948196457897,0.0023310709013275237,0.059246891277998835,0.04993696160566669,0.016926678747431183,0.016926678747431183,0.012296349867959806,0.01229653752649264,0.012228863828321685,0.012228863828321685,0.01402589004749483,0.014023472346963406,0.016926678747431183,0.016926678747431183,0.01718104607429489,0.014570681743251575,0.01834948196457897,0.01834948196457897,0.009519903269319096,0.010736914386097128,0.5403307702785478,0.5198031645962261,0.011297692053771506,0.011297692053771506,0.014215848351138505,0.014216586214704155,0.008488187962786314,0.009341759847898408,0.5318318505068443,0.5193326805118476
ATTJUM206,64.0,0.025131620543921353,0.0025734392206275894,0.07330070194468326,0.06338246777739037,0.024911760958894545,0.024911760958894545,0.004684958441314897,0.015624966208780958,0.015624966208780958,0.0033556436029618456,0.022108206466612604,0.02211873826339817,0.004684958441314897,0.004684958441314897,0.012580329791015693,0.012813391520543968,0.552817476689198,0.5154984848844874,0.02714083297188789,0.02712729504505244,0.0025734392206275894,0.07330070194468326,0.06338246777739037,0.025500520800003652,0.025500520800003652,0.018116696102909027,0.018128909042756564,0.016741087514554116,0.016741087514554116,0.01979085940978671,0.019791884538700892,0.025500520800003652,0.025500520800003652,0.025764931454388733,0.02015178451494754,0.02712729504505244,0.02712729504505244,0.012580329791015693,0.012813391520543968,0.552817476689198,0.5154984848844874,0.015624966208780958,0.015624966208780958,0.022108206466612604,0.02211873826339817,0.010066130484736263,0.011017600286238001,0.5316462428620023,0.495421678105992
B040103d,64.0,0.026521198791813725,0.0030128938267555746,0.09436349983668171,0.07537574079089783,0.01856288734949572,0.01856288734949572,0.005430498073807563,0.015061766264204605,0.015061766264204605,0.005365575877228419,0.017799918295804566,0.017799940192767486,0.005430498073807563,0.005430498073807563,0.009186208272774894,0.011031101639520154,0.4747846246674517,0.45102411093337946,0.020236889119922635,0.02022803594179498,0.0030128938267555746,0.09436349983668171,0.07537574079089783,0.019776219688454534,0.019776219688454534,0.017094957575943003,0.017096863178446938,0.016154720817389768,0.016154720817389768,0.013131415759261739,0.013130892699935181,0.019776219688454534,0.019776219688454534,0.019466677390069593,0.01933429755201938,0.02022803594179498,0.02022803594179498,0.009186208272774894,0.011031101639520154,0.4747846246674517,0.45102411093337946,0.015061766264204605,0.015061766264204605,0.017799918295804566,0.017799940192767486,0.008433657003690748,0.009841260331585168,0.4625558221877606,0.4328775852187104
B040203c,64.0,0.02753564452808439,0.0020990576787650226,0.05407546287169224,0.0545445134219491,0.016065420461383765,0.016065420461383765,0.003813352404696115,0.011416334412151915,0.011416334412151915,0.002641479463651044,0.01471077129703623,0.014710837044244038,0.003813352404696115,0.003813352404696115,0.01132202646483377,0.011680434900863552,0.543968301487728,0.4449311397197493,0.016310499703776127,0.016327518881956403,0.0020990576787650226,0.05407546287169224,0.0545445134219491,0.016330742484639612,0.016330742484639612,0.011934130237552083,0.01193956929944226,0.012383984793061721,0.012383984793061721,0.013202628241909058,0.013200153731243083,0.016330742484639612,0.016330742484639612,0.015483343873231538,0.015617766850135547,0.016327518881956403,0.016327518881956403,0.01132202646483377,0.011680434900863552,0.543968301487728,0.4449311397197493,0.011416334412151915,0.011416334412151915,0.01471077129703623,0.014710837044244038,0.010141641788218551,0.010449452093907836,0.5310727283312225,0.4368870410570369
B040303c,64.0,0.0221832800526375,0.002863221899875071,0.04530317675550438,0.04021462227818921,0.01004229114074683,0.01004229114074683,0.0036194038565314753,0.007798909541926715,0.007798909541926715,0.00294924711264683,0.009768619159681177,0.009768947881930806,0.0036194038565314753,0.0036194038565314753,0.006671375930052953,0.007137895170859851,0.39833254430884263,0.3858516489541637,0.01049905720077881,0.010501999148811657,0.002863221899875071,0.04530317675550438,0.04021462227818921,0.011743300485437903,0.011743300485437903,0.009010880330814701,0.009015209624364915,0.009063815001204784,0.009063815001204784,0.008188486310776108,0.008187268872304317,0.011743300485437903,0.011743300485437903,0.01022368926097483,0.010405265466484851,0.010501999148811657,0.010501999148811657,0.006671375930052953,0.007137895170859851,0.39833254430884263,0.3858516489541637,0.007798909541926715,0.007798909541926715,0.009768619159681177,0.009768947881930806,0.005639925966706167,0.006048405219403934,0.38857177074725924,0.3780319253272068
B40403aW,64.0,0.056022407529426235,0.0038579936014744983,0.032662564544828535,0.03350889767783464,0.014537685199604187,0.014537685199604187,0.00585222033546872,0.012975703465313682,0.012975703465313682,0.005014285148572527,0.014085950388482434,0.014085595725804406,0.00585222033546872,0.00585222033546872,0.008557408077561848,0.008929701281598371,0.44840290162572927,0.3760019511044679,0.015415039893853025,0.015421393754590527,0.0038579936014744983,0.032662564544828535,0.03350889767783464,0.0158685645944686,0.0158685645944686,0.013480096903340965,0.013472313743866352,0.014157104708690447,0.014157104708690447,0.01342719965045337,0.013427659822020918,0.0158685645944686,0.0158685645944686,0.014500986823382115,0.01342807431881173,0.015421393754590527,0.015421393754590527,0.008557408077561848,0.008929701281598371,0.44840290162572927,0.3760019511044679,0.012975703465313682,0.012975703465313682,0.014085950388482434,0.014085595725804406,0.007966811298637957,0.008314524731522725,0.44392525923100823,0.3741355484318118
B40503cW,64.0,0.05302626967938752,0.002355145836237141,0.06224973905367232,0.04786228182717032,0.017135538499206883,0.017135538499206883,0.004417114103295014,0.011374985183818007,0.011374985183818007,0.003755191416024013,0.013737552393333668,0.013737550769113552,0.004417114103295014,0.004417114103295014,0.008071279777556761,0.008234811856447753,0.5044391251830432,0.4530595750009742,0.01850430022155427,0.01850275860548543,0.002355145836237141,0.06224973905367232,0.04786228182717032,0.01872772883420802,0.01872772883420802,0.012783635215704954,0.012784279164389014,0.012378644487328413,0.012378644487328413,0.012638563577933238,0.012638136679227984,0.01872772883420802,0.01872772883420802,0.01746015104876646,0.014145663491712484,0.01850275860548543,0.01850275860548543,0.008071279777556761,0.008234811856447753,0.5044391251830432,0.4530595750009742,0.011374985183818007,0.011374985183818007,0.013737552393333668,0.013737550769113552,0.006893526925078606,0.007453426517089488,0.4823038286141606,0.4386749202780757
B40703cW,64.0,0.11970995094079752,0.002203040105162694,0.07281812809800485,0.0486926265913334,0.017047901969929457,0.017047901969929457,0.003410656687286986,0.013597236453273164,0.013597236453273164,0.0026370003069097615,0.014978710506260763,0.014980073677299931,0.003410656687286986,0.003410656687286986,0.011763660558441063,0.0122622345728794,0.5327994277460373,0.4721079933523994,0.017729051157133288,0.017748790110808658,0.002203040105162694,0.07281812809800485,0.0486926265913334,0.019109308794513585,0.019109308794513585,0.013870902445125333,0.01386722427649176,0.015881028666145297,0.015881028666145297,0.014541466977300315,0.014550113695994162,0.019109308794513585,0.019109308794513585,0.017199339168836574,0.01724415600306489,0.017748790110808658,0.017748790110808658,0.011763660558441063,0.0122622345728794,0.5327994277460373,0.4721079933523994,0.013597236453273164,0.013597236453273164,0.014978710506260763,0.014980073677299931,0.01066564766425368,0.011126305414208287,0.5128862749121497,0.44934117070350926
BAY5867d,64.0,0.09397133157322497,0.002197067821580815,0.010192546397276776,0.003826838590791587,0.0036703375767823147,0.0036703375767823147,0.0030572941701880233,0.0036337853249964135,0.0036337853249964135,0.0029701740190718477,0.003975795707824159,0.003975698864416571,0.0030572941701880233,0.0030572941701880233,0.0021247143880528483,0.0021437034746162585,0.2966375663626193,0.27182647669731036,0.0037898565213432102,0.0037941763816919964,0.002197067821580815,0.010192546397276776,0.003826838590791587,0.0036978876016049065,0.0036978876016049065,0.00441426915376543,0.004414637327506852,0.003987989129262902,0.003987989129262902,0.00391247738560691,0.003912604662130029,0.0036978876016049065,0.0036978876016049065,0.003749952879688964,0.003316084145479953,0.0037941763816919964,0.0037941763816919964,0.0021247143880528483,0.0021437034746162585,0.2966375663626193,0.27182647669731036,0.0036337853249964135,0.0036337853249964135,0.003975795707824159,0.003975698864416571,0.0023710080089865675,0.00262631682391366,0.26379844493453064,0.17194837533575302
BAY5870a,64.0,0.07772198776890837,0.0018452245650705933,0.010415085544309345,0.009490690443962377,0.00389913186954999,0.00389913186954999,0.0036339913656402434,0.0031470072006414044,0.0031470072006414044,0.003248410776324519,0.0028844329737666434,0.0028732846730374086,0.0036339913656402434,0.0036339913656402434,0.002199495730360447,0.0022798066317349015,0.3062761928497258,0.2854510771389133,0.004069243027957584,0.004069915703102825,0.0018452245650705933,0.010415085544309345,0.009490690443962377,0.0032890208481174536,0.0032890208481174536,0.0036391727459176926,0.0036330940622160226,0.0034747310531292068,0.0034747310531292068,0.003633544102527857,0.0036335650631423157,0.0032890208481174536,0.0032890208481174536,0.003730464920990368,0.003437630579480468,0.004069915703102825,0.004069915703102825,0.002199495730360447,0.0022798066317349015,0.3062761928497258,0.2854510771389133,0.0031470072006414044,0.0031470072006414044,0.0028844329737666434,0.0028732846730374086,0.0017419000114542486,0.001919582980222394,0.28290506624130674,0.24656055542156669
BAY5871c,64.0,0.0639742938561466,0.0021664752932177107,0.020565319141511773,0.013538898448769283,0.0042511884140289035,0.0042511884140289035,0.002520293997955335,0.0036059589645553686,0.0036059589645553686,0.002444832491627112,0.003792926596308286,0.0037935867147639323,0.002520293997955335,0.002520293997955335,0.0022746592016526976,0.0024250780031316943,0.4738098476083529,0.4160499498073279,0.0045218633231921,0.00454590057189727,0.0021664752932177107,0.020565319141511773,0.013538898448769283,0.004435404037017605,0.004435404037017605,0.004195232942157558,0.004195695155728066,0.004670334002883725,0.004670334002883725,0.004008046516253627,0.00400685185152962,0.004435404037017605,0.004435404037017605,0.004150465120095737,0.004327986999715233,0.00454590057189727,0.00454590057189727,0.0022746592016526976,0.0024250780031316943,0.4738098476083529,0.4160499498073279,0.0036059589645553686,0.0036059589645553686,0.003792926596308286,0.0037935867147639323,0.0020053015947146544,0.0024432524353961487,0.45132140323637543,0.4038048791487616
BAY5872b,64.0,0.17824160677827308,0.002002262915064296,0.0165409268229654,0.015421436974865255,0.004618755894491532,0.004618755894491532,0.0029236225096483633,0.00586880197682234,0.00586880197682234,0.0031146829736610087,0.005171825978564611,0.00517202854466871,0.0029236225096483633,0.0029236225096483633,0.002118038188673765,0.0024384595425353257,0.37124711268642513,0.33480007758323754,0.0048030140909965545,0.0048052723011948635,0.002002262915064296,0.0165409268229654,0.015421436974865255,0.005705145400127497,0.005705145400127497,0.004999350117355848,0.0049982683718783685,0.00601854101556398,0.00601854101556398,0.004781176594864216,0.0047809185013593086,0.005705145400127497,0.005705145400127497,0.004602446333773529,0.004246854016273836,0.0048052723011948635,0.0048052723011948635,0.002118038188673765,0.0024384595425353257,0.37124711268642513,0.33480007758323754,0.00586880197682234,0.00586880197682234,0.005171825978564611,0.00517202854466871,0.002471094296999205,0.002642544396295236,0.33490395352839275,0.31534755108141643
BAY5873a,64.0,0.1171991530683681,0.0018494630658314306,0.013423500765231649,0.0090209269400019,0.0054745423924667585,0.0054745423924667585,0.0022890947481398445,0.006158259642406878,0.006158259642406878,0.0022472215259074493,0.006622598229276553,0.006623023279541222,0.0022890947481398445,0.0022890947481398445,0.001815201323121125,0.0021485209223230457,0.29716697663069463,0.3058129338889586,0.006033855845115203,0.006037818017327834,0.0018494630658314306,0.013423500765231649,0.0090209269400019,0.007319574273156437,0.007319574273156437,0.005985453185146069,0.005987250617792718,0.007039669219088708,0.007039669219088708,0.005187847665637717,0.005188432289929353,0.007319574273156437,0.007319574273156437,0.005834575441999259,0.005012564875598112,0.006037818017327834,0.006037818017327834,0.001815201323121125,0.0021485209223230457,0.29716697663069463,0.3058129338889586,0.006158259642406878,0.006158259642406878,0.006622598229276553,0.006623023279541222,0.00185287543807715,0.0020396402255897787,0.2854232459210217,0.30463617420100497
BAY5874b,64.0,0.35056515999065346,0.003601979542335693,0.021372841869350692,0.01848335219476472,0.003390132021550587,0.003390132021550587,0.004405814124848213,0.003822887015048501,0.003822887015048501,0.0038537126940492556,0.0038699381106560397,0.0038711197898479775,0.004405814124848213,0.004405814124848213,0.0024350592829114697,0.002397837850877865,0.40777871659768633,0.3524853069664429,0.0035649111461440136,0.003563010866121017,0.003601979542335693,0.021372841869350692,0.01848335219476472,0.003895404670190967,0.003895404670190967,0.004344112292345747,0.004344457826326364,0.004310596342091598,0.004310596342091598,0.003768011891083058,0.0037679730720718155,0.003895404670190967,0.003895404670190967,0.003629527308879815,0.0031784751892293484,0.003563010866121017,0.003563010866121017,0.0024350592829114697,0.002397837850877865,0.40777871659768633,0.3524853069664429,0.003822887015048501,0.003822887015048501,0.0038699381106560397,0.0038711197898479775,0.0026751868563975,0.0025594093866813626,0.4182040925114337,0.3482577785507332
BR5867c3,64.0,0.027036734745458316,0.0023315126885852236,0.0874798372386112,0.05942371446880037,0.01450193794809054,0.01450193794809054,0.0030616630167419113,0.010536344837107239,0.010536344837107239,0.003129653815399151,0.013273607479645594,0.013273826599494123,0.0030616630167419113,0.0030616630167419113,0.009403322207143893,0.0101188639692641,0.5328903688332134,0.4913453978277971,0.015706670905050325,0.01571210761115877,0.0023315126885852236,0.0874798372386112,0.05942371446880037,0.015037783249609724,0.015037783249609724,0.012044554938152074,0.012139634066341927,0.011675348273963326,0.011675348273963326,0.012485390276611007,0.012484777093034487,0.015037783249609724,0.015037783249609724,0.015097260985458263,0.014505603184845178,0.01571210761115877,0.01571210761115877,0.009403322207143893,0.0101188639692641,0.5328903688332134,0.4913453978277971,0.010536344837107239,0.010536344837107239,0.013273607479645594,0.013273826599494123,0.008531781367646318,0.009217928180529363,0.5258984975422798,0.48253659781496927
BR5870b3,64.0,0.02105768439254521,0.0024225159215917474,0.08612141322600432,0.07261721015028547,0.014819126100450487,0.014819126100450487,0.0036572729724596046,0.011787866027854175,0.011787866027854175,0.0025742336667194735,0.014445716272880403,0.014446146351544654,0.0036572729724596046,0.0036572729724596046,0.012364757341308565,0.012644396529375794,0.4911891773535316,0.47039037002731704,0.015440772861042801,0.015440918704240535,0.0024225159215917474,0.08612141322600432,0.07261721015028547,0.016834684467563952,0.016834684467563952,0.013328430921161772,0.013331380073490596,0.013409515015804032,0.013409515015804032,0.013792105943819072,0.013791471579732538,0.016834684467563952,0.016834684467563952,0.015148766200258464,0.015075609886652979,0.015440918704240535,0.015440918704240535,0.012364757341308565,0.012644396529375794,0.4911891773535316,0.47039037002731704,0.011787866027854175,0.011787866027854175,0.014445716272880403,0.014446146351544654,0.012127369170300573,0.012477633481874681,0.49733610496697334,0.4634677846027124
BR5871a3,64.0,0.0261319969688358,0.003008287274837528,0.06500231201436857,0.05054673777996018,0.014773906218056975,0.014773906218056975,0.0062804056877591675,0.01129791441388534,0.01129791441388534,0.0038488946209265353,0.013594997986428358,0.01359238076235867,0.0062804056877591675,0.0062804056877591675,0.010533182463461174,0.010989377955149534,0.561693916575234,0.5079866432596504,0.015233892168405962,0.015234084050699877,0.003008287274837528,0.06500231201436857,0.05054673777996018,0.014479795378605867,0.014479795378605867,0.01232186014726224,0.012333227036782753,0.012193337405927892,0.012193337405927892,0.013122638496696865,0.013122031978880132,0.014479795378605867,0.014479795378605867,0.014691898292499778,0.013386690257791477,0.015234084050699877,0.015234084050699877,0.010533182463461174,0.010989377955149534,0.561693916575234,0.5079866432596504,0.01129791441388534,0.01129791441388534,0.013594997986428358,0.01359238076235867,0.010380675270461718,0.010388655804564906,0.5535552515504071,0.5060574173176356
BR5872d3,64.0,0.03457178728294326,0.00317938696401511,0.05245011606520639,0.04727742237740938,0.017954535643200927,0.017954535643200927,0.007851685739803658,0.014627462245212238,0.014627462245212238,0.004931108621417659,0.016225499241555846,0.01622110776889874,0.007851685739803658,0.007851685739803658,0.013892428341210985,0.014160168097648964,0.5097586285091703,0.45296411070167314,0.019084895021423343,0.019084657701197646,0.00317938696401511,0.05245011606520639,0.04727742237740938,0.018617188629922142,0.018617188629922142,0.01606586480858423,0.016064824714046366,0.01577729203514424,0.01577729203514424,0.01683884685720099,0.016836144640067295,0.018617188629922142,0.018617188629922142,0.01876673754904177,0.01600986156149205,0.019084657701197646,0.019084657701197646,0.013892428341210985,0.014160168097648964,0.5097586285091703,0.45296411070167314,0.014627462245212238,0.014627462245212238,0.016225499241555846,0.01622110776889874,0.013346485506002086,0.013060251172116762,0.4976580643070512,0.4463059325158312
BR5874d3,64.0,0.039108859986059244,0.00261497922377551,0.12480870554549009,0.09706980403805485,0.01877587834362359,0.01877587834362359,0.004195071476545174,0.013514206124975578,0.013514206124975578,0.0032981082979992465,0.017548825890258,0.01754740198372516,0.004195071476545174,0.004195071476545174,0.008864395769504556,0.00940289414941783,0.5490362941358038,0.47446652001284056,0.019830904352569123,0.019856595518880884,0.00261497922377551,0.12480870554549009,0.09706980403805485,0.02008014221949118,0.02008014221949118,0.014434469701147068,0.014460966641065704,0.01411047610451756,0.01411047610451756,0.016048890748754655,0.01605526648364445,0.02008014221949118,0.02008014221949118,0.019257687341453063,0.01698415535585953,0.019856595518880884,0.019856595518880884,0.008864395769504556,0.00940289414941783,0.5490362941358038,0.47446652001284056,0.013514206124975578,0.013514206124975578,0.017548825890258,0.01754740198372516,0.009040789951302058,0.00926784412053985,0.5442680709580509,0.473298234594384
BR5875b3,64.0,0.03133747310069533,0.00202809147858836,0.05273390614167129,0.03834921432309129,0.014430894297899122,0.014430894297899122,0.0038453358950961973,0.01150903777618768,0.01150903777618768,0.003045902613118604,0.013231783861205708,0.013238749302512906,0.0038453358950961973,0.0038453358950961973,0.009777391870870195,0.010327578850541254,0.47671975328335736,0.4409516149839674,0.015032365841710376,0.015033758964700203,0.00202809147858836,0.05273390614167129,0.03834921432309129,0.01560139832922783,0.01560139832922783,0.012639260196864378,0.012637177657718024,0.012307877507555711,0.012307877507555711,0.011890272248658587,0.01188819015136461,0.01560139832922783,0.01560139832922783,0.014579971037926222,0.013288217258167175,0.015033758964700203,0.015033758964700203,0.009777391870870195,0.010327578850541254,0.47671975328335736,0.4409516149839674,0.01150903777618768,0.01150903777618768,0.013231783861205708,0.013238749302512906,0.009452256772956264,0.009330266713863165,0.46266291896609185,0.43005841598260053
C13443cW,64.0,0.08812811475954818,0.002589935068118132,0.17896874344399652,0.16553020440475563,0.028888209416589816,0.028888209416589816,0.009319044092015363,0.01896632799849383,0.01896632799849383,0.005614486734199461,0.023504323533460547,0.0235043893174649,0.009319044092015363,0.009319044092015363,0.018022048647520415,0.019382697792344677,0.6062683049178929,0.5802712154375708,0.029295507212089546,0.02929541074107327,0.002589935068118132,0.17896874344399652,0.16553020440475563,0.028491685764928356,0.028491685764928356,0.020313432378649538,0.020312471209654594,0.02025015076097828,0.02025015076097828,0.02569386761649335,0.025697140871291668,0.028491685764928356,0.028491685764928356,0.027170569491285542,0.025662329476259654,0.02929541074107327,0.02929541074107327,0.018022048647520415,0.019382697792344677,0.6062683049178929,0.5802712154375708,0.01896632799849383,0.01896632799849383,0.023504323533460547,0.0235043893174649,0.017106059020071937,0.018479420298525315,0.6001204055918253,0.5702833487868565
C13451aW,64.0,0.07729990074022491,0.0027456205877329537,0.1491770709633262,0.12771297188949424,0.02507076663887143,0.02507076663887143,0.005787246533977112,0.016783059367797,0.016783059367797,0.00391004845609479,0.02185405948994361,0.02185443513671502,0.005787246533977112,0.005787246533977112,0.01505620938445194,0.016802109065283864,0.5819021075547745,0.562794097234298,0.0248875020861971,0.024953668746483873,0.0027456205877329537,0.1491770709633262,0.12771297188949424,0.02580132442931863,0.02580132442931863,0.016104373426906658,0.01610517381872518,0.0188854622383659,0.0188854622383659,0.0198921572229723,0.01989640234279,0.02580132442931863,0.02580132442931863,0.023464309962663115,0.022349627656333294,0.024953668746483873,0.024953668746483873,0.01505620938445194,0.016802109065283864,0.5819021075547745,0.562794097234298,0.016783059367797,0.016783059367797,0.02185405948994361,0.02185443513671502,0.01385567307653392,0.01539846278786899,0.5733533843688112,0.5559340947597711
C13459dW,64.0,0.09755480565419954,0.0028846260065025823,0.16667220272139327,0.16061171530123858,0.02252096538940642,0.02252096538940642,0.008921535741882957,0.018420587705347775,0.018420587705347775,0.005586852126854142,0.020958960232715058,0.02095738644276175,0.008921535741882957,0.008921535741882957,0.013837385569902312,0.014798043370223297,0.5902206545867434,0.5515367782808988,0.024285080193698343,0.024277480024752926,0.0028846260065025823,0.16667220272139327,0.16061171530123858,0.024969982910666377,0.024969982910666377,0.016678209413021828,0.016678690829334257,0.01833219301968566,0.01833219301968566,0.02060531963382385,0.02060525318748853,0.024969982910666377,0.024969982910666377,0.022410670859071315,0.019957204081081027,0.024277480024752926,0.024277480024752926,0.013837385569902312,0.014798043370223297,0.5902206545867434,0.5515367782808988,0.018420587705347775,0.018420587705347775,0.020958960232715058,0.02095738644276175,0.01395428418795946,0.014373920376505457,0.5669220698402399,0.5339810822665664
DMSO71-102_2,384.0,0.29876168356848026,0.013224372660407322,0.0722411260327949,0.11889162819957672,0.008258693367763834,0.008258693367763834,0.015258506940906517,0.008244463605948708,0.008244463605948708,0.014952761572346054,0.008247200378672244,0.00824801409404401,0.015258506940906517,0.015258506940906517,0.00799860153411224,0.007999728855282136,0.025995229681873285,0.014478266865618893,0.00823986752781272,0.008239984522966039,0.013224372660407322,0.0722411260327949,0.11889162819957672,0.008243640996609247,0.008243640996609247,0.008267110435231468,0.0082668691928182,0.008243936608987269,0.008243936608987269,0.00828190886020575,0.008281765823019394,0.008243640996609247,0.008243640996609247,0.008019640386507184,0.008006742522116991,0.008239984522966039,0.008239984522966039,0.00799860153411224,0.007999728855282136,0.025995229681873285,0.014478266865618893,0.008244463605948708,0.008244463605948708,0.008247200378672244,0.00824801409404401,0.008005036534714505,0.008007417266172039,0.03161586165053642,0.015438281272646855
Dest210531-152810,64.0,0.026395716662462453,0.0026300863179042266,0.050787102782328064,0.04868955852767774,0.019632824758886273,0.019632824758886273,0.006760685883870185,0.0145131167613351,0.0145131167613351,0.004273751204177665,0.019798303384588708,0.01979905251416032,0.006760685883870185,0.006760685883870185,0.012399580809758014,0.013941497302542754,0.5071864932511296,0.49356906370863085,0.02093759129512779,0.020955301507125844,0.0026300863179042266,0.050787102782328064,0.04868955852767774,0.02164261326165227,0.02164261326165227,0.015903759889364318,0.015902467956167735,0.015130299110423098,0.015130299110423098,0.018636663795255345,0.018635342447783317,0.02164261326165227,0.02164261326165227,0.02008198022947078,0.017257851421504225,0.020955301507125844,0.020955301507125844,0.012399580809758014,0.013941497302542754,0.5071864932511296,0.49356906370863085,0.0145131167613351,0.0145131167613351,0.019798303384588708,0.01979905251416032,0.011663260578593966,0.012869199889878152,0.48673293578441557,0.4663012262844158
Dest210531-152945,64.0,0.028027711573214726,0.0029527310910279696,0.05332173926450457,0.05507298215699022,0.01406308429112773,0.01406308429112773,0.0060933979368134866,0.010947839442638642,0.010947839442638642,0.003552424516228929,0.013749903816059755,0.013749733941482196,0.0060933979368134866,0.0060933979368134866,0.009859570277593658,0.011174840412757379,0.5177110317070551,0.4926615470930679,0.015548605828420698,0.015549450264376317,0.0029527310910279696,0.05332173926450457,0.05507298215699022,0.015936604748366653,0.015936604748366653,0.011159630855575791,0.011147935786158882,0.011832273909512003,0.011832273909512003,0.0127708024401479,0.012779796703800342,0.015936604748366653,0.015936604748366653,0.014145984516929447,0.013316395131676841,0.015549450264376317,0.015549450264376317,0.009859570277593658,0.011174840412757379,0.5177110317070551,0.4926615470930679,0.010947839442638642,0.010947839442638642,0.013749903816059755,0.013749733941482196,0.008933054517961034,0.010398193437485525,0.5121287263045349,0.4789215530328275
Dest210531-153120,64.0,0.03043201083802311,0.0019952077193582975,0.05919078213876165,0.0535643747725012,0.01733819628821484,0.01733819628821484,0.004218493474520373,0.012171839235548456,0.012171839235548456,0.00300309746976816,0.015385127975215357,0.01538483546952262,0.004218493474520373,0.004218493474520373,0.009047500229549546,0.010377813201266989,0.48598872923296527,0.4701059952175555,0.01823333815383701,0.018234505309556514,0.0019952077193582975,0.05919078213876165,0.0535643747725012,0.018365139925161863,0.018365139925161863,0.014079215961929023,0.01407821613570018,0.013957056823850919,0.013957056823850919,0.01441815828993704,0.014424797489830988,0.018365139925161863,0.018365139925161863,0.01650338330841024,0.01388403465603862,0.018234505309556514,0.018234505309556514,0.009047500229549546,0.010377813201266989,0.48598872923296527,0.4701059952175555,0.012171839235548456,0.012171839235548456,0.015385127975215357,0.01538483546952262,0.008416751745469188,0.009607599532310123,0.48185967805364455,0.46101032050407803
Dest210601-153606,64.0,0.03226403008469759,0.003462882292487578,0.07409371088069296,0.06512153326378972,0.023820640308396143,0.023820640308396143,0.0065809216917895,0.013549207736680996,0.013549207736680996,0.004417028857391483,0.018789045311279413,0.018815373326488607,0.0065809216917895,0.0065809216917895,0.013449389850941962,0.01524219652574753,0.588928824561176,0.5531309091537547,0.025194619166421548,0.025195618291261324,0.003462882292487578,0.07409371088069296,0.06512153326378972,0.024868911742961176,0.024868911742961176,0.014736206797326663,0.014734281962168536,0.015022055882499111,0.015022055882499111,0.019021791637488985,0.01902508293297172,0.024868911742961176,0.024868911742961176,0.02433069677230543,0.021060752470360006,0.025195618291261324,0.025195618291261324,0.013449389850941962,0.01524219652574753,0.588928824561176,0.5531309091537547,0.013549207736680996,0.013549207736680996,0.018789045311279413,0.018815373326488607,0.011299599389242247,0.013053806984036723,0.5759678576312777,0.5476811573452476
Dest210601-154924,64.0,0.02669135800821719,0.0023868586223629302,0.0807480150453796,0.07549077727027252,0.017789744012104206,0.017789744012104206,0.005004492943988676,0.0116103124989952,0.0116103124989952,0.003323926711322846,0.01425831075841766,0.014257873747317925,0.005004492943988676,0.005004492943988676,0.011787651509918002,0.012125940502410296,0.5518718133448811,0.52246341693365,0.01821239470437197,0.018212807112486996,0.0023868586223629302,0.0807480150453796,0.07549077727027252,0.01676488293909383,0.01676488293909383,0.01211163488425571,0.01211271052280542,0.012465921637150715,0.012465921637150715,0.014413849316731155,0.014474208105930014,0.01676488293909383,0.01676488293909383,0.017603609038788486,0.015052263605102317,0.018212807112486996,0.018212807112486996,0.011787651509918002,0.012125940502410296,0.5518718133448811,0.52246341693365,0.0116103124989952,0.0116103124989952,0.01425831075841766,0.014257873747317925,0.01043050288966935,0.011077021156222255,0.5489509139801237,0.5218814696121149
Dest210601-155059,64.0,0.019090377434447567,0.004109552056977033,0.0445296776291934,0.04359291476693484,0.015568067568801757,0.015568067568801757,0.005060247561649531,0.01215151380791292,0.01215151380791292,0.004308040328808952,0.014715968265164612,0.01472170441386779,0.005060247561649531,0.005060247561649531,0.009017767845302326,0.009442523394982688,0.4986831978588854,0.4671571315467276,0.017059725178048234,0.017059009722654613,0.004109552056977033,0.0445296776291934,0.04359291476693484,0.01658078721062977,0.01658078721062977,0.013782014191637165,0.013699137463695181,0.01274738389104111,0.01274738389104111,0.013721077646874606,0.013720897972177248,0.01658078721062977,0.01658078721062977,0.016694763660813183,0.013425052681824798,0.017059009722654613,0.017059009722654613,0.009017767845302326,0.009442523394982688,0.4986831978588854,0.4671571315467276,0.01215151380791292,0.01215151380791292,0.014715968265164612,0.01472170441386779,0.008211578550003467,0.00892342384799848,0.5009916887419805,0.4688485241329406
Dest210607-134443,64.0,0.015441934471724882,0.003620975791195693,0.036623061839217916,0.035638448808738,0.025628866382818343,0.025628866382818343,0.005698112615054333,0.017757670719770163,0.017757670719770163,0.0042782402625327004,0.022902341342840644,0.022907698971067335,0.005698112615054333,0.005698112615054333,0.012536537077477306,0.014326324580142906,0.46535957607156453,0.43106221041208564,0.02730605292907334,0.027313872265454342,0.003620975791195693,0.036623061839217916,0.035638448808738,0.028407063081020565,0.028407063081020565,0.01912012405234984,0.0190866587965351,0.01845112918525532,0.01845112918525532,0.022994643241166454,0.022954158472749845,0.028407063081020565,0.028407063081020565,0.026248538904433856,0.020981469131001816,0.027313872265454342,0.027313872265454342,0.012536537077477306,0.014326324580142906,0.46535957607156453,0.43106221041208564,0.017757670719770163,0.017757670719770163,0.022902341342840644,0.022907698971067335,0.011415129790175733,0.013200024672598077,0.4611005590324304,0.4327341245044548
Dest210607-135106,64.0,0.013695039300892706,0.0035914064278287495,0.05073351794208949,0.03804970919284942,0.018784094247782854,0.018784094247782854,0.005601444084033543,0.017410630341533225,0.017410630341533225,0.004529842747370543,0.018670031653902457,0.018667272748897516,0.005601444084033543,0.005601444084033543,0.010241477965403863,0.01163227148267174,0.4339227174902886,0.394704610140127,0.02075568757579286,0.02076058792875466,0.0035914064278287495,0.05073351794208949,0.03804970919284942,0.02192011005610357,0.02192011005610357,0.019833466475194458,0.019718525181813454,0.018765525117396376,0.018765525117396376,0.018031497113653826,0.018030249679868653,0.02192011005610357,0.02192011005610357,0.019982935636266776,0.01741790075538058,0.02076058792875466,0.02076058792875466,0.010241477965403863,0.01163227148267174,0.4339227174902886,0.394704610140127,0.017410630341533225,0.017410630341533225,0.018670031653902457,0.018667272748897516,0.00951505248319898,0.011294018196128984,0.42530991998303874,0.3908624980170284
Dest210607-140420,64.0,0.01691311679851936,0.003019036965894451,0.2924210535889963,0.24229281034779593,0.014999000717968603,0.014999000717968603,0.005172378594502986,0.010428336420618283,0.010428336420618283,0.004613273643100972,0.014133979553873802,0.014133896200477884,0.005172378594502986,0.005172378594502986,0.008122319661423573,0.009283469550381823,0.8083767837414427,0.7454398508359008,0.015112006434382316,0.015103547742029773,0.003019036965894451,0.2924210535889963,0.24229281034779593,0.015852156130161534,0.015852156130161534,0.011242584981508947,0.01124377319611482,0.011243781507445505,0.011243781507445505,0.011832178810915235,0.011833053333277317,0.015852156130161534,0.015852156130161534,0.014566556550926223,0.013324112361363837,0.015103547742029773,0.015103547742029773,0.008122319661423573,0.009283469550381823,0.8083767837414427,0.7454398508359008,0.010428336420618283,0.010428336420618283,0.014133979553873802,0.014133896200477884,0.007629795824207644,0.008753355664208158,0.8158600240724337,0.7530797772957574
Dest210608-151243,64.0,0.022308405899902243,0.00306289647358655,0.05481839830032806,0.04543684471584422,0.021168557578975983,0.021168557578975983,0.007435686666826778,0.014507435007690325,0.014507435007690325,0.004231301927774981,0.018504776609482,0.018520416385750582,0.007435686666826778,0.007435686666826778,0.012294807984558665,0.012685413618162784,0.5017416410418595,0.48214712582590524,0.02192597587403193,0.021914699936891227,0.00306289647358655,0.05481839830032806,0.04543684471584422,0.022087218031127957,0.022087218031127957,0.01523487816679374,0.015216031905619098,0.015863935502551774,0.015863935502551774,0.018109821581369083,0.01812360442032988,0.022087218031127957,0.022087218031127957,0.0210028589213672,0.017354671442622784,0.021914699936891227,0.021914699936891227,0.012294807984558665,0.012685413618162784,0.5017416410418595,0.48214712582590524,0.014507435007690325,0.014507435007690325,0.018504776609482,0.018520416385750582,0.011918453797271324,0.01252929639333877,0.48744287245049744,0.47091956988276784
Dest210608-151418,64.0,0.02251602850510531,0.0025501519571834415,0.05408343215577856,0.0455580886931816,0.015843377386957874,0.015843377386957874,0.005137828241242014,0.009790127344740069,0.009790127344740069,0.0030129439195231795,0.014521317276173212,0.014521091591705629,0.005137828241242014,0.005137828241242014,0.009540720325260325,0.00990297872302703,0.46616147870735175,0.43351115355466957,0.016214565640754623,0.016213124224775687,0.0025501519571834415,0.05408343215577856,0.0455580886931816,0.016718451425575043,0.016718451425575043,0.011591103082279066,0.011602297207428006,0.011129790522822357,0.011129790522822357,0.013278046185261023,0.013278410139676958,0.016718451425575043,0.016718451425575043,0.015235783930932105,0.01364499027743749,0.016213124224775687,0.016213124224775687,0.009540720325260325,0.00990297872302703,0.46616147870735175,0.43351115355466957,0.009790127344740069,0.009790127344740069,0.014521317276173212,0.014521091591705629,0.009011970919226347,0.009213322418598496,0.46570379816934876,0.4313127057683995
Dest210608-152610,61.0,0.013429173581162357,0.0032470452369277947,0.029214509093764246,0.023335816702227844,0.01997853815825141,0.01997853815825141,0.0057932607795007016,0.010633724038267256,0.010633724038267256,0.004541952736667127,0.01676450443764197,0.016767049723636223,0.0057932607795007016,0.0057932607795007016,0.009170515953420581,0.010500296879946537,0.4680927363954598,0.4289878321661375,0.020107035610249496,0.02010884152476862,0.0032470452369277947,0.029214509093764246,0.023335816702227844,0.019328989978762704,0.019328989978762704,0.011225538924524877,0.011226752680513846,0.010550144188884312,0.010550144188884312,0.015264625480541643,0.015264966389505426,0.019328989978762704,0.019328989978762704,0.019307163175646836,0.016550203910127567,0.02010884152476862,0.02010884152476862,0.009170515953420581,0.010500296879946537,0.4680927363954598,0.4289878321661375,0.010633724038267256,0.010633724038267256,0.01676450443764197,0.016767049723636223,0.008753225010817255,0.009152936677265756,0.460534059530957,0.4183801874657692
Dest210614-163446,64.0,0.023399472433170955,0.0023517258853752634,0.02599719048274471,0.029524980022123205,0.01555077468683343,0.01555077468683343,0.0061330804239707985,0.012621456422972549,0.012621456422972549,0.0037226641481392154,0.015500557403845802,0.015499958487714072,0.0061330804239707985,0.0061330804239707985,0.009387426662715248,0.010063675467975325,0.42606341821385446,0.39972712364999674,0.016791037562352108,0.01679905461404709,0.0023517258853752634,0.02599719048274471,0.029524980022123205,0.017157423601061407,0.017157423601061407,0.012478360934148693,0.012395229208006795,0.013076040891381736,0.013076040891381736,0.014653790661484756,0.014653261065380925,0.017157423601061407,0.017157423601061407,0.01586340286163931,0.013868393701612787,0.01679905461404709,0.01679905461404709,0.009387426662715248,0.010063675467975325,0.42606341821385446,0.39972712364999674,0.012621456422972549,0.012621456422972549,0.015500557403845802,0.015499958487714072,0.008568300503552163,0.009485552824753425,0.4188217648494734,0.39342981318228704
Dest210614-163756,64.0,0.02518264586093937,0.0032383157781556786,0.030270405023731115,0.03689960333552067,0.015086583595003075,0.015086583595003075,0.00634470691504767,0.01098425511309497,0.01098425511309497,0.004403963932577306,0.014350090366372093,0.014351082271955477,0.00634470691504767,0.00634470691504767,0.01169732790851435,0.011377901545635507,0.48655939333469433,0.4540768144162669,0.015252788496308093,0.015259993705640898,0.0032383157781556786,0.030270405023731115,0.03689960333552067,0.014856037379510464,0.014856037379510464,0.010999552231858901,0.01099439677138781,0.01185780936037222,0.01185780936037222,0.013801350734103187,0.013801164472091324,0.014856037379510464,0.014856037379510464,0.014886300028752558,0.013846449668295372,0.015259993705640898,0.015259993705640898,0.01169732790851435,0.011377901545635507,0.48655939333469433,0.4540768144162669,0.01098425511309497,0.01098425511309497,0.014350090366372093,0.014351082271955477,0.010804091510405796,0.010564716707437747,0.4728723277848137,0.4413629317549578
Dest210614-164730,60.0,0.015139872963364248,0.003410628733389291,0.03766477321159714,0.029584851913270243,0.025220231434713282,0.025220231434713282,0.005244101015897813,0.01479718811923948,0.01479718811923948,0.0036000335592952324,0.02082744452223281,0.020828335138296707,0.005244101015897813,0.005244101015897813,0.008717441689236338,0.010748725782704017,0.42164280853204417,0.39391577804066097,0.025599775704483397,0.025579694418378984,0.003410628733389291,0.03766477321159714,0.029584851913270243,0.025666982361357418,0.025666982361357418,0.016883871803282255,0.016883123730910672,0.0158564556846414,0.0158564556846414,0.019254227434965736,0.019253338152101437,0.025666982361357418,0.025666982361357418,0.023828166383566766,0.02162215715016603,0.025579694418378984,0.025579694418378984,0.008717441689236338,0.010748725782704017,0.42164280853204417,0.39391577804066097,0.01479718811923948,0.01479718811923948,0.02082744452223281,0.020828335138296707,0.007283800471730101,0.008893001171588434,0.41670979868399727,0.3896442556311335
Dest210615-151336,61.0,0.0174547616933159,0.0028384770627124375,0.09881166280994386,0.07097993224303784,0.017539778142853263,0.017539778142853263,0.00562984129192259,0.013041539872086871,0.013041539872086871,0.004162976864649983,0.01800027401735006,0.01799683492732723,0.00562984129192259,0.00562984129192259,0.012228912883252957,0.01213155334824159,0.5104692742739709,0.483231464890007,0.01831749314633946,0.018318925285562067,0.0028384770627124375,0.09881166280994386,0.07097993224303784,0.019238694477306646,0.019238694477306646,0.013222757567726947,0.013226163652359811,0.014346056045105889,0.014346056045105889,0.016394850925522425,0.016394608293126847,0.019238694477306646,0.019238694477306646,0.017258965049685295,0.01567954994717409,0.018318925285562067,0.018318925285562067,0.012228912883252957,0.01213155334824159,0.5104692742739709,0.483231464890007,0.013041539872086871,0.013041539872086871,0.01800027401735006,0.01799683492732723,0.011105527123661524,0.011735308802132242,0.5113331666557664,0.4865131056795933
Dest210615-152648,61.0,0.015521767729943932,0.003346326755241143,0.05443312476976922,0.0405845337683532,0.014111282785031268,0.014111282785031268,0.00526185922646609,0.009326994571013507,0.009326994571013507,0.0032040733201554794,0.012550013239532339,0.012549172593105484,0.00526185922646609,0.00526185922646609,0.007315280545855139,0.007565294968254046,0.48180057824339884,0.41766827305323634,0.015202213108743071,0.0152030220611507,0.003346326755241143,0.05443312476976922,0.0405845337683532,0.014018214948219315,0.014018214948219315,0.012098442004198292,0.012069911274269058,0.010537360243928632,0.010537360243928632,0.012483234121637153,0.012484649388637086,0.014018214948219315,0.014018214948219315,0.014428265986204081,0.012219924634170296,0.0152030220611507,0.0152030220611507,0.007315280545855139,0.007565294968254046,0.48180057824339884,0.41766827305323634,0.009326994571013507,0.009326994571013507,0.012550013239532339,0.012549172593105484,0.006204412654871007,0.006323576765793686,0.463971973954583,0.40912281908299614
Dest210615-153137,60.0,0.016645395490165672,0.0031713643715379765,0.0528650498300712,0.04153066920086135,0.013054920028876137,0.013054920028876137,0.004515696798139001,0.007906443126873892,0.007906443126873892,0.00338253224357024,0.01207312500462643,0.01207337559084181,0.004515696798139001,0.004515696798139001,0.007459790297424635,0.008085101980377764,0.5315693456420979,0.5106360579886585,0.014006850848461587,0.014010749056724371,0.0031713643715379765,0.0528650498300712,0.04153066920086135,0.013969943848027333,0.013969943848027333,0.008495783185308105,0.008495973919298327,0.00846358941252071,0.00846358941252071,0.010647773648793952,0.010643126141203586,0.013969943848027333,0.013969943848027333,0.013191170456809101,0.011404189413989371,0.014010749056724371,0.014010749056724371,0.007459790297424635,0.008085101980377764,0.5315693456420979,0.5106360579886585,0.007906443126873892,0.007906443126873892,0.01207312500462643,0.01207337559084181,0.0067037778562461575,0.006657951737120085,0.5243715904128272,0.5155428681969636
Dest210621-133027,64.0,0.013724021238390657,0.002632534309728661,0.031032831859851215,0.024990648360987692,0.02029248297737516,0.02029248297737516,0.005294346323085352,0.014125836841128857,0.014125836841128857,0.003493105440823506,0.01845579452458642,0.018416680656758673,0.005294346323085352,0.005294346323085352,0.010599599876400244,0.01203483632950556,0.4762896724046285,0.460572540640176,0.02089845726579903,0.020897148808697245,0.002632534309728661,0.031032831859851215,0.024990648360987692,0.021130657753314755,0.021130657753314755,0.015909598020417793,0.015823104748777937,0.014596341154959521,0.014596341154959521,0.01802158513159217,0.018025934161755915,0.021130657753314755,0.021130657753314755,0.019802356318491036,0.017506584537109536,0.020897148808697245,0.020897148808697245,0.010599599876400244,0.01203483632950556,0.4762896724046285,0.460572540640176,0.014125836841128857,0.014125836841128857,0.01845579452458642,0.018416680656758673,0.010019997932505452,0.012083871479187394,0.4620478257762038,0.4442394869568565
Dest210621-133202,64.0,0.015535402834684272,0.002542175080611073,0.030962118384794082,0.027295204787493078,0.014559212043348353,0.014559212043348353,0.003850012788071872,0.009147126915040795,0.009147126915040795,0.0028359908886208913,0.01237773035658232,0.012419363111110982,0.003850012788071872,0.003850012788071872,0.009530813652426475,0.009846119051196218,0.49570579914969604,0.4777474802716671,0.01614476489361383,0.01614479879169249,0.002542175080611073,0.030962118384794082,0.027295204787493078,0.01529391432741159,0.01529391432741159,0.00973186743527682,0.009739857620400576,0.010433225741952268,0.010433225741952268,0.01214965689865255,0.012150002858574508,0.01529391432741159,0.01529391432741159,0.015355578302616642,0.01364952220823577,0.01614479879169249,0.01614479879169249,0.009530813652426475,0.009846119051196218,0.49570579914969604,0.4777474802716671,0.009147126915040795,0.009147126915040795,0.01237773035658232,0.012419363111110982,0.008158021706001389,0.008757726576761106,0.47925139743596756,0.46951037875461676
Dest210621-134826,64.0,0.014204657039556645,0.00240648005005465,0.043249546058781285,0.036780213418924346,0.01189351029230777,0.01189351029230777,0.002954766025051036,0.007837826426358855,0.007837826426358855,0.002402202716751979,0.01048715153154,0.010487493073817458,0.002954766025051036,0.002954766025051036,0.006984598819497094,0.007921604735711168,0.4739179339518512,0.4232368453772391,0.012725599568418247,0.012724242370243995,0.00240648005005465,0.043249546058781285,0.036780213418924346,0.012816717980897105,0.012816717980897105,0.007684882937758873,0.007682574280390003,0.008358619067405622,0.008358619067405622,0.009469908479988208,0.0095928124367029,0.012816717980897105,0.012816717980897105,0.011980354025391928,0.011355634675436304,0.012724242370243995,0.012724242370243995,0.006984598819497094,0.007921604735711168,0.4739179339518512,0.4232368453772391,0.007837826426358855,0.007837826426358855,0.01048715153154,0.010487493073817458,0.006474153493948441,0.007187736013753682,0.47979417821696535,0.43154592857676505
Dest210622-143317,60.0,0.015132822832367599,0.0030495777987319087,0.026406445254594423,0.016702259597514122,0.01667910572707892,0.01667910572707892,0.0059966830169249944,0.011788131387247915,0.011788131387247915,0.003855800848456623,0.015517060177328559,0.015516039656798656,0.0059966830169249944,0.0059966830169249944,0.009797264856173061,0.010482775437402642,0.44856251476147524,0.4036338035336349,0.017157732396005453,0.017143336206811806,0.0030495777987319087,0.026406445254594423,0.016702259597514122,0.017038278296251694,0.017038278296251694,0.012479632847885003,0.012485438413125412,0.013023848330496407,0.013023848330496407,0.014808194210379834,0.014807945629672527,0.017038278296251694,0.017038278296251694,0.016764197901597767,0.01540519424624071,0.017143336206811806,0.017143336206811806,0.009797264856173061,0.010482775437402642,0.44856251476147524,0.4036338035336349,0.011788131387247915,0.011788131387247915,0.015517060177328559,0.015516039656798656,0.008924686929642184,0.00961010228175066,0.43524770377534033,0.39766466246857185
Dest210622-144809,60.0,0.016562399621077497,0.0035528804405081985,0.027854518060706063,0.025196472900207583,0.02031325536746046,0.02031325536746046,0.006796335986920242,0.013785879614896844,0.013785879614896844,0.004301995337836839,0.01884283753023255,0.018841644114175337,0.006796335986920242,0.006796335986920242,0.01028604228127403,0.011619182445377184,0.5044618479067943,0.4848566070839204,0.022651122531965495,0.022643066990840118,0.0035528804405081985,0.027854518060706063,0.025196472900207583,0.023291365464761182,0.023291365464761182,0.014685714833280352,0.014686238404629664,0.014456188113149079,0.014456188113149079,0.017503706316725154,0.017503703039709863,0.023291365464761182,0.023291365464761182,0.02168220927943554,0.016567793242895573,0.022643066990840118,0.022643066990840118,0.01028604228127403,0.011619182445377184,0.5044618479067943,0.4848566070839204,0.013785879614896844,0.013785879614896844,0.01884283753023255,0.018841644114175337,0.009420548247562246,0.011090925692431836,0.502338783715055,0.48487432238379713
Dest210622-144945,60.0,0.012567483544441422,0.002765342045412603,0.029097161648255408,0.026819465161657494,0.02478733561753337,0.02478733561753337,0.007125300400140645,0.013631781115105856,0.013631781115105856,0.003630648892098086,0.021156201684932794,0.02129251549217446,0.007125300400140645,0.007125300400140645,0.010565884952893708,0.011879123708206962,0.4673474585098453,0.4330357498689155,0.026380420752458392,0.026384892583397723,0.002765342045412603,0.029097161648255408,0.026819465161657494,0.0262319501176339,0.0262319501176339,0.017248841873159337,0.017255615711499864,0.015112750125785177,0.015112750125785177,0.02122415969510699,0.02122537951401639,0.0262319501176339,0.0262319501176339,0.026009658558744195,0.01869095600567085,0.026384892583397723,0.026384892583397723,0.010565884952893708,0.011879123708206962,0.4673474585098453,0.4330357498689155,0.013631781115105856,0.013631781115105856,0.021156201684932794,0.02129251549217446,0.009192792375631227,0.010892439112583918,0.4610684533220123,0.4291522832882752
Dest210705-142446,64.0,0.015007104061186528,0.0034504365764723454,0.02281794759052256,0.0186192479997239,0.01609548894111254,0.01609548894111254,0.0061797231113784315,0.011740389375015777,0.011740389375015777,0.0038230925651222903,0.01511353638870062,0.015113746152257565,0.0061797231113784315,0.0061797231113784315,0.011903990964333862,0.012156677653402283,0.5069211290534712,0.458086941621793,0.017087033155749047,0.017088799908342958,0.0034504365764723454,0.02281794759052256,0.0186192479997239,0.016951562326010774,0.016951562326010774,0.012779336395945792,0.012807143736586047,0.013251772525007605,0.013251772525007605,0.014486613647244328,0.014486498429824142,0.016951562326010774,0.016951562326010774,0.016352014437247007,0.01534145289717569,0.017088799908342958,0.017088799908342958,0.011903990964333862,0.012156677653402283,0.5069211290534712,0.458086941621793,0.011740389375015777,0.011740389375015777,0.01511353638870062,0.015113746152257565,0.011096482725681053,0.011146381544576566,0.4850123824789908,0.4435642762445803
Dest210705-142818,64.0,0.01586455869824261,0.0033507004571947828,0.020585755861941044,0.02019412510148742,0.013424352864656519,0.013424352864656519,0.004648382591535714,0.010613437093826148,0.010613437093826148,0.003422538483440253,0.015613104216286028,0.015613483826064672,0.004648382591535714,0.004648382591535714,0.006973661194081762,0.007970787139676734,0.42769786047103775,0.40189937687641925,0.014306955617010621,0.01427942376704719,0.0033507004571947828,0.020585755861941044,0.02019412510148742,0.015132975601711328,0.015132975601711328,0.012414263139312313,0.012411640361981844,0.011596067672749375,0.011596067672749375,0.013029254770054156,0.013028331896376458,0.015132975601711328,0.015132975601711328,0.01417911189449751,0.011969101560310997,0.01427942376704719,0.01427942376704719,0.006973661194081762,0.007970787139676734,0.42769786047103775,0.40189937687641925,0.010613437093826148,0.010613437093826148,0.015613104216286028,0.015613483826064672,0.006441093026195972,0.007781936280966496,0.4082511531541909,0.39236556542084255
Dest210705-144135,60.0,0.011562271112499073,0.0027477941061284515,0.020327996375686618,0.019946580179276904,0.009582999961028996,0.009582999961028996,0.003629721693902488,0.0058443912636217165,0.0058443912636217165,0.0029612295553801543,0.008358167987682881,0.008356383405328568,0.003629721693902488,0.003629721693902488,0.005601836098235989,0.005638448709310048,0.4325509034237667,0.4017442594564323,0.009865975215375732,0.0098727260862619,0.0027477941061284515,0.020327996375686618,0.019946580179276904,0.010461227062261297,0.010461227062261297,0.006458796197456373,0.006457299313768952,0.0063498460195126226,0.0063498460195126226,0.008077133504705817,0.008077861594807717,0.010461227062261297,0.010461227062261297,0.009392780187567597,0.00861811013557634,0.0098727260862619,0.0098727260862619,0.005601836098235989,0.005638448709310048,0.4325509034237667,0.4017442594564323,0.0058443912636217165,0.0058443912636217165,0.008358167987682881,0.008356383405328568,0.005081502237958161,0.00566714193920802,0.4230545125666249,0.39995599081704436
Dest210707-094057,60.0,0.016375404235054448,0.002022442640481524,0.029522274168044135,0.03147046292807614,0.01444736622863858,0.01444736622863858,0.0031964986783063424,0.009827455900563827,0.009827455900563827,0.0022595209820238504,0.012851583056091924,0.012836622709388503,0.0031964986783063424,0.0031964986783063424,0.007363700110615781,0.008030835091607118,0.5082642186110146,0.4807490004440512,0.015721676020071733,0.015734196486051257,0.002022442640481524,0.029522274168044135,0.03147046292807614,0.015607937581285642,0.015607937581285642,0.010522035703773582,0.010525219049945609,0.01098470679299948,0.01098470679299948,0.011999325783005466,0.011998650120431406,0.015607937581285642,0.015607937581285642,0.014836942046341247,0.012771588993797912,0.015734196486051257,0.015734196486051257,0.007363700110615781,0.008030835091607118,0.5082642186110146,0.4807490004440512,0.009827455900563827,0.009827455900563827,0.012851583056091924,0.012836622709388503,0.006902743400844638,0.007769650672923321,0.4941788793069464,0.46915206748867555
Dest210707-094231,60.0,0.015324101154008665,0.0022636319052141292,0.06982035869470303,0.06047147555709536,0.017858758312048327,0.017858758312048327,0.0025693110616385015,0.010583538068026565,0.010583538068026565,0.0026187504736139766,0.014361053396822619,0.014361237411287593,0.0025693110616385015,0.0025693110616385015,0.006922951253191193,0.00811703910911638,0.5551219025793929,0.5238284625444455,0.01989507662857532,0.019922300210472678,0.0022636319052141292,0.06982035869470303,0.06047147555709536,0.017831864623443505,0.017831864623443505,0.012367251640689417,0.012368780145551003,0.011573481331074593,0.011573481331074593,0.013864427675714065,0.013860718995237614,0.017831864623443505,0.017831864623443505,0.01806900876629719,0.0138176827493455,0.019922300210472678,0.019922300210472678,0.006922951253191193,0.00811703910911638,0.5551219025793929,0.5238284625444455,0.010583538068026565,0.010583538068026565,0.014361053396822619,0.014361237411287593,0.00619956849001366,0.007759302495167712,0.5353322430874435,0.5115078118882185
Dest210707-094542,60.0,0.010969680743752227,0.0029804272335954302,0.04532816431375746,0.035799523035401966,0.013064972733026028,0.013064972733026028,0.004983048002982126,0.007720915769666588,0.007720915769666588,0.003091793831566684,0.012447085147526009,0.012446915432896678,0.004983048002982126,0.004983048002982126,0.008736693309271376,0.009618456316588603,0.4844210614039089,0.438619900414886,0.01395549420246282,0.013954964497832402,0.0029804272335954302,0.04532816431375746,0.035799523035401966,0.014509958271401014,0.014509958271401014,0.009176645705623399,0.009185966547028157,0.008969442225569316,0.008969442225569316,0.011581568881761397,0.011579571689050088,0.014509958271401014,0.014509958271401014,0.013490191070994627,0.012391932947275057,0.013954964497832402,0.013954964497832402,0.008736693309271376,0.009618456316588603,0.4844210614039089,0.438619900414886,0.007720915769666588,0.007720915769666588,0.012447085147526009,0.012446915432896678,0.00838272240131213,0.009435147190364371,0.4867408735956568,0.4403995623779562
Dest210726-160328,60.0,0.029259880461641064,0.004055761145429821,0.09632441871754278,0.06272708641632116,0.016531799363226022,0.016531799363226022,0.006197056368378187,0.012737622498825232,0.012737622498825232,0.0050687382220111704,0.01584260057171123,0.015839735770450163,0.006197056368378187,0.006197056368378187,0.00877860086356008,0.009433156467659552,0.5875997849220295,0.5458160047229097,0.017605543780357856,0.017594250167718612,0.004055761145429821,0.09632441871754278,0.06272708641632116,0.017417905830165902,0.017417905830165902,0.015045592991906859,0.015047633286562393,0.013446704263786368,0.013446704263786368,0.015551204938295522,0.015550144620159155,0.017417905830165902,0.017417905830165902,0.016884247525965384,0.01411418515147288,0.017594250167718612,0.017594250167718612,0.00877860086356008,0.009433156467659552,0.5875997849220295,0.5458160047229097,0.012737622498825232,0.012737622498825232,0.01584260057171123,0.015839735770450163,0.008345675773028955,0.009280341158907274,0.5829147711282808,0.5403567008231868
Dest210726-162012,60.0,0.014768749281936385,0.0024994666753555177,0.08140770531555433,0.064147813660155,0.019372321581717134,0.019372321581717134,0.0052743085229320285,0.011174460416353104,0.011174460416353104,0.003012499938068426,0.015541675095014723,0.015541599140284223,0.0052743085229320285,0.0052743085229320285,0.008746661990276272,0.01022960061924304,0.5339583526523938,0.5179786752878566,0.020359652723091395,0.020386010259299245,0.0024994666753555177,0.08140770531555433,0.064147813660155,0.021364864842096886,0.021364864842096886,0.012194412747709018,0.012195562958600407,0.012433255250705596,0.012433255250705596,0.015106468093837424,0.015107201111673081,0.021364864842096886,0.021364864842096886,0.019265988621144075,0.016563889320651472,0.020386010259299245,0.020386010259299245,0.008746661990276272,0.01022960061924304,0.5339583526523938,0.5179786752878566,0.011174460416353104,0.011174460416353104,0.015541675095014723,0.015541599140284223,0.0070277272777856115,0.00953306277059219,0.5241253881446377,0.5112485540642182
Dest210726-163005,60.0,0.016832271102003037,0.002676653271841258,0.030039750674998904,0.02563177129671429,0.016122968700889095,0.016122968700889095,0.004902226947812822,0.009607390764016682,0.009607390764016682,0.0037242144372562408,0.012389349610682972,0.012392502280662293,0.004902226947812822,0.004902226947812822,0.007505320788528903,0.008523055413454642,0.4734900856639532,0.4737727972489911,0.016881328501922088,0.016889576851025313,0.002676653271841258,0.030039750674998904,0.02563177129671429,0.015549651642821297,0.015549651642821297,0.012112937614551822,0.0121137468598106,0.010594974693472686,0.010594974693472686,0.010964838305703278,0.010964211533090277,0.015549651642821297,0.015549651642821297,0.014838385543244794,0.01291869067645767,0.016889576851025313,0.016889576851025313,0.007505320788528903,0.008523055413454642,0.4734900856639532,0.4737727972489911,0.009607390764016682,0.009607390764016682,0.012389349610682972,0.012392502280662293,0.007106285955634538,0.008205819619036001,0.45326084383966597,0.4544743992959757
Dest210727-153448,64.0,0.02790311129838356,0.0030876670166739783,0.042868924996931526,0.03549642567297781,0.021892786642467604,0.021892786642467604,0.005655333359876579,0.013723321488239609,0.013723321488239609,0.0043526297672201,0.02008432488325894,0.020086088211633338,0.005655333359876579,0.005655333359876579,0.010774112375380819,0.012529832808603432,0.4366775273388085,0.4062791625341325,0.023115646259890234,0.023127308775069036,0.0030876670166739783,0.042868924996931526,0.03549642567297781,0.02422627673538697,0.02422627673538697,0.016038153281267394,0.016029421402986625,0.016256111065140147,0.016256111065140147,0.017957631929015075,0.017961258500730666,0.02422627673538697,0.02422627673538697,0.0219572906073408,0.01888563404372252,0.023127308775069036,0.023127308775069036,0.010774112375380819,0.012529832808603432,0.4366775273388085,0.4062791625341325,0.013723321488239609,0.013723321488239609,0.02008432488325894,0.020086088211633338,0.009293201173838878,0.011170885273109301,0.43197736743363396,0.3978567638731449
Dest210727-154253,64.0,0.031065692745607817,0.0032970731978460986,0.07113665266843454,0.06111453971634429,0.014259276553676174,0.014259276553676174,0.005643176961777399,0.010308362381792988,0.010308362381792988,0.0036235908937734362,0.012681516651978897,0.012681654042018936,0.005643176961777399,0.005643176961777399,0.009993681188197647,0.010784595932619455,0.5342690636302186,0.4903692613170149,0.014735141105747949,0.014740137267827757,0.0032970731978460986,0.07113665266843454,0.06111453971634429,0.014897693966588348,0.014897693966588348,0.011768549476689429,0.011757350930822525,0.011391596549657218,0.011391596549657218,0.012122539200700954,0.01212248382580475,0.014897693966588348,0.014897693966588348,0.014443198324531411,0.012414897770173763,0.014740137267827757,0.014740137267827757,0.009993681188197647,0.010784595932619455,0.5342690636302186,0.4903692613170149,0.010308362381792988,0.010308362381792988,0.012681516651978897,0.012681654042018936,0.009037613023552559,0.010309930163141426,0.5218165837213934,0.47702450281349423
Dest210727-155901,64.0,0.025255812046785064,0.004849101517292375,0.04165040332543301,0.03358312536665897,0.02070544708761652,0.02070544708761652,0.007021091502293392,0.013073280144000042,0.013073280144000042,0.0061761806939339015,0.018982274876436896,0.018975764083124902,0.007021091502293392,0.007021091502293392,0.00659059827080782,0.00773028511563661,0.49608165321381414,0.4482888006972448,0.02181864226594298,0.021851382962053245,0.004849101517292375,0.04165040332543301,0.03358312536665897,0.02357555272419766,0.02357555272419766,0.015632101460955217,0.01567163735943617,0.01366805804767618,0.01366805804767618,0.01569007257954247,0.015690933567374287,0.02357555272419766,0.02357555272419766,0.020801113480222486,0.01598723598759831,0.021851382962053245,0.021851382962053245,0.00659059827080782,0.00773028511563661,0.49608165321381414,0.4482888006972448,0.013073280144000042,0.013073280144000042,0.018982274876436896,0.018975764083124902,0.005801607049423786,0.006711325024480712,0.4896085945513786,0.4462219861855247
Dest210803-155239,60.0,0.02935606936789893,0.003187806528034228,0.07495570324697456,0.05668376858924458,0.03673732254533687,0.03673732254533687,0.010571025636562358,0.030398110495929668,0.030398110495929668,0.006896737981415818,0.03468081605344462,0.034681308834376035,0.010571025636562358,0.010571025636562358,0.02012473721155726,0.023064447669675137,0.441857016781002,0.4130743499108181,0.03840051252603987,0.038386215914397497,0.003187806528034228,0.07495570324697456,0.05668376858924458,0.03878961059441753,0.03878961059441753,0.03227174930116432,0.03227449603663665,0.03215071897062147,0.03215071897062147,0.03455822394053023,0.03467059002784611,0.03878961059441753,0.03878961059441753,0.03664823072571643,0.031692715369128696,0.038386215914397497,0.038386215914397497,0.02012473721155726,0.023064447669675137,0.441857016781002,0.4130743499108181,0.030398110495929668,0.030398110495929668,0.03468081605344462,0.034681308834376035,0.017104253711808588,0.020084639574511728,0.4314472921500265,0.4067281692888801
Dest210803-155726,60.0,0.028287303805366513,0.0036366539548379315,0.0807111086187264,0.06983445280046949,0.023607149257739542,0.023607149257739542,0.008963149611862658,0.01701282359022893,0.01701282359022893,0.005136797618646344,0.023241558119485934,0.023240851567188678,0.008963149611862658,0.008963149611862658,0.012308665912997126,0.015015513393832319,0.4530572039607363,0.42322213069479137,0.02546188801047393,0.025462431485136553,0.0036366539548379315,0.0807111086187264,0.06983445280046949,0.024996428037481554,0.024996428037481554,0.01797139357507151,0.017969438406104137,0.017952263607846606,0.017952263607846606,0.021776149516579933,0.021769976720909464,0.024996428037481554,0.024996428037481554,0.02408524620612978,0.02033947535340245,0.025462431485136553,0.025462431485136553,0.012308665912997126,0.015015513393832319,0.4530572039607363,0.42322213069479137,0.01701282359022893,0.01701282359022893,0.023241558119485934,0.023240851567188678,0.011851437277764951,0.014517468716007478,0.4405060560048714,0.4195069025372248
Dest210803-160838,60.0,0.033727450208957496,0.003360790272268715,0.10811295138623646,0.08605480233344068,0.0331827843525882,0.0331827843525882,0.009133140601393945,0.02271321652800803,0.02271321652800803,0.005270191736606097,0.03063997772777962,0.03064122617429729,0.009133140601393945,0.009133140601393945,0.020313415373863393,0.023416110447503597,0.47832223701635823,0.46717472189486003,0.03364846332547765,0.033612208893310194,0.003360790272268715,0.10811295138623646,0.08605480233344068,0.033619300275720014,0.033619300275720014,0.02340290734109843,0.023397283767620434,0.02418692875224648,0.02418692875224648,0.028152695985093682,0.028154693748700586,0.033619300275720014,0.033619300275720014,0.03308268469087329,0.0316449637628685,0.033612208893310194,0.033612208893310194,0.020313415373863393,0.023416110447503597,0.47832223701635823,0.46717472189486003,0.02271321652800803,0.02271321652800803,0.03063997772777962,0.03064122617429729,0.019105996255718374,0.021450779443625355,0.4668684293287795,0.46136277276892856
Dest210809-135646,60.0,0.04107967268321007,0.002595188924744757,0.08067206474888963,0.058972825249767186,0.02328046699643323,0.02328046699643323,0.006111460484291651,0.014479011429139427,0.014479011429139427,0.003249779453415698,0.02141264462526239,0.021412535828701208,0.006111460484291651,0.006111460484291651,0.011498703267165193,0.01305746789543511,0.5676892006004614,0.536690819846821,0.024421509932410754,0.024423794391270515,0.002595188924744757,0.08067206474888963,0.058972825249767186,0.021994798553909085,0.021994798553909085,0.013190029785943774,0.013144898983519716,0.014819038529725213,0.014819038529725213,0.018448533704506297,0.01844870622493366,0.021994798553909085,0.021994798553909085,0.0224456469047231,0.018507490840899136,0.024423794391270515,0.024423794391270515,0.011498703267165193,0.01305746789543511,0.5676892006004614,0.536690819846821,0.014479011429139427,0.014479011429139427,0.02141264462526239,0.021412535828701208,0.010715607825417554,0.011989718189670756,0.5600434276277585,0.5293303434478358
Dest210809-135821,60.0,0.057748292087260046,0.002759481333353232,0.046317857326058115,0.030605618120540346,0.018171565544850186,0.018171565544850186,0.006266869757382132,0.010381196565123802,0.010381196565123802,0.0038351225469331956,0.016515374349953902,0.01651407902786521,0.006266869757382132,0.006266869757382132,0.010903204056620685,0.011492539177365453,0.5603544250314016,0.5379620069660355,0.020403016267929418,0.020408309698756975,0.002759481333353232,0.046317857326058115,0.030605618120540346,0.0189678431928184,0.0189678431928184,0.011810659953344984,0.011813208470180695,0.011032465102390877,0.011032465102390877,0.01570650411386852,0.015707063922573577,0.0189678431928184,0.0189678431928184,0.01953095748532342,0.016974030900148776,0.020408309698756975,0.020408309698756975,0.010903204056620685,0.011492539177365453,0.5603544250314016,0.5379620069660355,0.010381196565123802,0.010381196565123802,0.016515374349953902,0.01651407902786521,0.009569492369255861,0.010236561724858186,0.5238085286230849,0.5073339717781388
Dest210809-141104,60.0,0.05158328466073293,0.00318696772184251,0.05137344085316351,0.04075009976156625,0.016003148048013997,0.016003148048013997,0.006021245456340039,0.010267398287333158,0.010267398287333158,0.004297899533570052,0.014894313196288915,0.014894016309636158,0.006021245456340039,0.006021245456340039,0.008715295595340672,0.00956522169411273,0.4665276092758461,0.43957651766534245,0.0164431776898536,0.0164289068480731,0.00318696772184251,0.05137344085316351,0.04075009976156625,0.01760362270890249,0.01760362270890249,0.011910192471876854,0.011914159144755678,0.012220214676608915,0.012220214676608915,0.013298170576845146,0.013298143952532732,0.01760362270890249,0.01760362270890249,0.01536580877206149,0.013668922728219015,0.0164289068480731,0.0164289068480731,0.008715295595340672,0.00956522169411273,0.4665276092758461,0.43957651766534245,0.010267398287333158,0.010267398287333158,0.014894313196288915,0.014894016309636158,0.00798616629156319,0.008654146269981499,0.45657151911707444,0.4354561221702015
Dest210810-173859,60.0,0.03178984719503442,0.0032880516171329473,0.15555338428979995,0.0960809639587132,0.015911150748661056,0.015911150748661056,0.004573779991610373,0.01303684950570233,0.01303684950570233,0.0030296415160714087,0.014681023879582115,0.014684876161772954,0.004573779991610373,0.004573779991610373,0.009417060895367726,0.009714708713308968,0.5858994579545383,0.5522595673530553,0.015587278501555637,0.015580655117759983,0.0032880516171329473,0.15555338428979995,0.0960809639587132,0.0157437303982895,0.0157437303982895,0.014465185639648749,0.014463654428803752,0.014187979130505991,0.014187979130505991,0.012935040598307388,0.012931233394997382,0.0157437303982895,0.0157437303982895,0.014510249845377588,0.014095136581742777,0.015580655117759983,0.015580655117759983,0.009417060895367726,0.009714708713308968,0.5858994579545383,0.5522595673530553,0.01303684950570233,0.01303684950570233,0.014681023879582115,0.014684876161772954,0.008370217250781353,0.00801188267910751,0.5543377572352443,0.5425888335829031
Dest210810-175009,60.0,0.040153623009867426,0.004555098374970353,0.06000371621006184,0.04319948926615595,0.016872088485343165,0.016872088485343165,0.0052459881179513805,0.00938557145102372,0.00938557145102372,0.0037407780092343066,0.016062586517218105,0.016065746338007003,0.0052459881179513805,0.0052459881179513805,0.008473663800602578,0.009904891804235946,0.5629212747840135,0.5419165414957102,0.018789101506410444,0.018788715019607827,0.004555098374970353,0.06000371621006184,0.04319948926615595,0.01793717536674976,0.01793717536674976,0.009659951872590288,0.009657934243817,0.009903524974193884,0.009903524974193884,0.014013063725077697,0.014013005945028025,0.01793717536674976,0.01793717536674976,0.018021788476057295,0.01583976946536732,0.018788715019607827,0.018788715019607827,0.008473663800602578,0.009904891804235946,0.5629212747840135,0.5419165414957102,0.00938557145102372,0.00938557145102372,0.016062586517218105,0.016065746338007003,0.0077067172920364324,0.009288811924938878,0.5436607535907066,0.528052335941923
Dest210810-175151,60.0,0.030912658279589042,0.0029458126980753756,0.0668557201056639,0.043565507400062695,0.01248861446874933,0.01248861446874933,0.004569853049195471,0.009435929908893569,0.009435929908893569,0.0035014212198403653,0.011007804476859052,0.011007374773921727,0.004569853049195471,0.004569853049195471,0.009360540431833816,0.010365927328560192,0.5475462193455276,0.5137124566390833,0.013168494720901782,0.013168993360538046,0.0029458126980753756,0.0668557201056639,0.043565507400062695,0.012113782978318431,0.012113782978318431,0.010380552155764241,0.01037768731822949,0.009797492584770874,0.009797492584770874,0.010963307076803945,0.010963350145483785,0.012113782978318431,0.012113782978318431,0.012827283737266406,0.012018032826334216,0.013168993360538046,0.013168993360538046,0.009360540431833816,0.010365927328560192,0.5475462193455276,0.5137124566390833,0.009435929908893569,0.009435929908893569,0.011007804476859052,0.011007374773921727,0.00830206160946442,0.009204742591285453,0.5203817402561045,0.498654270263272
Dest210823-173306,64.0,0.03175890699669782,0.0025516945084205827,0.06252366634437856,0.05553088865786745,0.014929705773201941,0.014929705773201941,0.004165526130171351,0.010294606736497765,0.010294606736497765,0.003307557510615558,0.013683381986368225,0.013682885445721014,0.004165526130171351,0.004165526130171351,0.00901299047550921,0.01029766454560241,0.5084098257858775,0.48591484987771577,0.015799419363410325,0.015804034623427117,0.0025516945084205827,0.06252366634437856,0.05553088865786745,0.016415738921879728,0.016415738921879728,0.010388101546015324,0.010387842888413577,0.010979476902295964,0.010979476902295964,0.014215401830522023,0.014215900190343621,0.016415738921879728,0.016415738921879728,0.015685611284022773,0.01280117706556801,0.015804034623427117,0.015804034623427117,0.00901299047550921,0.01029766454560241,0.5084098257858775,0.48591484987771577,0.010294606736497765,0.010294606736497765,0.013683381986368225,0.013682885445721014,0.008769157035054004,0.010088138412858988,0.502156043944144,0.48147535093983
Dest210823-174733,64.0,0.030174401856616184,0.0029944402420070395,0.13755555473339182,0.12139012657026432,0.010397737680112769,0.010397737680112769,0.00460055058068253,0.006761233540899914,0.006761233540899914,0.003823171853376451,0.010045552902394431,0.010045388632078552,0.00460055058068253,0.00460055058068253,0.006222666231036079,0.006412210588613695,0.5948669861914788,0.5877155353044806,0.011009631963187173,0.011009472075921293,0.0029944402420070395,0.13755555473339182,0.12139012657026432,0.01040901213084463,0.01040901213084463,0.007820015857299113,0.007819280403616777,0.007746933166617854,0.007746933166617854,0.008933663718210905,0.008930340013156972,0.01040901213084463,0.01040901213084463,0.010728342534061179,0.009032190901780788,0.011009472075921293,0.011009472075921293,0.006222666231036079,0.006412210588613695,0.5948669861914788,0.5877155353044806,0.006761233540899914,0.006761233540899914,0.010045552902394431,0.010045388632078552,0.0060103655209712385,0.006170543318756486,0.5859511639616739,0.5811169644507128
Dest210823-175355,56.0,0.030830815180549084,0.0036822636633986857,0.0715349934183329,0.05046695084435104,0.015988276672169444,0.015988276672169444,0.007084575564763815,0.0103544149412192,0.0103544149412192,0.004902711057879017,0.014410005949031713,0.014409722033306455,0.007084575564763815,0.007084575564763815,0.006545069477725046,0.006529921299953924,0.4971136939044016,0.45134119809426426,0.016721553520400577,0.016721243459994362,0.0036822636633986857,0.0715349934183329,0.05046695084435104,0.016322222100155166,0.016322222100155166,0.010851077822634484,0.010852153368202768,0.01082471701849026,0.01082471701849026,0.013295337160622877,0.013295387478734976,0.016322222100155166,0.016322222100155166,0.015592443826006951,0.010832135770327034,0.016721243459994362,0.016721243459994362,0.006545069477725046,0.006529921299953924,0.4971136939044016,0.45134119809426426,0.0103544149412192,0.0103544149412192,0.014410005949031713,0.014409722033306455,0.0063057304976307975,0.006050542612989012,0.48943947455693004,0.45172106453445526
Dest210823-180842,60.0,0.018045081403817356,0.002831744864099491,0.060811248549026954,0.049579043374655865,0.019961490128567416,0.019961490128567416,0.006519204454049065,0.013771716502915312,0.013771716502915312,0.004224949657457626,0.018669869279939674,0.0186695254427447,0.006519204454049065,0.006519204454049065,0.00980653288457425,0.011739820130384914,0.5846389096533666,0.5339700725834814,0.02146521398901957,0.021478733596978553,0.002831744864099491,0.060811248549026954,0.049579043374655865,0.02236416310048646,0.02236416310048646,0.014585092227819084,0.0145844737657695,0.015355867586807986,0.015355867586807986,0.01614696567541333,0.016146748754662408,0.02236416310048646,0.02236416310048646,0.020703221422585898,0.01862830776971596,0.021478733596978553,0.021478733596978553,0.00980653288457425,0.011739820130384914,0.5846389096533666,0.5339700725834814,0.013771716502915312,0.013771716502915312,0.018669869279939674,0.0186695254427447,0.008246905895985878,0.010461524863206355,0.5519479978336197,0.5124112420797107
Dest210823-181501,60.0,0.015718294249927624,0.0026089281577841177,0.054826759706308154,0.0467616940735212,0.026926525791048896,0.026926525791048896,0.009164486070037435,0.0239595977349327,0.0239595977349327,0.006690184459881437,0.031559884932094655,0.031556887268013485,0.009164486070037435,0.009164486070037435,0.007230307250853645,0.009879432850372972,0.5213407984755785,0.476037912780528,0.031273737906370176,0.0312676025383736,0.0026089281577841177,0.054826759706308154,0.0467616940735212,0.034986793022231726,0.034986793022231726,0.02573894494385044,0.02573830598934347,0.025694986134976814,0.025694986134976814,0.026451463670186918,0.026452063527345596,0.034986793022231726,0.034986793022231726,0.029013396565876908,0.02268964428029578,0.0312676025383736,0.0312676025383736,0.007230307250853645,0.009879432850372972,0.5213407984755785,0.476037912780528,0.0239595977349327,0.0239595977349327,0.031559884932094655,0.031556887268013485,0.006585375877335201,0.009467531941316717,0.49373421221737984,0.46029391881232834
Dest210823-181810,60.0,0.0208357347849522,0.003331578256558399,0.031336552893433595,0.02581692444705696,0.022116525615241453,0.022116525615241453,0.005448520076463137,0.014247787070164612,0.014247787070164612,0.004434187928978434,0.023289342867722825,0.023303637156864798,0.005448520076463137,0.005448520076463137,0.00636074534951031,0.008516291917336978,0.42916646318138374,0.3953755634759947,0.02268453618536603,0.022692801971148372,0.003331578256558399,0.031336552893433595,0.02581692444705696,0.024868915629581802,0.024868915629581802,0.0144564950351275,0.01460044945231345,0.014925344977259941,0.014925344977259941,0.017508979596350165,0.017505530795317234,0.024868915629581802,0.024868915629581802,0.020810340085204975,0.01551047544425865,0.022692801971148372,0.022692801971148372,0.00636074534951031,0.008516291917336978,0.42916646318138374,0.3953755634759947,0.014247787070164612,0.014247787070164612,0.023289342867722825,0.023303637156864798,0.005767469463920704,0.007953347715488184,0.4276146748464687,0.39376000254188026
EC000003,64.0,0.08445293430251072,0.002859919575508726,0.06389831256259652,0.03966596054718626,0.015380097299710929,0.015380097299710929,0.0038521076550927912,0.012292286589961699,0.012292286589961699,0.003170923328837583,0.013943392014711141,0.013944092696990576,0.0038521076550927912,0.0038521076550927912,0.01030350835263238,0.011327624896517983,0.46592987308251216,0.40038844374247495,0.01627882794503895,0.016277659002799393,0.002859919575508726,0.06389831256259652,0.03966596054718626,0.016297315285922247,0.016297315285922247,0.013456488165865874,0.013457401243259328,0.01365362550052307,0.01365362550052307,0.01358286631601839,0.013584359187945583,0.016297315285922247,0.016297315285922247,0.015481436830145086,0.015412170863405834,0.016277659002799393,0.016277659002799393,0.01030350835263238,0.011327624896517983,0.46592987308251216,0.40038844374247495,0.012292286589961699,0.012292286589961699,0.013943392014711141,0.013944092696990576,0.01046328498834792,0.010980459137384933,0.46915611356199133,0.40921810220672505
EC000004,64.0,0.0560237436813043,0.0025060973096155616,0.04155748996710687,0.032730344069507804,0.013489009463456759,0.013489009463456759,0.00341192734829534,0.009259924973443157,0.009259924973443157,0.003083817502252628,0.011869158881352274,0.011868929478960167,0.00341192734829534,0.00341192734829534,0.00896630735523305,0.008994735347434732,0.54553570782732,0.426463929660823,0.014331143230069118,0.014327947831214553,0.0025060973096155616,0.04155748996710687,0.032730344069507804,0.014397949136357092,0.014397949136357092,0.00920282957163284,0.00917290829497563,0.010517512290630072,0.010517512290630072,0.01141380559581357,0.011413540584737475,0.014397949136357092,0.014397949136357092,0.013644248008753692,0.011937136764752014,0.014327947831214553,0.014327947831214553,0.00896630735523305,0.008994735347434732,0.54553570782732,0.426463929660823,0.009259924973443157,0.009259924973443157,0.011869158881352274,0.011868929478960167,0.008069791843640433,0.008114297683045548,0.5424789542777614,0.4272926060694459
EC000009,64.0,0.07488235922496891,0.002319516011524804,0.04196109568060239,0.020179769215568136,0.016015592859004873,0.016015592859004873,0.003420071469487393,0.011794799452278622,0.011794799452278622,0.0027502910784230035,0.015014299493872695,0.015014180718402714,0.003420071469487393,0.003420071469487393,0.008167316736577128,0.008078455827901523,0.4387529437987916,0.3876917040130948,0.01591965139984637,0.015967203403914693,0.002319516011524804,0.04196109568060239,0.020179769215568136,0.017118049971069107,0.017118049971069107,0.01256771410894969,0.01255462160765084,0.013547021080421955,0.013547021080421955,0.01242407656091121,0.012425122244322892,0.017118049971069107,0.017118049971069107,0.01495618314753606,0.0133153262304639,0.015967203403914693,0.015967203403914693,0.008167316736577128,0.008078455827901523,0.4387529437987916,0.3876917040130948,0.011794799452278622,0.011794799452278622,0.015014299493872695,0.015014180718402714,0.006846538144555249,0.0074728034880354646,0.4266237088868985,0.38386643042182916
EC000012,64.0,0.046648752085774854,0.0024754726113972725,0.03305268867955552,0.025435753313565714,0.013668697047031737,0.013668697047031737,0.003962698220111734,0.012327909382623944,0.012327909382623944,0.00309633896612073,0.014345242634601874,0.014347735672457044,0.003962698220111734,0.003962698220111734,0.009753196803515078,0.009873904381860353,0.4261592197345186,0.3805024188669768,0.013909741970943523,0.013911773921396078,0.0024754726113972725,0.03305268867955552,0.025435753313565714,0.015394954787653965,0.015394954787653965,0.01278405563512703,0.012818221941887155,0.01263225046710902,0.01263225046710902,0.012601487953119682,0.012620261477173697,0.015394954787653965,0.015394954787653965,0.01403842144181038,0.01222375978674894,0.013911773921396078,0.013911773921396078,0.009753196803515078,0.009873904381860353,0.4261592197345186,0.3805024188669768,0.012327909382623944,0.012327909382623944,0.014345242634601874,0.014347735672457044,0.009116573754294812,0.009398146978143415,0.43732469044018696,0.3869611541113557
EC000018,64.0,0.03391023964962845,0.0029757969883953328,0.032230668458837985,0.021654788737942948,0.011219784235708715,0.011219784235708715,0.004307718094912483,0.010423436780955945,0.010423436780955945,0.0034519331953641696,0.011660314631474964,0.011660844342337584,0.004307718094912483,0.004307718094912483,0.008498663377497573,0.00879362103720909,0.3968258707205423,0.3973146840693598,0.011971156772560776,0.01197139791719479,0.0029757969883953328,0.032230668458837985,0.021654788737942948,0.01322457366917128,0.01322457366917128,0.010927433091717328,0.01092094399623296,0.011682678947585378,0.011682678947585378,0.010702838434484519,0.010708496966676632,0.01322457366917128,0.01322457366917128,0.0116876202222817,0.011337665985066844,0.01197139791719479,0.01197139791719479,0.008498663377497573,0.00879362103720909,0.3968258707205423,0.3973146840693598,0.010423436780955945,0.010423436780955945,0.011660314631474964,0.011660844342337584,0.008688332792736191,0.008706274585746158,0.3938663329314365,0.39493085914878157
EC000019,64.0,0.04963842772640717,0.002418570728048938,0.04489594115177114,0.02681966212976768,0.037218024676449676,0.037218024676449676,0.005034182441414305,0.02543264956391393,0.02543264956391393,0.003984535482200458,0.028521666127230692,0.028524269861623156,0.005034182441414305,0.005034182441414305,0.011170472282698731,0.014162862155551754,0.44787730994636654,0.3694324054431467,0.036038990833120496,0.03602099609174871,0.002418570728048938,0.04489594115177114,0.02681966212976768,0.03450890651478543,0.03450890651478543,0.02735110029701469,0.027348436601709006,0.02980016844856636,0.02980016844856636,0.026103792410596488,0.02610369826848672,0.03450890651478543,0.03450890651478543,0.03431779862189338,0.028319239567186398,0.03602099609174871,0.03602099609174871,0.011170472282698731,0.014162862155551754,0.44787730994636654,0.3694324054431467,0.02543264956391393,0.02543264956391393,0.028521666127230692,0.028524269861623156,0.010321950533016907,0.01275825342616783,0.44358215287097336,0.36691832454262724
EC000020,64.0,0.3655072435106334,0.0030222101448559397,0.05047311425119231,0.030113197546849647,0.01605410583864783,0.01605410583864783,0.0052688993180152405,0.011541197043210808,0.011541197043210808,0.004317406428086917,0.01234847015328337,0.012345192225495754,0.0052688993180152405,0.0052688993180152405,0.007472023775164554,0.0077320568723605295,0.5144091986227805,0.43374893533361997,0.016609028651757313,0.01670929657022111,0.0030222101448559397,0.05047311425119231,0.030113197546849647,0.016330807395135694,0.016330807395135694,0.011493180282489973,0.01149950133772587,0.01271968454057649,0.01271968454057649,0.013254765184582865,0.013255692581210845,0.016330807395135694,0.016330807395135694,0.015599740006497524,0.013088248139212139,0.01670929657022111,0.01670929657022111,0.007472023775164554,0.0077320568723605295,0.5144091986227805,0.43374893533361997,0.011541197043210808,0.011541197043210808,0.01234847015328337,0.012345192225495754,0.006189660232744154,0.006931875286626207,0.5118065499259468,0.4360040033649318
EC000027,64.0,0.07330439646033798,0.0019358414078467089,0.10701352515419026,0.056760945749181446,0.016327433461134803,0.016327433461134803,0.0037049729465196165,0.010834217271887481,0.010834217271887481,0.0025742484149421803,0.014051863763446514,0.014052170037389166,0.0037049729465196165,0.0037049729465196165,0.009194249862872698,0.009408521027041854,0.5570722085338704,0.4705582186027743,0.015520618452688635,0.015515029671690403,0.0019358414078467089,0.10701352515419026,0.056760945749181446,0.016042833376418472,0.016042833376418472,0.011355470081844291,0.011346604888301685,0.012879943676546178,0.012879943676546178,0.01277927496392021,0.012780381616863281,0.016042833376418472,0.016042833376418472,0.014760285304292093,0.013984020591732026,0.015515029671690403,0.015515029671690403,0.009194249862872698,0.009408521027041854,0.5570722085338704,0.4705582186027743,0.010834217271887481,0.010834217271887481,0.014051863763446514,0.014052170037389166,0.00872346432799428,0.008769436171805717,0.5576339068839965,0.4795504007687457
EC000029,64.0,0.05053251970241425,0.002235907386020846,0.03857846048694779,0.025187767492551697,0.012690420428883622,0.012690420428883622,0.0031632143129510055,0.010751716658298063,0.010751716658298063,0.0026576254770750863,0.010909709284403529,0.010909588049163343,0.0031632143129510055,0.0031632143129510055,0.008690061120552295,0.008585383930884583,0.4826874167010087,0.4244085950018758,0.012555253326263163,0.012552843557563616,0.002235907386020846,0.03857846048694779,0.025187767492551697,0.012758863593753089,0.012758863593753089,0.010828943781151684,0.010831094350119029,0.01189473685614282,0.01189473685614282,0.01089316163777315,0.010893529579703454,0.012758863593753089,0.012758863593753089,0.011813442091815127,0.010772468616288347,0.012552843557563616,0.012552843557563616,0.008690061120552295,0.008585383930884583,0.4826874167010087,0.4244085950018758,0.010751716658298063,0.010751716658298063,0.010909709284403529,0.010909588049163343,0.00816093385791751,0.007952698499382257,0.4662183248505569,0.4183251183287381
EC000032,63.0,0.04765681066285569,0.0021613640992281524,0.043114383241188305,0.022774651058299105,0.01948851683566873,0.01948851683566873,0.0038015976789107357,0.012941712255857152,0.012941712255857152,0.0024217481157572185,0.01522096480466843,0.01521992854773946,0.0038015976789107357,0.0038015976789107357,0.010486661217796803,0.010511592957799612,0.4863279034778225,0.4278120977356768,0.019299850690483723,0.019304636907014196,0.0021613640992281524,0.043114383241188305,0.022774651058299105,0.018155370059808527,0.018155370059808527,0.015433942704434772,0.015393907600479826,0.014935600370142311,0.014935600370142311,0.015917238758507188,0.015921699045340992,0.018155370059808527,0.018155370059808527,0.018202794130567537,0.01711942842154513,0.019304636907014196,0.019304636907014196,0.010486661217796803,0.010511592957799612,0.4863279034778225,0.4278120977356768,0.012941712255857152,0.012941712255857152,0.01522096480466843,0.01521992854773946,0.009493340242977573,0.00902352993220823,0.47861218755530816,0.4191555974395109
EC000040,64.0,0.059393374183453716,0.002297041771998752,0.04943406170823604,0.03084166174959283,0.01087604249938495,0.01087604249938495,0.0025019352314858646,0.008987169609314427,0.008987169609314427,0.0022804649299132474,0.011321002836046729,0.011320957008984953,0.0025019352314858646,0.0025019352314858646,0.008327369589704689,0.008876715868045828,0.4882063834908121,0.40537665472569706,0.011581105718639403,0.011581498934141786,0.002297041771998752,0.04943406170823604,0.03084166174959283,0.011678884138075291,0.011678884138075291,0.009636502087050408,0.009634369772336929,0.010087163924144596,0.010087163924144596,0.010224305515512788,0.010224185965970425,0.011678884138075291,0.011678884138075291,0.011148516016153928,0.010458950209453206,0.011581498934141786,0.011581498934141786,0.008327369589704689,0.008876715868045828,0.4882063834908121,0.40537665472569706,0.008987169609314427,0.008987169609314427,0.011321002836046729,0.011320957008984953,0.007975234513679614,0.007981117244737745,0.4996892033053988,0.4116596060200118
EC000041,64.0,0.06333256622638639,0.0017812892500475902,0.01800407232246104,0.012218528351977141,0.013151668439037995,0.013151668439037995,0.0033198966710232102,0.011999756481248706,0.011999756481248706,0.0031649922461401167,0.012351095814792356,0.012350925588340524,0.0033198966710232102,0.0033198966710232102,0.01112358631992516,0.01092762708716956,0.4126207372148721,0.3840240945918637,0.013540255553200263,0.013544969542501454,0.0017812892500475902,0.01800407232246104,0.012218528351977141,0.013078990326799458,0.013078990326799458,0.013078877947995893,0.013079936173995502,0.013014283657174932,0.013014283657174932,0.012577629519403895,0.01257769302296254,0.013078990326799458,0.013078990326799458,0.01346326394848539,0.012636319683849179,0.013544969542501454,0.013544969542501454,0.01112358631992516,0.01092762708716956,0.4126207372148721,0.3840240945918637,0.011999756481248706,0.011999756481248706,0.012351095814792356,0.012350925588340524,0.01031637392233156,0.010350753012119011,0.42132971091786264,0.3877169724626721
EC000043,64.0,0.05520411594519016,0.0018182638354599073,0.06748662899586168,0.03591179080066289,0.010582638377284128,0.010582638377284128,0.0025466115896488712,0.00840532493728205,0.00840532493728205,0.002066644038809118,0.009767639150629316,0.00976853060653236,0.0025466115896488712,0.0025466115896488712,0.007493011645886236,0.0073006794892216675,0.49138493661907195,0.41936491194167175,0.010752548824195324,0.010744036138046637,0.0018182638354599073,0.06748662899586168,0.03591179080066289,0.01081341434506069,0.01081341434506069,0.008627872419205866,0.008623216635721643,0.009140463214065997,0.009140463214065997,0.009407044716637374,0.009406839641970708,0.01081341434506069,0.01081341434506069,0.010796867524487034,0.009536829696226412,0.010744036138046637,0.010744036138046637,0.007493011645886236,0.0073006794892216675,0.49138493661907195,0.41936491194167175,0.00840532493728205,0.00840532493728205,0.009767639150629316,0.00976853060653236,0.006974102327241316,0.007236639835976479,0.5027303604422169,0.42250316651174274
EC000049,64.0,0.04206122426991586,0.002444085705786974,0.07980849804041032,0.05318347079441936,0.012577489129093759,0.012577489129093759,0.004403877694583317,0.010471121509867457,0.010471121509867457,0.003563218025955846,0.012313171173135842,0.012310123635824658,0.004403877694583317,0.004403877694583317,0.00825913699189644,0.008979886066997494,0.504878575441735,0.4423046109894151,0.014257634915147512,0.014258723380627886,0.002444085705786974,0.07980849804041032,0.05318347079441936,0.013628290513734093,0.013628290513734093,0.011352487166303596,0.011359387003681097,0.01087772185383166,0.01087772185383166,0.011401632833707594,0.011405854487044325,0.013628290513734093,0.013628290513734093,0.012834448560548313,0.012203985646963534,0.014258723380627886,0.014258723380627886,0.00825913699189644,0.008979886066997494,0.504878575441735,0.4423046109894151,0.010471121509867457,0.010471121509867457,0.012313171173135842,0.012310123635824658,0.008002172511676408,0.008607794905701502,0.5023143930566539,0.4361386282087907
EC000053,64.0,0.045212311404650186,0.0019311999045431173,0.0341999557451916,0.015630422695805477,0.009556479199620932,0.009556479199620932,0.0036494473831581555,0.00818154658520256,0.00818154658520256,0.002942386681128133,0.009574212741875528,0.009575142419113478,0.0036494473831581555,0.0036494473831581555,0.007044765363744224,0.0070832198103212155,0.4734660853009375,0.40898896807053764,0.009918479085226464,0.009921089625344525,0.0019311999045431173,0.0341999557451916,0.015630422695805477,0.010482457985164824,0.010482457985164824,0.008758823877207762,0.008789729637675521,0.009152147940514938,0.009152147940514938,0.009266383833833117,0.009265422794783066,0.010482457985164824,0.010482457985164824,0.009818709324717716,0.009333832161015458,0.009921089625344525,0.009921089625344525,0.007044765363744224,0.0070832198103212155,0.4734660853009375,0.40898896807053764,0.00818154658520256,0.00818154658520256,0.009574212741875528,0.009575142419113478,0.0066841490304962925,0.006783837837175525,0.48000260039090836,0.40457225789522955
EC000056,64.0,0.047742645319533206,0.002264396952862392,0.05601295571540963,0.036134384783451705,0.025019642524856136,0.025019642524856136,0.005468824970874881,0.018946197855767,0.018946197855767,0.004351997844377853,0.02208151624708581,0.022084163179248884,0.005468824970874881,0.005468824970874881,0.009694756330375278,0.010442896346087596,0.4702401890658323,0.380986833707541,0.02542843909113881,0.02542007655067757,0.002264396952862392,0.05601295571540963,0.036134384783451705,0.025336280081688256,0.025336280081688256,0.020562590809551914,0.020563455039090982,0.019800195217453357,0.019800195217453357,0.02042810375631405,0.02034922942493633,0.025336280081688256,0.025336280081688256,0.025639972962931152,0.021368154407400964,0.02542007655067757,0.02542007655067757,0.009694756330375278,0.010442896346087596,0.4702401890658323,0.380986833707541,0.018946197855767,0.018946197855767,0.02208151624708581,0.022084163179248884,0.008734910816052672,0.009207495274669717,0.45370403721341823,0.3800276089079221
EC000057,64.0,0.045599522524077354,0.002791712827780842,0.06427131869956651,0.03879191679479409,0.025771294281170573,0.025771294281170573,0.006405400087663085,0.01773309857987491,0.01773309857987491,0.00501938993876681,0.021806349455038565,0.02181695030302582,0.006405400087663085,0.006405400087663085,0.010173433711399562,0.012202196842258596,0.4796569668278307,0.4237824729355764,0.027408729281388492,0.027411225528627656,0.002791712827780842,0.06427131869956651,0.03879191679479409,0.026820788719849283,0.026820788719849283,0.018225889607523964,0.018229679584764978,0.01937256927931949,0.01937256927931949,0.020268783162628798,0.02026943257057082,0.026820788719849283,0.026820788719849283,0.026626120770105025,0.02027979613008471,0.027411225528627656,0.027411225528627656,0.010173433711399562,0.012202196842258596,0.4796569668278307,0.4237824729355764,0.01773309857987491,0.01773309857987491,0.021806349455038565,0.02181695030302582,0.009402292421809752,0.011085015465526453,0.4792010780880639,0.4265642898710859
EC000063,64.0,0.12515218404701356,0.0023293376819104603,0.05351072768204256,0.029388874917947005,0.022288888594769272,0.022288888594769272,0.005052300794811646,0.018085724824584894,0.018085724824584894,0.0038302147704794513,0.020545595985231598,0.02054479874149698,0.005052300794811646,0.005052300794811646,0.009560146540445229,0.011438512627998533,0.536016900402069,0.44994365505337625,0.021679535087439618,0.02168162720222785,0.0023293376819104603,0.05351072768204256,0.029388874917947005,0.02295180418379244,0.02295180418379244,0.01859169043022553,0.018588670725575473,0.018943231849574416,0.018943231849574416,0.01823185159295614,0.018232331022196756,0.02295180418379244,0.02295180418379244,0.020626564674465,0.019207582598027323,0.02168162720222785,0.02168162720222785,0.009560146540445229,0.011438512627998533,0.536016900402069,0.44994365505337625,0.018085724824584894,0.018085724824584894,0.020545595985231598,0.02054479874149698,0.009466026737549819,0.010596850545203398,0.5283114016667682,0.44236603126468044
EC000064,64.0,0.0425267700144419,0.00188351186502494,0.043658050271153256,0.025011529470903245,0.023651727054436085,0.023651727054436085,0.0041674568601081955,0.015868889410234083,0.015868889410234083,0.0029849392627769146,0.018040011177833108,0.01803903008201663,0.0041674568601081955,0.0041674568601081955,0.011796880727063409,0.011562813795838268,0.5191500848595523,0.43073086939196403,0.021858562511737012,0.021866523953881778,0.00188351186502494,0.043658050271153256,0.025011529470903245,0.02004302106049032,0.02004302106049032,0.01715695394991111,0.017158028460336216,0.017715910112033204,0.017715910112033204,0.016897600979445218,0.016897214068145806,0.02004302106049032,0.02004302106049032,0.021540672944377524,0.018160083701565997,0.021866523953881778,0.021866523953881778,0.011796880727063409,0.011562813795838268,0.5191500848595523,0.43073086939196403,0.015868889410234083,0.015868889410234083,0.018040011177833108,0.01803903008201663,0.010146547396581971,0.010638099908184285,0.5067558948961846,0.4276437834481749
EC000069,64.0,0.049234290716982335,0.0030397466924999388,0.07045488381290754,0.047087784141269746,0.018320069265419216,0.018320069265419216,0.00584419262987875,0.014943703073310844,0.014943703073310844,0.003789505170967552,0.016015593398915336,0.016018169578523436,0.00584419262987875,0.00584419262987875,0.009121201238233583,0.009799235689389955,0.5363243161534489,0.43968907761759257,0.01878297570576264,0.018765947389897973,0.0030397466924999388,0.07045488381290754,0.047087784141269746,0.0182161767933988,0.0182161767933988,0.01704779915265611,0.017042951789757677,0.016123696822077843,0.016123696822077843,0.016664419143964646,0.016662273116896206,0.0182161767933988,0.0182161767933988,0.018225089753935546,0.017361944711647145,0.018765947389897973,0.018765947389897973,0.009121201238233583,0.009799235689389955,0.5363243161534489,0.43968907761759257,0.014943703073310844,0.014943703073310844,0.016015593398915336,0.016018169578523436,0.008876147913658969,0.009740354940632408,0.5152877116352097,0.42499548598003456
EC000074,64.0,0.05030472865134157,0.004636604276403267,0.042441175377416165,0.03258767319248031,0.01353475638343329,0.01353475638343329,0.006395575102096938,0.010531887325939114,0.010531887325939114,0.00545945088294327,0.012997122990340521,0.012993808546805867,0.006395575102096938,0.006395575102096938,0.006790996716044506,0.007276433842237202,0.3919475535573929,0.3526959216106353,0.014719651709442354,0.01471918399917187,0.004636604276403267,0.042441175377416165,0.03258767319248031,0.015536888537653235,0.015536888537653235,0.012202281166851504,0.012194150354799635,0.011381608279685882,0.011381608279685882,0.011487298833344954,0.011484855296649589,0.015536888537653235,0.015536888537653235,0.014302421387259482,0.012592117448655038,0.01471918399917187,0.01471918399917187,0.006790996716044506,0.007276433842237202,0.3919475535573929,0.3526959216106353,0.010531887325939114,0.010531887325939114,0.012997122990340521,0.012993808546805867,0.006629955302349195,0.006836121044137177,0.39993598296113586,0.35644655910948236
EC000080,64.0,0.05268183247912746,0.003577242363503795,0.06286547619180971,0.04128009458232492,0.007322375532251805,0.007322375532251805,0.003639530498115073,0.008114370046648183,0.008114370046648183,0.0038811840744391256,0.007988287223017854,0.007990333588541633,0.003639530498115073,0.003639530498115073,0.003892295135469402,0.00412036503742661,0.5239841040596666,0.42230992235910336,0.008243779455400113,0.00822570560142088,0.003577242363503795,0.06286547619180971,0.04128009458232492,0.008946778409079485,0.008946778409079485,0.008714196731245882,0.008709864433128324,0.008945106720272511,0.008945106720272511,0.0064879711276703495,0.006487625497653832,0.008946778409079485,0.008946778409079485,0.008018831496030332,0.007720043913698815,0.00822570560142088,0.00822570560142088,0.003892295135469402,0.00412036503742661,0.5239841040596666,0.42230992235910336,0.008114370046648183,0.008114370046648183,0.007988287223017854,0.007990333588541633,0.0038660283718322625,0.004168689509593685,0.5020524851460904,0.41386608146848286
EC000081,64.0,0.08531375667071461,0.007911641388077456,0.041420444571847445,0.03159300078465028,0.013776738194179416,0.013776738194179416,0.012566996424367066,0.010892882572480493,0.010892882572480493,0.013688050135189405,0.011575088625831722,0.011574733186954605,0.012566996424367066,0.012566996424367066,0.0073011341102956675,0.008186396580531538,0.49578301311708894,0.4216875150199083,0.013459125192510909,0.013468561462917437,0.007911641388077456,0.041420444571847445,0.03159300078465028,0.013089799623223711,0.013089799623223711,0.012702201980865094,0.012722972724905558,0.012320567330796492,0.012320567330796492,0.010619099218038743,0.010614878005767768,0.013089799623223711,0.013089799623223711,0.012843697537507175,0.012298534069637544,0.013468561462917437,0.013468561462917437,0.0073011341102956675,0.008186396580531538,0.49578301311708894,0.4216875150199083,0.010892882572480493,0.010892882572480493,0.011575088625831722,0.011574733186954605,0.006548360683854364,0.00699588199730797,0.4981950270197584,0.42427636026558085
EC000083,64.0,0.05614981141332607,0.05184107569343138,0.18906811506442345,0.16735009301488887,0.006121222709656935,0.006121222709656935,0.06311799915438145,0.006153027277413774,0.006153027277413774,0.05087549484074166,0.006835347327122724,0.006835444616516031,0.06311799915438145,0.06311799915438145,0.0038467327326553863,0.003846985654624787,0.8133032211506731,0.6955059672077605,0.006612379980180412,0.006605560830070441,0.05184107569343138,0.18906811506442345,0.16735009301488887,0.008788077529584586,0.008788077529584586,0.007641293516156555,0.007681281829322178,0.007772164321014386,0.007772164321014386,0.0056230506584691265,0.00561824289384294,0.008788077529584586,0.008788077529584586,0.006701129378785073,0.006808220582749812,0.006605560830070441,0.006605560830070441,0.0038467327326553863,0.003846985654624787,0.8133032211506731,0.6955059672077605,0.006153027277413774,0.006153027277413774,0.006835347327122724,0.006835444616516031,0.0036630444533831377,0.004013891982664777,0.8185962844405599,0.6907961830371759
EC000084,63.0,0.0664286768851673,0.006876234087775109,0.06445941508698314,0.04538453521527578,0.01245348982261607,0.01245348982261607,0.006608878421264262,0.009064247584592452,0.009064247584592452,0.005732543104088818,0.008781397062774393,0.008780703260102562,0.006608878421264262,0.006608878421264262,0.005629990240632846,0.005117100570005641,0.4683443562144729,0.3949931845734068,0.011818523424592785,0.011839723483358593,0.006876234087775109,0.06445941508698314,0.04538453521527578,0.011233179032164513,0.011233179032164513,0.010276145998355586,0.01027817989218844,0.010345560999677365,0.010345560999677365,0.009115259865019504,0.009110962988548648,0.011233179032164513,0.011233179032164513,0.011236043369191116,0.009382966770312631,0.011839723483358593,0.011839723483358593,0.005629990240632846,0.005117100570005641,0.4683443562144729,0.3949931845734068,0.009064247584592452,0.009064247584592452,0.008781397062774393,0.008780703260102562,0.0043995964556265005,0.004530882560493352,0.4699588450014853,0.3954088143239196
EC000088,64.0,0.05154848070434489,0.004774924898297363,0.07392074963368975,0.05074107352660107,0.013271092215634864,0.013271092215634864,0.006347169660520831,0.011472925501788864,0.011472925501788864,0.005992390691632336,0.010114202776997212,0.010120112169088723,0.006347169660520831,0.006347169660520831,0.007651399156933756,0.00780136359183695,0.7334242644151825,0.6195051462045718,0.01372030384249983,0.013718636185362227,0.004774924898297363,0.07392074963368975,0.05074107352660107,0.014670212326209207,0.014670212326209207,0.012386775684741265,0.012387593693436888,0.014103725738275693,0.014103725738275693,0.00995173583389531,0.0099381824691477,0.014670212326209207,0.014670212326209207,0.013134115972274206,0.011677752049682737,0.013718636185362227,0.013718636185362227,0.007651399156933756,0.00780136359183695,0.7334242644151825,0.6195051462045718,0.011472925501788864,0.011472925501788864,0.010114202776997212,0.010120112169088723,0.006241877684775805,0.00709072251045133,0.7267918103142736,0.6086908479929221
EC000098,63.0,0.04005182347147392,0.0025195518982282796,0.04241883314554746,0.02766185381546843,0.011473260682945767,0.011473260682945767,0.0026641619453950903,0.008473605985358422,0.008473605985358422,0.002290356651998158,0.010186836375006496,0.010182230002859992,0.0026641619453950903,0.0026641619453950903,0.008083876199464896,0.007627723147622961,0.5781224036187439,0.48048930640327847,0.012244919317534289,0.012245320165786385,0.0025195518982282796,0.04241883314554746,0.02766185381546843,0.013067304265419497,0.013067304265419497,0.00910726547503462,0.009110913266009643,0.009510310342069053,0.009510310342069053,0.010258016448161744,0.010251026806616208,0.013067304265419497,0.013067304265419497,0.01139896495347674,0.010766350195556926,0.012245320165786385,0.012245320165786385,0.008083876199464896,0.007627723147622961,0.5781224036187439,0.48048930640327847,0.008473605985358422,0.008473605985358422,0.010186836375006496,0.010182230002859992,0.007332115386247117,0.007135914474610376,0.5824708056583183,0.48207035740335524
EC000099,64.0,0.04513126051883874,0.002989968642668178,0.0486647983406118,0.0281232498776613,0.015480825601791672,0.015480825601791672,0.0043076334794212735,0.011169898631685958,0.011169898631685958,0.004175220548147402,0.014215018203086235,0.014213508691696219,0.0043076334794212735,0.0043076334794212735,0.008487806692915174,0.008698413253896217,0.4650135965542456,0.3883374160028833,0.0161974888981698,0.016217186245160536,0.002989968642668178,0.0486647983406118,0.0281232498776613,0.016586947609189488,0.016586947609189488,0.011661714022366702,0.01162246977976643,0.012406643132223826,0.012406643132223826,0.012791202396152081,0.01277324804314267,0.016586947609189488,0.016586947609189488,0.01656357975346109,0.013137880976089455,0.016217186245160536,0.016217186245160536,0.008487806692915174,0.008698413253896217,0.4650135965542456,0.3883374160028833,0.011169898631685958,0.011169898631685958,0.014215018203086235,0.014213508691696219,0.00762683526892887,0.008010050333055385,0.46074627234968135,0.38471491022288423
EC000102,64.0,0.03467562227400415,0.005060436998457129,0.05619802558263659,0.03632646749221654,0.014305677701087536,0.014305677701087536,0.007923042234094135,0.014271057927831537,0.014271057927831537,0.007350864319368738,0.015011450997397221,0.015011927104081235,0.007923042234094135,0.007923042234094135,0.005913364401120584,0.0064349626802294455,0.4346162330451971,0.38260575286831355,0.015787239717167126,0.01577720223243853,0.005060436998457129,0.05619802558263659,0.03632646749221654,0.019048035478378786,0.019048035478378786,0.012294904153051787,0.012301377777125894,0.016055845401354314,0.016055845401354314,0.010998804351614187,0.011000799275706262,0.019048035478378786,0.019048035478378786,0.014525826925202075,0.012615821671844515,0.01577720223243853,0.01577720223243853,0.005913364401120584,0.0064349626802294455,0.4346162330451971,0.38260575286831355,0.014271057927831537,0.014271057927831537,0.015011450997397221,0.015011927104081235,0.005662494642638554,0.006540144463470764,0.4277739455036651,0.3805852467603579
EC000103,64.0,0.0941813003956898,0.0026126610279965682,0.08302179472921438,0.06412530515518088,0.024279470561919186,0.024279470561919186,0.006801151692795376,0.018167419038705966,0.018167419038705966,0.0049002296357319305,0.023900787142099287,0.02390400828941852,0.006801151692795376,0.006801151692795376,0.010554934739748187,0.011840048044708599,0.5028244518417091,0.43677306806512906,0.024791935195403018,0.02476950480956195,0.0026126610279965682,0.08302179472921438,0.06412530515518088,0.026965142705200493,0.026965142705200493,0.020073281915060342,0.020067606186223812,0.019381935689409397,0.019381935689409397,0.021244836587076703,0.021245506735191103,0.026965142705200493,0.026965142705200493,0.023968085607516783,0.022377479325894074,0.02476950480956195,0.02476950480956195,0.010554934739748187,0.011840048044708599,0.5028244518417091,0.43677306806512906,0.018167419038705966,0.018167419038705966,0.023900787142099287,0.02390400828941852,0.009784513349306646,0.010718172070193203,0.48980422853645367,0.4329650940441213
EC000112,64.0,0.07365623377017881,0.002451956387568576,0.04019840054381027,0.02364233361044656,0.01632429185363244,0.01632429185363244,0.005686085837144832,0.013451941089767482,0.013451941089767482,0.0033827174562033008,0.014848136752417609,0.014847800848451337,0.005686085837144832,0.005686085837144832,0.011261604332829819,0.011385426370947615,0.4761809029853764,0.41992550696931097,0.01665512236117874,0.01665669915899352,0.002451956387568576,0.04019840054381027,0.02364233361044656,0.016301794752241142,0.016301794752241142,0.014120822715304479,0.014128284221397256,0.01419687948572754,0.01419687948572754,0.014435782223803737,0.01443601587384572,0.016301794752241142,0.016301794752241142,0.016191392291537682,0.015306841200592248,0.01665669915899352,0.01665669915899352,0.011261604332829819,0.011385426370947615,0.4761809029853764,0.41992550696931097,0.013451941089767482,0.013451941089767482,0.014848136752417609,0.014847800848451337,0.010752250189163846,0.011104368901921648,0.47033076475956354,0.4181227592876989
EC000116,64.0,0.03135674220713337,0.002661320850255469,0.06381682937807709,0.04143130343474795,0.014485277959285593,0.014485277959285593,0.0040797966624273934,0.009250885085096944,0.009250885085096944,0.003383577966151446,0.012629336961488775,0.012629427568790931,0.0040797966624273934,0.0040797966624273934,0.00910929129757684,0.010042378048344963,0.6051296933935864,0.5050419835041253,0.01544455221671679,0.015482750670157436,0.002661320850255469,0.06381682937807709,0.04143130343474795,0.013657998297706989,0.013657998297706989,0.010743353220513148,0.01074215711475547,0.009789877057457187,0.009789877057457187,0.012141199861710167,0.01214169798004834,0.013657998297706989,0.013657998297706989,0.014845823003724095,0.014147827338559684,0.015482750670157436,0.015482750670157436,0.00910929129757684,0.010042378048344963,0.6051296933935864,0.5050419835041253,0.009250885085096944,0.009250885085096944,0.012629336961488775,0.012629427568790931,0.008530599603679825,0.009029324683773605,0.607412084162922,0.5080607618883363
EC000123,64.0,0.03753604870511236,0.0019899008904229604,0.08329498112252867,0.06176381750173912,0.022762624061639897,0.022762624061639897,0.0041360496365990245,0.013859840410448274,0.013859840410448274,0.0026773809350616093,0.016671200660747322,0.016670521535955808,0.0041360496365990245,0.0041360496365990245,0.0125969836792843,0.012951311320171667,0.532904299465761,0.4717672257902129,0.023167971573332613,0.02317272315556399,0.0019899008904229604,0.08329498112252867,0.06176381750173912,0.01926426150942647,0.01926426150942647,0.015792323845346273,0.01579506259359492,0.01573752951723778,0.01573752951723778,0.018024066114553927,0.018022628231036165,0.01926426150942647,0.01926426150942647,0.022975023367084228,0.02007527558211499,0.02317272315556399,0.02317272315556399,0.0125969836792843,0.012951311320171667,0.532904299465761,0.4717672257902129,0.013859840410448274,0.013859840410448274,0.016671200660747322,0.016670521535955808,0.010928925513622253,0.010879101029536764,0.5101566075398198,0.45598790728407834
EC000124,64.0,0.02875749405874254,0.0021748294335257948,0.045009654352202104,0.030431316335215397,0.012832692065423727,0.012832692065423727,0.0032091875211591454,0.009692984888131683,0.009692984888131683,0.0025454818718436624,0.011336184094503925,0.01133417879050372,0.0032091875211591454,0.0032091875211591454,0.007970414238512866,0.008327436182183068,0.5226298678084201,0.4583871823052574,0.013544502877058525,0.013547392629017517,0.0021748294335257948,0.045009654352202104,0.030431316335215397,0.013794870470077311,0.013794870470077311,0.010830336145196445,0.010830616693996724,0.010757427008063552,0.010757427008063552,0.010787872765125809,0.010787303638638564,0.013794870470077311,0.013794870470077311,0.013144148264576706,0.012048357484657959,0.013547392629017517,0.013547392629017517,0.007970414238512866,0.008327436182183068,0.5226298678084201,0.4583871823052574,0.009692984888131683,0.009692984888131683,0.011336184094503925,0.01133417879050372,0.007677745618852876,0.007864413405362971,0.509717415066466,0.4500864051915445
EC000125,64.0,0.02942325361832054,0.0019213920166197887,0.07665148969389797,0.05576299207528211,0.020766799143940248,0.020766799143940248,0.003810223356643198,0.014115917152936579,0.014115917152936579,0.002522204488798849,0.01862698436929347,0.018632302015486366,0.003810223356643198,0.003810223356643198,0.010737030066192327,0.011595723863454817,0.5878353323375456,0.5142351509044351,0.021374758064057194,0.021352906859842966,0.0019213920166197887,0.07665148969389797,0.05576299207528211,0.021685157998934484,0.021685157998934484,0.014121128569058474,0.014127598046922984,0.015461829138616495,0.015461829138616495,0.01670439315365877,0.016706520697015236,0.021685157998934484,0.021685157998934484,0.020776130723454776,0.02098429419783461,0.021352906859842966,0.021352906859842966,0.010737030066192327,0.011595723863454817,0.5878353323375456,0.5142351509044351,0.014115917152936579,0.014115917152936579,0.01862698436929347,0.018632302015486366,0.009246034870719426,0.010169720558975495,0.5785470073556165,0.515190774217551
EC000127,64.0,0.03206338234606816,0.0032965430142595977,0.06506269388200728,0.043287282198787067,0.016688346087175246,0.016688346087175246,0.005600501596662344,0.012203809669460263,0.012203809669460263,0.004981835822713166,0.015214448970080438,0.015213163053313817,0.005600501596662344,0.005600501596662344,0.01084891423598316,0.01144418510784407,0.5366489763046316,0.4748207352306384,0.016848436604942854,0.01684372892979383,0.0032965430142595977,0.06506269388200728,0.043287282198787067,0.017085231745866836,0.017085231745866836,0.014089042633746038,0.014088298906808693,0.014230137565582222,0.014230137565582222,0.01531240614989461,0.015311916975006615,0.017085231745866836,0.017085231745866836,0.015720675750474564,0.015264431731455029,0.01684372892979383,0.01684372892979383,0.01084891423598316,0.01144418510784407,0.5366489763046316,0.4748207352306384,0.012203809669460263,0.012203809669460263,0.015214448970080438,0.015213163053313817,0.010196515757872653,0.011208686283710108,0.5281344874977715,0.4671015015095674
EC000130,63.0,0.05297221679127629,0.0030012348128711386,0.08392630964630873,0.05013910486817051,0.01778680340568537,0.01778680340568537,0.004915050593753679,0.011305645946901437,0.011305645946901437,0.0034569815934586893,0.01300530058787032,0.013004732642116941,0.004915050593753679,0.004915050593753679,0.010727658213838285,0.010939385200454111,0.5825366585375276,0.4968668873336136,0.018084571475348685,0.01796039690645859,0.0030012348128711386,0.08392630964630873,0.05013910486817051,0.015056358195743419,0.015056358195743419,0.011796903830952986,0.011796376094384501,0.01225772090449034,0.01225772090449034,0.01360439830812935,0.01360341636269153,0.015056358195743419,0.015056358195743419,0.017703212443048556,0.017057105256435424,0.01796039690645859,0.01796039690645859,0.010727658213838285,0.010939385200454111,0.5825366585375276,0.4968668873336136,0.011305645946901437,0.011305645946901437,0.01300530058787032,0.013004732642116941,0.00957753660714138,0.00959612192326313,0.5622409614085485,0.48005378449592173
EC000131,64.0,0.03233613303591505,0.0022331928375849863,0.03633486541334824,0.025828214892567463,0.014432039953566322,0.014432039953566322,0.0039980004421446705,0.010481104872013858,0.010481104872013858,0.0031714636016101708,0.013349505122059416,0.01335001045367043,0.0039980004421446705,0.0039980004421446705,0.009210159893994797,0.00898581895668133,0.520606939287301,0.4321909925861801,0.014616066637018525,0.01461424790592198,0.0022331928375849863,0.03633486541334824,0.025828214892567463,0.015627597659680637,0.015627597659680637,0.011603976330813694,0.01160447789130075,0.011544228469892009,0.011544228469892009,0.012188938760997466,0.012169672137068323,0.015627597659680637,0.015627597659680637,0.014234245683569088,0.012648953736194452,0.01461424790592198,0.01461424790592198,0.009210159893994797,0.00898581895668133,0.520606939287301,0.4321909925861801,0.010481104872013858,0.010481104872013858,0.013349505122059416,0.01335001045367043,0.008547666227984991,0.008041048747095547,0.5032113368207317,0.43350468848323354
EC000136,64.0,0.12517835643916653,0.0029834395056129582,0.061010293449451976,0.04316090407856749,0.01637852443901411,0.01637852443901411,0.004949467794744386,0.012253002917964908,0.012253002917964908,0.0031675029571209276,0.014544932270168962,0.014542072802491469,0.004949467794744386,0.004949467794744386,0.009562668356750929,0.009819744885291054,0.5174214965320785,0.44686222315661145,0.016703967473391833,0.0167021769383993,0.0029834395056129582,0.061010293449451976,0.04316090407856749,0.0165223024581708,0.0165223024581708,0.013391558731048131,0.013372251000084417,0.014054309300799242,0.014054309300799242,0.01288278582583939,0.012882464241807265,0.0165223024581708,0.0165223024581708,0.01569376912286469,0.014426427393524715,0.0167021769383993,0.0167021769383993,0.009562668356750929,0.009819744885291054,0.5174214965320785,0.44686222315661145,0.012253002917964908,0.012253002917964908,0.014544932270168962,0.014542072802491469,0.00929109623502627,0.009387272975322053,0.5132357014414385,0.4523275098820793
EC000142,64.0,0.06121947212914237,0.0027978664808981394,0.039353043196291675,0.025084736218451212,0.019784751190139983,0.019784751190139983,0.005871634375355975,0.016007837034507144,0.016007837034507144,0.004102061546405246,0.017161261882038592,0.01716022386987223,0.005871634375355975,0.005871634375355975,0.013373487032995145,0.014124880653012793,0.5432596256986062,0.45697081402570844,0.019885683297435546,0.019899271954003112,0.0027978664808981394,0.039353043196291675,0.025084736218451212,0.018448741888840253,0.018448741888840253,0.016823821691618192,0.016822361638124558,0.01755048263808323,0.01755048263808323,0.0174113329150443,0.017417687765893874,0.018448741888840253,0.018448741888840253,0.01956023349287832,0.01845530299282783,0.019899271954003112,0.019899271954003112,0.013373487032995145,0.014124880653012793,0.5432596256986062,0.45697081402570844,0.016007837034507144,0.016007837034507144,0.017161261882038592,0.01716022386987223,0.011802184947377434,0.012919401417830828,0.524108419453158,0.4422212914516875
EC000145,64.0,0.05029638838891422,0.002431279302005392,0.07026474018692708,0.042228832837639965,0.015074533085101937,0.015074533085101937,0.0032312428516223382,0.010913087365385786,0.010913087365385786,0.0023238124239125134,0.013878152518428995,0.0138865233839447,0.0032312428516223382,0.0032312428516223382,0.00926078404547531,0.010301564463095304,0.5207270497560768,0.44088702444933503,0.016521555897122172,0.016511032797489753,0.002431279302005392,0.07026474018692708,0.042228832837639965,0.015532767139827583,0.015532767139827583,0.012840668881765344,0.01283172578718738,0.011861855519918087,0.011861855519918087,0.013514507779338103,0.013516566678994455,0.015532767139827583,0.015532767139827583,0.015744974767274322,0.013877821742240188,0.016511032797489753,0.016511032797489753,0.00926078404547531,0.010301564463095304,0.5207270497560768,0.44088702444933503,0.010913087365385786,0.010913087365385786,0.013878152518428995,0.0138865233839447,0.008769129938209514,0.009492209782364043,0.5220304386928742,0.44634857597248473
EC000154,64.0,0.03463923128237333,0.0021468613841339195,0.031136560301360975,0.022215563706575406,0.017060168031872578,0.017060168031872578,0.004060817071436326,0.011120788466350518,0.011120788466350518,0.0030029377161400997,0.015103575044400684,0.01510232837264027,0.004060817071436326,0.004060817071436326,0.008994104908163372,0.009649324815158363,0.4793181806756953,0.40743886122086864,0.017695297881431295,0.017696718737336074,0.0021468613841339195,0.031136560301360975,0.022215563706575406,0.017809067687755226,0.017809067687755226,0.013038122764925608,0.01303568994445064,0.013532170036217461,0.013532170036217461,0.015239316367407036,0.01523495354885619,0.017809067687755226,0.017809067687755226,0.016508771774170528,0.01489994478009398,0.017696718737336074,0.017696718737336074,0.008994104908163372,0.009649324815158363,0.4793181806756953,0.40743886122086864,0.011120788466350518,0.011120788466350518,0.015103575044400684,0.01510232837264027,0.008492992015565927,0.00875978711302214,0.4664898250539129,0.4047944096296751
EC000155,64.0,0.037123700213198524,0.0024540106978013306,0.03627599736306887,0.02015008274552765,0.019008971350229796,0.019008971350229796,0.004683062588565913,0.015597794224937,0.015597794224937,0.003694013121998822,0.016947523169025737,0.016939730039207342,0.004683062588565913,0.004683062588565913,0.011858198949476484,0.012137220101910989,0.48058043717358767,0.4158250958468693,0.019139816246217866,0.01913700957233174,0.0024540106978013306,0.03627599736306887,0.02015008274552765,0.018687539285983185,0.018687539285983185,0.016608815939631948,0.01660897310008444,0.01731608612939244,0.01731608612939244,0.016229502940496073,0.01623045047007971,0.018687539285983185,0.018687539285983185,0.018935785650200897,0.018632357268364392,0.01913700957233174,0.01913700957233174,0.011858198949476484,0.012137220101910989,0.48058043717358767,0.4158250958468693,0.015597794224937,0.015597794224937,0.016947523169025737,0.016939730039207342,0.011255101039178409,0.011831251341252442,0.4705093459132893,0.4104073722870073
EC000158,64.0,0.03174814613317146,0.002559758186656193,0.044178742128472226,0.028103780908232286,0.017621551294463078,0.017621551294463078,0.004962787016228817,0.014840390275125844,0.014840390275125844,0.003456144008805092,0.018048540012637716,0.01804714946797767,0.004962787016228817,0.004962787016228817,0.01194866098078429,0.012048214379276475,0.492710012820086,0.4305423878163659,0.017805800843341227,0.017805830426855882,0.002559758186656193,0.044178742128472226,0.028103780908232286,0.01900643831166068,0.01900643831166068,0.01542335470119465,0.015437520966733082,0.01578135900626778,0.01578135900626778,0.015615899897846106,0.015616551188599784,0.01900643831166068,0.01900643831166068,0.017546595824029763,0.015892950967082944,0.017805830426855882,0.017805830426855882,0.01194866098078429,0.012048214379276475,0.492710012820086,0.4305423878163659,0.014840390275125844,0.014840390275125844,0.018048540012637716,0.01804714946797767,0.011616361078609569,0.011989815388365873,0.501299863943382,0.43464150080620934
EC000159,64.0,0.03873195456256221,0.0022887402889579566,0.03174662097487308,0.027158539118665278,0.014305818623189838,0.014305818623189838,0.004283857255268638,0.011488907392508727,0.011488907392508727,0.0030115777050791193,0.013210518527065129,0.013210115507347457,0.004283857255268638,0.004283857255268638,0.009767450002506308,0.010009496272460392,0.4574532664467595,0.4048978601456264,0.013955809142322122,0.013952392405693412,0.0022887402889579566,0.03174662097487308,0.027158539118665278,0.014129526014836993,0.014129526014836993,0.011636636491608664,0.011638342569038363,0.01264408947774252,0.01264408947774252,0.012420593302501198,0.012420755212580327,0.014129526014836993,0.014129526014836993,0.013444298016310563,0.013076999973716344,0.013952392405693412,0.013952392405693412,0.009767450002506308,0.010009496272460392,0.4574532664467595,0.4048978601456264,0.011488907392508727,0.011488907392508727,0.013210518527065129,0.013210115507347457,0.009610529142541901,0.009563329847771139,0.4594190762209605,0.40368136211452266
EC000162,64.0,0.032120802581789225,0.0021445706147600507,0.04626764126910573,0.029171265900255785,0.019070417083666653,0.019070417083666653,0.0036912068376216307,0.012813554277327669,0.012813554277327669,0.0027177546956799084,0.01429340481185978,0.014297820514856702,0.0036912068376216307,0.0036912068376216307,0.011863652023338455,0.013067309133886394,0.5916294531829327,0.5102768225643917,0.018113430300336155,0.01811805519908914,0.0021445706147600507,0.04626764126910573,0.029171265900255785,0.01636182673678354,0.01636182673678354,0.013552341407013098,0.01356251747080804,0.01414220521560783,0.01414220521560783,0.013338684405227348,0.013333464320361265,0.01636182673678354,0.01636182673678354,0.017167875097751775,0.01769559494801365,0.01811805519908914,0.01811805519908914,0.011863652023338455,0.013067309133886394,0.5916294531829327,0.5102768225643917,0.012813554277327669,0.012813554277327669,0.01429340481185978,0.014297820514856702,0.010031431649182692,0.010606208558576505,0.5782067679191938,0.50109202781933
EC000171,64.0,0.04184898532883705,0.002943610446980926,0.03823149606716258,0.026997320816203586,0.01846518700584712,0.01846518700584712,0.005259331110772694,0.014494945676670612,0.014494945676670612,0.003770410077171369,0.01787352490506187,0.017873113715242347,0.005259331110772694,0.005259331110772694,0.012610404821174011,0.012743244536804995,0.5095618237057654,0.4360576018741611,0.01920063748815347,0.019198027405996923,0.002943610446980926,0.03823149606716258,0.026997320816203586,0.01933684805717525,0.01933684805717525,0.014989252126822953,0.014995985676187132,0.015903930357269034,0.015903930357269034,0.016249437798642342,0.01624941360414975,0.01933684805717525,0.01933684805717525,0.01866050247999603,0.016417046665493314,0.019198027405996923,0.019198027405996923,0.012610404821174011,0.012743244536804995,0.5095618237057654,0.4360576018741611,0.014494945676670612,0.014494945676670612,0.01787352490506187,0.017873113715242347,0.011743209143487435,0.011796553183028795,0.5076897566366418,0.43613160143551993
EC103-132DMSO1,384.0,0.3070414223069234,0.015205369002405772,0.5904449530466572,0.575322539028323,0.008245898514199415,0.008245898514199415,0.020194182931145842,0.008227150810204911,0.008227150810204911,0.016341704548359114,0.00823628692460513,0.00823822932431984,0.020194182931145842,0.020194182931145842,0.007995706960622646,0.008000499894642719,0.048033813253476,0.01792076745846778,0.0082377628652601,0.008237610668131936,0.015205369002405772,0.5904449530466572,0.575322539028323,0.008230758438894722,0.008230758438894722,0.00824808348140051,0.008248278648059984,0.008226210694807043,0.008226210694807043,0.00827181209746283,0.008272606723683839,0.008230758438894722,0.008230758438894722,0.008010400576442483,0.008001651992090013,0.008237610668131936,0.008237610668131936,0.007995706960622646,0.008000499894642719,0.048033813253476,0.01792076745846778,0.008227150810204911,0.008227150810204911,0.00823628692460513,0.00823822932431984,0.00799929516089599,0.008002092366847626,0.04435482712159569,0.017352271954356815
EC133-171DMSO1,384.0,0.4178170388005122,0.01045561167488599,0.03606950386936952,0.07008421278834252,0.008245317543318984,0.008245317543318984,0.010894282158408928,0.008232545134204383,0.008232545134204383,0.011071613094619388,0.008238527806246641,0.00823928998306521,0.010894282158408928,0.010894282158408928,0.007992466546800938,0.007993283302688428,0.04112043636465091,0.018125951735966192,0.008234666082817763,0.008234404736210909,0.01045561167488599,0.03606950386936952,0.07008421278834252,0.008235128650522814,0.008235128650522814,0.00825592921095829,0.008255648945372715,0.008232885007460179,0.008232885007460179,0.00826882895726026,0.00826885998035047,0.008235128650522814,0.008235128650522814,0.008013091854397249,0.008002746049128885,0.008234404736210909,0.008234404736210909,0.007992466546800938,0.007993283302688428,0.04112043636465091,0.018125951735966192,0.008232545134204383,0.008232545134204383,0.008238527806246641,0.00823928998306521,0.007995462722973171,0.00799405313848354,0.05597536450486334,0.018304205056019075
GR00003280,240.0,0.09502484231801725,0.010303360013253495,0.12243969117935984,0.18027577021388508,0.024098750555203875,0.024098750555203875,0.013495583798958415,0.021946760528269462,0.021946760528269462,0.011405499822716814,0.0243639464863973,0.024359244251172765,0.013495583798958415,0.013495583798958415,0.0191935515292444,0.020854708388874703,0.768057614036126,0.7408524402346071,0.02374447981010934,0.023738127877201302,0.010303360013253495,0.12243969117935984,0.18027577021388508,0.024430728214947375,0.024430728214947375,0.02184144235556403,0.0218432190976488,0.022226953212589457,0.022226953212589457,0.02349167742272678,0.02349291394171514,0.024430728214947375,0.024430728214947375,0.0235676672979533,0.02079999318481866,0.023738127877201302,0.023738127877201302,0.0191935515292444,0.020854708388874703,0.768057614036126,0.7408524402346071,0.021946760528269462,0.021946760528269462,0.0243639464863973,0.024359244251172765,0.019381138527555197,0.02137524458714115,0.7571570969708713,0.7344342300162262
GR00003282,240.0,0.07554726052241463,0.00982943856679301,0.16116517309923048,0.18937636970149627,0.022415764311948007,0.022415764311948007,0.0121858218795346,0.01953601526681298,0.01953601526681298,0.0107038528434204,0.023127684807541554,0.023130186956838102,0.0121858218795346,0.0121858218795346,0.01785326092954786,0.019189918646438105,0.7374384320808498,0.7124810452908019,0.022178375515478743,0.02218671212955672,0.00982943856679301,0.16116517309923048,0.18937636970149627,0.0229333598735671,0.0229333598735671,0.01934526004287488,0.019345162197971267,0.019578488639092492,0.019578488639092492,0.02201103112539327,0.022012730291735817,0.0229333598735671,0.0229333598735671,0.021883716362445443,0.01944535851840941,0.02218671212955672,0.02218671212955672,0.01785326092954786,0.019189918646438105,0.7374384320808498,0.7124810452908019,0.01953601526681298,0.01953601526681298,0.023127684807541554,0.023130186956838102,0.017941721921215723,0.019196851323018918,0.7364404539428713,0.7142533927552288
GR00003287,240.0,0.035871313580863,0.009088944720090718,0.1640292543179251,0.19063258492333682,0.031003179886228097,0.031003179886228097,0.012396740171964375,0.02562297969061788,0.02562297969061788,0.011102822130231355,0.03065124909379312,0.03065421732685773,0.012396740171964375,0.012396740171964375,0.0242393805608994,0.02602825565016239,0.8117078085320201,0.7788635130330197,0.030991894884748666,0.030988243354712522,0.009088944720090718,0.1640292543179251,0.19063258492333682,0.030870326471567778,0.030870326471567778,0.025853857544175886,0.025858078000684556,0.025835995967951875,0.025835995967951875,0.02938920941470601,0.029386737557844635,0.030870326471567778,0.030870326471567778,0.03041299768698488,0.02846167069603184,0.030988243354712522,0.030988243354712522,0.0242393805608994,0.02602825565016239,0.8117078085320201,0.7788635130330197,0.02562297969061788,0.02562297969061788,0.03065124909379312,0.03065421732685773,0.024224221845081956,0.025568746878407187,0.8076794563423799,0.7739288883781227
GR00003288,240.0,0.037651547926717294,0.008570053754611654,0.24036768025176497,0.27605066478912565,0.030360707144189276,0.030360707144189276,0.012070423444781101,0.025423867441007587,0.025423867441007587,0.010101163266945752,0.031209679513399962,0.031207856076331364,0.012070423444781101,0.012070423444781101,0.02364190977127591,0.02684275004339372,0.7197500253659795,0.6559921225091915,0.030581194280577054,0.030582872537807844,0.008570053754611654,0.24036768025176497,0.27605066478912565,0.03070286038380252,0.03070286038380252,0.025471863204946543,0.025457950972886844,0.025624964824766863,0.025624964824766863,0.0295946968316968,0.029595904665826185,0.03070286038380252,0.03070286038380252,0.030370033664337177,0.02714140208137959,0.030582872537807844,0.030582872537807844,0.02364190977127591,0.02684275004339372,0.7197500253659795,0.6559921225091915,0.025423867441007587,0.025423867441007587,0.031209679513399962,0.031207856076331364,0.02379079539805551,0.02688396392843584,0.7213051892399032,0.6538300046805295
GR00003296,240.0,0.08970835192472487,0.01110736912939056,0.18046997962422096,0.18718850391006395,0.03717263399882229,0.03717263399882229,0.016163177256692723,0.02751019395294936,0.02751019395294936,0.012723012794276262,0.03847213421944897,0.038474191269172585,0.016163177256692723,0.016163177256692723,0.028440019350578105,0.041616338286970055,0.6999466784784526,0.6771776951386695,0.0379797860962,0.03797108973165855,0.01110736912939056,0.18046997962422096,0.18718850391006395,0.04006655423017756,0.04006655423017756,0.02647451907578928,0.02647342946472342,0.02724496407409961,0.02724496407409961,0.03515466671655612,0.03516249063119637,0.04006655423017756,0.04006655423017756,0.03708409428824534,0.03247204749946335,0.03797108973165855,0.03797108973165855,0.028440019350578105,0.041616338286970055,0.6999466784784526,0.6771776951386695,0.02751019395294936,0.02751019395294936,0.03847213421944897,0.038474191269172585,0.028303676802793467,0.04158718447960388,0.6962202058655635,0.6754621497460357
GR00003298,240.0,0.0879147936047135,0.010924769150730183,0.16785503619755815,0.16175270831064262,0.03628095872435476,0.03628095872435476,0.016221059358544895,0.026639486340591094,0.026639486340591094,0.012167092749352031,0.03489999381892975,0.0348985057997234,0.016221059358544895,0.016221059358544895,0.02751043618206228,0.04287896065724938,0.6887592556394421,0.6680219542470952,0.03658456937410515,0.036587274785043165,0.010924769150730183,0.16785503619755815,0.16175270831064262,0.03683624648939505,0.03683624648939505,0.02610708749923037,0.0261054747742809,0.026530773885025553,0.026530773885025553,0.034267594591897564,0.034268088227728324,0.03683624648939505,0.03683624648939505,0.03579685399978713,0.0323370684387498,0.036587274785043165,0.036587274785043165,0.02751043618206228,0.04287896065724938,0.6887592556394421,0.6680219542470952,0.026639486340591094,0.026639486340591094,0.03489999381892975,0.0348985057997234,0.027670811617358005,0.041018040651553296,0.6885824604318861,0.6636514275005383
GR00003299,240.0,0.06824304559762615,0.011665166213133595,0.16283981646847606,0.14621009047506975,0.03629493809903743,0.03629493809903743,0.015574129019756994,0.026303258524019314,0.026303258524019314,0.012567016561646617,0.03576325032657405,0.03576001460292679,0.015574129019756994,0.015574129019756994,0.028234107762242427,0.03830933160170888,0.6706318046246315,0.6482213329545148,0.03660546554857031,0.036603769161381076,0.011665166213133595,0.16283981646847606,0.14621009047506975,0.03633463484891939,0.03633463484891939,0.02609640990418075,0.026087359610912384,0.02629780052506068,0.02629780052506068,0.034542869087903535,0.03454471045096885,0.03633463484891939,0.03633463484891939,0.03561960182547661,0.03210155168815226,0.036603769161381076,0.036603769161381076,0.028234107762242427,0.03830933160170888,0.6706318046246315,0.6482213329545148,0.026303258524019314,0.026303258524019314,0.03576325032657405,0.03576001460292679,0.02847600914261572,0.03814350343308959,0.6775737979558643,0.6524611197993015
GR00003301,240.0,0.06198396028679633,0.011893182325582294,0.23777017774600887,0.24182832907823118,0.03541801679947552,0.03541801679947552,0.015196767409152956,0.024116845020842926,0.024116845020842926,0.012647465489987601,0.03510425532991528,0.03510164805387915,0.015196767409152956,0.015196767409152956,0.027869803234754888,0.03217435036062515,0.7092120931061445,0.6568451874101809,0.03518541809446725,0.035177720704743703,0.011893182325582294,0.23777017774600887,0.24182832907823118,0.0365311794507739,0.0365311794507739,0.02398241581905466,0.02398105899883325,0.024132998668965993,0.024132998668965993,0.03438824047697031,0.03438924956157485,0.0365311794507739,0.0365311794507739,0.03462260127491866,0.0309071007947609,0.035177720704743703,0.035177720704743703,0.027869803234754888,0.03217435036062515,0.7092120931061445,0.6568451874101809,0.024116845020842926,0.024116845020842926,0.03510425532991528,0.03510164805387915,0.028644120387994503,0.0334800006942807,0.7052117216699583,0.6573519395682179
GR00003307,240.0,0.1125581746251367,0.010356742860357565,0.162465024761311,0.16923844852413777,0.03181409032224005,0.03181409032224005,0.014936447247643547,0.025768144491803407,0.025768144491803407,0.01358337572839149,0.03147751532657548,0.03147289823752812,0.014936447247643547,0.014936447247643547,0.021710345223113835,0.0236010167282034,0.6565376700291974,0.6460036921335495,0.031509583534172006,0.03150923026106958,0.010356742860357565,0.162465024761311,0.16923844852413777,0.03231725504014935,0.03231725504014935,0.025304801697498734,0.025302999444427064,0.025771158700140614,0.025771158700140614,0.028396732194508827,0.028398504462132275,0.03231725504014935,0.03231725504014935,0.031072618590164355,0.026098145547075815,0.03150923026106958,0.03150923026106958,0.021710345223113835,0.0236010167282034,0.6565376700291974,0.6460036921335495,0.025768144491803407,0.025768144491803407,0.03147751532657548,0.03147289823752812,0.02147429066043847,0.023586815113900695,0.6564812189952539,0.6421955939064515
GR00003308,240.0,0.07137623560978829,0.009074497755532844,0.11971027301966204,0.14700569595171709,0.02716378267475726,0.02716378267475726,0.011508453908353752,0.021639297238679783,0.021639297238679783,0.010721339296584066,0.028990652478108777,0.02898714313702218,0.011508453908353752,0.011508453908353752,0.018872558230376167,0.021783972670019965,0.6776948699447191,0.6743520198329443,0.027534695105210266,0.027539044723776662,0.009074497755532844,0.11971027301966204,0.14700569595171709,0.02928459435083083,0.02928459435083083,0.020853012527404412,0.020843644026092307,0.02146208813903966,0.02146208813903966,0.02692307599542156,0.02692335187178371,0.02928459435083083,0.02928459435083083,0.027104355296002032,0.0226232077987291,0.027539044723776662,0.027539044723776662,0.018872558230376167,0.021783972670019965,0.6776948699447191,0.6743520198329443,0.021639297238679783,0.021639297238679783,0.028990652478108777,0.02898714313702218,0.018851395472586872,0.022043741849802553,0.6872692896354384,0.683983703987886
GR00003314,240.0,0.1796176990419503,0.0178080033541302,0.29409670684656924,0.28931776479856874,0.034089326433207924,0.034089326433207924,0.025215572279509442,0.02549775014506309,0.02549775014506309,0.020129509342697798,0.033548682179744604,0.033541278467415385,0.025215572279509442,0.025215572279509442,0.02538514331192602,0.04461741700261931,0.7577981993894956,0.7340341430325523,0.034351258626922884,0.034351313956112545,0.0178080033541302,0.29409670684656924,0.28931776479856874,0.03585240688493218,0.03585240688493218,0.024647191314644698,0.024645702972296173,0.025532958920050596,0.025532958920050596,0.0322637898152136,0.03226508933565701,0.03585240688493218,0.03585240688493218,0.033477070367130754,0.029055535999441752,0.034351313956112545,0.034351313956112545,0.02538514331192602,0.04461741700261931,0.7577981993894956,0.7340341430325523,0.02549775014506309,0.02549775014506309,0.033548682179744604,0.033541278467415385,0.02522446029898508,0.045834263139726376,0.7479163897766409,0.7266899063535666
GR00003315,240.0,0.14636453032389868,0.01417024217446851,0.31909350094563443,0.3194159024507551,0.03934290932640658,0.03934290932640658,0.021799039198773237,0.025100155877134846,0.025100155877134846,0.016386802000598628,0.03576740928465671,0.03576277977093803,0.021799039198773237,0.021799039198773237,0.026466930530819586,0.04218619469428588,0.7893236521820405,0.7622151705980165,0.03912458912155144,0.03912427500633852,0.01417024217446851,0.31909350094563443,0.3194159024507551,0.03924839295413874,0.03924839295413874,0.02465424410452228,0.024654091798738665,0.025306735988512557,0.025306735988512557,0.03594951326180833,0.03594843681665349,0.03924839295413874,0.03924839295413874,0.03792651665937013,0.029786528615123944,0.03912427500633852,0.03912427500633852,0.026466930530819586,0.04218619469428588,0.7893236521820405,0.7622151705980165,0.025100155877134846,0.025100155877134846,0.03576740928465671,0.03576277977093803,0.026091156011862928,0.03811966310175045,0.7881700665635886,0.7608788989722396
GR00003316,240.0,0.0857830248004928,0.007920980418815228,0.1569832690151462,0.17190809718971725,0.02344693204867814,0.02344693204867814,0.010055470758056349,0.01951804134109196,0.01951804134109196,0.009235474381447924,0.02409808562092658,0.024091711569598006,0.010055470758056349,0.010055470758056349,0.017703490285676752,0.01882871839065679,0.8327605315585968,0.7668344524898782,0.02374463914202923,0.02374174595817115,0.007920980418815228,0.1569832690151462,0.17190809718971725,0.02396802825156228,0.02396802825156228,0.018897011025332703,0.018900164751645954,0.01941359530572389,0.01941359530572389,0.022302149967785997,0.02230093076159068,0.02396802825156228,0.02396802825156228,0.02351630321441233,0.020685502980229163,0.02374174595817115,0.02374174595817115,0.017703490285676752,0.01882871839065679,0.8327605315585968,0.7668344524898782,0.01951804134109196,0.01951804134109196,0.02409808562092658,0.024091711569598006,0.01741180568954938,0.018455271918934774,0.8259107013102024,0.7607323300338501
GR00003317,240.0,0.09088174754494267,0.009040461107203237,0.13425156108393926,0.1650616584076889,0.027760318180093103,0.027760318180093103,0.011684149945101715,0.02208136806356751,0.02208136806356751,0.010665261404745347,0.026948284382465673,0.026948868815219084,0.011684149945101715,0.011684149945101715,0.019224017745387734,0.021597269436427834,0.716660281643772,0.6913843389555522,0.028462421130565907,0.02845157778276701,0.009040461107203237,0.13425156108393926,0.1650616584076889,0.027471320807226828,0.027471320807226828,0.02130995329372718,0.021314297679447723,0.021968896989235362,0.021968896989235362,0.025486471803848745,0.025475795366364764,0.027471320807226828,0.027471320807226828,0.028024621083503433,0.023639981802788704,0.02845157778276701,0.02845157778276701,0.019224017745387734,0.021597269436427834,0.716660281643772,0.6913843389555522,0.02208136806356751,0.02208136806356751,0.026948284382465673,0.026948868815219084,0.01856285351386511,0.020552117173077776,0.7309054566583645,0.7066081483387525
GR00003331,240.0,0.05317976002377904,0.008947809402844792,0.26642323433480736,0.26716616594276477,0.035899820606658604,0.035899820606658604,0.01667249652099844,0.024752421823367034,0.024752421823367034,0.01120999559563159,0.03607603670785389,0.036076970995872655,0.01667249652099844,0.01667249652099844,0.026521815901914617,0.030787861303251028,0.6678355268635963,0.6629989682429274,0.0361492024097712,0.03616936015257258,0.008947809402844792,0.26642323433480736,0.26716616594276477,0.036598065726719246,0.036598065726719246,0.024619711546815196,0.024624719097888027,0.024577299104756648,0.024577299104756648,0.034604362863912615,0.034601233978741576,0.036598065726719246,0.036598065726719246,0.03546003402229308,0.029972918756889646,0.03616936015257258,0.03616936015257258,0.026521815901914617,0.030787861303251028,0.6678355268635963,0.6629989682429274,0.024752421823367034,0.024752421823367034,0.03607603670785389,0.036076970995872655,0.026510112839011824,0.030696833158386803,0.6665271466458803,0.662421701673367
GR00003336,240.0,0.04434176113159056,0.008557560870314035,0.15607468272133135,0.15457197711250434,0.030782890139706847,0.030782890139706847,0.013393001857467982,0.023627381099495224,0.023627381099495224,0.009714187557060373,0.03138488131986468,0.031394367755468174,0.013393001857467982,0.013393001857467982,0.024317270125030686,0.029023683925165186,0.6533654034849867,0.653262043794403,0.03099295843323052,0.030996439257166514,0.008557560870314035,0.15607468272133135,0.15457197711250434,0.03213568488544658,0.03213568488544658,0.023777055127744695,0.023780382137104237,0.023627568818604668,0.023627568818604668,0.029666062531971744,0.029665449033683778,0.03213568488544658,0.03213568488544658,0.030243619394477717,0.026752599387645275,0.030996439257166514,0.030996439257166514,0.024317270125030686,0.029023683925165186,0.6533654034849867,0.653262043794403,0.023627381099495224,0.023627381099495224,0.03138488131986468,0.031394367755468174,0.024682940125422947,0.029860709579318013,0.6554849137548265,0.6517767149597965
GR00003337,240.0,0.0371672483229304,0.008069605038298523,0.145656095467813,0.13376084255711923,0.04076064955199936,0.04076064955199936,0.012197862972326343,0.027810607831093483,0.027810607831093483,0.009058252254463555,0.040408281060725866,0.04041280268506053,0.012197862972326343,0.012197862972326343,0.027187489874496297,0.04537220184270136,0.6400210079264318,0.6203840577056299,0.04226399325187068,0.042261798063017615,0.008069605038298523,0.145656095467813,0.13376084255711923,0.04296266945649984,0.04296266945649984,0.02737247800883324,0.0273696388309971,0.027741026360963573,0.027741026360963573,0.03831033861670632,0.03831305537188505,0.04296266945649984,0.04296266945649984,0.040483353921601316,0.03325589990793186,0.042261798063017615,0.042261798063017615,0.027187489874496297,0.04537220184270136,0.6400210079264318,0.6203840577056299,0.027810607831093483,0.027810607831093483,0.040408281060725866,0.04041280268506053,0.027531975518095154,0.04746676003465544,0.6390076872179732,0.6198261675633177
GR00003338,240.0,0.029894183855714882,0.008737515314807227,0.3841834684618755,0.3610302030127335,0.03374852872784479,0.03374852872784479,0.01493937947152443,0.026144191066455286,0.026144191066455286,0.01038829679933037,0.03400520205900858,0.03400766526801223,0.01493937947152443,0.01493937947152443,0.027263299122463894,0.032279207492329515,0.8159153513483158,0.7643516258945177,0.03401017561571873,0.03400619268331672,0.008737515314807227,0.3841834684618755,0.3610302030127335,0.03502425807682252,0.03502425807682252,0.02612452384263184,0.026134036289276442,0.02605667092514924,0.02605667092514924,0.0323680698308115,0.032368755965624475,0.03502425807682252,0.03502425807682252,0.033719096253068785,0.03104335854629312,0.03400619268331672,0.03400619268331672,0.027263299122463894,0.032279207492329515,0.8159153513483158,0.7643516258945177,0.026144191066455286,0.026144191066455286,0.03400520205900858,0.03400766526801223,0.02717097152060514,0.03184660963617875,0.8256817901877668,0.769845679469963
GR00003341,240.0,0.09079338281334552,0.012523631988303923,0.20321408233940258,0.19493711525336,0.042308485559350004,0.042308485559350004,0.019326576307003424,0.027562385066173756,0.027562385066173756,0.014810637425550012,0.04063189665373473,0.040625953295090764,0.019326576307003424,0.019326576307003424,0.025968071343761386,0.05587945008611936,0.7881004464865373,0.7663879570399801,0.04293455535967502,0.04293484979435554,0.012523631988303923,0.20321408233940258,0.19493711525336,0.04280103453097954,0.04280103453097954,0.02715934094365891,0.027163634745758485,0.027059449755421693,0.027059449755421693,0.039124896389886615,0.0391264874779089,0.04280103453097954,0.04280103453097954,0.04141578395430563,0.03091569189549864,0.04293484979435554,0.04293484979435554,0.025968071343761386,0.05587945008611936,0.7881004464865373,0.7663879570399801,0.027562385066173756,0.027562385066173756,0.04063189665373473,0.040625953295090764,0.02582621423264089,0.0507719818502005,0.7827427218293048,0.76158230305862
GR00003344,240.0,0.054706310738209335,0.012141403128399618,0.18995465951870488,0.18502589702890104,0.030952382738747484,0.030952382738747484,0.01740080635633576,0.022387303309225427,0.022387303309225427,0.013497762283654726,0.03171265442946494,0.03172123723598522,0.01740080635633576,0.01740080635633576,0.02240990720116261,0.02670374781558724,0.7938741703608012,0.7827254994553055,0.031049624507238117,0.03105227152090043,0.012141403128399618,0.18995465951870488,0.18502589702890104,0.03295888812547616,0.03295888812547616,0.021928958156579918,0.02193230631504289,0.022411854984749784,0.022411854984749784,0.030179962760953683,0.030178692147910822,0.03295888812547616,0.03295888812547616,0.030909119598438745,0.02625362009405987,0.03105227152090043,0.03105227152090043,0.02240990720116261,0.02670374781558724,0.7938741703608012,0.7827254994553055,0.022387303309225427,0.022387303309225427,0.03171265442946494,0.03172123723598522,0.02274544931718277,0.02675885245668386,0.798020923951406,0.7843268055946376
GR00003382,240.0,0.044511001775295475,0.008752496249995427,0.11551344618158252,0.1220306300997914,0.02311743153371116,0.02311743153371116,0.010911070080413,0.018573092723710175,0.018573092723710175,0.009801311268593934,0.023794101309151442,0.023796906223189352,0.010911070080413,0.010911070080413,0.017994880857383055,0.019193138224888197,0.7210773398173003,0.7074190800112988,0.023274384483051247,0.023276280781509992,0.008752496249995427,0.11551344618158252,0.1220306300997914,0.023925894617981277,0.023925894617981277,0.018370454643036726,0.01836949385867702,0.018685142301480485,0.018685142301480485,0.022473737048737993,0.022474153257458607,0.023925894617981277,0.023925894617981277,0.023027588714212965,0.020117467730646606,0.023276280781509992,0.023276280781509992,0.017994880857383055,0.019193138224888197,0.7210773398173003,0.7074190800112988,0.018573092723710175,0.018573092723710175,0.023794101309151442,0.023796906223189352,0.018096724380478924,0.01929687085581945,0.7278820791964117,0.7123713162853399
GR00003383,240.0,0.04209745734334562,0.008428754945545147,0.09692479804930659,0.11153863946968544,0.02484266358241234,0.02484266358241234,0.010173026163633248,0.019130860545816777,0.019130860545816777,0.008913634921178911,0.02517162633122915,0.02516568254006207,0.010173026163633248,0.010173026163633248,0.01817950613102888,0.018855098946558582,0.7316154624058272,0.6779451168074399,0.02446174269413904,0.024454061332872465,0.008428754945545147,0.09692479804930659,0.11153863946968544,0.026219960406982726,0.026219960406982726,0.01888536455127461,0.01888488170588125,0.01940345594359603,0.01940345594359603,0.024202785908293837,0.02420137845492015,0.026219960406982726,0.026219960406982726,0.024084821766477218,0.021105452444514696,0.024454061332872465,0.024454061332872465,0.01817950613102888,0.018855098946558582,0.7316154624058272,0.6779451168074399,0.019130860545816777,0.019130860545816777,0.02517162633122915,0.02516568254006207,0.018334449466089968,0.01887580922037203,0.7299396882100873,0.6767700642781885
GR00003386,240.0,0.04191420845834851,0.00900936923329087,0.1448156332336202,0.1388404176906563,0.02382293375368664,0.02382293375368664,0.010438897342566833,0.01941139370994095,0.01941139370994095,0.009688297935038758,0.025299612871109607,0.02528985720544809,0.010438897342566833,0.010438897342566833,0.01776702816718481,0.01905569507028075,0.7461262219423014,0.7042765574946338,0.023584892622006196,0.023591363607305856,0.00900936923329087,0.1448156332336202,0.1388404176906563,0.025042623288138187,0.025042623288138187,0.01949909894277192,0.01950267751373226,0.019440425758932324,0.019440425758932324,0.023531788063927726,0.023528247217233764,0.025042623288138187,0.025042623288138187,0.023486835990748176,0.020533488603907742,0.023591363607305856,0.023591363607305856,0.01776702816718481,0.01905569507028075,0.7461262219423014,0.7042765574946338,0.01941139370994095,0.01941139370994095,0.025299612871109607,0.02528985720544809,0.017945554511147502,0.019280929992541756,0.7501491574830194,0.7041662960992404
GR00003387,240.0,0.04478671258909442,0.00861065964241475,0.18702611756057566,0.18027589174869119,0.02121918159221107,0.02121918159221107,0.00968430737032735,0.016266672265717656,0.016266672265717656,0.00898861596835699,0.021189008767697522,0.021185453564175814,0.00968430737032735,0.00968430737032735,0.017279730802659644,0.017407986860651092,0.753783672554096,0.691170112389533,0.021022849288774202,0.021021839277112278,0.00861065964241475,0.18702611756057566,0.18027589174869119,0.02195970685880367,0.02195970685880367,0.016002456574197785,0.015996428909898688,0.0163532965896088,0.0163532965896088,0.020349960814517554,0.020349868568313494,0.02195970685880367,0.02195970685880367,0.020733149608957436,0.01870276196303811,0.021021839277112278,0.021021839277112278,0.017279730802659644,0.017407986860651092,0.753783672554096,0.691170112389533,0.016266672265717656,0.016266672265717656,0.021189008767697522,0.021185453564175814,0.0171398848149836,0.0173285643686375,0.752119501606347,0.6899345271354884
GR00003390,240.0,0.03751042608936625,0.009043805230437086,0.07567504237906313,0.08204254401533681,0.023452120462838663,0.023452120462838663,0.011274085199929451,0.019765198860168687,0.019765198860168687,0.009253676868075749,0.024681516636162495,0.0246777780530872,0.011274085199929451,0.011274085199929451,0.01764403471481528,0.018479473532742912,0.6675155169872922,0.6068829315212125,0.02317611347121321,0.023183545055418472,0.009043805230437086,0.07567504237906313,0.08204254401533681,0.025465632173723052,0.025465632173723052,0.019164847183572167,0.019166904728457668,0.019920396204911105,0.019920396204911105,0.02332847041742568,0.02333063803372326,0.025465632173723052,0.025465632173723052,0.023009374449159358,0.01991478781469931,0.023183545055418472,0.023183545055418472,0.01764403471481528,0.018479473532742912,0.6675155169872922,0.6068829315212125,0.019765198860168687,0.019765198860168687,0.024681516636162495,0.0246777780530872,0.01790577582160614,0.018849743295205383,0.6763681033284319,0.6107622551674028
GR00003391,240.0,0.0487593952011,0.008748132436325346,0.17184906069640551,0.1699537119648006,0.028598881448295553,0.028598881448295553,0.013565802876376206,0.02412293582720503,0.02412293582720503,0.011406336367410444,0.03149424535556209,0.031500334530378156,0.013565802876376206,0.013565802876376206,0.01929711582829306,0.021493454485701013,0.6852069845406104,0.6634259771822253,0.028920363051536942,0.02892030772566301,0.008748132436325346,0.17184906069640551,0.1699537119648006,0.030698954231346116,0.030698954231346116,0.02389917323042465,0.023900505572340917,0.02425636225669877,0.02425636225669877,0.029012195293255154,0.029016464877931445,0.030698954231346116,0.030698954231346116,0.02861210659164093,0.02378578077370708,0.02892030772566301,0.02892030772566301,0.01929711582829306,0.021493454485701013,0.6852069845406104,0.6634259771822253,0.02412293582720503,0.02412293582720503,0.03149424535556209,0.031500334530378156,0.01936709370945785,0.021770158806276,0.6850118708629274,0.6626053823881247
GR00003393,240.0,0.037892834074258926,0.00883117380664202,0.10138737846832152,0.09921036610031168,0.024918956304348903,0.024918956304348903,0.011026963412885444,0.0197270113061031,0.0197270113061031,0.009977928055231457,0.0262128889547686,0.02620904164060194,0.011026963412885444,0.011026963412885444,0.018405250617459734,0.020058466444963795,0.693171414355655,0.675310971530156,0.025033073370453063,0.02503919109252225,0.00883117380664202,0.10138737846832152,0.09921036610031168,0.02618991007716952,0.02618991007716952,0.019141363645401623,0.01914662745026554,0.019898945227869853,0.019898945227869853,0.024046319163025204,0.024048332378502412,0.02618991007716952,0.02618991007716952,0.024684068479315528,0.021342464393882002,0.02503919109252225,0.02503919109252225,0.018405250617459734,0.020058466444963795,0.693171414355655,0.675310971530156,0.0197270113061031,0.0197270113061031,0.0262128889547686,0.02620904164060194,0.018248540793289525,0.019971099436332906,0.6990775961131112,0.6775549890608538
GR00003396,240.0,0.043019943008367006,0.00816806197808467,0.09969258197569614,0.09027267452105993,0.02322499138620364,0.02322499138620364,0.00970579638076668,0.017859417411522287,0.017859417411522287,0.008917066489249436,0.02335455046138771,0.023358157126564638,0.00970579638076668,0.00970579638076668,0.018537180103603494,0.01905474281224161,0.7140376832300256,0.6516878759257244,0.023315936979438418,0.023318142281859366,0.00816806197808467,0.09969258197569614,0.09027267452105993,0.023954534908980116,0.023954534908980116,0.017528064519486228,0.017526165752030674,0.017930278028410542,0.017930278028410542,0.022663802535627185,0.022667291717235312,0.023954534908980116,0.023954534908980116,0.023063024770767295,0.020879416219853293,0.023318142281859366,0.023318142281859366,0.018537180103603494,0.01905474281224161,0.7140376832300256,0.6516878759257244,0.017859417411522287,0.017859417411522287,0.02335455046138771,0.023358157126564638,0.01868278125311533,0.019280919901611685,0.7109210748958698,0.6447203089089335
GR00004367,240.0,0.07100365432753221,0.008905807996457188,0.09469845348589521,0.1113695469156613,0.03443850952962562,0.03443850952962562,0.013794898977366474,0.027594620521753214,0.027594620521753214,0.010826313595278475,0.03539477430181491,0.03539150967794221,0.013794898977366474,0.013794898977366474,0.025734766536621354,0.031172670499274118,0.6741337446480299,0.6513581748703915,0.034855110478928135,0.0348548363915814,0.008905807996457188,0.09469845348589521,0.1113695469156613,0.03640162612523233,0.03640162612523233,0.026637327700820893,0.02663801060776196,0.027109227579503025,0.027109227579503025,0.03343447349767665,0.033431647785397846,0.03640162612523233,0.03640162612523233,0.03440228315878402,0.030156694200157767,0.0348548363915814,0.0348548363915814,0.025734766536621354,0.031172670499274118,0.6741337446480299,0.6513581748703915,0.027594620521753214,0.027594620521753214,0.03539477430181491,0.03539150967794221,0.02593100879693082,0.031854598676746206,0.6712517311060722,0.6508132395606773
GR00004372,240.0,0.04678401885561397,0.008016477007474558,0.12063524785901134,0.11030585017764455,0.03412936789752348,0.03412936789752348,0.011003535759021176,0.0264706782210357,0.0264706782210357,0.008905548186394231,0.0331078462360941,0.033091675844498875,0.011003535759021176,0.011003535759021176,0.024002487842439673,0.0261669297779088,0.5735190563862713,0.5534779959680834,0.033390298063671595,0.03338468201307821,0.008016477007474558,0.12063524785901134,0.11030585017764455,0.033575014088100666,0.033575014088100666,0.025582267487613386,0.025577493074015807,0.026206867551801336,0.026206867551801336,0.03188638149878977,0.03188782890041837,0.033575014088100666,0.033575014088100666,0.0329778239679146,0.028663727704009687,0.03338468201307821,0.03338468201307821,0.024002487842439673,0.0261669297779088,0.5735190563862713,0.5534779959680834,0.0264706782210357,0.0264706782210357,0.0331078462360941,0.033091675844498875,0.024287014546445343,0.026900053496179643,0.579618015458461,0.560662606710423
GR00004374,240.0,0.048424173595540514,0.008495590731879398,0.4106993831086807,0.37984651723044344,0.027198358548095367,0.027198358548095367,0.010444651858618812,0.024647797292178347,0.024647797292178347,0.009271125661783852,0.028686521833312648,0.02868915965903961,0.010444651858618812,0.010444651858618812,0.02144251815345247,0.022963388459413744,0.9865549780977586,0.9778565607014128,0.027684040547867328,0.027685525736086534,0.008495590731879398,0.4106993831086807,0.37984651723044344,0.02910557850861057,0.02910557850861057,0.02455191840686073,0.024550871113756614,0.024665072176560734,0.024665072176560734,0.027176881334528828,0.027177438981351533,0.02910557850861057,0.02910557850861057,0.027365930719330526,0.024327879247116324,0.027685525736086534,0.027685525736086534,0.02144251815345247,0.022963388459413744,0.9865549780977586,0.9778565607014128,0.024647797292178347,0.024647797292178347,0.028686521833312648,0.02868915965903961,0.02224829880962923,0.023628060378674945,0.9893884684500255,0.9814602008039099
GR00004375,240.0,0.07033452776905363,0.009345619173616143,0.08162959909919838,0.08730746090610547,0.026602043855111893,0.026602043855111893,0.01202839728447944,0.023865705886579273,0.023865705886579273,0.010681913038882282,0.026177268449958373,0.026174646324133796,0.01202839728447944,0.01202839728447944,0.01948721235280386,0.020709161332361097,0.6064542218697098,0.5421642585351442,0.02648742782211595,0.026483510427371317,0.009345619173616143,0.08162959909919838,0.08730746090610547,0.02663652534262356,0.02663652534262356,0.023590147162675778,0.02358651127901319,0.024056296460954467,0.024056296460954467,0.024350415113659263,0.02435206899183443,0.02663652534262356,0.02663652534262356,0.026370749774569956,0.024097462041079123,0.026483510427371317,0.026483510427371317,0.01948721235280386,0.020709161332361097,0.6064542218697098,0.5421642585351442,0.023865705886579273,0.023865705886579273,0.026177268449958373,0.026174646324133796,0.01906336493851383,0.020351945987658125,0.6256952453560558,0.54569557598344
GR00004377,240.0,0.09049118102063149,0.011341474979257119,0.15864596356150132,0.14211943501408733,0.03975224198721809,0.03975224198721809,0.018212753590458337,0.029719710095354505,0.029719710095354505,0.013672268503532042,0.03852973857248297,0.03852773781179474,0.018212753590458337,0.018212753590458337,0.029555033912459696,0.04473004665703841,0.6770190297725672,0.6666271716612339,0.0394139656925842,0.039413232378103,0.011341474979257119,0.15864596356150132,0.14211943501408733,0.04020558603933043,0.04020558603933043,0.02969302754281009,0.029692836115298236,0.029713487412628217,0.029713487412628217,0.03766227767404304,0.037662734202904065,0.04020558603933043,0.04020558603933043,0.03827013685077082,0.03294110429789423,0.039413232378103,0.039413232378103,0.029555033912459696,0.04473004665703841,0.6770190297725672,0.6666271716612339,0.029719710095354505,0.029719710095354505,0.03852973857248297,0.03852773781179474,0.03012800039779775,0.043608099906305965,0.6770300536087134,0.6664874684183175
GR00004379,240.0,0.049736462343116315,0.010803434478240727,0.3476155764972833,0.33516729690843733,0.024381038885195497,0.024381038885195497,0.014596100929109762,0.01914852428118095,0.01914852428118095,0.011343546909103561,0.02452949353445164,0.024527471491763184,0.014596100929109762,0.014596100929109762,0.019043570439077027,0.019877627796528918,0.8986226173074593,0.8316764615168606,0.02419052293378583,0.024190661356276993,0.010803434478240727,0.3476155764972833,0.33516729690843733,0.025885467343649004,0.025885467343649004,0.019053702640955728,0.01904703121500086,0.01935006565441427,0.01935006565441427,0.023679572150198374,0.023679445584414042,0.025885467343649004,0.025885467343649004,0.02388455935376537,0.021541106559956006,0.024190661356276993,0.024190661356276993,0.019043570439077027,0.019877627796528918,0.8986226173074593,0.8316764615168606,0.01914852428118095,0.01914852428118095,0.02452949353445164,0.024527471491763184,0.01974169065963295,0.020807886510413844,0.9138944056606563,0.8436554960224283
GR00004383,240.0,0.05945327075514415,0.01068033272659995,0.1159577795809615,0.10299089502747576,0.03233624214361896,0.03233624214361896,0.014441007903917912,0.02535145788563853,0.02535145788563853,0.011408816077548092,0.03249827371997064,0.03249732133809242,0.014441007903917912,0.014441007903917912,0.023592317560756734,0.026409385171344262,0.6481284911068976,0.5900141544073545,0.03229133798781943,0.0322895730299741,0.01068033272659995,0.1159577795809615,0.10299089502747576,0.03281291393885777,0.03281291393885777,0.024863022442254173,0.02485307547422371,0.02519224831369379,0.02519224831369379,0.030855442677063076,0.030858060097018136,0.03281291393885777,0.03281291393885777,0.03196169201241013,0.028285259893650584,0.0322895730299741,0.0322895730299741,0.023592317560756734,0.026409385171344262,0.6481284911068976,0.5900141544073545,0.02535145788563853,0.02535145788563853,0.03249827371997064,0.03249732133809242,0.02349011503851977,0.025992717475310956,0.6470103041029301,0.5915961745123487
GR00004385,240.0,0.11574090664360678,0.013201999664122494,0.19748804599289987,0.2103462026672996,0.031562181866539044,0.031562181866539044,0.018353573770483547,0.024546401429424998,0.024546401429424998,0.015115225279936561,0.03126102663859851,0.03126582198387369,0.018353573770483547,0.018353573770483547,0.02520930847821893,0.027773293255086443,0.6744530353720787,0.6695019487281437,0.031467253647185806,0.03145344941848262,0.013201999664122494,0.19748804599289987,0.2103462026672996,0.032185882367721956,0.032185882367721956,0.02562455175959925,0.02562456815071247,0.02461923841397743,0.02461923841397743,0.029917130762457122,0.029911968752650505,0.032185882367721956,0.032185882367721956,0.031173541068565114,0.027941811923647867,0.03145344941848262,0.03145344941848262,0.02520930847821893,0.027773293255086443,0.6744530353720787,0.6695019487281437,0.024546401429424998,0.024546401429424998,0.03126102663859851,0.03126582198387369,0.025712141292324183,0.028655070043728508,0.6840738289088818,0.670825417748654
GR00004394,240.0,0.063721449837445,0.009530964265624135,0.20434225152550436,0.21009243850900106,0.025981812283481693,0.025981812283481693,0.012709870195245153,0.022423732246167696,0.022423732246167696,0.010566846465133953,0.026752125597259816,0.02675618837158948,0.012709870195245153,0.012709870195245153,0.022587713850201967,0.026339779809317634,0.7920500331518536,0.7664025030915332,0.02583166366581691,0.025831359578634285,0.009530964265624135,0.20434225152550436,0.21009243850900106,0.02700188100557995,0.02700188100557995,0.021814974474871535,0.021810201732343514,0.022346133342562507,0.022346133342562507,0.0256548425682919,0.02565656824887496,0.02700188100557995,0.02700188100557995,0.02576437124335502,0.024119213623196297,0.025831359578634285,0.025831359578634285,0.022587713850201967,0.026339779809317634,0.7920500331518536,0.7664025030915332,0.022423732246167696,0.022423732246167696,0.026752125597259816,0.02675618837158948,0.022967247711098718,0.026889335394150192,0.7995764524411492,0.7727002561743548
GR00004399,240.0,0.03931365175803494,0.008828250527151268,0.24256776686093354,0.21530824304804472,0.026892059179345434,0.026892059179345434,0.010894177487573256,0.020254178964757605,0.020254178964757605,0.00951303108668694,0.02638708819505826,0.02638214145412528,0.010894177487573256,0.010894177487573256,0.020463086582645,0.024121154734842207,0.857147309624068,0.8418593482444474,0.02695528198565842,0.026968768771067474,0.008828250527151268,0.24256776686093354,0.21530824304804472,0.028435598949077583,0.028435598949077583,0.020269022552426845,0.020269800421485927,0.02019436449837855,0.02019436449837855,0.024878114012669168,0.02487909106156571,0.028435598949077583,0.028435598949077583,0.026583836705942606,0.023055276782443464,0.026968768771067474,0.026968768771067474,0.020463086582645,0.024121154734842207,0.857147309624068,0.8418593482444474,0.020254178964757605,0.020254178964757605,0.02638708819505826,0.02638214145412528,0.02053457300895186,0.024113010429039388,0.8645172325966856,0.8512619685963678
GR00004400,240.0,0.05043247798949825,0.008293441598112536,0.24004986225381128,0.2314906907979642,0.03128655486947331,0.03128655486947331,0.010678119006304766,0.021969925088012193,0.021969925088012193,0.009262007266670496,0.030451548498243892,0.03044635480659834,0.010678119006304766,0.010678119006304766,0.023357868277528945,0.027305817387256685,0.8485598625788932,0.8383667683755024,0.03152044522041301,0.031521143108177316,0.008293441598112536,0.24004986225381128,0.2314906907979642,0.03189606702474039,0.03189606702474039,0.021649730670075806,0.02166198444735957,0.022032678112510428,0.022032678112510428,0.029590172331644505,0.029594231938488678,0.03189606702474039,0.03189606702474039,0.030713801034973877,0.02600224469068984,0.031521143108177316,0.031521143108177316,0.023357868277528945,0.027305817387256685,0.8485598625788932,0.8383667683755024,0.021969925088012193,0.021969925088012193,0.030451548498243892,0.03044635480659834,0.023082489435226807,0.027194442820824463,0.8425356776303136,0.8355908525526857
GR00004401,240.0,0.03805586980921169,0.008856292987156478,0.21567903662573867,0.19228254613874798,0.025369179398767705,0.025369179398767705,0.010313195383172715,0.018714039894166014,0.018714039894166014,0.009160848756951787,0.024814930376099338,0.02481516471595565,0.010313195383172715,0.010313195383172715,0.02079353964581586,0.022810596848728725,0.8559357943670122,0.846419756414451,0.025327147278508596,0.02533176377435825,0.008856292987156478,0.21567903662573867,0.19228254613874798,0.025585263319818828,0.025585263319818828,0.018365258587036675,0.01836068856610723,0.01896872074946915,0.01896872074946915,0.024135188046425005,0.024144091571791402,0.025585263319818828,0.025585263319818828,0.02519524402326185,0.02268465813388772,0.02533176377435825,0.02533176377435825,0.02079353964581586,0.022810596848728725,0.8559357943670122,0.846419756414451,0.018714039894166014,0.018714039894166014,0.024814930376099338,0.02481516471595565,0.020833666822499295,0.023349564297367193,0.8586153303801113,0.8496259454881857
GR00004405,240.0,0.12941144681912467,0.012636228091915292,0.19347655092062055,0.19958539663739586,0.04080758396774485,0.04080758396774485,0.020082256421792913,0.02860144949746866,0.02860144949746866,0.014553068663906975,0.037960545866816624,0.03796198748926543,0.020082256421792913,0.020082256421792913,0.029014964153002323,0.05517605824302134,0.7784693832046865,0.7614106967065458,0.04119956519555932,0.04120670107094522,0.012636228091915292,0.19347655092062055,0.19958539663739586,0.041758864705664485,0.041758864705664485,0.02839167066651053,0.02838936161840265,0.02855990056958252,0.02855990056958252,0.03716087137703923,0.03715224270619431,0.041758864705664485,0.041758864705664485,0.03958761646711754,0.032789169384078456,0.04120670107094522,0.04120670107094522,0.029014964153002323,0.05517605824302134,0.7784693832046865,0.7614106967065458,0.02860144949746866,0.02860144949746866,0.037960545866816624,0.03796198748926543,0.028589938310080106,0.050459837518997935,0.7790116912741188,0.7594401348942299
GR00004410,240.0,0.06752739820762746,0.009932397870287895,0.16371197414689087,0.159952753708944,0.03120799462881714,0.03120799462881714,0.015821029720839673,0.024493684647295774,0.024493684647295774,0.011712649246292176,0.0313091351440136,0.03130751583436326,0.015821029720839673,0.015821029720839673,0.024944590846650905,0.030948974186572328,0.7605920965382943,0.7406066077758809,0.031480079505240496,0.031481106097500905,0.009932397870287895,0.16371197414689087,0.159952753708944,0.032408685858590296,0.032408685858590296,0.024056181988574166,0.02406015429874976,0.02434914262998555,0.02434914262998555,0.029959834243852415,0.029959904503112547,0.032408685858590296,0.032408685858590296,0.031077658530037043,0.02641362207127947,0.031481106097500905,0.031481106097500905,0.024944590846650905,0.030948974186572328,0.7605920965382943,0.7406066077758809,0.024493684647295774,0.024493684647295774,0.0313091351440136,0.03130751583436326,0.02498253153613549,0.030861032746120547,0.7627443737433086,0.7450363488460847
GR00004416,240.0,0.11835828012940658,0.009458854973848213,0.4799953000346343,0.45110048542639275,0.03290588029208245,0.03290588029208245,0.015446978488715336,0.027556685511125605,0.027556685511125605,0.011735780747731652,0.0336456379336282,0.03364498251399977,0.015446978488715336,0.015446978488715336,0.025393620740820123,0.029286248999920567,0.9768038640959774,0.9484519175057375,0.03344018984462456,0.03343817484147165,0.009458854973848213,0.4799953000346343,0.45110048542639275,0.03300603735819609,0.03300603735819609,0.02771727836755343,0.02772082904631753,0.027673878333857697,0.027673878333857697,0.03208067732270049,0.03209134165216851,0.03300603735819609,0.03300603735819609,0.033115814447161135,0.02963108285812508,0.03343817484147165,0.03343817484147165,0.025393620740820123,0.029286248999920567,0.9768038640959774,0.9484519175057375,0.027556685511125605,0.027556685511125605,0.0336456379336282,0.03364498251399977,0.025027050738936484,0.028835604287717295,0.9779565833845669,0.9531816866245044
GR00004418,240.0,0.11043801980037302,0.01072430848596,0.48545358235529495,0.44491793224340653,0.02207780515621616,0.02207780515621616,0.015949046373949675,0.018948150647961657,0.018948150647961657,0.011465326124228119,0.024830859719686807,0.024833025210351477,0.015949046373949675,0.015949046373949675,0.017255501697329638,0.017100640834387303,0.9432257636937806,0.7823235728260765,0.0222052338916133,0.022203681889061726,0.01072430848596,0.48545358235529495,0.44491793224340653,0.025706498048307967,0.025706498048307967,0.018847061849202474,0.01885062024790614,0.01919381779894546,0.01919381779894546,0.022709822369919547,0.022714233723028485,0.025706498048307967,0.025706498048307967,0.021831971564241444,0.01981400565801573,0.022203681889061726,0.022203681889061726,0.017255501697329638,0.017100640834387303,0.9432257636937806,0.7823235728260765,0.018948150647961657,0.018948150647961657,0.024830859719686807,0.024833025210351477,0.01795455343331914,0.018010086411951568,0.9527729004082048,0.8068733952582857
J12424c,64.0,0.04912075511853917,0.0023041251011096876,0.12958916249431232,0.0919709467417999,0.01142791963201073,0.01142791963201073,0.00362409239476243,0.008515375685988156,0.008515375685988156,0.002511469264906882,0.011490533647012382,0.011490886107900307,0.00362409239476243,0.00362409239476243,0.009871367991834485,0.010136719899055475,0.5839609999985079,0.563537512110954,0.012071404845663438,0.012072520489353186,0.0023041251011096876,0.12958916249431232,0.0919709467417999,0.012670328338334948,0.012670328338334948,0.008606732450636284,0.00860678004849792,0.009245462999724176,0.009245462999724176,0.011109798582772118,0.011104840696219098,0.012670328338334948,0.012670328338334948,0.011516955585003909,0.011364252625196488,0.012072520489353186,0.012072520489353186,0.009871367991834485,0.010136719899055475,0.5839609999985079,0.563537512110954,0.008515375685988156,0.008515375685988156,0.011490533647012382,0.011490886107900307,0.009673434362961683,0.01028112605177703,0.5777681285951516,0.5527826310268782
J12432c,64.0,0.03179527406909017,0.0033232533314454843,0.09163970310422578,0.07309664282274113,0.019393608279277347,0.019393608279277347,0.005108893551360988,0.012331056470268114,0.012331056470268114,0.003960455305093248,0.017089639709610163,0.017089632176668673,0.005108893551360988,0.005108893551360988,0.011441416828610875,0.012722309052188305,0.4956162300463146,0.4728267933663848,0.019427920827034026,0.01942585069889183,0.0033232533314454843,0.09163970310422578,0.07309664282274113,0.018730089995095255,0.018730089995095255,0.013356797142280268,0.013367930560583543,0.012903109598789157,0.012903109598789157,0.016164391443422653,0.01616795378921934,0.018730089995095255,0.018730089995095255,0.018298112256320977,0.0171128638585211,0.01942585069889183,0.01942585069889183,0.011441416828610875,0.012722309052188305,0.4956162300463146,0.4728267933663848,0.012331056470268114,0.012331056470268114,0.017089639709610163,0.017089632176668673,0.010852842828445602,0.012148313048807135,0.4887218289505087,0.45440499095809184
J12436d,64.0,0.031234766683917708,0.003051296285675157,0.11024271480910566,0.07490772320985199,0.017625118308080105,0.017625118308080105,0.006653020225788523,0.0123558439010892,0.0123558439010892,0.004601445752221987,0.016163307148901268,0.016162582851205014,0.006653020225788523,0.006653020225788523,0.010346683215549733,0.011628242748710254,0.5648066731124817,0.5214922998055678,0.018979380525150698,0.018979157202059473,0.003051296285675157,0.11024271480910566,0.07490772320985199,0.019601086525490807,0.019601086525490807,0.013147689783379747,0.013140560631550731,0.013367702949729771,0.013367702949729771,0.016253056531374276,0.01622010762769151,0.019601086525490807,0.019601086525490807,0.018278193980933277,0.01664082852885697,0.018979157202059473,0.018979157202059473,0.010346683215549733,0.011628242748710254,0.5648066731124817,0.5214922998055678,0.0123558439010892,0.0123558439010892,0.016163307148901268,0.016162582851205014,0.010546653586281589,0.011111520264455138,0.5456853227841058,0.5095952609050453
J12440a,64.0,0.04588993093490916,0.0028952021473331977,0.09966174665691047,0.06761804685172043,0.01153800212330183,0.01153800212330183,0.0037579365119035603,0.010298563661887552,0.010298563661887552,0.0033450852854517766,0.011184120904156908,0.011183536742016031,0.0037579365119035603,0.0037579365119035603,0.008413316314182928,0.008912511016217334,0.6048574527321415,0.5410865768876967,0.012238660855544793,0.012237364098742353,0.0028952021473331977,0.09966174665691047,0.06761804685172043,0.01231354122094689,0.01231354122094689,0.011869234829176947,0.011893747845880103,0.011274213698129353,0.011274213698129353,0.011362228501993593,0.011363919755880622,0.01231354122094689,0.01231354122094689,0.011792940843639474,0.011186969476927055,0.012237364098742353,0.012237364098742353,0.008413316314182928,0.008912511016217334,0.6048574527321415,0.5410865768876967,0.010298563661887552,0.010298563661887552,0.011184120904156908,0.011183536742016031,0.008711660178864489,0.009230665238006914,0.604666754729006,0.5475393840598447
J12446a,64.0,0.059580815802089064,0.0028388648152620545,0.1337077473530084,0.09771406723252374,0.01827566570446114,0.01827566570446114,0.006562572572637242,0.013295563653847512,0.013295563653847512,0.00393695287006448,0.017073483623595138,0.017075578138622306,0.006562572572637242,0.006562572572637242,0.014013607089174407,0.01406086205743158,0.5998885779540633,0.5538641682390947,0.018681806011965427,0.018684819108673804,0.0028388648152620545,0.1337077473530084,0.09771406723252374,0.018677864893809123,0.018677864893809123,0.014847541382545201,0.014858293507613467,0.014340202769394964,0.014340202769394964,0.016751285119779476,0.016753804720245097,0.018677864893809123,0.018677864893809123,0.01800336291542659,0.017689257137768626,0.018684819108673804,0.018684819108673804,0.014013607089174407,0.01406086205743158,0.5998885779540633,0.5538641682390947,0.013295563653847512,0.013295563653847512,0.017073483623595138,0.017075578138622306,0.014201977466455054,0.014019969794453024,0.5814610362910723,0.5355292083865331
J12459c,64.0,0.053755500615326315,0.0026012117230446775,0.08422282572720138,0.06074802277856357,0.012661480344468373,0.012661480344468373,0.0038977686663958827,0.009065313206853942,0.009065313206853942,0.002583421287752696,0.01128970341155205,0.011289892641169749,0.0038977686663958827,0.0038977686663958827,0.008631853343923225,0.008860870962139696,0.5396858293423089,0.4849542511290765,0.013026959708374027,0.013026626283670682,0.0026012117230446775,0.08422282572720138,0.06074802277856357,0.012995735965745693,0.012995735965745693,0.009276831549497079,0.00927622739091801,0.010007355165060156,0.010007355165060156,0.010675071071002155,0.010666329743997836,0.012995735965745693,0.012995735965745693,0.012733102831268923,0.011624896097511384,0.013026626283670682,0.013026626283670682,0.008631853343923225,0.008860870962139696,0.5396858293423089,0.4849542511290765,0.009065313206853942,0.009065313206853942,0.01128970341155205,0.011289892641169749,0.008074509350704195,0.008401286440345533,0.5367901615032501,0.48591804722383225
P24P27cW,64.0,0.10256611433765667,0.0017347171488462491,0.010549219796055309,0.0065786301109013465,0.0043597941681889334,0.0043597941681889334,0.0020419342653532993,0.005578460952011972,0.005578460952011972,0.0021881901910817776,0.005253112663549157,0.005252086391295456,0.0020419342653532993,0.0020419342653532993,0.0025230196501679902,0.002795049337232024,0.3149573629835576,0.3004071569831452,0.004864163895938097,0.004861546430784051,0.0017347171488462491,0.010549219796055309,0.0065786301109013465,0.0057582547230688634,0.0057582547230688634,0.0054679240289520654,0.005464717178699162,0.006596061078290773,0.006596061078290773,0.004293885290152869,0.004297288567427239,0.0057582547230688634,0.0057582547230688634,0.004660169835021108,0.0044284451752091844,0.004861546430784051,0.004861546430784051,0.0025230196501679902,0.002795049337232024,0.3149573629835576,0.3004071569831452,0.005578460952011972,0.005578460952011972,0.005253112663549157,0.005252086391295456,0.002499065510188647,0.002615082517230054,0.2808631983375149,0.2523720680633312
P24P27dW,45.0,0.07582340891042984,0.0011796603298602707,0.006614398081541494,0.0038729279410018476,0.0017363926559226257,0.0017363926559226257,0.0014741446998433167,0.002160612511737222,0.002160612511737222,0.0014063959688830098,0.002353168723112284,0.0023654819167132114,0.0014741446998433167,0.0014741446998433167,0.0009707589366227687,0.0010229845028166735,0.28015889070512545,0.2118674965185852,0.0020414232258603583,0.002041206711256873,0.0011796603298602707,0.006614398081541494,0.0038729279410018476,0.002510600889263667,0.002510600889263667,0.0022184592199257073,0.002216774575751261,0.002488804721797611,0.002488804721797611,0.002020174380173302,0.002019144458440018,0.002510600889263667,0.002510600889263667,0.0018132118489294065,0.0018608886119346908,0.002041206711256873,0.002041206711256873,0.0009707589366227687,0.0010229845028166735,0.28015889070512545,0.2118674965185852,0.002160612511737222,0.002160612511737222,0.002353168723112284,0.0023654819167132114,0.0009945467031943005,0.001032735694335776,0.24983348330020128,0.12456189804304325
SP01P04b,61.0,0.016981867029891958,0.002504653868172896,0.14788239447996185,0.11560032469583961,0.011039058060918561,0.011039058060918561,0.00366604746824755,0.007503312244019802,0.007503312244019802,0.0026581659495149884,0.01009015689908092,0.0100907399582447,0.00366604746824755,0.00366604746824755,0.007676686527883264,0.008658634614443612,0.5867765296100871,0.5472799214374736,0.011506192676476082,0.011506190892149064,0.002504653868172896,0.14788239447996185,0.11560032469583961,0.011593699880264815,0.011593699880264815,0.006843134609878654,0.00684150527539626,0.007559191837132269,0.007559191837132269,0.008438606326610311,0.00843613883990106,0.011593699880264815,0.011593699880264815,0.011068771252513328,0.01044118988733359,0.011506190892149064,0.011506190892149064,0.007676686527883264,0.008658634614443612,0.5867765296100871,0.5472799214374736,0.007503312244019802,0.007503312244019802,0.01009015689908092,0.0100907399582447,0.007161116317043873,0.008064491726676979,0.5802175034338909,0.5451514117173566
SP13P16c,64.0,0.021754273242804833,0.002961142433153657,0.10969885682173096,0.06963592243783906,0.019592451901806595,0.019592451901806595,0.00448494281095662,0.013546474746946726,0.013546474746946726,0.003456050544425575,0.01814779320896379,0.018149456823479442,0.00448494281095662,0.00448494281095662,0.01121194646786258,0.01217440737337742,0.6300252102589008,0.5847295723292069,0.021581152328187372,0.021567265608865627,0.002961142433153657,0.10969885682173096,0.06963592243783906,0.022386986116950298,0.022386986116950298,0.01425228314910272,0.014286628266886606,0.014173057471159885,0.014173057471159885,0.01625969036711135,0.01625905568924918,0.022386986116950298,0.022386986116950298,0.02048012662574239,0.018758794447263537,0.021567265608865627,0.021567265608865627,0.01121194646786258,0.01217440737337742,0.6300252102589008,0.5847295723292069,0.013546474746946726,0.013546474746946726,0.01814779320896379,0.018149456823479442,0.009777961007135775,0.011413404852318202,0.625338424047233,0.5811996052512082
SP16P19d,64.0,0.07218292371945775,0.0027795817207005233,0.20686632953434772,0.17544091272917792,0.016005542010887032,0.016005542010887032,0.004558019664012468,0.010029440420855172,0.010029440420855172,0.0032432063469533074,0.016271464688594472,0.016271448009730315,0.004558019664012468,0.004558019664012468,0.010128972931934486,0.011034240683247409,0.5989199442620907,0.5749948598280544,0.016721229252605014,0.01671771096683995,0.0027795817207005233,0.20686632953434772,0.17544091272917792,0.016970741406712828,0.016970741406712828,0.01099512740981678,0.010995129535200408,0.010961894744739418,0.010961894744739418,0.014484147231851152,0.014486518785921363,0.016970741406712828,0.016970741406712828,0.016192456733298964,0.01413648514721816,0.01671771096683995,0.01671771096683995,0.010128972931934486,0.011034240683247409,0.5989199442620907,0.5749948598280544,0.010029440420855172,0.010029440420855172,0.016271464688594472,0.016271448009730315,0.009570687547172111,0.010034463045285736,0.5956210617624133,0.5623529042245392
SP24P27b,64.0,0.045452896615780614,0.003273138786381647,0.07350350400549123,0.05929509404437241,0.015944690902107934,0.015944690902107934,0.005782169726944775,0.01351999912491061,0.01351999912491061,0.004344211537820585,0.01561840960758995,0.015616615281970192,0.005782169726944775,0.005782169726944775,0.01252217090802588,0.012773995785792538,0.4899636747185562,0.42945598328362133,0.016339493364042786,0.016339839458204716,0.003273138786381647,0.07350350400549123,0.05929509404437241,0.0174483365270483,0.0174483365270483,0.013842748228276244,0.013879722847156974,0.014842058443369152,0.014842058443369152,0.01523355678150149,0.015240263387301863,0.0174483365270483,0.0174483365270483,0.015948243989107262,0.01524966806925979,0.016339839458204716,0.016339839458204716,0.01252217090802588,0.012773995785792538,0.4899636747185562,0.42945598328362133,0.01351999912491061,0.01351999912491061,0.01561840960758995,0.015616615281970192,0.012067364584743166,0.012472183169994013,0.4562268338480584,0.4156639689746031
SP28P31c,64.0,0.03769587059811207,0.002779867077249742,0.09639563685305923,0.07552074532063148,0.019189098712791307,0.019189098712791307,0.0064121061642086604,0.014169598838060756,0.014169598838060756,0.0037504684960768466,0.019186475095841992,0.019188133407593472,0.0064121061642086604,0.0064121061642086604,0.012731184538517046,0.012936451064260083,0.5291417103656865,0.48825245177735843,0.020363220793347892,0.020323934476522913,0.002779867077249742,0.09639563685305923,0.07552074532063148,0.021135643183824254,0.021135643183824254,0.01390750615471291,0.013933132803422624,0.014510469332806308,0.014510469332806308,0.016341867314973252,0.01634322563733465,0.021135643183824254,0.021135643183824254,0.019106363511311154,0.01743842169032098,0.020323934476522913,0.020323934476522913,0.012731184538517046,0.012936451064260083,0.5291417103656865,0.48825245177735843,0.014169598838060756,0.014169598838060756,0.019186475095841992,0.019188133407593472,0.011313841470504571,0.011315529211265635,0.5216130215824977,0.4767907800126445
SP36P38b,64.0,0.027903614609824302,0.002606160779127317,0.06292302352304714,0.06210867897918069,0.014895341703406922,0.014895341703406922,0.005711558277320573,0.012459502340793049,0.012459502340793049,0.0030777323600514376,0.015016985333248762,0.015017036983812841,0.005711558277320573,0.005711558277320573,0.012464310974235358,0.012778321025310365,0.5439270018204228,0.47987610211560205,0.015133577649416913,0.01512516722530246,0.002606160779127317,0.06292302352304714,0.06210867897918069,0.015529095265682167,0.015529095265682167,0.012307597258890164,0.01230708624965627,0.012952586677903256,0.012952586677903256,0.014117674454282508,0.014109478341230086,0.015529095265682167,0.015529095265682167,0.01478247755640102,0.014155743539561458,0.01512516722530246,0.01512516722530246,0.012464310974235358,0.012778321025310365,0.5439270018204228,0.47987610211560205,0.012459502340793049,0.012459502340793049,0.015016985333248762,0.015017036983812841,0.012533950991870319,0.0128277659459198,0.5291408280983587,0.4602444523376987
UL000081,193.0,0.023103297116739,0.00564480222213868,0.08126523434570516,0.06610903338353337,0.010987502850186319,0.010987502850186319,0.005756468270450256,0.009499811715321159,0.009499811715321159,0.005556877281162907,0.011086492332084507,0.011083744785661927,0.005756468270450256,0.005756468270450256,0.010162513780705422,0.010292312039214803,0.7890832604259298,0.7255177199032377,0.010910427896055128,0.010914517497119941,0.00564480222213868,0.08126523434570516,0.06610903338353337,0.011200562187294958,0.011200562187294958,0.009155101828581404,0.00915367343885082,0.009529155530558367,0.009529155530558367,0.010750747241562691,0.010750890566348377,0.011200562187294958,0.011200562187294958,0.010883372968866743,0.010382893885075824,0.010914517497119941,0.010914517497119941,0.010162513780705422,0.010292312039214803,0.7890832604259298,0.7255177199032377,0.009499811715321159,0.009499811715321159,0.011086492332084507,0.011083744785661927,0.010231776774027194,0.010368596556435312,0.8002146216366253,0.7274092774935963
UL000083,176.0,0.0659241963135603,0.09726312393137748,0.257586879173533,0.2382864196337456,0.007110536939999864,0.007110536939999864,0.23967538165001834,0.0069397837771061534,0.0069397837771061534,0.10503237704634766,0.007658956087287437,0.007658762588462806,0.23967538165001834,0.23967538165001834,0.006117994293651691,0.005869042499394242,0.8114903805553574,0.6395295256109992,0.007139702949946507,0.007144194776887233,0.09726312393137748,0.257586879173533,0.2382864196337456,0.008415278497284,0.008415278497284,0.006838553037668035,0.0068383266748686285,0.007020266133314596,0.007020266133314596,0.0071606263155984924,0.00716169113145747,0.008415278497284,0.008415278497284,0.007015739553970638,0.006384741134082522,0.007144194776887233,0.007144194776887233,0.006117994293651691,0.005869042499394242,0.8114903805553574,0.6395295256109992,0.0069397837771061534,0.0069397837771061534,0.007658956087287437,0.007658762588462806,0.006362114860881008,0.006046450595067291,0.8317348369112697,0.6414376971541028
UL000087,192.0,0.015699446111198428,0.005658268219982245,0.12514247942927842,0.09929034983323304,0.010746737870638201,0.010746737870638201,0.006086170023522466,0.008825315229405722,0.008825315229405722,0.0058924504170421235,0.011369298473633499,0.01137283295570743,0.006086170023522466,0.006086170023522466,0.009015183102367067,0.009254495087702666,0.8009754352172321,0.7379370754413871,0.010575377907510902,0.010575540207057301,0.005658268219982245,0.12514247942927842,0.09929034983323304,0.011154534543250027,0.011154534543250027,0.008917363532606248,0.008916869885700594,0.008868423143024702,0.008868423143024702,0.010850099823216627,0.010853339374498757,0.011154534543250027,0.011154534543250027,0.01047617722146713,0.009776508840384288,0.010575540207057301,0.010575540207057301,0.009015183102367067,0.009254495087702666,0.8009754352172321,0.7379370754413871,0.008825315229405722,0.008825315229405722,0.011369298473633499,0.01137283295570743,0.009317390815683018,0.009295473759888904,0.8077800181172891,0.7314749281203935
UL000089,777.0,0.11803172023383686,0.01966083234426705,0.19985386656794968,0.22722792764189995,0.01626237306000134,0.01626237306000134,0.0205541652137085,0.016226470467640586,0.016226470467640586,0.020198433152599303,0.016268769272957236,0.016267788783458973,0.0205541652137085,0.0205541652137085,0.01620691568266876,0.016168708546371938,0.9456184687528819,0.9248167311641636,0.016248770002424473,0.016257263188839063,0.01966083234426705,0.19985386656794968,0.22722792764189995,0.01625729774642688,0.01625729774642688,0.016227054572977018,0.016221548279353334,0.016227654718235267,0.016227654718235267,0.016252651167895437,0.016252834467087175,0.01625729774642688,0.01625729774642688,0.01625202156654736,0.016211277204819855,0.016257263188839063,0.016257263188839063,0.01620691568266876,0.016168708546371938,0.9456184687528819,0.9248167311641636,0.016226470467640586,0.016226470467640586,0.016268769272957236,0.016267788783458973,0.016194845158373737,0.016160327796230528,0.9460208017317533,0.9245447042946875
UL000091,193.0,0.0292984216750891,0.0056080081902918875,0.07159217938125538,0.06475388288024315,0.00774948391088362,0.00774948391088362,0.005780250016228976,0.006825782110717457,0.006825782110717457,0.005594815438149624,0.008046373605141731,0.008045158793453036,0.005780250016228976,0.005780250016228976,0.006929535910509336,0.006699591409975201,0.808598486051969,0.7332137826880006,0.0075598186682915855,0.007571285776851802,0.0056080081902918875,0.07159217938125538,0.06475388288024315,0.008033304297557102,0.008033304297557102,0.006561886691105227,0.006560912669636311,0.006858268195613826,0.006858268195613826,0.007601301572427885,0.007601703656847578,0.008033304297557102,0.008033304297557102,0.007490055052626228,0.006926122837103254,0.007571285776851802,0.007571285776851802,0.006929535910509336,0.006699591409975201,0.808598486051969,0.7332137826880006,0.006825782110717457,0.006825782110717457,0.008046373605141731,0.008045158793453036,0.007007082222269165,0.006809800101980971,0.8165133125681198,0.7342861874576063
UL000093,194.0,0.017270535864271186,0.00770469968241568,0.2211502433390988,0.20539761968995982,0.010362480658555322,0.010362480658555322,0.008528314900360328,0.009403710026439445,0.009403710026439445,0.007786179387722384,0.01108767741931489,0.011092725414830657,0.008528314900360328,0.008528314900360328,0.009114303728893589,0.009278345805318774,0.7934373311856693,0.7390294332431037,0.010307555537506638,0.010320653418294265,0.00770469968241568,0.2211502433390988,0.20539761968995982,0.01113575008681691,0.01113575008681691,0.009190126583158917,0.009188193666054981,0.009445957370265086,0.009445957370265086,0.010468126921116176,0.010467192584655652,0.01113575008681691,0.01113575008681691,0.01027700264043142,0.009685175988463128,0.010320653418294265,0.010320653418294265,0.009114303728893589,0.009278345805318774,0.7934373311856693,0.7390294332431037,0.009403710026439445,0.009403710026439445,0.01108767741931489,0.011092725414830657,0.009305297418426138,0.009536207601471284,0.7900346440413712,0.7310920317808935
UL000095,192.0,0.018123795035963435,0.005819778986270698,0.06501876002864769,0.050842635689708926,0.01105911541173215,0.01105911541173215,0.006148040788275115,0.010007042204244202,0.010007042204244202,0.0059762761552759405,0.011752469189641568,0.011749920576755049,0.006148040788275115,0.006148040788275115,0.009549298545231052,0.00940761432068642,0.7879151789398885,0.6716417318503026,0.010906196405348784,0.010907547904526171,0.005819778986270698,0.06501876002864769,0.050842635689708926,0.01144482739953108,0.01144482739953108,0.009889844308259272,0.00989207329042634,0.009982707753844657,0.009982707753844657,0.011047389641190827,0.01104309497560038,0.01144482739953108,0.01144482739953108,0.010831705006436808,0.00981470462381384,0.010907547904526171,0.010907547904526171,0.009549298545231052,0.00940761432068642,0.7879151789398885,0.6716417318503026,0.010007042204244202,0.010007042204244202,0.011752469189641568,0.011749920576755049,0.009670710521362832,0.009507151898188375,0.7683113147118333,0.6553752561361629
UL000097,192.0,0.020177837506416694,0.005803242265192978,0.10091508068161635,0.0695892393954138,0.01442337042515667,0.01442337042515667,0.006229211705656872,0.011487762367861023,0.011487762367861023,0.005980529005154042,0.014144951004399475,0.014147780354495794,0.006229211705656872,0.006229211705656872,0.011128645417269418,0.011158200766709661,0.7551875509945832,0.6751700681478167,0.014232411045318675,0.014226083799746492,0.005803242265192978,0.10091508068161635,0.0695892393954138,0.01398490627746801,0.01398490627746801,0.01139297018289098,0.011390058835458017,0.011543335450191051,0.011543335450191051,0.013906968670068921,0.013913481983049966,0.01398490627746801,0.01398490627746801,0.014173310177532338,0.012148741374889147,0.014226083799746492,0.014226083799746492,0.011128645417269418,0.011158200766709661,0.7551875509945832,0.6751700681478167,0.011487762367861023,0.011487762367861023,0.014144951004399475,0.014147780354495794,0.01116701141351382,0.010972564311298462,0.7558824730231614,0.6776077689886043
UL000579,226.0,0.07728427016975159,0.008214968116224238,0.5039831898037503,0.466626330066038,0.006448550356884145,0.006448550356884145,0.011809626064097394,0.006220305803202651,0.006220305803202651,0.008988617650206686,0.007102609534157297,0.007101326894710405,0.011809626064097394,0.011809626064097394,0.0056323118771874825,0.005617106621991698,0.8571442076508705,0.7201538222927146,0.0061536259079417455,0.006146532676979355,0.008214968116224238,0.5039831898037503,0.466626330066038,0.0071021269397541584,0.0071021269397541584,0.00591386988212197,0.005911767271839699,0.006203257488771206,0.006203257488771206,0.006347714363544761,0.006348025504746791,0.0071021269397541584,0.0071021269397541584,0.006129608489995143,0.0059116970579805575,0.006146532676979355,0.006146532676979355,0.0056323118771874825,0.005617106621991698,0.8571442076508705,0.7201538222927146,0.006220305803202651,0.006220305803202651,0.007102609534157297,0.007101326894710405,0.005752014310347605,0.005549770637547116,0.8252910355741949,0.7186404870962391
UL000581,228.0,0.07477514782390642,0.00988854024334606,0.2433976636650244,0.23970907905999927,0.007456158256297461,0.007456158256297461,0.01152365391851145,0.006426686270429887,0.006426686270429887,0.01061552229439038,0.007742140256833628,0.007745193245119629,0.01152365391851145,0.01152365391851145,0.006154912638440196,0.005918745222839524,0.8752101729555618,0.7082628324997422,0.006949782727316462,0.006948315566298025,0.00988854024334606,0.2433976636650244,0.23970907905999927,0.007704127113909665,0.007704127113909665,0.0059112663831781655,0.005907769915627558,0.0064082638277465935,0.0064082638277465935,0.007323810538561343,0.00732382252295471,0.007704127113909665,0.007704127113909665,0.006925871116725262,0.006308826327318322,0.006948315566298025,0.006948315566298025,0.006154912638440196,0.005918745222839524,0.8752101729555618,0.7082628324997422,0.006426686270429887,0.006426686270429887,0.007742140256833628,0.007745193245119629,0.006432426318253004,0.006013326619897787,0.8646044497291449,0.7074737212310275
UL000583,489.0,0.13419806072543825,0.013201580278287346,0.5876574247235158,0.5620258094995242,0.014070065948331496,0.014070065948331496,0.014785825184486992,0.013452979479493303,0.013452979479493303,0.014229956239930668,0.014076075341532724,0.014073545278386517,0.014785825184486992,0.014785825184486992,0.013346332890377045,0.012676250398918029,0.9585096383864748,0.8728345134489206,0.013861430234295681,0.013868965738628463,0.013201580278287346,0.5876574247235158,0.5620258094995242,0.014028631409792634,0.014028631409792634,0.013249018493423812,0.013254822343914452,0.013445845252466193,0.013445845252466193,0.013772612617606062,0.013769820849921371,0.014028631409792634,0.014028631409792634,0.013724270181721145,0.01289723629056683,0.013868965738628463,0.013868965738628463,0.013346332890377045,0.012676250398918029,0.9585096383864748,0.8728345134489206,0.013452979479493303,0.013452979479493303,0.014076075341532724,0.014073545278386517,0.013302886242175335,0.01253368302765665,0.960729363003609,0.8715419982239503
UL000587,551.0,0.152894539192235,0.01436189115524882,0.48585358692719277,0.4730673400772218,0.012469673309707588,0.012469673309707588,0.015378484806039396,0.01229283222581126,0.01229283222581126,0.015213741934469569,0.01251092557335777,0.012510942968267116,0.015378484806039396,0.015378484806039396,0.012176008840942588,0.011921169247856496,0.9767446953688519,0.8873721508736716,0.012381325143364739,0.01238719324116147,0.01436189115524882,0.48585358692719277,0.4730673400772218,0.012485699065313806,0.012485699065313806,0.012182144611676719,0.012185159957079729,0.012284779854789263,0.012284779854789263,0.012359471635867779,0.012359620591911155,0.012485699065313806,0.012485699065313806,0.012344615062245911,0.012050967899039512,0.01238719324116147,0.01238719324116147,0.012176008840942588,0.011921169247856496,0.9767446953688519,0.8873721508736716,0.01229283222581126,0.01229283222581126,0.01251092557335777,0.012510942968267116,0.012171106008231028,0.011896429944425755,0.9767014753873541,0.8863436692968493
UL000593,192.0,0.030615425235938753,0.006540030100464721,0.1312182284591862,0.13117253359898243,0.006536167750203854,0.006536167750203854,0.007841002006129149,0.0060888095162234005,0.0060888095162234005,0.006755355566197185,0.007359832374872032,0.007360529570247204,0.007841002006129149,0.007841002006129149,0.005513061726670827,0.005485021779512431,0.8260701742175441,0.6410987135523579,0.006512267693454872,0.006510128452237174,0.006540030100464721,0.1312182284591862,0.13117253359898243,0.007465170291552786,0.007465170291552786,0.00578504838405525,0.005785053369976419,0.0061483745049085445,0.0061483745049085445,0.0068277443845510604,0.00682763200010333,0.007465170291552786,0.007465170291552786,0.006489851467372489,0.005960034370653754,0.006510128452237174,0.006510128452237174,0.005513061726670827,0.005485021779512431,0.8260701742175441,0.6410987135523579,0.0060888095162234005,0.0060888095162234005,0.007359832374872032,0.007360529570247204,0.005860049918987976,0.0055983068146955904,0.8193988075521527,0.6378221417106283
UL000597,192.0,0.8193359983023208,0.0610177742614847,0.7900388272507315,0.7873747059269672,0.007654560079887401,0.007654560079887401,0.10850164512446742,0.009212267488794031,0.009212267488794031,0.05964638184616819,0.00814098526717604,0.00814087669395805,0.10850164512446742,0.10850164512446742,0.0058816760146973126,0.0056653028402443165,0.953253514677186,0.8985068735717241,0.0073089484767388455,0.007315052429050642,0.0610177742614847,0.7900388272507315,0.7873747059269672,0.00904512186296473,0.00904512186296473,0.009160932938876673,0.009168668644530658,0.0092180130743232,0.0092180130743232,0.00739610714230918,0.0074010942935115965,0.00904512186296473,0.00904512186296473,0.007357617452513623,0.00636755212559906,0.007315052429050642,0.007315052429050642,0.0058816760146973126,0.0056653028402443165,0.953253514677186,0.8985068735717241,0.009212267488794031,0.009212267488794031,0.00814098526717604,0.00814087669395805,0.006254191812777843,0.005971160095608372,0.9502571291938767,0.884950417811615
UL000599,524.0,0.12262319559923597,0.014749327282520496,0.2056848386764063,0.22321463362280428,0.012761711585437227,0.012761711585437227,0.016127805896244088,0.012534041385128442,0.012534041385128442,0.015545036995113143,0.012800114515722326,0.012800503479188905,0.016127805896244088,0.016127805896244088,0.012211223973731367,0.011743394654783284,0.9943215918617829,0.896841780020071,0.012636615450052985,0.012635365080950655,0.014749327282520496,0.2056848386764063,0.22321463362280428,0.012778853417533815,0.012778853417533815,0.0124017393469864,0.012403113335854376,0.012530441051112284,0.012530441051112284,0.012628756611621666,0.012630219471563337,0.012778853417533815,0.012778853417533815,0.012560071202513668,0.011974613520376948,0.012635365080950655,0.012635365080950655,0.012211223973731367,0.011743394654783284,0.9943215918617829,0.896841780020071,0.012534041385128442,0.012534041385128442,0.012800114515722326,0.012800503479188905,0.012234027131924124,0.011758692716176208,0.9944425449055057,0.8992444936205787
UL001641,192.0,0.01757272162667227,0.005434503787383256,0.04515005541062836,0.040153154422271894,0.011533559603837775,0.011533559603837775,0.005628635611636196,0.009958791120205335,0.009958791120205335,0.005421639185792969,0.011777198110447605,0.011775628527375175,0.005628635611636196,0.005628635611636196,0.010071300370695693,0.009842326825042302,0.7564210739146673,0.6755246027967812,0.011522214350539522,0.01151725981806987,0.005434503787383256,0.04515005541062836,0.040153154422271894,0.01183841993023955,0.01183841993023955,0.009899144279018708,0.009893809620716544,0.009911861125621637,0.009911861125621637,0.011455466009316849,0.011455949901183447,0.01183841993023955,0.01183841993023955,0.011478416872316847,0.010377747984880479,0.01151725981806987,0.01151725981806987,0.010071300370695693,0.009842326825042302,0.7564210739146673,0.6755246027967812,0.009958791120205335,0.009958791120205335,0.011777198110447605,0.011775628527375175,0.010072737910832736,0.009854373282142307,0.758285158672875,0.6711992462973929
UL001643,192.0,0.019270119859534373,0.005568741542711694,0.0409017508820577,0.04605543772681984,0.010917084706569062,0.010917084706569062,0.005956140021465009,0.009750498642569898,0.009750498642569898,0.005648205791850633,0.011300473149478551,0.011301140370074006,0.005956140021465009,0.005956140021465009,0.009824071479227007,0.009906570804838546,0.7595039418685804,0.7050775153611161,0.010723750972116716,0.010725233219046117,0.005568741542711694,0.0409017508820577,0.04605543772681984,0.011334089615369318,0.011334089615369318,0.00955024437686962,0.009557376278240442,0.009787882639106588,0.009787882639106588,0.010806161977739428,0.010810033950246193,0.011334089615369318,0.011334089615369318,0.010700985532872713,0.010114512955444585,0.010725233219046117,0.010725233219046117,0.009824071479227007,0.009906570804838546,0.7595039418685804,0.7050775153611161,0.009750498642569898,0.009750498642569898,0.011300473149478551,0.011301140370074006,0.009961264758830007,0.010079638870726368,0.7559949108248586,0.6916634333147585
UL001645,192.0,0.01961635625678258,0.005472068693425283,0.053945536432511536,0.0460759914809915,0.010297097257023246,0.010297097257023246,0.005931683749705786,0.009643056169650641,0.009643056169650641,0.005692058147438279,0.010617374291510483,0.01061841663103842,0.005931683749705786,0.005931683749705786,0.009351606759205522,0.009546065750874027,0.7667114497433706,0.6900661598992084,0.010176024741252508,0.010171745938820856,0.005472068693425283,0.053945536432511536,0.0460759914809915,0.010706503734326472,0.010706503734326472,0.00934214223247753,0.009343117547735669,0.009645053888086938,0.009645053888086938,0.01021376407771715,0.010213707422404761,0.010706503734326472,0.010706503734326472,0.010106265515936514,0.009604480577321382,0.010171745938820856,0.010171745938820856,0.009351606759205522,0.009546065750874027,0.7667114497433706,0.6900661598992084,0.009643056169650641,0.009643056169650641,0.010617374291510483,0.01061841663103842,0.009547163346604904,0.009646046036947973,0.7722666443915044,0.6903183861834924
UL001647,192.0,0.017227493468285986,0.005279972119617495,0.055837058584059206,0.052302590535991615,0.011146444165281663,0.011146444165281663,0.005636359617822307,0.009879182925210794,0.009879182925210794,0.005422068537680703,0.011468136639495695,0.011467992894576473,0.005636359617822307,0.005636359617822307,0.009969553987163197,0.010023985719312654,0.741325966916338,0.7146544157134452,0.010891871173391368,0.01089801886982448,0.005279972119617495,0.055837058584059206,0.052302590535991615,0.011610325594211683,0.011610325594211683,0.009850178576013854,0.009851705224906132,0.009951667053957863,0.009951667053957863,0.011150227439979732,0.011150546802266634,0.011610325594211683,0.011610325594211683,0.01086983163708128,0.01029645993560274,0.01089801886982448,0.01089801886982448,0.009969553987163197,0.010023985719312654,0.741325966916338,0.7146544157134452,0.009879182925210794,0.009879182925210794,0.011468136639495695,0.011467992894576473,0.010126883688240136,0.010138755144590958,0.7366431694796697,0.6978673514807251
UL001649,192.0,0.018553520486388104,0.005117683129422458,0.06590322014976817,0.05273984067827395,0.011588403456918717,0.011588403456918717,0.005415614912099349,0.01035893787539183,0.01035893787539183,0.005184448726152092,0.012370185261059631,0.012371411821042948,0.005415614912099349,0.005415614912099349,0.009921142792449938,0.009873574508178601,0.7541704687389554,0.7251852741801375,0.01152813583125697,0.011536543778296824,0.005117683129422458,0.06590322014976817,0.05273984067827395,0.012228636012750616,0.012228636012750616,0.01020279143343687,0.010203492741806451,0.010379235730950932,0.010379235730950932,0.011808621604445083,0.011809232661739817,0.012228636012750616,0.012228636012750616,0.011467709369501951,0.010354180117754883,0.011536543778296824,0.011536543778296824,0.009921142792449938,0.009873574508178601,0.7541704687389554,0.7251852741801375,0.01035893787539183,0.01035893787539183,0.012370185261059631,0.012371411821042948,0.010252746234095854,0.01024512703629057,0.7423567626498503,0.6974570017058203
UL001651,192.0,0.01720187642765274,0.00514076162289276,0.12802674876761108,0.09611286249424743,0.011148217340378587,0.011148217340378587,0.005373794152027049,0.009263593898758955,0.009263593898758955,0.0052564871686064584,0.01145441790067956,0.011453988662768701,0.005373794152027049,0.005373794152027049,0.0096077051898502,0.009429178407295805,0.7843276275553447,0.7273893423797938,0.01105813849972956,0.011057368135537404,0.00514076162289276,0.12802674876761108,0.09611286249424743,0.01150482887566278,0.01150482887566278,0.009301873976247856,0.009302925620551895,0.009285958796633704,0.009285958796633704,0.010784015221196527,0.010788958130138637,0.01150482887566278,0.01150482887566278,0.011022729850815047,0.00989568797267989,0.011057368135537404,0.011057368135537404,0.0096077051898502,0.009429178407295805,0.7843276275553447,0.7273893423797938,0.009263593898758955,0.009263593898758955,0.01145441790067956,0.011453988662768701,0.009822273865939974,0.009542695190279062,0.7893986856699352,0.7267099061336654
UL001653,192.0,0.017453382471304825,0.005155375175327374,0.06435846643568909,0.05105786076314331,0.014111404912588783,0.014111404912588783,0.005484611336443435,0.011259388422972881,0.011259388422972881,0.005328643562523658,0.013881648860800457,0.013876089148517385,0.005484611336443435,0.005484611336443435,0.010715972013090132,0.010787131291654576,0.7575241130050725,0.6955623084121346,0.013944952266627572,0.01393758990131831,0.005155375175327374,0.06435846643568909,0.05105786076314331,0.013824785845540975,0.013824785845540975,0.011480986733947362,0.011480202105495328,0.011355642131716569,0.011355642131716569,0.013503383414997726,0.013505689836328346,0.013824785845540975,0.013824785845540975,0.01387164908032712,0.011689449720498386,0.01393758990131831,0.01393758990131831,0.010715972013090132,0.010787131291654576,0.7575241130050725,0.6955623084121346,0.011259388422972881,0.011259388422972881,0.013881648860800457,0.013876089148517385,0.0105848366228897,0.010613659811281975,0.7573406468509547,0.6924777335840839
UL001655,192.0,0.01724408107048782,0.0052893605399205006,0.05416149918408541,0.046319015707663586,0.012524711138509413,0.012524711138509413,0.005636474857245675,0.011044206242462296,0.011044206242462296,0.005366560717174103,0.013214118750871194,0.013206961801072897,0.005636474857245675,0.005636474857245675,0.010157530207088702,0.010050758022770317,0.7383981709806141,0.6356479836648384,0.01253347386226456,0.012534733018018072,0.0052893605399205006,0.05416149918408541,0.046319015707663586,0.013466755273690923,0.013466755273690923,0.011153462751129252,0.011161645018254574,0.011023489042951517,0.011023489042951517,0.012745695604688493,0.012745748016681437,0.013466755273690923,0.013466755273690923,0.012418148252064188,0.01095186976288468,0.012534733018018072,0.012534733018018072,0.010157530207088702,0.010050758022770317,0.7383981709806141,0.6356479836648384,0.011044206242462296,0.011044206242462296,0.013214118750871194,0.013206961801072897,0.010462128696617673,0.01042556144708149,0.755884755524546,0.6584061280978181
UL001665,192.0,0.016682804304318614,0.005480041381169069,0.052854781101159494,0.04569042192873496,0.011839040384623986,0.011839040384623986,0.005617945774586171,0.010093546642020904,0.010093546642020904,0.005497238457694551,0.012557713472917455,0.01255838876536481,0.005617945774586171,0.005617945774586171,0.009883410803688854,0.009783361744696177,0.7782312822776017,0.7192242880687284,0.011537962964885691,0.011540286824753887,0.005480041381169069,0.052854781101159494,0.04569042192873496,0.012440573354491368,0.012440573354491368,0.009788160006074843,0.009798293888851046,0.010051649637470973,0.010051649637470973,0.011776822766807978,0.011776652496285107,0.012440573354491368,0.012440573354491368,0.011354332821610864,0.01018321722822115,0.011540286824753887,0.011540286824753887,0.009883410803688854,0.009783361744696177,0.7782312822776017,0.7192242880687284,0.010093546642020904,0.010093546642020904,0.012557713472917455,0.01255838876536481,0.010066085795685433,0.009934831520316703,0.7780530736533008,0.7121929351007159
UL001667,194.0,0.022467530420351187,0.005292027625039539,0.04760427405118668,0.041259327313530554,0.011017470183947636,0.011017470183947636,0.005376624534473726,0.008986939470884189,0.008986939470884189,0.005319208141645012,0.011257704326733281,0.011254084546510975,0.005376624534473726,0.005376624534473726,0.008664547467813581,0.008585593552258753,0.799754636985135,0.7247222059903681,0.010790752273408925,0.01078969398822771,0.005292027625039539,0.04760427405118668,0.041259327313530554,0.011634905962568685,0.011634905962568685,0.008747235521479295,0.008742753022141406,0.009043402499163257,0.009043402499163257,0.010598662530738151,0.010597382519540541,0.011634905962568685,0.011634905962568685,0.010665806127422052,0.009241501518818649,0.01078969398822771,0.01078969398822771,0.008664547467813581,0.008585593552258753,0.799754636985135,0.7247222059903681,0.008986939470884189,0.008986939470884189,0.011257704326733281,0.011254084546510975,0.008871508784769541,0.008721395733381205,0.7948297538368035,0.7156397042509931
UL001669,192.0,0.028742971479521123,0.005125313586046688,0.0380737499592525,0.034313202981097066,0.012862395730976082,0.012862395730976082,0.005537919947669997,0.009791386956404555,0.009791386956404555,0.005247291395929138,0.01278518728921302,0.012784556294524246,0.005537919947669997,0.005537919947669997,0.010898328642962226,0.010740587808789547,0.7559444509221492,0.6672603839037942,0.012751657336728854,0.01275847296426534,0.005125313586046688,0.0380737499592525,0.034313202981097066,0.013092453907248438,0.013092453907248438,0.009625917242670168,0.00962517976709055,0.00979390558920726,0.00979390558920726,0.012471947386789575,0.012470568838826246,0.013092453907248438,0.013092453907248438,0.012741445226300023,0.011547528446713603,0.01275847296426534,0.01275847296426534,0.010898328642962226,0.010740587808789547,0.7559444509221492,0.6672603839037942,0.009791386956404555,0.009791386956404555,0.01278518728921302,0.012784556294524246,0.01092702108014742,0.01084226691790456,0.762094292252959,0.6712218353675047
UL001671,192.0,0.019679600886072287,0.005531333475131091,0.10806249191395657,0.09175208824901421,0.012640481041884638,0.012640481041884638,0.00598580434062657,0.010724935251799494,0.010724935251799494,0.005642030480038439,0.01253245834079478,0.012532801719218124,0.00598580434062657,0.00598580434062657,0.01040222202050106,0.01044562543628056,0.7466424480521708,0.700923173756014,0.01239227630481858,0.01239486630262597,0.005531333475131091,0.10806249191395657,0.09175208824901421,0.012702989990140238,0.012702989990140238,0.01086542379093018,0.010860959744048824,0.010678378572889844,0.010678378572889844,0.012165355328891384,0.012166164597394537,0.012702989990140238,0.012702989990140238,0.012344644068735365,0.011048872872995276,0.01239486630262597,0.01239486630262597,0.01040222202050106,0.01044562543628056,0.7466424480521708,0.700923173756014,0.010724935251799494,0.010724935251799494,0.01253245834079478,0.012532801719218124,0.010429136133762515,0.010422673597437123,0.7490859143441657,0.7084354950129108
UL001673,192.0,0.01664916920037236,0.005301265041199578,0.06068616576454541,0.0587862067162824,0.01203655378157494,0.01203655378157494,0.005675009669451691,0.010215095507470098,0.010215095507470098,0.005527763507340258,0.012487403048291656,0.012495981223064952,0.005675009669451691,0.005675009669451691,0.010336510115188704,0.010366805389773191,0.7579965657184572,0.7087256760920146,0.01207808206659615,0.012078217360957917,0.005301265041199578,0.06068616576454541,0.0587862067162824,0.012576065431928974,0.012576065431928974,0.010054219784782301,0.010057176453608343,0.010212688801919051,0.010212688801919051,0.011955307440752926,0.011959202303799538,0.012576065431928974,0.012576065431928974,0.01198747418618757,0.010806820827431549,0.012078217360957917,0.012078217360957917,0.010336510115188704,0.010366805389773191,0.7579965657184572,0.7087256760920146,0.010215095507470098,0.010215095507470098,0.012487403048291656,0.012495981223064952,0.010450435883821316,0.010528626387062616,0.7583770829677324,0.6947404425605778
UL001675,192.0,0.019111946084576784,0.005635025538664903,0.09634503615251307,0.08792009075727726,0.010838829008269412,0.010838829008269412,0.00583278809620543,0.00914750723676441,0.00914750723676441,0.005626967265611117,0.011199294064251679,0.011206135226222049,0.00583278809620543,0.00583278809620543,0.009429487180994919,0.009603016314797094,0.7699288293052619,0.7157205659873767,0.010714716385673846,0.010715448544918267,0.005635025538664903,0.09634503615251307,0.08792009075727726,0.011100966390104933,0.011100966390104933,0.008794625032088391,0.008801169262596121,0.00915056348919247,0.00915056348919247,0.010655375022876728,0.010654747995834296,0.011100966390104933,0.011100966390104933,0.010626487513727032,0.009878024701140757,0.010715448544918267,0.010715448544918267,0.009429487180994919,0.009603016314797094,0.7699288293052619,0.7157205659873767,0.00914750723676441,0.00914750723676441,0.011199294064251679,0.011206135226222049,0.009520249725899927,0.009714911631725854,0.7693072312138006,0.702467241054487
UL001677,192.0,0.016611082343684812,0.0053411607252661685,0.06468054929611974,0.06456403604000337,0.010911503874660123,0.010911503874660123,0.005616459452189411,0.00900223254376503,0.00900223254376503,0.0054386463919793805,0.011000167066307855,0.010999011590519853,0.005616459452189411,0.005616459452189411,0.009758016994564576,0.00961435639768468,0.755493825177671,0.7133086673068747,0.010859892867894627,0.010869628824384267,0.0053411607252661685,0.06468054929611974,0.06456403604000337,0.011120989474922764,0.011120989474922764,0.008841170198533322,0.008836055663161322,0.009006384268358753,0.009006384268358753,0.010437239143456399,0.010441494086857425,0.011120989474922764,0.011120989474922764,0.01088206666964505,0.010039834134211166,0.010869628824384267,0.010869628824384267,0.009758016994564576,0.00961435639768468,0.755493825177671,0.7133086673068747,0.00900223254376503,0.00900223254376503,0.011000167066307855,0.010999011590519853,0.009794694588470243,0.009682967743581914,0.767833907863077,0.7143131137935904
UL001679,992.0,0.16899803127840388,0.024488924083335223,0.2734993762261801,0.33170551200481563,0.020598181709536947,0.020598181709536947,0.025436148814161626,0.020632788503371732,0.020632788503371732,0.025200089289049942,0.020597648269256173,0.02059791167589398,0.025436148814161626,0.025436148814161626,0.020581974046560682,0.020517280529745614,0.9548226282365923,0.9351156070275949,0.02056474619992719,0.020583177848346762,0.024488924083335223,0.2734993762261801,0.33170551200481563,0.020591670856837233,0.020591670856837233,0.020645810727675774,0.02064842192789209,0.02063298945101554,0.02063298945101554,0.02061480331811381,0.020614556534537053,0.020591670856837233,0.020591670856837233,0.020564740376383662,0.02057089927632332,0.020583177848346762,0.020583177848346762,0.020581974046560682,0.020517280529745614,0.9548226282365923,0.9351156070275949,0.020632788503371732,0.020632788503371732,0.020597648269256173,0.02059791167589398,0.02058034906240245,0.02051690406461886,0.9546380173875709,0.9335222672970619
UL001713,228.0,0.1390711361867815,0.007009476154539413,0.09917548647351346,0.09878000562132161,0.010263709179572016,0.010263709179572016,0.007321042976415623,0.008817121537543264,0.008817121537543264,0.007021162006082338,0.010653063224320945,0.010651550541991534,0.007321042976415623,0.007321042976415623,0.009126961809848354,0.008951331659133083,0.8125422289262756,0.6883015218024714,0.01008615677903885,0.01007512395053109,0.007009476154539413,0.09917548647351346,0.09878000562132161,0.010740190263653226,0.010740190263653226,0.008677873817215874,0.008676390950769004,0.008829950881323689,0.008829950881323689,0.01017705151560627,0.010172273152312278,0.010740190263653226,0.010740190263653226,0.010065297059545907,0.00931462625648824,0.01007512395053109,0.01007512395053109,0.009126961809848354,0.008951331659133083,0.8125422289262756,0.6883015218024714,0.008817121537543264,0.008817121537543264,0.010653063224320945,0.010651550541991534,0.009255046995869442,0.009004209268154525,0.8131344285854548,0.6893263697726824
UL001719,207.0,0.12670160566781383,0.0058613914269866445,0.34207409540837314,0.3007067193234687,0.010874561116674215,0.010874561116674215,0.006769699563520085,0.009538898022644727,0.009538898022644727,0.005946669800040761,0.011603967141998687,0.011601373169240375,0.006769699563520085,0.006769699563520085,0.009097273318172047,0.008887711267005926,0.7489415565726578,0.6347852579096802,0.010839271153951403,0.010841287834141504,0.0058613914269866445,0.34207409540837314,0.3007067193234687,0.011871621402179197,0.011871621402179197,0.009546357627854149,0.009544195580395353,0.00958469008913464,0.00958469008913464,0.01112816930132744,0.011122696623639726,0.011871621402179197,0.011871621402179197,0.010699498109713108,0.009501475910173396,0.010841287834141504,0.010841287834141504,0.009097273318172047,0.008887711267005926,0.7489415565726578,0.6347852579096802,0.009538898022644727,0.009538898022644727,0.011603967141998687,0.011601373169240375,0.009453229610326788,0.009157402878540444,0.7481020670324339,0.6386179652946463
UL001765,193.0,0.01598784962000218,0.005566367469133142,0.08020449237229677,0.05934942954406525,0.01133347586361298,0.01133347586361298,0.0059335208448731275,0.009404913506259133,0.009404913506259133,0.005757944911934057,0.011825736153756058,0.011831999025356905,0.0059335208448731275,0.0059335208448731275,0.009595395550696157,0.009388458020878001,0.7871951123227315,0.7109103214699789,0.011123700316904187,0.01112135532483963,0.005566367469133142,0.08020449237229677,0.05934942954406525,0.01195155853741891,0.01195155853741891,0.009397420162974344,0.009399390361433838,0.009420555457820818,0.009420555457820818,0.011342413367087297,0.011340650268264887,0.01195155853741891,0.01195155853741891,0.01096704903508684,0.009689093519771184,0.01112135532483963,0.01112135532483963,0.009595395550696157,0.009388458020878001,0.7871951123227315,0.7109103214699789,0.009404913506259133,0.009404913506259133,0.011825736153756058,0.011831999025356905,0.009794180778563682,0.009450902107247569,0.7802510528926464,0.7016709144013842
UL001769,194.0,0.02230299067641635,0.005714620319949376,0.07755460801739746,0.057810129250990674,0.011995566420278459,0.011995566420278459,0.005809021529047061,0.009827989673727139,0.009827989673727139,0.005683189560982769,0.012409605280399276,0.012408504891682747,0.005809021529047061,0.005809021529047061,0.009939598299201179,0.009865433449710321,0.7765487588188376,0.7252927921480329,0.011741967234263646,0.011737330460665035,0.005714620319949376,0.07755460801739746,0.057810129250990674,0.01231063048044626,0.01231063048044626,0.009583795053063494,0.009583691836195193,0.009902071353345147,0.009902071353345147,0.011653348524976398,0.011654287172455617,0.01231063048044626,0.01231063048044626,0.01170213196359346,0.010367719649375842,0.011737330460665035,0.011737330460665035,0.009939598299201179,0.009865433449710321,0.7765487588188376,0.7252927921480329,0.009827989673727139,0.009827989673727139,0.012409605280399276,0.012408504891682747,0.010127437104123276,0.010073839195011059,0.7764951534314429,0.7188411496646647
UL001771,192.0,0.02349013446952986,0.005441428348247075,0.1903838462947648,0.14697595211748815,0.011771451992304678,0.011771451992304678,0.005974210991513597,0.009734207678391114,0.009734207678391114,0.005547043789834223,0.01188715851285198,0.011886263109491306,0.005974210991513597,0.005974210991513597,0.0098201310098011,0.009739282925714965,0.7747746407284036,0.7133692205052656,0.011394226488588366,0.01139255530900512,0.005441428348247075,0.1903838462947648,0.14697595211748815,0.011967502149448668,0.011967502149448668,0.009298942555505394,0.009293503594282012,0.009750532719500105,0.009750532719500105,0.011243800553306404,0.011243293215226451,0.011967502149448668,0.011967502149448668,0.011347483428895062,0.010149984176782511,0.01139255530900512,0.01139255530900512,0.0098201310098011,0.009739282925714965,0.7747746407284036,0.7133692205052656,0.009734207678391114,0.009734207678391114,0.01188715851285198,0.011886263109491306,0.009906587223362951,0.009891034526491435,0.7797235202122964,0.708611755745716
UL001773,206.0,0.0257531864786846,0.006014560852500499,0.28884447400987345,0.2410308413034073,0.008651662458834404,0.008651662458834404,0.0065366434788604565,0.008139997862441137,0.008139997862441137,0.006061990436311006,0.009400019810907934,0.00938519496013405,0.0065366434788604565,0.0065366434788604565,0.007742754854277888,0.007479501697414831,0.8098559377765314,0.6744176195528142,0.00848255130494925,0.00848351119878259,0.006014560852500499,0.28884447400987345,0.2410308413034073,0.00949228033731923,0.00949228033731923,0.008022902834970876,0.008023109451374558,0.008195098480641974,0.008195098480641974,0.008786168937863544,0.008787293224541226,0.00949228033731923,0.00949228033731923,0.008394408013418368,0.007682735353270235,0.00848351119878259,0.00848351119878259,0.007742754854277888,0.007479501697414831,0.8098559377765314,0.6744176195528142,0.008139997862441137,0.008139997862441137,0.009400019810907934,0.00938519496013405,0.007998571389457797,0.007727343525842788,0.8137762577858096,0.6758257787673903
UL001781,320.0,0.042412950098556,0.008345414859326676,0.07862261811706403,0.08255185380693522,0.010316367897104717,0.010316367897104717,0.008643603863333156,0.00905476812697654,0.00905476812697654,0.008474673135023777,0.010477717517089098,0.010477030788066551,0.008643603863333156,0.008643603863333156,0.009464156275266002,0.009022062257866555,0.9174782202603848,0.8687318404086591,0.009979067010393396,0.009979220248315341,0.008345414859326676,0.07862261811706403,0.08255185380693522,0.010590279324203167,0.010590279324203167,0.008648155011810089,0.008642271328145271,0.009048681456970485,0.009048681456970485,0.010067174784614266,0.01006245029604176,0.010590279324203167,0.010590279324203167,0.009937630199381845,0.009125728583412464,0.009979220248315341,0.009979220248315341,0.009464156275266002,0.009022062257866555,0.9174782202603848,0.8687318404086591,0.00905476812697654,0.00905476812697654,0.010477717517089098,0.010477030788066551,0.009669635775672916,0.009210380362156573,0.9180195754350006,0.8635306405564137
UL001783,192.0,0.03458475711762513,0.005407699618727346,0.09262346132885584,0.07813348292785004,0.01045020230929744,0.01045020230929744,0.005477933375936182,0.008714434092581444,0.008714434092581444,0.005472874713230917,0.010323871786922371,0.010322454778115355,0.005477933375936182,0.005477933375936182,0.008754374100384594,0.00867876807826977,0.816524660030281,0.7576546924739037,0.01027276052858648,0.010274951925230988,0.005407699618727346,0.09262346132885584,0.07813348292785004,0.010494404107962345,0.010494404107962345,0.008323467289067752,0.008323870603727492,0.008703134949339051,0.008703134949339051,0.010097389941039944,0.010097782907026521,0.010494404107962345,0.010494404107962345,0.01020891602070669,0.009054034914012535,0.010274951925230988,0.010274951925230988,0.008754374100384594,0.00867876807826977,0.816524660030281,0.7576546924739037,0.008714434092581444,0.008714434092581444,0.010323871786922371,0.010322454778115355,0.008805448388977557,0.008747846297431456,0.8178461147273719,0.7595435077851801
UL001785,187.0,0.019492708111134238,0.005242689168013112,0.4640669729121919,0.42201740171492846,0.01009442790846663,0.01009442790846663,0.006952725474550049,0.008504658147410362,0.008504658147410362,0.005196871309208917,0.011053458806103516,0.011052462271927107,0.006952725474550049,0.006952725474550049,0.00869939788550437,0.008582583542693313,0.7838941035207411,0.7029291955132572,0.010009896498393438,0.0100102155711517,0.005242689168013112,0.4640669729121919,0.42201740171492846,0.010478624086350578,0.010478624086350578,0.008773619142765806,0.008772636662624346,0.008515822214749735,0.008515822214749735,0.010295555898111519,0.010293529809642772,0.010478624086350578,0.010478624086350578,0.009922383741750753,0.0090867629462325,0.0100102155711517,0.0100102155711517,0.00869939788550437,0.008582583542693313,0.7838941035207411,0.7029291955132572,0.008504658147410362,0.008504658147410362,0.011053458806103516,0.011052462271927107,0.008894317041876286,0.008846687291034789,0.7882246480604979,0.7100166016794253
UL001787,190.0,0.019949851424890523,0.005126770774157351,0.5275444591126864,0.4713966378983118,0.013732762288090207,0.013732762288090207,0.0066643854905885334,0.010540109095901685,0.010540109095901685,0.005281905811215541,0.015119846149519256,0.015121482156210878,0.0066643854905885334,0.0066643854905885334,0.010631567002167058,0.010610920620062981,0.7361386810701211,0.6637867293095239,0.013940195011907465,0.013949365208612088,0.005126770774157351,0.5275444591126864,0.4713966378983118,0.014644595860214491,0.014644595860214491,0.011241110673494158,0.011245806812308237,0.01061796148828815,0.01061796148828815,0.014102310377633981,0.014102867927297777,0.014644595860214491,0.014644595860214491,0.013830976766799861,0.011648231976537672,0.013949365208612088,0.013949365208612088,0.010631567002167058,0.010610920620062981,0.7361386810701211,0.6637867293095239,0.010540109095901685,0.010540109095901685,0.015119846149519256,0.015121482156210878,0.010680616152386437,0.010739505922969962,0.7422716632143116,0.6713473140067998
UL001789,192.0,0.021477814608191342,0.005419779810569806,0.03965058295468977,0.03249453473205983,0.01049142964968734,0.01049142964968734,0.005659196953687249,0.008220322260306714,0.008220322260306714,0.0055111326057279905,0.010402091780350696,0.010399244620675449,0.005659196953687249,0.005659196953687249,0.008943281854242972,0.0087555555783153,0.7890712060184425,0.748858748315775,0.010330215466551265,0.010331695074021848,0.005419779810569806,0.03965058295468977,0.03249453473205983,0.010505051414626786,0.010505051414626786,0.008062842917867985,0.008065108935634188,0.008227446394032008,0.008227446394032008,0.010109082136234447,0.010108733591132827,0.010505051414626786,0.010505051414626786,0.010222491023852911,0.009147434274116111,0.010331695074021848,0.010331695074021848,0.008943281854242972,0.0087555555783153,0.7890712060184425,0.748858748315775,0.008220322260306714,0.008220322260306714,0.010402091780350696,0.010399244620675449,0.009009252137833157,0.008859635438694525,0.7904434287996885,0.7382073100309986
UL001791,192.0,0.02039447880756159,0.005504256340304966,0.07052640839744705,0.05792507493671279,0.012121101350501477,0.012121101350501477,0.005954395191467757,0.009970902739867771,0.009970902739867771,0.00576010318473242,0.012176377192541887,0.012173419345911735,0.005954395191467757,0.005954395191467757,0.010154110714222194,0.01021076358323529,0.8138650160074872,0.7216398394294122,0.012146409455455073,0.012129483219877162,0.005504256340304966,0.07052640839744705,0.05792507493671279,0.01257527197041334,0.01257527197041334,0.0096799700908627,0.00968080876111625,0.009925048845128561,0.009925048845128561,0.011865926290353192,0.011867178961597669,0.01257527197041334,0.01257527197041334,0.011998414329632326,0.011067995705790411,0.012129483219877162,0.012129483219877162,0.010154110714222194,0.01021076358323529,0.8138650160074872,0.7216398394294122,0.009970902739867771,0.009970902739867771,0.012176377192541887,0.012173419345911735,0.010273155040496593,0.010106875381654034,0.8177353994303656,0.7124405367883379
UL001793,192.0,0.02565624303700982,0.005449648269916919,0.052159451065756285,0.05525232172311815,0.009795940547426003,0.009795940547426003,0.0057275694747947435,0.008711924636347911,0.008711924636347911,0.00562220131035483,0.010012611840892137,0.010013776129556612,0.0057275694747947435,0.0057275694747947435,0.00891044940007792,0.008685527413434068,0.7690162634328527,0.6730877850787021,0.009753085223080443,0.009753804769754834,0.005449648269916919,0.052159451065756285,0.05525232172311815,0.0098974486498327,0.0098974486498327,0.008568529181811132,0.008568631183349726,0.008727874730991974,0.008727874730991974,0.00974287370553024,0.009746351110708085,0.0098974486498327,0.0098974486498327,0.009709307634010891,0.009107734472066904,0.009753804769754834,0.009753804769754834,0.00891044940007792,0.008685527413434068,0.7690162634328527,0.6730877850787021,0.008711924636347911,0.008711924636347911,0.010012611840892137,0.010013776129556612,0.0088986567577323,0.008699602593824395,0.7663917278663376,0.6596965045506225
UL001795,191.0,0.021229345018446946,0.00605690349478616,0.0348921113422204,0.03340044552252242,0.011216845478968566,0.011216845478968566,0.0064137794429864605,0.009399295312325823,0.009399295312325823,0.006180535337760041,0.011466812604516034,0.011466692239373123,0.0064137794429864605,0.0064137794429864605,0.00944913440869153,0.009287377676491416,0.8196463790825372,0.773015941208718,0.01107872298107934,0.011074125590365823,0.00605690349478616,0.0348921113422204,0.03340044552252242,0.011587380566306968,0.011587380566306968,0.009444900478132477,0.009443404517905213,0.009379700181704921,0.009379700181704921,0.010845585638564404,0.010847000792806177,0.011587380566306968,0.011587380566306968,0.01094274444103959,0.009943551738042634,0.011074125590365823,0.011074125590365823,0.00944913440869153,0.009287377676491416,0.8196463790825372,0.773015941208718,0.009399295312325823,0.009399295312325823,0.011466812604516034,0.011466692239373123,0.009455753940690271,0.009358440488998367,0.8191414589083303,0.7744140991439763
Mean mAP,115.09536082474227,0.05167298100806104,0.004800220375229298,0.09566549576026304,0.08627251439477406,0.01843434818497039,0.01843434818497039,0.008125136653273472,0.013556412953925897,0.013556412953925897,0.005811117330245701,0.01711794641551758,0.01711855692878865,0.008125136653273472,0.008125136653273472,0.011890429199445711,0.01321591440942362,0.5582470750740476,0.5191539540767934,0.018963717075320408,0.018963862217912474,0.004800220375229298,0.09566549576026304,0.08627251439477406,0.01906264129255531,0.01906264129255531,0.014196869599712352,0.014196669525795482,0.01433883377332925,0.01433883377332925,0.016321213494034006,0.016321307625053592,0.01906264129255531,0.01906264129255531,0.018300283861117452,0.016211436817694335,0.018963862217912474,0.018963862217912474,0.011890429199445711,0.01321591440942362,0.5582470750740476,0.5191539540767934,0.013556412953925897,0.013556412953925897,0.01711794641551758,0.01711855692878865,0.011345296994558232,0.01259149349717682,0.5517948967519669,0.5127784805466072
