Label,Number of Queries,mAP (Embeddings_Raw),mAP (Embeddings_Raw__Int),mAP (Embeddings_Raw__ZCA_N_C),mAP (Embeddings_Raw__ZCA_N),mAP (Embeddings_Raw__ZCA_C),mAP (Embeddings_Raw__ZCA),mAP (Embeddings_Raw__ZCA-cor_N_C),mAP (Embeddings_Raw__ZCA-cor_N),mAP (Embeddings_Raw__ZCA-cor_C),mAP (Embeddings_Raw__ZCA-cor),mAP (Embeddings_Raw__rZMs_C),mAP (Embeddings_Raw__Int__ZCA_N_C),mAP (Embeddings_Raw__Int__ZCA_N),mAP (Embeddings_Raw__Int__ZCA_C),mAP (Embeddings_Raw__Int__ZCA),mAP (Embeddings_Raw__Int__ZCA-cor_N_C),mAP (Embeddings_Raw__Int__ZCA-cor_N),mAP (Embeddings_Raw__Int__ZCA-cor_C),mAP (Embeddings_Raw__Int__ZCA-cor),mAP (Embeddings_Raw__Int__rZMs_C),mAP (Embeddings_Raw__ZCA_N_C__Int),mAP (Embeddings_Raw__ZCA_N__Int),mAP (Embeddings_Raw__ZCA_C__Int),mAP (Embeddings_Raw__ZCA__Int),mAP (Embeddings_Raw__ZCA-cor_N_C__Int),mAP (Embeddings_Raw__ZCA-cor_N__Int),mAP (Embeddings_Raw__ZCA-cor_C__Int),mAP (Embeddings_Raw__ZCA-cor__Int),mAP (Embeddings_Raw__ZCA_N_C__rZMs_C),mAP (Embeddings_Raw__ZCA_N__rZMs_C),mAP (Embeddings_Raw__ZCA_C__rZMs_C),mAP (Embeddings_Raw__ZCA__rZMs_C),mAP (Embeddings_Raw__ZCA-cor_N_C__rZMs_C),mAP (Embeddings_Raw__ZCA-cor_N__rZMs_C),mAP (Embeddings_Raw__ZCA-cor_C__rZMs_C),mAP (Embeddings_Raw__ZCA-cor__rZMs_C),mAP (Embeddings_Raw__rZMs_C__Int),mAP (Embeddings_Raw__rZMs_C__ZCA_N_C),mAP (Embeddings_Raw__rZMs_C__ZCA_N),mAP (Embeddings_Raw__rZMs_C__ZCA_C),mAP (Embeddings_Raw__rZMs_C__ZCA),mAP (Embeddings_Raw__rZMs_C__ZCA-cor_N_C),mAP (Embeddings_Raw__rZMs_C__ZCA-cor_N),mAP (Embeddings_Raw__rZMs_C__ZCA-cor_C),mAP (Embeddings_Raw__rZMs_C__ZCA-cor),mAP (Embeddings_Raw__Int__ZCA_N_C__rZMs_C),mAP (Embeddings_Raw__Int__ZCA_N__rZMs_C),mAP (Embeddings_Raw__Int__ZCA_C__rZMs_C),mAP (Embeddings_Raw__Int__ZCA__rZMs_C),mAP (Embeddings_Raw__Int__ZCA-cor_N_C__rZMs_C),mAP (Embeddings_Raw__Int__ZCA-cor_N__rZMs_C),mAP (Embeddings_Raw__Int__ZCA-cor_C__rZMs_C),mAP (Embeddings_Raw__Int__ZCA-cor__rZMs_C),mAP (Embeddings_Raw__Int__rZMs_C__ZCA_N_C),mAP (Embeddings_Raw__Int__rZMs_C__ZCA_N),mAP (Embeddings_Raw__Int__rZMs_C__ZCA_C),mAP (Embeddings_Raw__Int__rZMs_C__ZCA),mAP (Embeddings_Raw__Int__rZMs_C__ZCA-cor_N_C),mAP (Embeddings_Raw__Int__rZMs_C__ZCA-cor_N),mAP (Embeddings_Raw__Int__rZMs_C__ZCA-cor_C),mAP (Embeddings_Raw__Int__rZMs_C__ZCA-cor),mAP (Embeddings_Raw__ZCA_N_C__Int__rZMs_C),mAP (Embeddings_Raw__ZCA_N__Int__rZMs_C),mAP (Embeddings_Raw__ZCA_C__Int__rZMs_C),mAP (Embeddings_Raw__ZCA__Int__rZMs_C),mAP (Embeddings_Raw__ZCA-cor_N_C__Int__rZMs_C),mAP (Embeddings_Raw__ZCA-cor_N__Int__rZMs_C),mAP (Embeddings_Raw__ZCA-cor_C__Int__rZMs_C),mAP (Embeddings_Raw__ZCA-cor__Int__rZMs_C),mAP (Embeddings_Raw__ZCA_N_C__rZMs_C__Int),mAP (Embeddings_Raw__ZCA_N__rZMs_C__Int),mAP (Embeddings_Raw__ZCA_C__rZMs_C__Int),mAP (Embeddings_Raw__ZCA__rZMs_C__Int),mAP (Embeddings_Raw__ZCA-cor_N_C__rZMs_C__Int),mAP (Embeddings_Raw__ZCA-cor_N__rZMs_C__Int),mAP (Embeddings_Raw__ZCA-cor_C__rZMs_C__Int),mAP (Embeddings_Raw__ZCA-cor__rZMs_C__Int),mAP (Embeddings_Raw__rZMs_C__Int__ZCA_N_C),mAP (Embeddings_Raw__rZMs_C__Int__ZCA_N),mAP (Embeddings_Raw__rZMs_C__Int__ZCA_C),mAP (Embeddings_Raw__rZMs_C__Int__ZCA),mAP (Embeddings_Raw__rZMs_C__Int__ZCA-cor_N_C),mAP (Embeddings_Raw__rZMs_C__Int__ZCA-cor_N),mAP (Embeddings_Raw__rZMs_C__Int__ZCA-cor_C),mAP (Embeddings_Raw__rZMs_C__Int__ZCA-cor),mAP (Embeddings_Raw__rZMs_C__ZCA_N_C__Int),mAP (Embeddings_Raw__rZMs_C__ZCA_N__Int),mAP (Embeddings_Raw__rZMs_C__ZCA_C__Int),mAP (Embeddings_Raw__rZMs_C__ZCA__Int),mAP (Embeddings_Raw__rZMs_C__ZCA-cor_N_C__Int),mAP (Embeddings_Raw__rZMs_C__ZCA-cor_N__Int),mAP (Embeddings_Raw__rZMs_C__ZCA-cor_C__Int),mAP (Embeddings_Raw__rZMs_C__ZCA-cor__Int)
1053597844,64.0,0.01485227138184054,0.0026322917092312824,0.02145838887725945,0.0012204300372068023,0.02145838887725945,0.0012204300372068023,0.02129477047008122,0.001220660505272053,0.02129477047008122,0.001220660505272053,0.005108020482000181,0.015399907489190732,0.0012168759057347414,0.015399907489190732,0.0012168759057347414,0.016496661808776233,0.0012168507669808968,0.016496661808776233,0.0012168507669808968,0.0038827531723547954,0.012336978966476864,0.001129879526491677,0.013816039994066248,0.0011297734297042918,0.011903034088163171,0.0011264113692545947,0.013218215526658425,0.0011263948434268997,0.022888408645142556,0.0012754694834197606,0.022911265600776623,0.0012754538451808443,0.02090177275801766,0.0013974859464570971,0.020902398214180187,0.001397500257496542,0.0026322917092312824,0.02129477047008122,0.0012196598916163666,0.02129477047008122,0.0012196598916163666,0.02129477047008122,0.001220660505272053,0.02129477047008122,0.001220660505272053,0.017446379247172402,0.0013187148388606176,0.01736391653826948,0.001318648294715906,0.017780902782885903,0.0013187094578724012,0.017779393466108392,0.001318654353770656,0.016496661808776233,0.0012165490947313219,0.016496661808776233,0.0012165490947313219,0.016496661808776233,0.0012168507669808968,0.016496661808776233,0.0012168507669808968,0.021384519853507002,0.0012771357491734832,0.01957204812078758,0.0012770603863073399,0.019751154005615768,0.0013990946610355297,0.018226540849308324,0.0013992208460982753,0.012336978966476864,0.001129879526491677,0.013816039994066248,0.0011297734297042918,0.011903034088163171,0.0011264113692545947,0.013218215526658425,0.0011263948434268997,0.015399907489190732,0.0012168759057347414,0.015399907489190732,0.0012168759057347414,0.016496661808776233,0.0012168507669808968,0.016496661808776233,0.0012168507669808968,0.011903034088163171,0.0011253786870831866,0.013218215526658425,0.0011252897848264584,0.011903034088163171,0.0011264113692545947,0.013218215526658425,0.0011263948434268997
1053597981,64.0,0.060139556002197704,0.0025258197479058413,0.014177526015044158,0.0012203666023877715,0.014177526015044158,0.0012203666023877715,0.015229797753357859,0.0012207224043526378,0.015229797753357859,0.0012207224043526378,0.003139857275773385,0.01135132623522951,0.0012152152605770896,0.01135132623522951,0.0012152152605770896,0.013442216386797746,0.001215214910759679,0.013442216386797746,0.001215214910759679,0.00265444913864562,0.008846200956865913,0.0011280795841947455,0.00913036291337188,0.001128187665307978,0.008739217369301307,0.0011244770665053809,0.008562611200608604,0.0011244974092039085,0.013681267378752696,0.0013067590044892649,0.013679114898447529,0.0013069126127847053,0.013529667346592172,0.0013735466884470195,0.013542335527160975,0.0013734535945462932,0.0025258197479058413,0.015229797753357859,0.0012191942761932007,0.015229797753357859,0.0012191942761932007,0.015229797753357859,0.0012207224043526378,0.015229797753357859,0.0012207224043526378,0.012958262502994523,0.001327205800754094,0.01294113664414578,0.0013272903103750634,0.013289477380293633,0.0013271987403187862,0.013290165849810602,0.0013272814799896065,0.013442216386797746,0.0012146149749908506,0.013442216386797746,0.0012146149749908506,0.013442216386797746,0.001215214910759679,0.013442216386797746,0.001215214910759679,0.013191365593969885,0.001300917826870797,0.01209561945896541,0.0013008576758027476,0.013443198965271748,0.0013729331926155117,0.011836386399936897,0.001372916844975622,0.008846200956865913,0.0011280795841947455,0.00913036291337188,0.001128187665307978,0.008739217369301307,0.0011244770665053809,0.008562611200608604,0.0011244974092039085,0.01135132623522951,0.0012152152605770896,0.01135132623522951,0.0012152152605770896,0.013442216386797746,0.001215214910759679,0.013442216386797746,0.001215214910759679,0.008739217369301307,0.0011240374369640828,0.008562611200608604,0.0011240175849503984,0.008739217369301307,0.0011244770665053809,0.008562611200608604,0.0011244974092039085
1053597998,64.0,0.035367429619753726,0.0022233196515709973,0.020531697296584623,0.0012195342285891823,0.020531697296584623,0.0012195342285891823,0.02186761945058215,0.0012198567032946743,0.02186761945058215,0.0012198567032946743,0.004148259594724967,0.016362003973492224,0.0012162429181702857,0.016362003973492224,0.0012162429181702857,0.01696655162178385,0.0012162547655886536,0.01696655162178385,0.0012162547655886536,0.0033966240683026283,0.009966545520089373,0.0011298961416465435,0.011020762318417818,0.0011299244138571049,0.009779734537500256,0.001123933588951323,0.010324251634750085,0.001123849760576014,0.022365127339178215,0.0012818980536804787,0.022362449678665353,0.001281969285117685,0.02027942460350981,0.0013628060936652787,0.02030672127922122,0.001362769078974932,0.0022233196515709973,0.02186761945058215,0.0012180504186530465,0.02186761945058215,0.0012180504186530465,0.02186761945058215,0.0012198567032946743,0.02186761945058215,0.0012198567032946743,0.01710282608282799,0.0013480511734531807,0.0171431657001103,0.0013479641689224141,0.017761914673858646,0.0013480521644931552,0.01775885341711101,0.0013479559417883345,0.01696655162178385,0.0012153043216511438,0.01696655162178385,0.0012153043216511438,0.01696655162178385,0.0012162547655886536,0.01696655162178385,0.0012162547655886536,0.022251597262464118,0.001288846042147577,0.01879420845714888,0.0012888227174387586,0.019573957055931977,0.0013766823289024777,0.01665570188965406,0.001376610427630963,0.009966545520089373,0.0011298961416465435,0.011020762318417818,0.0011299244138571049,0.009779734537500256,0.001123933588951323,0.010324251634750085,0.001123849760576014,0.016362003973492224,0.0012162429181702857,0.016362003973492224,0.0012162429181702857,0.01696655162178385,0.0012162547655886536,0.01696655162178385,0.0012162547655886536,0.009779734537500256,0.001123017892443593,0.010324251634750085,0.001123106428295372,0.009779734537500256,0.001123933588951323,0.010324251634750085,0.001123849760576014
1053599558,64.0,0.02384892817387659,0.002726230832299,0.02394632037341884,0.0012204456356317596,0.02394632037341884,0.0012204456356317596,0.025745758280227255,0.0012208215098985428,0.025745758280227255,0.0012208215098985428,0.005707947692116833,0.015224815714137824,0.0012159197759919163,0.015224815714137824,0.0012159197759919163,0.017281485795703776,0.0012159197759919163,0.017281485795703776,0.0012159197759919163,0.003865935965385188,0.012945181525539234,0.0011281527291700274,0.013610244848236796,0.0011281174710052377,0.012471257464540616,0.0011285722076670788,0.013473598857825845,0.0011286132883619909,0.025481497110174188,0.0012891571933616353,0.025410789631111742,0.0012893149923128174,0.024678998760910727,0.0014055993309146418,0.024681094345206666,0.001405597484764574,0.002726230832299,0.025745758280227255,0.0012194453933934294,0.025745758280227255,0.0012194453933934294,0.025745758280227255,0.0012208215098985428,0.025745758280227255,0.0012208215098985428,0.016787138608946896,0.001350507631115276,0.016792536526734896,0.0013504457702142047,0.01793723982061041,0.0013505075715387782,0.01794478610792786,0.001350457256605234,0.017281485795703776,0.001215387630461499,0.017281485795703776,0.001215387630461499,0.017281485795703776,0.0012159197759919163,0.017281485795703776,0.0012159197759919163,0.024707563410566777,0.0012838802335482912,0.02157302334780439,0.001283942873080758,0.02375879477182873,0.0014065305517438076,0.021122420420998874,0.0014064856117471365,0.012945181525539234,0.0011281527291700274,0.013610244848236796,0.0011281174710052377,0.012471257464540616,0.0011285722076670788,0.013473598857825845,0.0011286132883619909,0.015224815714137824,0.0012159197759919163,0.015224815714137824,0.0012159197759919163,0.017281485795703776,0.0012159197759919163,0.017281485795703776,0.0012159197759919163,0.012471257464540616,0.0011221697122451332,0.013473598857825845,0.0011221664495692197,0.012471257464540616,0.0011285722076670788,0.013473598857825845,0.0011286132883619909
1053599657,64.0,0.024817435767385956,0.0026775730024793925,0.014674237522986092,0.001220141750244277,0.014674237522986092,0.001220141750244277,0.016300232819593093,0.0012206636513930767,0.016300232819593093,0.0012206636513930767,0.004185465813134931,0.011693829305315285,0.0012151801906775089,0.011693829305315285,0.0012151801906775089,0.012915452499211723,0.0012151981630368982,0.012915452499211723,0.0012151981630368982,0.003605684939184426,0.009164325510186432,0.0011265862912911266,0.009298018824089198,0.001126634861756503,0.00866288672433307,0.001125559452265355,0.008882624399199004,0.0011256246464757262,0.015384898323367377,0.0012984643562023491,0.015384870498871661,0.001298577630681338,0.015241976783977306,0.0013428576872685704,0.015245151099953776,0.0013428994072251972,0.0026775730024793925,0.016300232819593093,0.0012192628768441809,0.016300232819593093,0.0012192628768441809,0.016300232819593093,0.0012206636513930767,0.016300232819593093,0.0012206636513930767,0.012240249922697611,0.0012931810839113362,0.012254668363989711,0.001293209883849963,0.012731618505773716,0.0012931873591991796,0.012733676290895987,0.001293209643275568,0.012915452499211723,0.0012146511912584303,0.012915452499211723,0.0012146511912584303,0.012915452499211723,0.0012151981630368982,0.012915452499211723,0.0012151981630368982,0.015341913312476443,0.0012992493040875817,0.013508388145799525,0.0012993222635298745,0.015182131649516983,0.0013377043507044493,0.012907568817280503,0.0013378194007189238,0.009164325510186432,0.0011265862912911266,0.009298018824089198,0.001126634861756503,0.00866288672433307,0.001125559452265355,0.008882624399199004,0.0011256246464757262,0.011693829305315285,0.0012151801906775089,0.011693829305315285,0.0012151801906775089,0.012915452499211723,0.0012151981630368982,0.012915452499211723,0.0012151981630368982,0.00866288672433307,0.0011225395758737112,0.008882624399199004,0.0011225638061562525,0.00866288672433307,0.001125559452265355,0.008882624399199004,0.0011256246464757262
1053599695,64.0,0.04452534313830108,0.002183623729440419,0.01761245597857396,0.001218268842646122,0.01761245597857396,0.001218268842646122,0.02100029881913292,0.0012187827897269746,0.02100029881913292,0.0012187827897269746,0.0041689542024354745,0.012816902862721292,0.0012137829434052045,0.012816902862721292,0.0012137829434052045,0.01541339048289819,0.0012137784411714906,0.01541339048289819,0.0012137784411714906,0.0026102265278526455,0.011320745377413075,0.0011282753868589244,0.01212009351361293,0.0011282589465200557,0.010237366340349502,0.0011247983346311025,0.01097713295718613,0.0011248138714943594,0.01823703823771978,0.0012902573183332696,0.018218542128335603,0.0012902077466662692,0.018261789148534106,0.0013150575230892255,0.018138086544135398,0.0013151543168806006,0.002183623729440419,0.02100029881913292,0.0012166865213715345,0.02100029881913292,0.0012166865213715345,0.02100029881913292,0.0012187827897269746,0.02100029881913292,0.0012187827897269746,0.013125050901557472,0.0013228761581650155,0.013119530909410052,0.0013228546036060695,0.014205407210880023,0.0013229075089822896,0.014216676435127343,0.001322859077785741,0.01541339048289819,0.0012132127224943954,0.01541339048289819,0.0012132127224943954,0.01541339048289819,0.0012137784411714906,0.01541339048289819,0.0012137784411714906,0.0182327405017782,0.0012841750336679164,0.01603576161991765,0.0012841748814210283,0.01786533748287525,0.0013104810223166657,0.016097405188892484,0.0013105594595995411,0.011320745377413075,0.0011282753868589244,0.01212009351361293,0.0011282589465200557,0.010237366340349502,0.0011247983346311025,0.01097713295718613,0.0011248138714943594,0.012816902862721292,0.0012137829434052045,0.012816902862721292,0.0012137829434052045,0.01541339048289819,0.0012137784411714906,0.01541339048289819,0.0012137784411714906,0.010237366340349502,0.0011246366327265895,0.01097713295718613,0.001124521657873071,0.010237366340349502,0.0011247983346311025,0.01097713295718613,0.0011248138714943594
1053600704,64.0,0.01924276515506297,0.002033319271487528,0.02095439294993421,0.0012219325802139385,0.02095439294993421,0.0012219325802139385,0.01990807485507784,0.001221683027758527,0.01990807485507784,0.001221683027758527,0.005781096889953645,0.014822834293048611,0.0012179216252803605,0.014822834293048611,0.0012179216252803605,0.014942813877784317,0.0012179142963788807,0.014942813877784317,0.0012179142963788807,0.0027122408339893063,0.012919900081404465,0.001131242562723411,0.014037328272434653,0.0011311670381381118,0.012641271134151057,0.0011274459299584038,0.013470903537417131,0.0011274255306229612,0.02136647276836332,0.0012878897535666951,0.021364837910938506,0.0012879748057678807,0.01999751841544743,0.0013850307734972157,0.01999384753545492,0.001385072214056421,0.002033319271487528,0.01990807485507784,0.001220524010257147,0.01990807485507784,0.001220524010257147,0.01990807485507784,0.001221683027758527,0.01990807485507784,0.001221683027758527,0.014862763731632946,0.0013078183504165487,0.014854271944312667,0.0013077739760566027,0.015559339662323238,0.001307837019590592,0.015560324870751376,0.001307785897765871,0.014942813877784317,0.0012174490564120298,0.014942813877784317,0.0012174490564120298,0.014942813877784317,0.0012179142963788807,0.014942813877784317,0.0012179142963788807,0.020675592490962333,0.0012862819754894492,0.01871924402913479,0.001286308844895918,0.019234695597760032,0.0013918685897831066,0.017515510147675186,0.0013918565251447355,0.012919900081404465,0.001131242562723411,0.014037328272434653,0.0011311670381381118,0.012641271134151057,0.0011274459299584038,0.013470903537417131,0.0011274255306229612,0.014822834293048611,0.0012179216252803605,0.014822834293048611,0.0012179216252803605,0.014942813877784317,0.0012179142963788807,0.014942813877784317,0.0012179142963788807,0.012641271134151057,0.001125238943482939,0.013470903537417131,0.001125210535375539,0.012641271134151057,0.0011274459299584038,0.013470903537417131,0.0011274255306229612
1053600735,64.0,0.022503127764104732,0.0020745746681580107,0.023964224830335716,0.0012209432296442896,0.023964224830335716,0.0012209432296442896,0.02495054542778577,0.0012208998797924972,0.02495054542778577,0.0012208998797924972,0.006180343744521331,0.017079013000979533,0.0012166686824451722,0.017079013000979533,0.0012166686824451722,0.01773108139906015,0.0012166673366561642,0.01773108139906015,0.0012166673366561642,0.004055125673914171,0.013605830846117665,0.0011284318974374816,0.014319925054053405,0.001128477853510648,0.012401546441948288,0.0011297566525559338,0.013345366731665375,0.0011298092516837176,0.024905863500644186,0.0012886008166897824,0.024896612645834176,0.0012887981346964956,0.024309630325151627,0.0014301336162919444,0.02430844365735295,0.0014302253403185219,0.0020745746681580107,0.02495054542778577,0.0012199416351201197,0.02495054542778577,0.0012199416351201197,0.02495054542778577,0.0012208998797924972,0.02495054542778577,0.0012208998797924972,0.017150971090693964,0.0013282713465998463,0.017153315023952283,0.0013282485902433954,0.01773106975352117,0.0013282683849485132,0.017732100299992466,0.0013282486398240982,0.01773108139906015,0.0012163110373129627,0.01773108139906015,0.0012163110373129627,0.01773108139906015,0.0012166673366561642,0.01773108139906015,0.0012166673366561642,0.023335581251433944,0.0012842909284395319,0.019937016716616504,0.001284298600958826,0.02241284972439907,0.001431026811086731,0.01963540163665736,0.001431052511737953,0.013605830846117665,0.0011284318974374816,0.014319925054053405,0.001128477853510648,0.012401546441948288,0.0011297566525559338,0.013345366731665375,0.0011298092516837176,0.017079013000979533,0.0012166686824451722,0.017079013000979533,0.0012166686824451722,0.01773108139906015,0.0012166673366561642,0.01773108139906015,0.0012166673366561642,0.012401546441948288,0.0011237418505275444,0.013345366731665375,0.0011238037202775718,0.012401546441948288,0.0011297566525559338,0.013345366731665375,0.0011298092516837176
1053600841,64.0,0.02062305053395328,0.00210742407440975,0.01741520662018359,0.0012215670821474393,0.01741520662018359,0.0012215670821474393,0.018958607570321518,0.0012209170083105007,0.018958607570321518,0.0012209170083105007,0.005335956140067384,0.013672831679291198,0.0012174633038906162,0.013672831679291198,0.0012174633038906162,0.0146293891615078,0.0012174680972350822,0.0146293891615078,0.0012174680972350822,0.0031487329870687718,0.012939396236199933,0.0011309825811541211,0.013186718566974572,0.0011309103299239867,0.012535519728827941,0.0011290497875105616,0.013227093448159108,0.0011290471967487375,0.01841545937286065,0.001297612436731254,0.01835281680610534,0.00129752700893884,0.017940394064945606,0.0014094916505518163,0.01794380878965401,0.0014095290763755568,0.00210742407440975,0.018958607570321518,0.0012198769140196659,0.018958607570321518,0.0012198769140196659,0.018958607570321518,0.0012209170083105007,0.018958607570321518,0.0012209170083105007,0.014450236872668812,0.0013593739240636326,0.014450021194721697,0.00135916913452389,0.015173875810461418,0.0013593752336531957,0.015173199170606602,0.0013591808135860976,0.0146293891615078,0.0012169556933961762,0.0146293891615078,0.0012169556933961762,0.0146293891615078,0.0012174680972350822,0.0146293891615078,0.0012174680972350822,0.017764061061554908,0.0012853938104277693,0.015881453966665012,0.0012853840891931018,0.017414380005310613,0.001410305688384081,0.015400738922919453,0.0014103472740995893,0.012939396236199933,0.0011309825811541211,0.013186718566974572,0.0011309103299239867,0.012535519728827941,0.0011290497875105616,0.013227093448159108,0.0011290471967487375,0.013672831679291198,0.0012174633038906162,0.013672831679291198,0.0012174633038906162,0.0146293891615078,0.0012174680972350822,0.0146293891615078,0.0012174680972350822,0.012535519728827941,0.0011255496983531986,0.013227093448159108,0.0011256231582614834,0.012535519728827941,0.0011290497875105616,0.013227093448159108,0.0011290471967487375
1053601770,64.0,0.027472152276916663,0.0026519144448582535,0.02414954900677054,0.0012216085871575048,0.02414954900677054,0.0012216085871575048,0.02487776722599999,0.0012212652327749406,0.02487776722599999,0.0012212652327749406,0.007655406039513465,0.01414913575321563,0.0012165612741045595,0.01414913575321563,0.0012165612741045595,0.014846455149669991,0.00121654936321969,0.014846455149669991,0.00121654936321969,0.004310158261660137,0.011349078196155786,0.0011290557671542133,0.013288713548482796,0.0011291508334035174,0.010931050609402393,0.0011263981997343623,0.012377618049265612,0.0011264042828621713,0.02388325094901157,0.0012915747801604475,0.023887968957750184,0.001291676423951077,0.023009750545263392,0.001453143231374442,0.023000693720502882,0.001453142373630206,0.0026519144448582535,0.02487776722599999,0.0012194381902774284,0.02487776722599999,0.0012194381902774284,0.02487776722599999,0.0012212652327749406,0.02487776722599999,0.0012212652327749406,0.014130645687784016,0.0013041561499470568,0.014125292183489364,0.0013041052198427784,0.014713812390803493,0.0013041391568692003,0.014716220816163271,0.0013041023183009521,0.014846455149669991,0.001216342566034314,0.014846455149669991,0.001216342566034314,0.014846455149669991,0.00121654936321969,0.014846455149669991,0.00121654936321969,0.021972244183057772,0.001284599503990085,0.01879691835027511,0.0012846184484168923,0.02080669790991018,0.0014433511242351081,0.017847111988575214,0.0014433978985424658,0.011349078196155786,0.0011290557671542133,0.013288713548482796,0.0011291508334035174,0.010931050609402393,0.0011263981997343623,0.012377618049265612,0.0011264042828621713,0.01414913575321563,0.0012165612741045595,0.01414913575321563,0.0012165612741045595,0.014846455149669991,0.00121654936321969,0.014846455149669991,0.00121654936321969,0.010931050609402393,0.0011249938735255233,0.012377618049265612,0.0011249756842583091,0.010931050609402393,0.0011263981997343623,0.012377618049265612,0.0011264042828621713
1053601855,64.0,0.016774147322999772,0.002142197997958868,0.018521264213252314,0.0012219639316580486,0.018521264213252314,0.0012219639316580486,0.01840868159457452,0.0012222050138239147,0.01840868159457452,0.0012222050138239147,0.005084665792372609,0.011780582499592008,0.0012171875518138665,0.011780582499592008,0.0012171875518138665,0.01323069361575581,0.0012171875518138665,0.01323069361575581,0.0012171875518138665,0.0030952066737911263,0.011869474912102385,0.0011316169254435835,0.011347681338798632,0.0011316371757810757,0.01040561862028102,0.0011270563434318157,0.010954291051144819,0.0011270448427121529,0.019707429559329148,0.0012943552018158558,0.019709516824044804,0.0012945517716247295,0.019035580569632296,0.0014114105336856214,0.01904049324581477,0.0014114339785513488,0.002142197997958868,0.01840868159457452,0.0012203342918973518,0.01840868159457452,0.0012203342918973518,0.01840868159457452,0.0012222050138239147,0.01840868159457452,0.0012222050138239147,0.014384962989430336,0.0013591794002703014,0.014390349642197674,0.0013590398813234689,0.015001083649009478,0.001359179062270719,0.015017506078911799,0.001359057632383506,0.01323069361575581,0.0012167002818841348,0.01323069361575581,0.0012167002818841348,0.01323069361575581,0.0012171875518138665,0.01323069361575581,0.0012171875518138665,0.01887905526961791,0.0012961907732983364,0.01571579151940563,0.0012961919223597996,0.018287299697892785,0.001408407512110967,0.015585307016716779,0.0014083561583887565,0.011869474912102385,0.0011316169254435835,0.011347681338798632,0.0011316371757810757,0.01040561862028102,0.0011270563434318157,0.010954291051144819,0.0011270448427121529,0.011780582499592008,0.0012171875518138665,0.011780582499592008,0.0012171875518138665,0.01323069361575581,0.0012171875518138665,0.01323069361575581,0.0012171875518138665,0.01040561862028102,0.0011250875110047566,0.010954291051144819,0.0011250614862830912,0.01040561862028102,0.0011270563434318157,0.010954291051144819,0.0011270448427121529
1053601862,64.0,0.03859109771759726,0.0020991641473148293,0.015808902409611345,0.0012210158618426272,0.015808902409611345,0.0012210158618426272,0.014925246699402267,0.0012213233800663682,0.014925246699402267,0.0012213233800663682,0.00607259502138555,0.012755840362238459,0.001217607066739277,0.012755840362238459,0.001217607066739277,0.012941527259901425,0.0012175969957700515,0.012941527259901425,0.0012175969957700515,0.0038789324536889452,0.011130714619014123,0.0011309217284001998,0.01190965680439666,0.0011309164470699813,0.010378470215575452,0.0011252850604632695,0.01120089935196985,0.0011253152033078944,0.015617786128058052,0.0012896472700117882,0.015606437966692015,0.0012896871167182493,0.014814728599921941,0.0014006083679990876,0.014813801240972427,0.0014006102823315562,0.0020991641473148293,0.014925246699402267,0.0012197512029006254,0.014925246699402267,0.0012197512029006254,0.014925246699402267,0.0012213233800663682,0.014925246699402267,0.0012213233800663682,0.013278766462234848,0.001316422002033814,0.01327913249325615,0.0013163495390620707,0.013483975478708003,0.0013164196580013878,0.013508240532290994,0.0013163447808656904,0.012941527259901425,0.0012170702654838346,0.012941527259901425,0.0012170702654838346,0.012941527259901425,0.0012175969957700515,0.012941527259901425,0.0012175969957700515,0.015459860127553921,0.0012905412251926645,0.014004919392113683,0.0012906222974882477,0.01448084491346284,0.00141084325279175,0.0133466304818322,0.0014108550827618973,0.011130714619014123,0.0011309217284001998,0.01190965680439666,0.0011309164470699813,0.010378470215575452,0.0011252850604632695,0.01120089935196985,0.0011253152033078944,0.012755840362238459,0.001217607066739277,0.012755840362238459,0.001217607066739277,0.012941527259901425,0.0012175969957700515,0.012941527259901425,0.0012175969957700515,0.010378470215575452,0.0011267245744937479,0.01120089935196985,0.0011266728058225554,0.010378470215575452,0.0011252850604632695,0.01120089935196985,0.0011253152033078944
1086289693,64.0,0.036086066259769525,0.0033425499421338312,0.018963943846310387,0.0012216125505562368,0.018963943846310387,0.0012216125505562368,0.01971762580143809,0.001221420409668216,0.01971762580143809,0.001221420409668216,0.00679282318301489,0.013920972958296914,0.0012176696931799674,0.013920972958296914,0.0012176696931799674,0.015096679292785934,0.0012176793263186266,0.015096679292785934,0.0012176793263186266,0.004467968083895674,0.01343727171199268,0.0011290392390706267,0.014425275706177037,0.001128988552876172,0.012880018668809381,0.0011333512112316959,0.01384969968507634,0.0011332326376964153,0.01946295471555183,0.0012839315077336744,0.019462198423013898,0.001283846806597963,0.01916689046074904,0.0013692219264272842,0.019166808922353153,0.0013692022875598693,0.0033425499421338312,0.01971762580143809,0.0012197678500895873,0.01971762580143809,0.0012197678500895873,0.01971762580143809,0.001221420409668216,0.01971762580143809,0.001221420409668216,0.014723319847247868,0.0013224978631940032,0.014723903858494307,0.0013223951902522429,0.0153343805010248,0.0013225006795357808,0.015337428359962732,0.0013223982595331248,0.015096679292785934,0.0012170908739914607,0.015096679292785934,0.0012170908739914607,0.015096679292785934,0.0012176793263186266,0.015096679292785934,0.0012176793263186266,0.01883804224885476,0.0012786640365525692,0.017710658092820467,0.001278615820521493,0.01799669581112931,0.001371212266590052,0.016829068213667968,0.0013712759884045305,0.01343727171199268,0.0011290392390706267,0.014425275706177037,0.001128988552876172,0.012880018668809381,0.0011333512112316959,0.01384969968507634,0.0011332326376964153,0.013920972958296914,0.0012176696931799674,0.013920972958296914,0.0012176696931799674,0.015096679292785934,0.0012176793263186266,0.015096679292785934,0.0012176793263186266,0.012880018668809381,0.0011294203745613371,0.01384969968507634,0.0011295226288310241,0.012880018668809381,0.0011333512112316959,0.01384969968507634,0.0011332326376964153
1086289730,64.0,0.022701475380505744,0.002621245543014077,0.015105131082761361,0.0012211815816244931,0.015105131082761361,0.0012211815816244931,0.01559830627005107,0.0012215111905495648,0.01559830627005107,0.0012215111905495648,0.004172333919397483,0.011561032318563869,0.0012172883341164903,0.011561032318563869,0.0012172883341164903,0.012479820208818045,0.0012172755740794193,0.012479820208818045,0.0012172755740794193,0.0028735285052218624,0.011410322865858734,0.0011308144762343362,0.01186207990767851,0.0011307543401617038,0.011407024303489239,0.0011281121419576816,0.011998353189547414,0.0011281062531318794,0.01525262491623286,0.0012997590886375853,0.015257234296262443,0.0012998839433642753,0.015425291937849136,0.0013613251287758396,0.01542118468460209,0.0013614270940274472,0.002621245543014077,0.01559830627005107,0.0012194828533408824,0.01559830627005107,0.0012194828533408824,0.01559830627005107,0.0012215111905495648,0.01559830627005107,0.0012215111905495648,0.012978204672595426,0.0013251669492185746,0.012939986108289434,0.0013251625712585907,0.013095777090006464,0.0013251826154100613,0.01308707720922298,0.0013251562269812082,0.012479820208818045,0.0012169354291146216,0.012479820208818045,0.0012169354291146216,0.012479820208818045,0.0012172755740794193,0.012479820208818045,0.0012172755740794193,0.015272015240942407,0.001296111642293073,0.013962713376494558,0.0012960712310808656,0.014855970512969984,0.0013605530397884837,0.014091475727853643,0.0013606151540880595,0.011410322865858734,0.0011308144762343362,0.01186207990767851,0.0011307543401617038,0.011407024303489239,0.0011281121419576816,0.011998353189547414,0.0011281062531318794,0.011561032318563869,0.0012172883341164903,0.011561032318563869,0.0012172883341164903,0.012479820208818045,0.0012172755740794193,0.012479820208818045,0.0012172755740794193,0.011407024303489239,0.0011271979737467871,0.011998353189547414,0.0011272378024064903,0.011407024303489239,0.0011281121419576816,0.011998353189547414,0.0011281062531318794
1086289785,64.0,0.02073059513047346,0.0030944772334336687,0.021295425674416484,0.001221909982167816,0.021295425674416484,0.001221909982167816,0.01994113458825985,0.001222264015380562,0.01994113458825985,0.001222264015380562,0.007037715479816206,0.014741536024838624,0.0012186709324599092,0.014741536024838624,0.0012186709324599092,0.015896326431115743,0.0012186639086459628,0.015896326431115743,0.0012186639086459628,0.004972844502773997,0.011968561987648983,0.0011302194035242704,0.01288589527587043,0.0011303781778283198,0.011589234798684974,0.0011294104759375235,0.01240791780526374,0.0011294129989952695,0.020567442446365734,0.0012820686555072912,0.020570707750176765,0.0012820658059888308,0.019674473417586116,0.0014092135936096342,0.019651729413402992,0.0014092559983985861,0.0030944772334336687,0.01994113458825985,0.0012205776033431457,0.01994113458825985,0.0012205776033431457,0.01994113458825985,0.001222264015380562,0.01994113458825985,0.001222264015380562,0.017701755535207035,0.0013712181768124735,0.01768338498214652,0.0013711651518372016,0.017971352196208278,0.001371209920048113,0.01797213014205174,0.0013711517122317858,0.015896326431115743,0.0012177925732413468,0.015896326431115743,0.0012177925732413468,0.015896326431115743,0.0012186639086459628,0.015896326431115743,0.0012186639086459628,0.019970405840678024,0.0012808046072494727,0.01785682990351695,0.0012808566396677716,0.018838660169139963,0.0014086529816674724,0.017010631408433976,0.0014086302209076562,0.011968561987648983,0.0011302194035242704,0.01288589527587043,0.0011303781778283198,0.011589234798684974,0.0011294104759375235,0.01240791780526374,0.0011294129989952695,0.014741536024838624,0.0012186709324599092,0.014741536024838624,0.0012186709324599092,0.015896326431115743,0.0012186639086459628,0.015896326431115743,0.0012186639086459628,0.011589234798684974,0.0011269554190230986,0.01240791780526374,0.0011269739721944394,0.011589234798684974,0.0011294104759375235,0.01240791780526374,0.0011294129989952695
1086290323,64.0,0.059519920559339,0.003128087498233261,0.023485700843084,0.0012215341612444302,0.023485700843084,0.0012215341612444302,0.02390829942566787,0.0012212067509510495,0.02390829942566787,0.0012212067509510495,0.008246315592839983,0.017726712024335168,0.0012167908190189687,0.017726712024335168,0.0012167908190189687,0.019296407129619806,0.0012167814138244121,0.019296407129619806,0.0012167814138244121,0.005298264119535756,0.015016064162368866,0.0011303095790712867,0.01628145246206585,0.0011302590314767737,0.014377406945695333,0.0011305264444506189,0.015296521626042241,0.001130563257875376,0.02368754408371102,0.0012825477406459417,0.023690150922687645,0.0012826099495078706,0.02250020839301477,0.0014158145932301502,0.022502630509133967,0.001415597404216102,0.003128087498233261,0.02390829942566787,0.0012196773152559597,0.02390829942566787,0.0012196773152559597,0.02390829942566787,0.0012212067509510495,0.02390829942566787,0.0012212067509510495,0.01968048321407089,0.0013682110427652705,0.019665417685501528,0.0013681214516105804,0.020100959202857083,0.0013682007714960396,0.019966550313304392,0.0013681421141757807,0.019296407129619806,0.001216422051133674,0.019296407129619806,0.001216422051133674,0.019296407129619806,0.0012167814138244121,0.019296407129619806,0.0012167814138244121,0.023047568792037062,0.0012844982387131248,0.02065902176992524,0.0012845683454786939,0.02210741464737191,0.00142046764232999,0.019949988050643064,0.0014204084002848022,0.015016064162368866,0.0011303095790712867,0.01628145246206585,0.0011302590314767737,0.014377406945695333,0.0011305264444506189,0.015296521626042241,0.001130563257875376,0.017726712024335168,0.0012167908190189687,0.017726712024335168,0.0012167908190189687,0.019296407129619806,0.0012167814138244121,0.019296407129619806,0.0012167814138244121,0.014377406945695333,0.0011251183237264975,0.015296521626042241,0.0011250846191513876,0.014377406945695333,0.0011305264444506189,0.015296521626042241,0.001130563257875376
1086290361,64.0,0.030353550473318842,0.002785121873338102,0.016921860085251844,0.0012226936906786522,0.016921860085251844,0.0012226936906786522,0.01879744840099595,0.0012226001814805484,0.01879744840099595,0.0012226001814805484,0.006624717646995159,0.013143691761863531,0.0012175756639569639,0.013143691761863531,0.0012175756639569639,0.014193066495845882,0.0012175801051396418,0.014193066495845882,0.0012175801051396418,0.005225130326778721,0.00971115566072867,0.0011301898015315455,0.011162145732100342,0.0011302133754916824,0.009557865555842121,0.001137397386533337,0.010739865664625668,0.0011373361939609656,0.017957889057296807,0.001288445357788974,0.017831599909813072,0.0012884547121984136,0.018326608752434678,0.001416380937483609,0.01831666526916687,0.00141649778949078,0.002785121873338102,0.01879744840099595,0.0012209135907731959,0.01879744840099595,0.0012209135907731959,0.01879744840099595,0.0012226001814805484,0.01879744840099595,0.0012226001814805484,0.013994194574067486,0.001357672401407491,0.013989286931666749,0.0013576578428843632,0.014774356297571171,0.0013576669044552203,0.014689901679229546,0.001357642330699683,0.014193066495845882,0.0012168594034146472,0.014193066495845882,0.0012168594034146472,0.014193066495845882,0.0012175801051396418,0.014193066495845882,0.0012175801051396418,0.01622787038230681,0.0012883325958960058,0.014836580030122073,0.0012885202943908442,0.01669738010179458,0.001421224670715611,0.01467253339582137,0.001421275500009595,0.00971115566072867,0.0011301898015315455,0.011162145732100342,0.0011302133754916824,0.009557865555842121,0.001137397386533337,0.010739865664625668,0.0011373361939609656,0.013143691761863531,0.0012175756639569639,0.013143691761863531,0.0012175756639569639,0.014193066495845882,0.0012175801051396418,0.014193066495845882,0.0012175801051396418,0.009557865555842121,0.0011302254744708366,0.010739865664625668,0.001130214168648311,0.009557865555842121,0.001137397386533337,0.010739865664625668,0.0011373361939609656
1086290453,384.0,0.27523888176573197,0.0099904883022583,0.008236278572378424,0.008205784337918022,0.008236278572378424,0.008205784337918022,0.008234299272712442,0.008204565264932963,0.008234299272712442,0.008204565264932963,0.010252840900974352,0.00823972960281169,0.008209917412186192,0.00823972960281169,0.008209917412186192,0.008239073275835652,0.008209838239139558,0.008239073275835652,0.008209838239139558,0.010432857651989756,0.007989654241722594,0.007984456234697325,0.007992146048385034,0.007984215369270577,0.008001167497664457,0.007995402628881477,0.00800317139352927,0.007995721316715913,0.008203551325894334,0.008184699555522151,0.008203740722975146,0.008184681150334267,0.008255663118832591,0.008240173397204,0.008255561079683388,0.00824004854897867,0.0099904883022583,0.008234299272712442,0.00820606430679801,0.008234299272712442,0.00820606430679801,0.008234299272712442,0.008204565264932963,0.008234299272712442,0.008204565264932963,0.008262728331742408,0.008235944952093115,0.008262329045204804,0.008235828505847843,0.008260706623110523,0.008235943819011353,0.008261122416742362,0.008235841395897482,0.008239073275835652,0.008210056850854538,0.008239073275835652,0.008210056850854538,0.008239073275835652,0.008209838239139558,0.008239073275835652,0.008209838239139558,0.008009247735317714,0.007991724824225789,0.007999021693032056,0.00799176025184918,0.00802253516738907,0.008009983898012414,0.00801165173946391,0.008010134136911958,0.007989654241722594,0.007984456234697325,0.007992146048385034,0.007984215369270577,0.008001167497664457,0.007995402628881477,0.00800317139352927,0.007995721316715913,0.00823972960281169,0.008209917412186192,0.00823972960281169,0.008209917412186192,0.008239073275835652,0.008209838239139558,0.008239073275835652,0.008209838239139558,0.008001167497664457,0.007994252205887823,0.00800317139352927,0.007993986507625896,0.008001167497664457,0.007995402628881477,0.00800317139352927,0.007995721316715913
1086290477,384.0,0.2719284741217401,0.010330859186352171,0.008253863406790372,0.008219870998002334,0.008253863406790372,0.008219870998002334,0.008235932095285935,0.008202425378684411,0.008235932095285935,0.008202425378684411,0.011071837320183874,0.008240366232843974,0.008211447105838751,0.008240366232843974,0.008211447105838751,0.008239689642951947,0.008211459941208647,0.008239689642951947,0.008211459941208647,0.011045617399202156,0.007995316252310319,0.007986918686888172,0.007997125120352161,0.00798719575638148,0.008002462374203835,0.007996500092094511,0.00800247809535104,0.007996702820011541,0.00823908750394735,0.008214883198649138,0.008238834899267423,0.008214763511500488,0.008249580948353387,0.00823072084336012,0.008249471883974114,0.008230892344352099,0.010330859186352171,0.008235932095285935,0.008203455634678782,0.008235932095285935,0.008203455634678782,0.008235932095285935,0.008202425378684411,0.008235932095285935,0.008202425378684411,0.008262531987107587,0.00823751798115736,0.008262380684948875,0.00823763162341405,0.00826030976525364,0.008237528835903627,0.008260351858314861,0.008237597114236836,0.008239689642951947,0.008212564984154873,0.008239689642951947,0.008212564984154873,0.008239689642951947,0.008211459941208647,0.008239689642951947,0.008211459941208647,0.008015095897357142,0.007995358519762208,0.00800425621324441,0.00799558396213994,0.00802434725135333,0.008009608679397363,0.008012470553264399,0.008009509946528643,0.007995316252310319,0.007986918686888172,0.007997125120352161,0.00798719575638148,0.008002462374203835,0.007996500092094511,0.00800247809535104,0.007996702820011541,0.008240366232843974,0.008211447105838751,0.008240366232843974,0.008211447105838751,0.008239689642951947,0.008211459941208647,0.008239689642951947,0.008211459941208647,0.008002462374203835,0.007995104367425301,0.00800247809535104,0.007995128860081671,0.008002462374203835,0.007996500092094511,0.00800247809535104,0.007996702820011541
1086290484,64.0,0.01989902128180786,0.002476857513662838,0.02020751832378267,0.0012222137162178006,0.02020751832378267,0.0012222137162178006,0.02311740257925381,0.0012221231026000436,0.02311740257925381,0.0012221231026000436,0.005694245539106008,0.016457531126520063,0.0012180740310687738,0.016457531126520063,0.0012180740310687738,0.01810670422630505,0.0012180745794415657,0.01810670422630505,0.0012180745794415657,0.003976595966877003,0.013210157860877888,0.0011322051880519744,0.013799950482611505,0.0011322135697629807,0.012922815924674612,0.0011330225619752981,0.013030670074531863,0.0011329653091323535,0.02150638824027299,0.0013070275726157678,0.02150874700856672,0.0013070450379158542,0.02265466739666919,0.0013614659001447503,0.022652961723115456,0.0013614768246121918,0.002476857513662838,0.02311740257925381,0.0012203846292918857,0.02311740257925381,0.0012203846292918857,0.02311740257925381,0.0012221231026000436,0.02311740257925381,0.0012221231026000436,0.016961734971707283,0.0013058946361989429,0.016965864788544664,0.0013057986917797513,0.017852319035398776,0.0013058799281461964,0.017837349191932368,0.0013057975789923034,0.01810670422630505,0.0012175804510118344,0.01810670422630505,0.0012175804510118344,0.01810670422630505,0.0012180745794415657,0.01810670422630505,0.0012180745794415657,0.020881618041849095,0.0013005104706414808,0.018500813196525016,0.0013004911385935518,0.021090110647810655,0.0013562084324059969,0.018570412800308904,0.0013562904620834097,0.013210157860877888,0.0011322051880519744,0.013799950482611505,0.0011322135697629807,0.012922815924674612,0.0011330225619752981,0.013030670074531863,0.0011329653091323535,0.016457531126520063,0.0012180740310687738,0.016457531126520063,0.0012180740310687738,0.01810670422630505,0.0012180745794415657,0.01810670422630505,0.0012180745794415657,0.012922815924674612,0.0011294261515721856,0.013030670074531863,0.001129431273024561,0.012922815924674612,0.0011330225619752981,0.013030670074531863,0.0011329653091323535
1086290521,64.0,0.02119327457865362,0.002006819273503226,0.024729928269502828,0.0012215894015838462,0.024729928269502828,0.0012215894015838462,0.02428719720358567,0.0012210702807773748,0.02428719720358567,0.0012210702807773748,0.007099522045239556,0.014028537531051622,0.0012170245875974533,0.014028537531051622,0.0012170245875974533,0.01492317392677527,0.0012170213994236662,0.01492317392677527,0.0012170213994236662,0.003432410515519696,0.014453554575632117,0.001128652835086878,0.01551524106802576,0.001128633791901182,0.013639998633005522,0.0011338466628955425,0.014835338597911715,0.0011338803479529367,0.026001444367074016,0.0012996625025728512,0.026001639709933428,0.0012997517267838159,0.02450877280189168,0.0014213542154461764,0.02449210413842513,0.0014212401905092324,0.002006819273503226,0.02428719720358567,0.0012201206554317155,0.02428719720358567,0.0012201206554317155,0.02428719720358567,0.0012210702807773748,0.02428719720358567,0.0012210702807773748,0.014884229057233736,0.0013094195193906967,0.014871284458894395,0.0013094455645625911,0.015512215744266047,0.001309425872412548,0.015512218738391268,0.0013094247880083207,0.01492317392677527,0.0012168486261127695,0.01492317392677527,0.0012168486261127695,0.01492317392677527,0.0012170213994236662,0.01492317392677527,0.0012170213994236662,0.02433303984319074,0.0012982908948013367,0.021912267353250185,0.0012984015325328232,0.0231398034833173,0.001422108532450136,0.020842946178888957,0.001422144780666372,0.014453554575632117,0.001128652835086878,0.01551524106802576,0.001128633791901182,0.013639998633005522,0.0011338466628955425,0.014835338597911715,0.0011338803479529367,0.014028537531051622,0.0012170245875974533,0.014028537531051622,0.0012170245875974533,0.01492317392677527,0.0012170213994236662,0.01492317392677527,0.0012170213994236662,0.013639998633005522,0.0011272213918905138,0.014835338597911715,0.0011271599726760903,0.013639998633005522,0.0011338466628955425,0.014835338597911715,0.0011338803479529367
1086291924,64.0,0.015415102088483821,0.0022459989447292912,0.01803162777366927,0.001221102364211017,0.01803162777366927,0.001221102364211017,0.01812566441246221,0.001222148209421979,0.01812566441246221,0.001222148209421979,0.004817981004624352,0.013124160329054653,0.0012185743373653484,0.013124160329054653,0.0012185743373653484,0.013924453099984744,0.001218555104105231,0.013924453099984744,0.001218555104105231,0.003265006689918149,0.012203117419753452,0.0011309806392840547,0.012882971861518608,0.0011309599225495155,0.012239016572272712,0.001128833599189802,0.012879095698016166,0.0011288649590560254,0.01823904295869259,0.0012748576866087758,0.018233907934455233,0.0012749263677945414,0.017978653762743494,0.0013959455591852428,0.017982647468169417,0.001396011634634536,0.0022459989447292912,0.01812566441246221,0.001219913769311438,0.01812566441246221,0.001219913769311438,0.01812566441246221,0.001222148209421979,0.01812566441246221,0.001222148209421979,0.014084197713589004,0.001353747120274616,0.014079117842282243,0.0013536779325977737,0.014746958910654334,0.001353746707864455,0.014748796012378518,0.0013536711636522297,0.013924453099984744,0.001217828044146403,0.013924453099984744,0.001217828044146403,0.013924453099984744,0.001218555104105231,0.013924453099984744,0.001218555104105231,0.017188539134509566,0.0012743359759970054,0.016275962070740654,0.0012743864004633497,0.0176319075694541,0.001403809312776977,0.016364858253564093,0.0014038374434316076,0.012203117419753452,0.0011309806392840547,0.012882971861518608,0.0011309599225495155,0.012239016572272712,0.001128833599189802,0.012879095698016166,0.0011288649590560254,0.013124160329054653,0.0012185743373653484,0.013124160329054653,0.0012185743373653484,0.013924453099984744,0.001218555104105231,0.013924453099984744,0.001218555104105231,0.012239016572272712,0.0011244311038126971,0.012879095698016166,0.0011243513704881076,0.012239016572272712,0.001128833599189802,0.012879095698016166,0.0011288649590560254
1086292082,64.0,0.019378267903350836,0.002663438510497659,0.0190317897835246,0.0012218549255664122,0.0190317897835246,0.0012218549255664122,0.020274952888772867,0.001221243276718535,0.020274952888772867,0.001221243276718535,0.004983371309667885,0.012600425767958083,0.0012167787658763057,0.012600425767958083,0.0012167787658763057,0.01361900169874539,0.0012168045698568218,0.01361900169874539,0.0012168045698568218,0.003486455570044218,0.01276315874562771,0.001129114093659987,0.013423262916886815,0.001129181964258584,0.010905221454271342,0.0011314381274984326,0.011790904432101406,0.0011314885525624478,0.02015527410533435,0.0012946192936670678,0.02015486613094952,0.001294722065965401,0.018569631872174645,0.0013578760553969755,0.018575407578577115,0.0013578937399082666,0.002663438510497659,0.020274952888772867,0.0012193900812275534,0.020274952888772867,0.0012193900812275534,0.020274952888772867,0.001221243276718535,0.020274952888772867,0.001221243276718535,0.012928847305768666,0.0013235454241934171,0.012928978014236953,0.00132349027807681,0.013820577563091328,0.0013235471337430704,0.013837813784846774,0.0013234941243870325,0.01361900169874539,0.0012163510066952798,0.01361900169874539,0.0012163510066952798,0.01361900169874539,0.0012168045698568218,0.01361900169874539,0.0012168045698568218,0.018960095451501156,0.001287687660289813,0.017765892940428938,0.0012876502155845045,0.017746699595873053,0.0013533473828482427,0.016430673053750764,0.0013533607499124551,0.01276315874562771,0.001129114093659987,0.013423262916886815,0.001129181964258584,0.010905221454271342,0.0011314381274984326,0.011790904432101406,0.0011314885525624478,0.012600425767958083,0.0012167787658763057,0.012600425767958083,0.0012167787658763057,0.01361900169874539,0.0012168045698568218,0.01361900169874539,0.0012168045698568218,0.010905221454271342,0.0011256514650579104,0.011790904432101406,0.0011256458739300151,0.010905221454271342,0.0011314381274984326,0.011790904432101406,0.0011314885525624478
1086292143,62.0,0.027730008957656743,0.0026832140592896636,0.026822925899744648,0.001172434104858096,0.026822925899744648,0.001172434104858096,0.033735820155568856,0.0011723317431578085,0.033735820155568856,0.0011723317431578085,0.004193501899491409,0.0174727440036482,0.0011673261853995267,0.0174727440036482,0.0011673261853995267,0.019668048430704296,0.0011673228573137265,0.019668048430704296,0.0011673228573137265,0.0030937791637018377,0.011877421965617318,0.0010889678443969026,0.014295876343657985,0.001089018859910801,0.01149370428378339,0.001087845505566778,0.014350742934692243,0.001087878959202629,0.028800801973250342,0.0012454362965586374,0.0287940104526512,0.00124529756044039,0.029784251742979988,0.001334364889276478,0.029785132370146385,0.0013345187422745372,0.0026832140592896636,0.033735820155568856,0.0011707140274134188,0.033735820155568856,0.0011707140274134188,0.033735820155568856,0.0011723317431578085,0.033735820155568856,0.0011723317431578085,0.01905909219017198,0.0012591560081196664,0.019051037477139637,0.0012590821932201902,0.01981703933672744,0.0012591678008150309,0.019836765637582708,0.0012590717178758,0.019668048430704296,0.0011670207638223957,0.019668048430704296,0.0011670207638223957,0.019668048430704296,0.0011673228573137265,0.019668048430704296,0.0011673228573137265,0.02667415320887922,0.0012419755004179065,0.023733235135510296,0.0012419234342610527,0.027317443045533314,0.0013267448080208758,0.024038908527750962,0.0013268302669143604,0.011877421965617318,0.0010889678443969026,0.014295876343657985,0.001089018859910801,0.01149370428378339,0.001087845505566778,0.014350742934692243,0.001087878959202629,0.0174727440036482,0.0011673261853995267,0.0174727440036482,0.0011673261853995267,0.019668048430704296,0.0011673228573137265,0.019668048430704296,0.0011673228573137265,0.01149370428378339,0.0010848146074048375,0.014350742934692243,0.0010847139134338832,0.01149370428378339,0.001087845505566778,0.014350742934692243,0.001087878959202629
1086292341,64.0,0.01456183409186936,0.0027338938688134897,0.02384895981138097,0.0012214325360301983,0.02384895981138097,0.0012214325360301983,0.02280715780088912,0.0012214185134353584,0.02280715780088912,0.0012214185134353584,0.0047673267902148975,0.016705576479644175,0.0012148770854818359,0.016705576479644175,0.0012148770854818359,0.017816579497883834,0.0012148650190172562,0.017816579497883834,0.0012148650190172562,0.004081408636279115,0.012368577054493816,0.0011287751227117455,0.014488015170107968,0.0011287156159317982,0.010574885126607298,0.0011304593577848346,0.012161529644768439,0.0011305335685648154,0.025363730991385676,0.001292535145802069,0.02536581961852082,0.0012925399089307036,0.02208717700254032,0.0014017433550679878,0.02208741737850784,0.0014017633149257048,0.0027338938688134897,0.02280715780088912,0.0012200353681090174,0.02280715780088912,0.0012200353681090174,0.02280715780088912,0.0012214185134353584,0.02280715780088912,0.0012214185134353584,0.01959006975015685,0.0013681344724227153,0.01960856724092248,0.001368116643273093,0.01956921073365376,0.0013681345520589925,0.019568907762213684,0.0013681235766911488,0.017816579497883834,0.0012142077301979402,0.017816579497883834,0.0012142077301979402,0.017816579497883834,0.0012148650190172562,0.017816579497883834,0.0012148650190172562,0.024451608854322966,0.001289377674046509,0.021428669498702112,0.001289456489198469,0.02108921118980517,0.0014003962347421026,0.01840895352431725,0.0014004680649357818,0.012368577054493816,0.0011287751227117455,0.014488015170107968,0.0011287156159317982,0.010574885126607298,0.0011304593577848346,0.012161529644768439,0.0011305335685648154,0.016705576479644175,0.0012148770854818359,0.016705576479644175,0.0012148770854818359,0.017816579497883834,0.0012148650190172562,0.017816579497883834,0.0012148650190172562,0.010574885126607298,0.0011257026274221925,0.012161529644768439,0.0011256986656715655,0.010574885126607298,0.0011304593577848346,0.012161529644768439,0.0011305335685648154
1086292433,64.0,0.014593843640386244,0.002026013007994802,0.017467716948764495,0.0012210936432402071,0.017467716948764495,0.0012210936432402071,0.017440184875579443,0.0012214069755369886,0.017440184875579443,0.0012214069755369886,0.00503492221929895,0.01100595009576384,0.0012171108340594205,0.01100595009576384,0.0012171108340594205,0.011437893177459895,0.0012171058369806944,0.011437893177459895,0.0012171058369806944,0.0029626277064255264,0.010253205140879807,0.0011293941331127226,0.011050735204575397,0.0011293802826858408,0.009350843812823863,0.0011262463228206307,0.010412547769550796,0.0011262899851635514,0.018621291178740212,0.001283205449695069,0.018603088612374044,0.0012831790318302446,0.016981022255713928,0.0014375802812489186,0.016984040915661837,0.0014375883569005803,0.002026013007994802,0.017440184875579443,0.0012203630863187507,0.017440184875579443,0.0012203630863187507,0.017440184875579443,0.0012214069755369886,0.017440184875579443,0.0012214069755369886,0.01206950935385961,0.0013660165691677477,0.012067366964275395,0.0013659165829485536,0.01260070240818215,0.0013660255357938508,0.012612531467328674,0.0013659196723313804,0.011437893177459895,0.0012165918239834823,0.011437893177459895,0.0012165918239834823,0.011437893177459895,0.0012171058369806944,0.011437893177459895,0.0012171058369806944,0.017833131553366237,0.0012785733468837985,0.015294141928272767,0.0012785621660637227,0.01618748829373356,0.0014371178148343976,0.014157319991863631,0.0014371323713860613,0.010253205140879807,0.0011293941331127226,0.011050735204575397,0.0011293802826858408,0.009350843812823863,0.0011262463228206307,0.010412547769550796,0.0011262899851635514,0.01100595009576384,0.0012171108340594205,0.01100595009576384,0.0012171108340594205,0.011437893177459895,0.0012171058369806944,0.011437893177459895,0.0012171058369806944,0.009350843812823863,0.0011240033556570274,0.010412547769550796,0.0011240372043724192,0.009350843812823863,0.0011262463228206307,0.010412547769550796,0.0011262899851635514
1086292440,64.0,0.020306947036170257,0.002170507976876596,0.02038437214372636,0.0012224421354015246,0.02038437214372636,0.0012224421354015246,0.02272769589346009,0.0012220508285792492,0.02272769589346009,0.0012220508285792492,0.00464259896131176,0.015433279386703882,0.0012176435414621056,0.015433279386703882,0.0012176435414621056,0.017080034910924205,0.0012176438123616858,0.017080034910924205,0.0012176438123616858,0.0034004074386381144,0.009868726400570273,0.0011294840427985861,0.012123562487384536,0.0011295082556158163,0.00956103751543992,0.0011290555078895894,0.011707001520339638,0.001129019732615456,0.020949153099493745,0.00127123657138941,0.02095302620406372,0.0012712893981691809,0.021704658462445323,0.0013787115089752434,0.021707216924359903,0.0013787591150488867,0.002170507976876596,0.02272769589346009,0.0012207240097398965,0.02272769589346009,0.0012207240097398965,0.02272769589346009,0.0012220508285792492,0.02272769589346009,0.0012220508285792492,0.017028576370255667,0.0013443743465789172,0.017026820218501028,0.0013443122790263236,0.0173882789842688,0.0013443556270158535,0.017391319245848014,0.0013443425309491322,0.017080034910924205,0.00121719465688526,0.017080034910924205,0.00121719465688526,0.017080034910924205,0.0012176438123616858,0.017080034910924205,0.0012176438123616858,0.020436287587932478,0.0012684482161434121,0.017519943951200136,0.0012684972225017522,0.020674880295914855,0.001390210472484764,0.017736642016844467,0.0013901783273023004,0.009868726400570273,0.0011294840427985861,0.012123562487384536,0.0011295082556158163,0.00956103751543992,0.0011290555078895894,0.011707001520339638,0.001129019732615456,0.015433279386703882,0.0012176435414621056,0.015433279386703882,0.0012176435414621056,0.017080034910924205,0.0012176438123616858,0.017080034910924205,0.0012176438123616858,0.00956103751543992,0.0011269948665335453,0.011707001520339638,0.0011269469133337198,0.00956103751543992,0.0011290555078895894,0.011707001520339638,0.001129019732615456
1086292822,64.0,0.020158769679450236,0.0025013611592496717,0.026796314257559135,0.0012222888276756441,0.026796314257559135,0.0012222888276756441,0.026766461203269972,0.0012216074438529663,0.026766461203269972,0.0012216074438529663,0.008382844768793321,0.017854546065055932,0.0012174468821055016,0.017854546065055932,0.0012174468821055016,0.018104886564392637,0.0012174468821055016,0.018104886564392637,0.0012174468821055016,0.004523476676926728,0.015463696891730107,0.0011302930766118025,0.018845635609268024,0.0011302739449309536,0.014648137535883446,0.001129488107357019,0.016900857209954205,0.0011295936047076727,0.02805042200324127,0.0012894287186018124,0.028040988217377796,0.0012894174942664738,0.025258909289641952,0.0014722078195416326,0.02525942977262329,0.0014723626009085415,0.0025013611592496717,0.026766461203269972,0.0012202120955776817,0.026766461203269972,0.0012202120955776817,0.026766461203269972,0.0012216074438529663,0.026766461203269972,0.0012216074438529663,0.018512633269281563,0.0013388720599796806,0.018491269689627284,0.0013386659972320601,0.01880346603224189,0.001338866780666408,0.018803813395213177,0.0013386541256431145,0.018104886564392637,0.00121674658342072,0.018104886564392637,0.00121674658342072,0.018104886564392637,0.0012174468821055016,0.018104886564392637,0.0012174468821055016,0.02677846039964208,0.0012855975405070298,0.023932764656007022,0.0012857389273842914,0.023451061796385408,0.0014826513631498684,0.021846739809238503,0.0014826505133027992,0.015463696891730107,0.0011302930766118025,0.018845635609268024,0.0011302739449309536,0.014648137535883446,0.001129488107357019,0.016900857209954205,0.0011295936047076727,0.017854546065055932,0.0012174468821055016,0.017854546065055932,0.0012174468821055016,0.018104886564392637,0.0012174468821055016,0.018104886564392637,0.0012174468821055016,0.014648137535883446,0.0011253462330634873,0.016900857209954205,0.0011253706581199386,0.014648137535883446,0.001129488107357019,0.016900857209954205,0.0011295936047076727
1086292921,64.0,0.018898547588282424,0.0025464350366568404,0.028641754558945836,0.0012217239363880835,0.028641754558945836,0.0012217239363880835,0.03032438445572025,0.0012223414617252486,0.03032438445572025,0.0012223414617252486,0.006211528759132843,0.02067066250938838,0.0012159958230043622,0.02067066250938838,0.0012159958230043622,0.02205340571428264,0.0012160237079989111,0.02205340571428264,0.0012160237079989111,0.004061979374834074,0.015699607885401416,0.0011307183363496755,0.019397854935330246,0.0011306123516355417,0.014599794212515702,0.0011355445236142015,0.017672425457189153,0.0011355167841335277,0.03126552255854866,0.0012883159620785342,0.03125330509572351,0.0012883383157595912,0.029326833521981902,0.0014918306460573066,0.02933272416695142,0.0014918128031428338,0.0025464350366568404,0.03032438445572025,0.0012207206584310766,0.03032438445572025,0.0012207206584310766,0.03032438445572025,0.0012223414617252486,0.03032438445572025,0.0012223414617252486,0.02297795965269152,0.001378308273509636,0.02297862585338826,0.0013780666938196526,0.023315779104627916,0.0013783011092712981,0.023319266377668693,0.0013780718986618797,0.02205340571428264,0.0012157568866687026,0.02205340571428264,0.0012157568866687026,0.02205340571428264,0.0012160237079989111,0.02205340571428264,0.0012160237079989111,0.029595156921813304,0.0012863693390034723,0.026344377778967535,0.0012863840526500657,0.02757025233275746,0.0014929523453159751,0.02509357302316185,0.0014930096247468359,0.015699607885401416,0.0011307183363496755,0.019397854935330246,0.0011306123516355417,0.014599794212515702,0.0011355445236142015,0.017672425457189153,0.0011355167841335277,0.02067066250938838,0.0012159958230043622,0.02067066250938838,0.0012159958230043622,0.02205340571428264,0.0012160237079989111,0.02205340571428264,0.0012160237079989111,0.014599794212515702,0.001125099071535248,0.017672425457189153,0.0011251317844365918,0.014599794212515702,0.0011355445236142015,0.017672425457189153,0.0011355167841335277
1086292976,64.0,0.01677776515535788,0.0031521268571590264,0.027755663532377295,0.0012211009998167497,0.027755663532377295,0.0012211009998167497,0.029256148049008557,0.0012198702733021347,0.029256148049008557,0.0012198702733021347,0.007295729490473725,0.01952346363398423,0.001215960395384169,0.01952346363398423,0.001215960395384169,0.020329742827850293,0.001215945779312617,0.020329742827850293,0.001215945779312617,0.0044740247178019135,0.014366009804485451,0.0011306611018050891,0.01717948878824716,0.0011306913179377584,0.01317673022513262,0.0011349517060498253,0.015890009091131047,0.001134997271276649,0.029103667233666364,0.0012819141702543671,0.029085677205724293,0.0012819194677042443,0.027749778305329504,0.0014181979086548995,0.02774716805879032,0.0014181930368333709,0.0031521268571590264,0.029256148049008557,0.0012193570907409904,0.029256148049008557,0.0012193570907409904,0.029256148049008557,0.0012198702733021347,0.029256148049008557,0.0012198702733021347,0.019702542638628626,0.001338506520498819,0.01970652559281394,0.0013383970260051623,0.021151390451799704,0.0013385040775245125,0.02114112670816327,0.0013383972885223396,0.020329742827850293,0.0012154520360250888,0.020329742827850293,0.0012154520360250888,0.020329742827850293,0.001215945779312617,0.020329742827850293,0.001215945779312617,0.028014993347520122,0.0012751295865155233,0.02381378745727873,0.0012752074136910358,0.026374002650761636,0.0014160401113855739,0.02176380982014991,0.0014161534844337395,0.014366009804485451,0.0011306611018050891,0.01717948878824716,0.0011306913179377584,0.01317673022513262,0.0011349517060498253,0.015890009091131047,0.001134997271276649,0.01952346363398423,0.001215960395384169,0.01952346363398423,0.001215960395384169,0.020329742827850293,0.001215945779312617,0.020329742827850293,0.001215945779312617,0.01317673022513262,0.0011253540386524188,0.015890009091131047,0.0011254765266580375,0.01317673022513262,0.0011349517060498253,0.015890009091131047,0.001134997271276649
1086293034,64.0,0.016425084215088967,0.0023149099321675246,0.019239529262518196,0.0012219573015065748,0.019239529262518196,0.0012219573015065748,0.021858183958544428,0.0012217781486845907,0.021858183958544428,0.0012217781486845907,0.0077980566181136,0.014133421078297875,0.0012167183129283385,0.014133421078297875,0.0012167183129283385,0.014675878301862703,0.0012167183129283385,0.014675878301862703,0.0012167183129283385,0.0042007394380038105,0.012106037829373742,0.0011318970514829186,0.01340326626224078,0.0011319622915165212,0.011120763249759521,0.0011293510970592688,0.012527153499905932,0.001129404147213484,0.02022257366602631,0.0012945789066330703,0.02020897718403348,0.0012947337926647107,0.019651433023895645,0.0013594424985129757,0.019651122752180377,0.0013595455957619586,0.0023149099321675246,0.021858183958544428,0.001219757756898799,0.021858183958544428,0.001219757756898799,0.021858183958544428,0.0012217781486845907,0.021858183958544428,0.0012217781486845907,0.014673658929159089,0.001286865862398956,0.014657343439793693,0.0012868719866563688,0.014695715585140854,0.0012868723205508787,0.014695451371211426,0.0012868651087541184,0.014675878301862703,0.0012163455953147463,0.014675878301862703,0.0012163455953147463,0.014675878301862703,0.0012167183129283385,0.014675878301862703,0.0012167183129283385,0.019039561747044527,0.001289747071296523,0.017081000937735846,0.0012898005886960912,0.01823389897770746,0.0013551048191627127,0.016104511519295737,0.001355193096728745,0.012106037829373742,0.0011318970514829186,0.01340326626224078,0.0011319622915165212,0.011120763249759521,0.0011293510970592688,0.012527153499905932,0.001129404147213484,0.014133421078297875,0.0012167183129283385,0.014133421078297875,0.0012167183129283385,0.014675878301862703,0.0012167183129283385,0.014675878301862703,0.0012167183129283385,0.011120763249759521,0.0011260701693688044,0.012527153499905932,0.0011260165604461065,0.011120763249759521,0.0011293510970592688,0.012527153499905932,0.001129404147213484
1086293089,64.0,0.013887783538509701,0.0027129620055115805,0.021734358698121854,0.0012216866881444497,0.021734358698121854,0.0012216866881444497,0.02354622388232139,0.0012209378667239618,0.02354622388232139,0.0012209378667239618,0.006196912244099386,0.013770652439408747,0.0012162088299603527,0.013770652439408747,0.0012162088299603527,0.014694014573537147,0.0012162086067505306,0.014694014573537147,0.0012162086067505306,0.003319876788241756,0.010918345688915252,0.0011295090544580432,0.011825150566317081,0.0011294412581709715,0.010028180813310575,0.0011295129705439842,0.01020480185761498,0.001129516051359614,0.02321429763147605,0.0012945421554190109,0.023206018385471126,0.0012946120233386198,0.021065790040482237,0.0013893098280127218,0.02110637967570278,0.0013893804043466922,0.0027129620055115805,0.02354622388232139,0.0012193615989634845,0.02354622388232139,0.0012193615989634845,0.02354622388232139,0.0012209378667239618,0.02354622388232139,0.0012209378667239618,0.014449722871971847,0.0013176729434639508,0.014445809554326087,0.0013175931250732234,0.014991336125437706,0.0013176809399621642,0.014996572630461634,0.0013176023745079682,0.014694014573537147,0.0012161459841081013,0.014694014573537147,0.0012161459841081013,0.014694014573537147,0.0012162086067505306,0.014694014573537147,0.0012162086067505306,0.021565611942751153,0.0012952456977161656,0.01824495035209707,0.0012954303848509733,0.01983747585740529,0.0013877174375498634,0.01607268908465999,0.0013877702796908833,0.010918345688915252,0.0011295090544580432,0.011825150566317081,0.0011294412581709715,0.010028180813310575,0.0011295129705439842,0.01020480185761498,0.001129516051359614,0.013770652439408747,0.0012162088299603527,0.013770652439408747,0.0012162088299603527,0.014694014573537147,0.0012162086067505306,0.014694014573537147,0.0012162086067505306,0.010028180813310575,0.001125728697856246,0.01020480185761498,0.001125740246741577,0.010028180813310575,0.0011295129705439842,0.01020480185761498,0.001129516051359614
1086293164,64.0,0.032325596125900774,0.0017673321620146065,0.02096174548914486,0.0012218240681320521,0.02096174548914486,0.0012218240681320521,0.021716404189066302,0.001221875681262698,0.021716404189066302,0.001221875681262698,0.0036323053020617477,0.013863318563940234,0.0012176629972136086,0.013863318563940234,0.0012176629972136086,0.014932719939609857,0.0012176765434981887,0.014932719939609857,0.0012176765434981887,0.0022364111154970115,0.012951859027564218,0.0011303491509860326,0.01339681085134408,0.0011304644205439615,0.012117425229759298,0.001127218083634131,0.012883729206101861,0.0011271627273127982,0.021585527864243156,0.0012903885009045532,0.021560624229445165,0.0012904732552878832,0.02058852387244482,0.001351625031298793,0.020634473636572618,0.0013517179614528825,0.0017673321620146065,0.021716404189066302,0.0012205154080719297,0.021716404189066302,0.0012205154080719297,0.021716404189066302,0.001221875681262698,0.021716404189066302,0.001221875681262698,0.014269798705835546,0.0012861169867520248,0.014278416104413232,0.0012861391548586144,0.014793175097465739,0.0012861170117879075,0.014793155260685626,0.0012861436110204265,0.014932719939609857,0.0012172770558990188,0.014932719939609857,0.0012172770558990188,0.014932719939609857,0.0012176765434981887,0.014932719939609857,0.0012176765434981887,0.021006511595594288,0.0012853084414541072,0.01846840522965836,0.0012853224287340708,0.019568910839190445,0.0013529190442041618,0.017432690175457666,0.0013529268917688078,0.012951859027564218,0.0011303491509860326,0.01339681085134408,0.0011304644205439615,0.012117425229759298,0.001127218083634131,0.012883729206101861,0.0011271627273127982,0.013863318563940234,0.0012176629972136086,0.013863318563940234,0.0012176629972136086,0.014932719939609857,0.0012176765434981887,0.014932719939609857,0.0012176765434981887,0.012117425229759298,0.0011242754899072616,0.012883729206101861,0.0011243135035583023,0.012117425229759298,0.001127218083634131,0.012883729206101861,0.0011271627273127982
1086293386,384.0,0.21756402854733328,0.010120066855296771,0.008250971028118097,0.008213660931133784,0.008250971028118097,0.008213660931133784,0.008242305907339357,0.008206556586064123,0.008242305907339357,0.008206556586064123,0.010669966813850011,0.008241395168438453,0.008210736722756204,0.008241395168438453,0.008210736722756204,0.008240889680844804,0.00821076041037276,0.008240889680844804,0.00821076041037276,0.010810172966298987,0.00800361247836311,0.007993644135139527,0.008003126745451304,0.007993653668128336,0.008005114633309779,0.007998173507120043,0.008004916358841284,0.007998081406941146,0.008247253209767625,0.008218867584104563,0.008247034254962104,0.008218847098427552,0.008264315615850894,0.008244544327870999,0.00826438101562668,0.008244435506462798,0.010120066855296771,0.008242305907339357,0.008205755006207049,0.008242305907339357,0.008205755006207049,0.008242305907339357,0.008206556586064123,0.008242305907339357,0.008206556586064123,0.008261673405755626,0.008233454106241118,0.008261127436715731,0.008233629056331722,0.008259283167439428,0.008233437431745597,0.008259408993571558,0.00823364212948443,0.008240889680844804,0.00821135456917548,0.008240889680844804,0.00821135456917548,0.008240889680844804,0.00821076041037276,0.008240889680844804,0.00821076041037276,0.008026057943342943,0.008002349561810179,0.008015158504290373,0.008002221001248875,0.008030123972023897,0.008013206421716877,0.00801996731588113,0.008013259177921265,0.00800361247836311,0.007993644135139527,0.008003126745451304,0.007993653668128336,0.008005114633309779,0.007998173507120043,0.008004916358841284,0.007998081406941146,0.008241395168438453,0.008210736722756204,0.008241395168438453,0.008210736722756204,0.008240889680844804,0.00821076041037276,0.008240889680844804,0.00821076041037276,0.008005114633309779,0.007996202795547074,0.008004916358841284,0.007996088789924157,0.008005114633309779,0.007998173507120043,0.008004916358841284,0.007998081406941146
1086293409,64.0,0.016210970633876387,0.002661571923645768,0.01972801809442949,0.001221058414675825,0.01972801809442949,0.001221058414675825,0.020031758618775868,0.0012210107212463292,0.020031758618775868,0.0012210107212463292,0.004044576584857339,0.01483339020637049,0.0012171664116680133,0.01483339020637049,0.0012171664116680133,0.01586711850738311,0.0012171667069671246,0.01586711850738311,0.0012171667069671246,0.0034444528958818897,0.014790353003387534,0.0011305365972705925,0.015084854929204519,0.00113064066695363,0.013179230261907239,0.0011355475437829397,0.013718661354137964,0.001135575237536858,0.020627499739877552,0.0012942261603646331,0.02063135789304906,0.0012943724437106442,0.01887175956899817,0.001484417252438191,0.01887055543705505,0.0014845604654044285,0.002661571923645768,0.020031758618775868,0.001219460927203975,0.020031758618775868,0.001219460927203975,0.020031758618775868,0.0012210107212463292,0.020031758618775868,0.0012210107212463292,0.015967523709930015,0.001375765122717706,0.015918382349188288,0.001375599234738272,0.016505437450799833,0.001375755905276758,0.016503852863877302,0.0013756028755669877,0.01586711850738311,0.0012167250834931775,0.01586711850738311,0.0012167250834931775,0.01586711850738311,0.0012171667069671246,0.01586711850738311,0.0012171667069671246,0.020243217867717073,0.0012906724388870713,0.018674927082848822,0.0012907008189939715,0.01874786194570302,0.0014957530118725577,0.01732341104915662,0.0014958638270470186,0.014790353003387534,0.0011305365972705925,0.015084854929204519,0.00113064066695363,0.013179230261907239,0.0011355475437829397,0.013718661354137964,0.001135575237536858,0.01483339020637049,0.0012171664116680133,0.01483339020637049,0.0012171664116680133,0.01586711850738311,0.0012171667069671246,0.01586711850738311,0.0012171667069671246,0.013179230261907239,0.0011257304020542225,0.013718661354137964,0.001125713311245266,0.013179230261907239,0.0011355475437829397,0.013718661354137964,0.001135575237536858
1086293416,64.0,0.017624035561784452,0.0020323085367581475,0.019660706489062825,0.0012215629875531203,0.019660706489062825,0.0012215629875531203,0.019623300130131142,0.0012216207698787077,0.019623300130131142,0.0012216207698787077,0.004737097500102424,0.012398059313232576,0.0012172549718894314,0.012398059313232576,0.0012172549718894314,0.01375895431361316,0.0012172470031020588,0.01375895431361316,0.0012172470031020588,0.0035208785053892464,0.01071970227556742,0.0011314796740942209,0.012092106499082036,0.0011315188878152996,0.009281989470740774,0.0011312894701513588,0.010779544447247628,0.001131356356698765,0.020636590763774016,0.0012797159055727327,0.02063551010903815,0.0012796412443739271,0.018901572470190708,0.0014710575424407787,0.018907326507324514,0.00147105773686819,0.0020323085367581475,0.019623300130131142,0.0012205679996931307,0.019623300130131142,0.0012205679996931307,0.019623300130131142,0.0012216207698787077,0.019623300130131142,0.0012216207698787077,0.01412415810871001,0.0013747057079039795,0.01412229793263059,0.0013745406151689941,0.014265782875977722,0.0013747100661247599,0.01428599544275976,0.0013745185316674459,0.01375895431361316,0.0012170821711368785,0.01375895431361316,0.0012170821711368785,0.01375895431361316,0.0012172470031020588,0.01375895431361316,0.0012172470031020588,0.019931765561284145,0.0012771139833403116,0.018400277957421683,0.0012772441349886538,0.01739102933738311,0.001467682104985377,0.016306935945776795,0.0014676627070164335,0.01071970227556742,0.0011314796740942209,0.012092106499082036,0.0011315188878152996,0.009281989470740774,0.0011312894701513588,0.010779544447247628,0.001131356356698765,0.012398059313232576,0.0012172549718894314,0.012398059313232576,0.0012172549718894314,0.01375895431361316,0.0012172470031020588,0.01375895431361316,0.0012172470031020588,0.009281989470740774,0.0011262563422664157,0.010779544447247628,0.0011262255837995046,0.009281989470740774,0.0011312894701513588,0.010779544447247628,0.001131356356698765
1086293935,64.0,0.02316072608001718,0.002543572846969939,0.02595143783240229,0.0012220098809379817,0.02595143783240229,0.0012220098809379817,0.026350867064560232,0.0012220323879539585,0.026350867064560232,0.0012220323879539585,0.008550541908086717,0.0178161439562868,0.0012172165339158626,0.0178161439562868,0.0012172165339158626,0.02012493741058761,0.0012172058234847642,0.02012493741058761,0.0012172058234847642,0.004522456840194356,0.015255859566073586,0.0011305320722174003,0.01560325550033956,0.001130546502122459,0.014209762229086818,0.001128738205609815,0.014701896193043218,0.0011288358810955935,0.026707186403247554,0.001286532568887323,0.026708022087823753,0.0012865292781067048,0.026255686084387702,0.0013888405022476642,0.026215791162036622,0.0013887748947800287,0.002543572846969939,0.026350867064560232,0.0012203864014738077,0.026350867064560232,0.0012203864014738077,0.026350867064560232,0.0012220323879539585,0.026350867064560232,0.0012220323879539585,0.021190262730384584,0.0013067731004683645,0.021197671650327404,0.0013067020865172138,0.022095283489892863,0.001306774635664916,0.022047720238477713,0.0013066996901784885,0.02012493741058761,0.0012168492209117256,0.02012493741058761,0.0012168492209117256,0.02012493741058761,0.0012172058234847642,0.02012493741058761,0.0012172058234847642,0.024795783278533507,0.0012818011579539524,0.022651652266195834,0.0012818266284837698,0.02408550639921754,0.0013870327504082497,0.021166705085944787,0.0013869766033495865,0.015255859566073586,0.0011305320722174003,0.01560325550033956,0.001130546502122459,0.014209762229086818,0.001128738205609815,0.014701896193043218,0.0011288358810955935,0.0178161439562868,0.0012172165339158626,0.0178161439562868,0.0012172165339158626,0.02012493741058761,0.0012172058234847642,0.02012493741058761,0.0012172058234847642,0.014209762229086818,0.0011265905688724734,0.014701896193043218,0.0011266429841890024,0.014209762229086818,0.001128738205609815,0.014701896193043218,0.0011288358810955935
1086294017,64.0,0.0201025967860091,0.0020936627450001575,0.017465935019762995,0.0012214867601472296,0.017465935019762995,0.0012214867601472296,0.016996435160068737,0.0012210712269447796,0.016996435160068737,0.0012210712269447796,0.004023476067255161,0.013121088360509734,0.0012163115700804322,0.013121088360509734,0.0012163115700804322,0.013304806234624485,0.0012163041888071191,0.013304806234624485,0.0012163041888071191,0.002599749420888517,0.009882423998451672,0.001129512216341338,0.010550456137207282,0.001129504998143323,0.00860820822477815,0.001130073351219432,0.010007444586594798,0.0011301390843640553,0.01920447092178149,0.0012893499912874015,0.01918659758032005,0.001289436707504056,0.01786136517094284,0.0013702158544381148,0.017857243297201456,0.0013703375387948728,0.0020936627450001575,0.016996435160068737,0.0012201289300635572,0.016996435160068737,0.0012201289300635572,0.016996435160068737,0.0012210712269447796,0.016996435160068737,0.0012210712269447796,0.014469325623577623,0.001307440736651014,0.014470086460745837,0.0013073575473293922,0.015031733785202821,0.0013074519260323368,0.015014050163508473,0.0013073575433780672,0.013304806234624485,0.0012158665587521697,0.013304806234624485,0.0012158665587521697,0.013304806234624485,0.0012163041888071191,0.013304806234624485,0.0012163041888071191,0.018019611673329865,0.0012939797043547546,0.015664661757548076,0.001294041586310547,0.01702707413646556,0.0013841803965673463,0.014657973529124832,0.001384248012920372,0.009882423998451672,0.001129512216341338,0.010550456137207282,0.001129504998143323,0.00860820822477815,0.001130073351219432,0.010007444586594798,0.0011301390843640553,0.013121088360509734,0.0012163115700804322,0.013121088360509734,0.0012163115700804322,0.013304806234624485,0.0012163041888071191,0.013304806234624485,0.0012163041888071191,0.00860820822477815,0.0011253269820192002,0.010007444586594798,0.0011253019916388988,0.00860820822477815,0.001130073351219432,0.010007444586594798,0.0011301390843640553
1086294024,384.0,0.2812433672850888,0.010244243643162667,0.008249845639394838,0.008220355481279215,0.008249845639394838,0.008220355481279215,0.008237223301230216,0.0082054972742849,0.008237223301230216,0.0082054972742849,0.011049345376511826,0.008244387324195591,0.008216441671197653,0.008244387324195591,0.008216441671197653,0.00824422187995953,0.008216469182138983,0.00824422187995953,0.008216469182138983,0.010918635439353718,0.007996512371959905,0.007992735683835468,0.007998033411644427,0.007992695791313426,0.008004698643522839,0.007999638671153017,0.008003803040038735,0.00799944144547834,0.008239324165601969,0.008218997922704682,0.008239374180226178,0.008218730929129813,0.008259603053107202,0.00824318549667911,0.008259401016035032,0.008243358313701408,0.010244243643162667,0.008237223301230216,0.008205451439916403,0.008237223301230216,0.008205451439916403,0.008237223301230216,0.0082054972742849,0.008237223301230216,0.0082054972742849,0.008267296764123922,0.008238865545515742,0.008266982176452364,0.008238863417636947,0.008264881266121505,0.008238853911569491,0.008264832617421532,0.00823882324529037,0.00824422187995953,0.008216864128762083,0.00824422187995953,0.008216864128762083,0.00824422187995953,0.008216469182138983,0.00824422187995953,0.008216469182138983,0.008017792361476839,0.00800106610215585,0.008007244064023793,0.008001016600202636,0.008027890387697648,0.0080142688663038,0.00801725759361672,0.008014234934394146,0.007996512371959905,0.007992735683835468,0.007998033411644427,0.007992695791313426,0.008004698643522839,0.007999638671153017,0.008003803040038735,0.00799944144547834,0.008244387324195591,0.008216441671197653,0.008244387324195591,0.008216441671197653,0.00824422187995953,0.008216469182138983,0.00824422187995953,0.008216469182138983,0.008004698643522839,0.007997622178855445,0.008003803040038735,0.007997591190418837,0.008004698643522839,0.007999638671153017,0.008003803040038735,0.00799944144547834
110000293085,64.0,0.018955589277220963,0.002129987369573245,0.018972608660435125,0.0012203817764062275,0.018972608660435125,0.0012203817764062275,0.019950798892495077,0.0012200419016332557,0.019950798892495077,0.0012200419016332557,0.005094843054552327,0.013699771292452353,0.0012146213621526143,0.013699771292452353,0.0012146213621526143,0.014920472354260594,0.0012146305592659217,0.014920472354260594,0.0012146305592659217,0.00288803772268605,0.011648278910722702,0.0011309009337786158,0.012929071347857726,0.0011309337788126684,0.010853954601974733,0.0011228906359805556,0.012133356546635242,0.0011228799721619703,0.019191067641434953,0.0012910704477015484,0.019188975358531472,0.0012909970980754,0.017368199239608837,0.0013399505130385022,0.017373772477518146,0.0013399821549702742,0.002129987369573245,0.019950798892495077,0.0012186710705663,0.019950798892495077,0.0012186710705663,0.019950798892495077,0.0012200419016332557,0.019950798892495077,0.0012200419016332557,0.013559519791514997,0.0012863715026573633,0.013563816750900893,0.0012863559146918215,0.013837328639860355,0.0012863697819387402,0.013849261990743529,0.001286353513703825,0.014920472354260594,0.0012141769145293017,0.014920472354260594,0.0012141769145293017,0.014920472354260594,0.0012146305592659217,0.014920472354260594,0.0012146305592659217,0.01903564533009437,0.0012961249438885642,0.01590921122910327,0.0012959385215660412,0.01695922746121409,0.0013510903784793133,0.01464238896417749,0.0013511308578936874,0.011648278910722702,0.0011309009337786158,0.012929071347857726,0.0011309337788126684,0.010853954601974733,0.0011228906359805556,0.012133356546635242,0.0011228799721619703,0.013699771292452353,0.0012146213621526143,0.013699771292452353,0.0012146213621526143,0.014920472354260594,0.0012146305592659217,0.014920472354260594,0.0012146305592659217,0.010853954601974733,0.0011259412289508705,0.012133356546635242,0.0011259802458374116,0.010853954601974733,0.0011228906359805556,0.012133356546635242,0.0011228799721619703
110000293088,64.0,0.01902361801741927,0.0028322927702433016,0.014487508640473783,0.001220232252452903,0.014487508640473783,0.001220232252452903,0.014719743371447842,0.0012200361524021092,0.014719743371447842,0.0012200361524021092,0.005501185485830855,0.01150148022430116,0.0012151777231965628,0.01150148022430116,0.0012151777231965628,0.012410737662543563,0.0012151782246032803,0.012410737662543563,0.0012151782246032803,0.004106761913157047,0.010232304960129538,0.001130211497731979,0.010734496276421193,0.001130416793516259,0.009874999498602184,0.001121163586024113,0.010187730948280098,0.0011211548647480027,0.015310398202357429,0.0012988716915463543,0.015327261603000701,0.0012989081870424877,0.014404153201714683,0.0013589429513964604,0.014400366635128859,0.0013590450337065108,0.0028322927702433016,0.014719743371447842,0.0012188582172784842,0.014719743371447842,0.0012188582172784842,0.014719743371447842,0.0012200361524021092,0.014719743371447842,0.0012200361524021092,0.012446033975038582,0.0012823871900672194,0.012446516617506979,0.0012824127842092433,0.01271786824085043,0.001282387443217215,0.012716476186193879,0.0012824168782680947,0.012410737662543563,0.0012149595618708622,0.012410737662543563,0.0012149595618708622,0.012410737662543563,0.0012151782246032803,0.012410737662543563,0.0012151782246032803,0.014874788829763968,0.001301572363375344,0.013318007498795106,0.0013015831849782615,0.013795717528568015,0.0013657854834682392,0.012783112770500735,0.00136570781787465,0.010232304960129538,0.001130211497731979,0.010734496276421193,0.001130416793516259,0.009874999498602184,0.001121163586024113,0.010187730948280098,0.0011211548647480027,0.01150148022430116,0.0012151777231965628,0.01150148022430116,0.0012151777231965628,0.012410737662543563,0.0012151782246032803,0.012410737662543563,0.0012151782246032803,0.009874999498602184,0.001123376100721513,0.010187730948280098,0.001123326526868553,0.009874999498602184,0.001121163586024113,0.010187730948280098,0.0011211548647480027
110000293089,64.0,0.023316139902832017,0.0022523638107126254,0.016377585787240828,0.0012196578166316567,0.016377585787240828,0.0012196578166316567,0.016867031695050046,0.0012194220242057478,0.016867031695050046,0.0012194220242057478,0.005455645339298869,0.011356481171630952,0.0012143853701058977,0.011356481171630952,0.0012143853701058977,0.01233465938592191,0.0012143718889562993,0.01233465938592191,0.0012143718889562993,0.0032786593162694834,0.011408183150660448,0.0011299821852205313,0.01157863978853757,0.0011298983897373154,0.010910126638975103,0.0011231075566888308,0.010869185580884655,0.0011230800614921955,0.01561751560106156,0.0012947751653681048,0.015616734203557919,0.0012947932849013092,0.015587384943485579,0.0013409132235139775,0.015605963333794107,0.0013409359727816336,0.0022523638107126254,0.016867031695050046,0.0012174932964613434,0.016867031695050046,0.0012174932964613434,0.016867031695050046,0.0012194220242057478,0.016867031695050046,0.0012194220242057478,0.011796590424599332,0.001277109596540834,0.011771181766664024,0.0012771301571724352,0.012089904779938885,0.0012770966470583877,0.012089880684931434,0.001277135403584321,0.01233465938592191,0.0012138074912114397,0.01233465938592191,0.0012138074912114397,0.01233465938592191,0.0012143718889562993,0.01233465938592191,0.0012143718889562993,0.015121109146708098,0.001294653077240108,0.013766614015753131,0.0012946388567100025,0.014870112183854062,0.0013500892197348124,0.013667380828145085,0.0013501131743055797,0.011408183150660448,0.0011299821852205313,0.01157863978853757,0.0011298983897373154,0.010910126638975103,0.0011231075566888308,0.010869185580884655,0.0011230800614921955,0.011356481171630952,0.0012143853701058977,0.011356481171630952,0.0012143853701058977,0.01233465938592191,0.0012143718889562993,0.01233465938592191,0.0012143718889562993,0.010910126638975103,0.0011265178775104513,0.010869185580884655,0.0011265172409085195,0.010910126638975103,0.0011231075566888308,0.010869185580884655,0.0011230800614921955
110000293091,384.0,0.2689689478358083,0.010265814846062224,0.00824432389083859,0.00820937743877988,0.00824432389083859,0.00820937743877988,0.008237345807198558,0.008201118963249774,0.008237345807198558,0.008201118963249774,0.010246683450868115,0.00823649118981983,0.008202195213218685,0.00823649118981983,0.008202195213218685,0.008234706336842024,0.008202191985573717,0.008234706336842024,0.008202191985573717,0.010374044998185035,0.007987257032895002,0.007983391874354677,0.00798570646484041,0.007983516219864253,0.007996687847471718,0.007991937694678245,0.00799447593381949,0.007991981680926873,0.00822813613991555,0.008208199245555532,0.00822794901357173,0.008208142935880165,0.008256270542755751,0.008239583533075927,0.008256467562620285,0.008239493093561883,0.010265814846062224,0.008237345807198558,0.008199950506937236,0.008237345807198558,0.008199950506937236,0.008237345807198558,0.008201118963249774,0.008237345807198558,0.008201118963249774,0.008259371420549094,0.00823235052876808,0.008259505040797628,0.008232275127777083,0.008257285086613943,0.008232346997906778,0.008257410250347172,0.008232262513094082,0.008234706336842024,0.00820178072733739,0.008234706336842024,0.00820178072733739,0.008234706336842024,0.008202191985573717,0.008234706336842024,0.008202191985573717,0.008011025255128574,0.00799347433410014,0.00800045340825724,0.007993609005735829,0.008023400340803082,0.008010346402474581,0.008013817294402642,0.00801048512500317,0.007987257032895002,0.007983391874354677,0.00798570646484041,0.007983516219864253,0.007996687847471718,0.007991937694678245,0.00799447593381949,0.007991981680926873,0.00823649118981983,0.008202195213218685,0.00823649118981983,0.008202195213218685,0.008234706336842024,0.008202191985573717,0.008234706336842024,0.008202191985573717,0.007996687847471718,0.007989983683315622,0.00799447593381949,0.007989827924686008,0.007996687847471718,0.007991937694678245,0.00799447593381949,0.007991981680926873
110000293098,64.0,0.015226984124417805,0.0029279536569307807,0.02790225020394352,0.0012214224335707641,0.02790225020394352,0.0012214224335707641,0.02704149488851342,0.0012213027904676291,0.02704149488851342,0.0012213027904676291,0.006539294216100029,0.020923913665592774,0.001216318906730086,0.020923913665592774,0.001216318906730086,0.023149323685950227,0.0012163333179757746,0.023149323685950227,0.0012163333179757746,0.004493395764836337,0.01526748485524535,0.0011303693139740078,0.015085794722254513,0.001130413049135783,0.013990721216453388,0.001126159926740943,0.014537779849268115,0.0011262442743979564,0.027295635637661242,0.0012963402411746306,0.027299246056110157,0.001296254336955735,0.026039371080930213,0.0013897480674395699,0.0260381926746392,0.0013897931485620497,0.0029279536569307807,0.02704149488851342,0.001219256533351007,0.02704149488851342,0.001219256533351007,0.02704149488851342,0.0012213027904676291,0.02704149488851342,0.0012213027904676291,0.024432512502753218,0.0013195385992902117,0.024434829223377308,0.0013194866736953507,0.025102880441978368,0.0013195584694748147,0.025086730541908114,0.0013194760799745534,0.023149323685950227,0.0012157507527942,0.023149323685950227,0.0012157507527942,0.023149323685950227,0.0012163333179757746,0.023149323685950227,0.0012163333179757746,0.026538384372673585,0.0012962478977309522,0.02203730697649646,0.0012962826710803288,0.024578072664179672,0.0013860940304667028,0.021527537418391567,0.0013861933293309843,0.01526748485524535,0.0011303693139740078,0.015085794722254513,0.001130413049135783,0.013990721216453388,0.001126159926740943,0.014537779849268115,0.0011262442743979564,0.020923913665592774,0.001216318906730086,0.020923913665592774,0.001216318906730086,0.023149323685950227,0.0012163333179757746,0.023149323685950227,0.0012163333179757746,0.013990721216453388,0.001124303866596125,0.014537779849268115,0.0011241941371867225,0.013990721216453388,0.001126159926740943,0.014537779849268115,0.0011262442743979564
110000293236,64.0,0.014812960742475643,0.0019045274609100875,0.021350527994509934,0.0012195952592870419,0.021350527994509934,0.0012195952592870419,0.020562464613262513,0.0012186862199126862,0.020562464613262513,0.0012186862199126862,0.00547374560220115,0.011990667896677775,0.0012146143616510424,0.011990667896677775,0.0012146143616510424,0.013449952330991792,0.0012146138973211965,0.013449952330991792,0.0012146138973211965,0.0024046990384960433,0.011408389635552936,0.0011288128968789308,0.012629807800821714,0.0011288202405088724,0.01061563914562925,0.001123103969002936,0.012084439317605864,0.0011230288704877501,0.0225763350025756,0.0012884668979919575,0.022537916265106785,0.0012884795740112263,0.02077808384811299,0.0013348635686174172,0.020777981304036994,0.0013349085223866737,0.0019045274609100875,0.020562464613262513,0.0012179196890012192,0.020562464613262513,0.0012179196890012192,0.020562464613262513,0.0012186862199126862,0.020562464613262513,0.0012186862199126862,0.013476322994096707,0.0012898140748683119,0.013470464528066224,0.001289785883573226,0.014121233182572053,0.0012898167719430768,0.014121526491807083,0.0012897802336477215,0.013449952330991792,0.0012140135907180636,0.013449952330991792,0.0012140135907180636,0.013449952330991792,0.0012146138973211965,0.013449952330991792,0.0012146138973211965,0.021235059790034285,0.0012841147610239913,0.01740429182948766,0.001284070482454587,0.019820467832672745,0.0013343216720784255,0.01678997324566754,0.0013343424792469241,0.011408389635552936,0.0011288128968789308,0.012629807800821714,0.0011288202405088724,0.01061563914562925,0.001123103969002936,0.012084439317605864,0.0011230288704877501,0.011990667896677775,0.0012146143616510424,0.011990667896677775,0.0012146143616510424,0.013449952330991792,0.0012146138973211965,0.013449952330991792,0.0012146138973211965,0.01061563914562925,0.0011233569034513964,0.012084439317605864,0.0011233817719944438,0.01061563914562925,0.001123103969002936,0.012084439317605864,0.0011230288704877501
110000294883,64.0,0.02583220312534044,0.002037904930089473,0.021176926034294958,0.0012191442524491767,0.021176926034294958,0.0012191442524491767,0.020373747162185582,0.001218671461722607,0.020373747162185582,0.001218671461722607,0.005378291511473815,0.013925327261050743,0.0012141073998391124,0.013925327261050743,0.0012141073998391124,0.01561687616334898,0.0012141076147407588,0.01561687616334898,0.0012141076147407588,0.0031773024574587613,0.01372993113042444,0.0011287790820904658,0.01252405535691723,0.0011287772857835401,0.011692664824838701,0.0011219762851446278,0.011138586053630972,0.0011220452232035517,0.021277920149596487,0.001299791408109336,0.021278542906733013,0.0012998132501101304,0.01913318348754643,0.0013345671162562837,0.019140735983093946,0.0013345583721929236,0.002037904930089473,0.020373747162185582,0.0012170756830379484,0.020373747162185582,0.0012170756830379484,0.020373747162185582,0.001218671461722607,0.020373747162185582,0.001218671461722607,0.014300944476280766,0.0012967609653517836,0.014302605584385264,0.0012966638261988873,0.014984224322332896,0.0012967628415688794,0.014992996395110262,0.001296680759212672,0.01561687616334898,0.0012139893041621802,0.01561687616334898,0.0012139893041621802,0.01561687616334898,0.0012141076147407588,0.01561687616334898,0.0012141076147407588,0.021115318212429967,0.0013029309614900886,0.018193670773411226,0.0013027245692958454,0.018559952873608395,0.0013412167985250205,0.016110959188364925,0.0013412126434395948,0.01372993113042444,0.0011287790820904658,0.01252405535691723,0.0011287772857835401,0.011692664824838701,0.0011219762851446278,0.011138586053630972,0.0011220452232035517,0.013925327261050743,0.0012141073998391124,0.013925327261050743,0.0012141073998391124,0.01561687616334898,0.0012141076147407588,0.01561687616334898,0.0012141076147407588,0.011692664824838701,0.001128690315828708,0.011138586053630972,0.0011288074793628304,0.011692664824838701,0.0011219762851446278,0.011138586053630972,0.0011220452232035517
110000294889,64.0,0.02061837936021856,0.002362409070179981,0.0174384218773781,0.0012203527224768382,0.0174384218773781,0.0012203527224768382,0.01757796384365283,0.0012195748157630424,0.01757796384365283,0.0012195748157630424,0.007292821192192082,0.011431774627800505,0.001214987417181446,0.011431774627800505,0.001214987417181446,0.012025383074485625,0.0012149820407400186,0.012025383074485625,0.0012149820407400186,0.0031138513084167717,0.010910100585599068,0.0011299946014322701,0.010524875381383606,0.0011298855859532416,0.010047144719164324,0.0011223577535722632,0.009385907385503784,0.0011223038246198228,0.017380088330127327,0.0012993844477365562,0.017368749304627708,0.0012992413634789752,0.016908095231251103,0.0013127597019218363,0.016905308618629412,0.001312703929346718,0.002362409070179981,0.01757796384365283,0.0012182138458586992,0.01757796384365283,0.0012182138458586992,0.01757796384365283,0.0012195748157630424,0.01757796384365283,0.0012195748157630424,0.011924803951058183,0.001306761521192223,0.011946337587677354,0.001306467118493429,0.012238746237187152,0.0013067648942825109,0.012239979220484904,0.001306474407845313,0.012025383074485625,0.001214681680324622,0.012025383074485625,0.001214681680324622,0.012025383074485625,0.0012149820407400186,0.012025383074485625,0.0012149820407400186,0.016778710145865405,0.0012996334575559759,0.013912142593810062,0.0012997766000499532,0.016325764503583307,0.0013166703206243895,0.012140275713493864,0.001316585906032709,0.010910100585599068,0.0011299946014322701,0.010524875381383606,0.0011298855859532416,0.010047144719164324,0.0011223577535722632,0.009385907385503784,0.0011223038246198228,0.011431774627800505,0.001214987417181446,0.011431774627800505,0.001214987417181446,0.012025383074485625,0.0012149820407400186,0.012025383074485625,0.0012149820407400186,0.010047144719164324,0.0011211581174914835,0.009385907385503784,0.0011210807611320714,0.010047144719164324,0.0011223577535722632,0.009385907385503784,0.0011223038246198228
110000294893,64.0,0.029122239850252835,0.002946301902416012,0.019275773704427544,0.0012205147601612625,0.019275773704427544,0.0012205147601612625,0.018751471891921993,0.0012203168441546205,0.018751471891921993,0.0012203168441546205,0.010367253094527714,0.015266123701108317,0.0012140031785353804,0.015266123701108317,0.0012140031785353804,0.015803726313849527,0.0012140139544805032,0.015803726313849527,0.0012140139544805032,0.0041895398640844645,0.013346267694867353,0.0011291045227299129,0.013740277886535169,0.0011290731798804118,0.0132074945986661,0.0011214026171024315,0.013711741503536271,0.0011213993100149648,0.01872648949836211,0.0012961059901858973,0.018726261981683378,0.001296067676816487,0.018021308383241046,0.0013233614812122798,0.018025535601281534,0.0013233196566394476,0.002946301902416012,0.018751471891921993,0.0012194895165241971,0.018751471891921993,0.0012194895165241971,0.018751471891921993,0.0012203168441546205,0.018751471891921993,0.0012203168441546205,0.015677733317516693,0.0012923465304478822,0.015674002252820854,0.001292250022694704,0.016088558193752683,0.0012923495046812004,0.016086720553371937,0.00129225778438782,0.015803726313849527,0.0012138809958741597,0.015803726313849527,0.0012138809958741597,0.015803726313849527,0.0012140139544805032,0.015803726313849527,0.0012140139544805032,0.018186911895329297,0.0012948237768093702,0.016556563964463426,0.0012948247675087972,0.01774652197391069,0.0013289950143185012,0.0164726038580516,0.001329052303713173,0.013346267694867353,0.0011291045227299129,0.013740277886535169,0.0011290731798804118,0.0132074945986661,0.0011214026171024315,0.013711741503536271,0.0011213993100149648,0.015266123701108317,0.0012140031785353804,0.015266123701108317,0.0012140031785353804,0.015803726313849527,0.0012140139544805032,0.015803726313849527,0.0012140139544805032,0.0132074945986661,0.001119359915756841,0.013711741503536271,0.0011192434260377515,0.0132074945986661,0.0011214026171024315,0.013711741503536271,0.0011213993100149648
110000294899,384.0,0.37623509278033485,0.011845638636002992,0.008235902251400248,0.008203345708344424,0.008235902251400248,0.008203345708344424,0.008219847357001793,0.008193187953465552,0.008219847357001793,0.008193187953465552,0.011504278787679645,0.008219201510509595,0.008193775314969535,0.008219201510509595,0.008193775314969535,0.008218284829572495,0.008193756781500009,0.008218284829572495,0.008193756781500009,0.011633410709607508,0.007979253679867742,0.00797535443230597,0.007979439576008596,0.007975054357617558,0.007985668703031787,0.007983189722173349,0.007984335286188768,0.007983381296704223,0.00821761045978743,0.008198027485045374,0.008217846731868728,0.008197910457345069,0.008243503066474495,0.00823155394306913,0.008243572225653154,0.008231652660457571,0.011845638636002992,0.008219847357001793,0.00819290619307989,0.008219847357001793,0.00819290619307989,0.008219847357001793,0.008193187953465552,0.008219847357001793,0.008193187953465552,0.00823940909275448,0.008219843091430225,0.008239486839512608,0.008219954362929409,0.008237850032867658,0.008219867156763424,0.008237903201093598,0.008219958300020012,0.008218284829572495,0.008194069819024133,0.008218284829572495,0.008194069819024133,0.008218284829572495,0.008193756781500009,0.008218284829572495,0.008193756781500009,0.008001751263630813,0.007985305607797998,0.007991705519676998,0.007985336998414834,0.008010213012759991,0.008002088474064816,0.0080003587595409,0.008002294534241715,0.007979253679867742,0.00797535443230597,0.007979439576008596,0.007975054357617558,0.007985668703031787,0.007983189722173349,0.007984335286188768,0.007983381296704223,0.008219201510509595,0.008193775314969535,0.008219201510509595,0.008193775314969535,0.008218284829572495,0.008193756781500009,0.008218284829572495,0.008193756781500009,0.007985668703031787,0.00798225677134728,0.007984335286188768,0.007982194426848036,0.007985668703031787,0.007983189722173349,0.007984335286188768,0.007983381296704223
110000294902,64.0,0.018240803619513878,0.0032709462045678946,0.023670043966136055,0.0012188973915239895,0.023670043966136055,0.0012188973915239895,0.02753050428383149,0.0012177966344070834,0.02753050428383149,0.0012177966344070834,0.009859075633524715,0.020352297704007,0.0012120506524378866,0.020352297704007,0.0012120506524378866,0.02122028370790795,0.0012120402480467261,0.02122028370790795,0.0012120402480467261,0.006782499836614657,0.012232941424629674,0.0011318792237600367,0.01313877151334735,0.0011317153553576226,0.011816420782832555,0.0011214561018792367,0.012988489058418456,0.0011214235972970726,0.025234932547606958,0.0012927006592349985,0.02521890238504241,0.0012926634968626666,0.023767995278536406,0.0013434673557494005,0.023764927016345173,0.001343484326703775,0.0032709462045678946,0.02753050428383149,0.0012156337297247251,0.02753050428383149,0.0012156337297247251,0.02753050428383149,0.0012177966344070834,0.02753050428383149,0.0012177966344070834,0.0197882614986231,0.0013012110057814262,0.0197889737002917,0.0013012138142044273,0.019956030302755157,0.001301203920709667,0.019985227377336323,0.0013012106557627318,0.02122028370790795,0.0012111850228372636,0.02122028370790795,0.0012111850228372636,0.02122028370790795,0.0012120402480467261,0.02122028370790795,0.0012120402480467261,0.02353200430829771,0.0012957897456077046,0.02000781514495706,0.0012957931310686756,0.02196981036490778,0.0013575995006344618,0.019073454081893686,0.001357669923803588,0.012232941424629674,0.0011318792237600367,0.01313877151334735,0.0011317153553576226,0.011816420782832555,0.0011214561018792367,0.012988489058418456,0.0011214235972970726,0.020352297704007,0.0012120506524378866,0.020352297704007,0.0012120506524378866,0.02122028370790795,0.0012120402480467261,0.02122028370790795,0.0012120402480467261,0.011816420782832555,0.0011203876195733321,0.012988489058418456,0.0011204748189503782,0.011816420782832555,0.0011214561018792367,0.012988489058418456,0.0011214235972970726
110000294909,64.0,0.026013466374681406,0.002593868215438053,0.017353528956614562,0.0012197862491879286,0.017353528956614562,0.0012197862491879286,0.017837278352887863,0.0012190409691640188,0.017837278352887863,0.0012190409691640188,0.00743365274052603,0.013780782485290277,0.00121329327964646,0.013780782485290277,0.00121329327964646,0.014660805118448353,0.0012134316597099887,0.014660805118448353,0.0012134316597099887,0.0036616524389585917,0.012564729830640718,0.0011301627780608292,0.012926817424659157,0.0011302630526124795,0.011785306861198901,0.001119976490625645,0.012500443959867462,0.0011200202449912434,0.017221411328452705,0.0012939685761320303,0.017226599977336735,0.0012939315657917686,0.016766854239054253,0.001333735586006351,0.016759578510497704,0.0013337089880910405,0.002593868215438053,0.017837278352887863,0.001217513228970104,0.017837278352887863,0.001217513228970104,0.017837278352887863,0.0012190409691640188,0.017837278352887863,0.0012190409691640188,0.014186283354748362,0.0012838913976070151,0.014186500580979892,0.001283894735695052,0.014546074842205919,0.0012839530971745998,0.014546820173111706,0.0012838924361772655,0.014660805118448353,0.0012124087442314095,0.014660805118448353,0.0012124087442314095,0.014660805118448353,0.0012134316597099887,0.014660805118448353,0.0012134316597099887,0.01655158351734745,0.0012922471171320814,0.015543826232116155,0.001292177455244851,0.01615472048806613,0.0013414169716616624,0.015438676118093417,0.0013414898169354825,0.012564729830640718,0.0011301627780608292,0.012926817424659157,0.0011302630526124795,0.011785306861198901,0.001119976490625645,0.012500443959867462,0.0011200202449912434,0.013780782485290277,0.00121329327964646,0.013780782485290277,0.00121329327964646,0.014660805118448353,0.0012134316597099887,0.014660805118448353,0.0012134316597099887,0.011785306861198901,0.0011237561769584137,0.012500443959867462,0.001123863975142497,0.011785306861198901,0.001119976490625645,0.012500443959867462,0.0011200202449912434
110000295507,64.0,0.030706636756690112,0.001860214877242442,0.014567316325382666,0.001220815570431494,0.014567316325382666,0.001220815570431494,0.014958950317312425,0.0012206382515159392,0.014958950317312425,0.0012206382515159392,0.003982028833982569,0.010269475324926633,0.0012159909673434156,0.010269475324926633,0.0012159909673434156,0.011829033937694218,0.0012159999858033456,0.011829033937694218,0.0012159999858033456,0.002780018854048488,0.010963791489192888,0.0011307456095094959,0.010846693948343228,0.0011307118330937352,0.01010577227657618,0.00112541319436586,0.009862887142842825,0.0011254453605264955,0.015161415397800242,0.0012869580392454079,0.01516157924577919,0.001287009899821259,0.01490750850293192,0.001303578276993967,0.01490765983077961,0.0013036195747003544,0.001860214877242442,0.014958950317312425,0.0012197105164463507,0.014958950317312425,0.0012197105164463507,0.014958950317312425,0.0012206382515159392,0.014958950317312425,0.0012206382515159392,0.012080632855825306,0.0012921987403015736,0.012081334189337834,0.0012921065372552866,0.012261746504587593,0.0012921886841405065,0.012261012559424472,0.001292114936646819,0.011829033937694218,0.001215564470087305,0.011829033937694218,0.001215564470087305,0.011829033937694218,0.0012159999858033456,0.011829033937694218,0.0012159999858033456,0.014662174571849353,0.00128091865785213,0.013725235855015274,0.0012808911001306806,0.01434575208834491,0.001303397921319109,0.01273640523630518,0.0013034286331463976,0.010963791489192888,0.0011307456095094959,0.010846693948343228,0.0011307118330937352,0.01010577227657618,0.00112541319436586,0.009862887142842825,0.0011254453605264955,0.010269475324926633,0.0012159909673434156,0.010269475324926633,0.0012159909673434156,0.011829033937694218,0.0012159999858033456,0.011829033937694218,0.0012159999858033456,0.01010577227657618,0.0011252653463529909,0.009862887142842825,0.0011252911144128753,0.01010577227657618,0.00112541319436586,0.009862887142842825,0.0011254453605264955
110000295544,64.0,0.02422901372318475,0.0018362672799210305,0.018075499571577423,0.001220117685596352,0.018075499571577423,0.001220117685596352,0.017899261623809733,0.0012203041933623313,0.017899261623809733,0.0012203041933623313,0.004355536406514094,0.012333112018636001,0.0012148793426029112,0.012333112018636001,0.0012148793426029112,0.013002552894411688,0.001214872859038791,0.013002552894411688,0.001214872859038791,0.002789031587032197,0.013423695240126772,0.0011309821441434728,0.014265571964928926,0.0011309049814965026,0.01256037212177087,0.0011238033519130467,0.012735118289012696,0.0011237481184104515,0.018316241088881077,0.0012888623989015034,0.01831256449587799,0.0012889171351798219,0.017361836057849297,0.0013309217619335099,0.01736202139198822,0.0013309967228191549,0.0018362672799210305,0.017899261623809733,0.001218730295496499,0.017899261623809733,0.001218730295496499,0.017899261623809733,0.0012203041933623313,0.017899261623809733,0.0012203041933623313,0.012707298507045054,0.001293530538195185,0.012706995123162543,0.0012934844397124326,0.012908216266836742,0.0012935315774210588,0.012866903843854395,0.0012934817735523211,0.013002552894411688,0.0012149449276027575,0.013002552894411688,0.0012149449276027575,0.013002552894411688,0.001214872859038791,0.013002552894411688,0.001214872859038791,0.018023600141270954,0.00128412792885796,0.016546153358709945,0.0012842376786132285,0.016730259515495387,0.0013246105623107407,0.015321492180722561,0.0013245742369499785,0.013423695240126772,0.0011309821441434728,0.014265571964928926,0.0011309049814965026,0.01256037212177087,0.0011238033519130467,0.012735118289012696,0.0011237481184104515,0.012333112018636001,0.0012148793426029112,0.012333112018636001,0.0012148793426029112,0.013002552894411688,0.001214872859038791,0.013002552894411688,0.001214872859038791,0.01256037212177087,0.0011233066848463553,0.012735118289012696,0.0011233047077394138,0.01256037212177087,0.0011238033519130467,0.012735118289012696,0.0011237481184104515
110000295545,64.0,0.02186562052310707,0.0025929134062798345,0.017282691223209506,0.0012207800387773866,0.017282691223209506,0.0012207800387773866,0.016640810277660636,0.0012205038030993563,0.016640810277660636,0.0012205038030993563,0.00641716236784449,0.012730199148264074,0.001215764354844404,0.012730199148264074,0.001215764354844404,0.013422314383681347,0.001215747483467022,0.013422314383681347,0.001215747483467022,0.003549314597928591,0.012750777820739866,0.001130917710697573,0.012884379826750263,0.0011309724050991973,0.01201963602798032,0.001123686431126228,0.011791080443416936,0.0011236928708179851,0.017368112762225166,0.001299480631597311,0.017370433025532886,0.0012995285009142444,0.015960852746321256,0.0013627260294891046,0.015956047850295453,0.0013626611678951139,0.0025929134062798345,0.016640810277660636,0.0012190336036082216,0.016640810277660636,0.0012190336036082216,0.016640810277660636,0.0012205038030993563,0.016640810277660636,0.0012205038030993563,0.013253283387387283,0.0013019684808009506,0.013249025898845732,0.0013019812977743818,0.013365920632561376,0.0013019713055471348,0.013364800770504778,0.0013019726273919927,0.013422314383681347,0.0012151365337086284,0.013422314383681347,0.0012151365337086284,0.013422314383681347,0.001215747483467022,0.013422314383681347,0.001215747483467022,0.0173226436679175,0.0012986839600884947,0.014614343664624092,0.0012987013759115612,0.01586215363319061,0.0013696510742386384,0.013704492077958813,0.0013697568221522284,0.012750777820739866,0.001130917710697573,0.012884379826750263,0.0011309724050991973,0.01201963602798032,0.001123686431126228,0.011791080443416936,0.0011236928708179851,0.012730199148264074,0.001215764354844404,0.012730199148264074,0.001215764354844404,0.013422314383681347,0.001215747483467022,0.013422314383681347,0.001215747483467022,0.01201963602798032,0.0011245302946178892,0.011791080443416936,0.0011244933821924535,0.01201963602798032,0.001123686431126228,0.011791080443416936,0.0011236928708179851
110000295566,64.0,0.040147235211228316,0.0021609991673978996,0.01233218843066083,0.00122068398548207,0.01233218843066083,0.00122068398548207,0.012655585031983012,0.0012201216634385819,0.012655585031983012,0.0012201216634385819,0.0058959837486211135,0.009898578488165093,0.0012148559898210452,0.009898578488165093,0.0012148559898210452,0.01054214047616462,0.0012148765331965355,0.01054214047616462,0.0012148765331965355,0.0031650078668424577,0.010174338331838888,0.0011322783983219837,0.010473747356820648,0.0011323410039951278,0.009372228262804679,0.0011228228517940358,0.009469348171999604,0.0011227636984408962,0.012571018582111074,0.0012948895132356224,0.012569221439381915,0.0012948322591606702,0.012108898443715908,0.0013423478985833813,0.012109436417266063,0.0013424480969809307,0.0021609991673978996,0.012655585031983012,0.0012188726636044199,0.012655585031983012,0.0012188726636044199,0.012655585031983012,0.0012201216634385819,0.012655585031983012,0.0012201216634385819,0.009846473460100825,0.0013277038916049166,0.009821983301237758,0.0013275754723446921,0.010063426478200148,0.0013277060648690757,0.010065906545003256,0.0013275865697110576,0.01054214047616462,0.0012147763370760761,0.01054214047616462,0.0012147763370760761,0.01054214047616462,0.0012148765331965355,0.01054214047616462,0.0012148765331965355,0.012411058096022075,0.0012926212226473644,0.011799429074213165,0.0012925641438674474,0.011814552841778016,0.0013378408621622507,0.01116788245652553,0.0013378896275555597,0.010174338331838888,0.0011322783983219837,0.010473747356820648,0.0011323410039951278,0.009372228262804679,0.0011228228517940358,0.009469348171999604,0.0011227636984408962,0.009898578488165093,0.0012148559898210452,0.009898578488165093,0.0012148559898210452,0.01054214047616462,0.0012148765331965355,0.01054214047616462,0.0012148765331965355,0.009372228262804679,0.0011254555075298634,0.009469348171999604,0.0011254323599418936,0.009372228262804679,0.0011228228517940358,0.009469348171999604,0.0011227636984408962
110000295570,64.0,0.045395446055186736,0.0018106646555648446,0.011316017958851406,0.0012195453771345602,0.011316017958851406,0.0012195453771345602,0.011642480100640958,0.0012188453873076316,0.011642480100640958,0.0012188453873076316,0.005970655863212299,0.009800807387102954,0.0012149960934899108,0.009800807387102954,0.0012149960934899108,0.010566180419246852,0.001214998074654287,0.010566180419246852,0.001214998074654287,0.0026344786703743216,0.009037023869598253,0.0011298666907880147,0.009578969211065791,0.0011298532563008591,0.008912705164754422,0.0011215078692528887,0.00909632692492653,0.001121558580780777,0.011619216717593714,0.0012961933689321211,0.011618996009522932,0.0012962366707058109,0.011131664946091135,0.0013276245905223466,0.011137320504926369,0.0013276812509838067,0.0018106646555648446,0.011642480100640958,0.0012170672838442316,0.011642480100640958,0.0012170672838442316,0.011642480100640958,0.0012188453873076316,0.011642480100640958,0.0012188453873076316,0.010550233517410254,0.0013042624394740015,0.01055236252086816,0.0013042201598219266,0.010676262713778396,0.0013042634987199644,0.010673782652354049,0.0013042279180205416,0.010566180419246852,0.0012143280368472618,0.010566180419246852,0.0012143280368472618,0.010566180419246852,0.001214998074654287,0.010566180419246852,0.001214998074654287,0.011626049024881511,0.0012961660097031748,0.01069129162565366,0.0012959302929815418,0.011152118255214078,0.0013246571698347536,0.010453730975024191,0.0013246419964335937,0.009037023869598253,0.0011298666907880147,0.009578969211065791,0.0011298532563008591,0.008912705164754422,0.0011215078692528887,0.00909632692492653,0.001121558580780777,0.009800807387102954,0.0012149960934899108,0.009800807387102954,0.0012149960934899108,0.010566180419246852,0.001214998074654287,0.010566180419246852,0.001214998074654287,0.008912705164754422,0.001124863324112733,0.00909632692492653,0.0011248482753260488,0.008912705164754422,0.0011215078692528887,0.00909632692492653,0.001121558580780777
110000295573,64.0,0.03907414301366018,0.0033367123287095673,0.017392014347101116,0.0012200595289748048,0.017392014347101116,0.0012200595289748048,0.017971677294201995,0.0012195914681924437,0.017971677294201995,0.0012195914681924437,0.00975474845970545,0.01404671643598641,0.0012137512264860362,0.01404671643598641,0.0012137512264860362,0.014230537187738453,0.0012137491578494578,0.014230537187738453,0.0012137491578494578,0.006664305370839519,0.01197466840671044,0.0011300590202458873,0.013091033186830137,0.0011300368744181976,0.011319858547991038,0.00112107680808697,0.012123233232160215,0.00112107392551164,0.017802988447696837,0.0013069958654495955,0.017800530694149466,0.0013069481229373969,0.016904248153231754,0.001329255527451491,0.016898470177095438,0.0013292446092062612,0.0033367123287095673,0.017971677294201995,0.001216932340089615,0.017971677294201995,0.001216932340089615,0.017971677294201995,0.0012195914681924437,0.017971677294201995,0.0012195914681924437,0.013724257409235701,0.0012989463325345525,0.013721829671191404,0.0012987371141652006,0.013970754977297746,0.0012989342980077852,0.013972416097854604,0.0012987674116913207,0.014230537187738453,0.001212864630360116,0.014230537187738453,0.001212864630360116,0.014230537187738453,0.0012137491578494578,0.014230537187738453,0.0012137491578494578,0.017472563280319823,0.0013061169584716798,0.015671527031760293,0.001306113269501544,0.016388918641500945,0.001331990430272707,0.014680415827931888,0.0013319444065227647,0.01197466840671044,0.0011300590202458873,0.013091033186830137,0.0011300368744181976,0.011319858547991038,0.00112107680808697,0.012123233232160215,0.00112107392551164,0.01404671643598641,0.0012137512264860362,0.01404671643598641,0.0012137512264860362,0.014230537187738453,0.0012137491578494578,0.014230537187738453,0.0012137491578494578,0.011319858547991038,0.001128947799213421,0.012123233232160215,0.001129008853500858,0.011319858547991038,0.00112107680808697,0.012123233232160215,0.00112107392551164
110000295602,64.0,0.01593336824206394,0.002928319125327455,0.019674434764292127,0.0012195070621391854,0.019674434764292127,0.0012195070621391854,0.021697536369871984,0.0012179656432849894,0.021697536369871984,0.0012179656432849894,0.007934945935512194,0.014340988839049844,0.0012125280674375612,0.014340988839049844,0.0012125280674375612,0.015499326099341348,0.0012125280674375612,0.015499326099341348,0.0012125280674375612,0.0046114555829301195,0.011786603748013788,0.0011287464313069439,0.012338191332603048,0.0011286585738152146,0.010244853564366224,0.0011212710276374117,0.01066428874416379,0.0011212819606687143,0.02207794009865651,0.0012884265924485905,0.02207985929994771,0.001288371143815503,0.018977157812984945,0.0013363573873365958,0.018976445531351843,0.0013362818066877955,0.002928319125327455,0.021697536369871984,0.0012158956945373344,0.021697536369871984,0.0012158956945373344,0.021697536369871984,0.0012179656432849894,0.021697536369871984,0.0012179656432849894,0.014327093224567494,0.0013129815316983398,0.014327834424156749,0.0013128978623144993,0.014692946855870507,0.0013129904797777629,0.014689455305769325,0.0013129056357555251,0.015499326099341348,0.001212027952763932,0.015499326099341348,0.001212027952763932,0.015499326099341348,0.0012125280674375612,0.015499326099341348,0.0012125280674375612,0.020617699057363284,0.0012821757100251888,0.01722406044773355,0.0012821352117291659,0.01756144271341887,0.0013359749605210683,0.013864200035489565,0.0013360364902043915,0.011786603748013788,0.0011287464313069439,0.012338191332603048,0.0011286585738152146,0.010244853564366224,0.0011212710276374117,0.01066428874416379,0.0011212819606687143,0.014340988839049844,0.0012125280674375612,0.014340988839049844,0.0012125280674375612,0.015499326099341348,0.0012125280674375612,0.015499326099341348,0.0012125280674375612,0.010244853564366224,0.0011242159079059189,0.01066428874416379,0.001124112255035958,0.010244853564366224,0.0011212710276374117,0.01066428874416379,0.0011212819606687143
110000295613,64.0,0.035642871737147155,0.002645174280858501,0.021864814922150175,0.001219146714586815,0.021864814922150175,0.001219146714586815,0.023847073923021378,0.0012177783684475642,0.023847073923021378,0.0012177783684475642,0.008406096288734854,0.015615180891213517,0.001212078131933603,0.015615180891213517,0.001212078131933603,0.016197000624230184,0.001212078131933603,0.016197000624230184,0.001212078131933603,0.00462685404005317,0.012691651383209743,0.0011298158116230161,0.014632203232434563,0.001129963189921503,0.012128058726190256,0.001119307725297078,0.013750985763945253,0.0011193385704818773,0.023175399860848937,0.0012946242475919108,0.023174328911336018,0.0012945440627903507,0.021374634095889685,0.0013464163900647078,0.0213724658953543,0.0013464400991385515,0.002645174280858501,0.023847073923021378,0.001215634014924087,0.023847073923021378,0.001215634014924087,0.023847073923021378,0.0012177783684475642,0.023847073923021378,0.0012177783684475642,0.01559867125535998,0.0012839083995328353,0.015600213185287194,0.0012838267125582267,0.016188483334393013,0.001283918724645092,0.01619277816334733,0.001283827652274853,0.016197000624230184,0.0012113174375886577,0.016197000624230184,0.0012113174375886577,0.016197000624230184,0.001212078131933603,0.016197000624230184,0.001212078131933603,0.02230202194987715,0.00129585962647906,0.018412172858314747,0.0012957259121201415,0.02006264354901603,0.0013485846810712123,0.017986488608707822,0.0013484729205780798,0.012691651383209743,0.0011298158116230161,0.014632203232434563,0.001129963189921503,0.012128058726190256,0.001119307725297078,0.013750985763945253,0.0011193385704818773,0.015615180891213517,0.001212078131933603,0.015615180891213517,0.001212078131933603,0.016197000624230184,0.001212078131933603,0.016197000624230184,0.001212078131933603,0.012128058726190256,0.0011316794828129882,0.013750985763945253,0.0011317609818696092,0.012128058726190256,0.001119307725297078,0.013750985763945253,0.0011193385704818773
110000295616,64.0,0.0369145512561805,0.0020886509846409843,0.015507547089151997,0.0012199683920098557,0.015507547089151997,0.0012199683920098557,0.014776309132547983,0.0012194496841707858,0.014776309132547983,0.0012194496841707858,0.004379443040490409,0.007164284882752343,0.0012136690930105423,0.007164284882752343,0.0012136690930105423,0.0074196111416207,0.0012136939582173387,0.0074196111416207,0.0012136939582173387,0.0033785346507469063,0.008931045462975733,0.001129005963779978,0.009278555893084614,0.0011289620371856505,0.007125494323848214,0.001119798545016806,0.007547549049287951,0.0011196760836540715,0.015490170436057707,0.0012859506153517402,0.015490099944085362,0.001285955030167278,0.013613053506661425,0.0012894722335438002,0.01361452495445837,0.0012894496720600918,0.0020886509846409843,0.014776309132547983,0.0012180841366774202,0.014776309132547983,0.0012180841366774202,0.014776309132547983,0.0012194496841707858,0.014776309132547983,0.0012194496841707858,0.0070688442999700275,0.001274643865530118,0.007069279056162541,0.0012745370183883174,0.007441858935254761,0.0012746542503377038,0.007458399830139758,0.001274567668453775,0.0074196111416207,0.001213561502857162,0.0074196111416207,0.001213561502857162,0.0074196111416207,0.0012136939582173387,0.0074196111416207,0.0012136939582173387,0.01517225932680982,0.0012842458405852508,0.0125991433845068,0.0012842581769667097,0.013132906106604772,0.0012908591908912974,0.010894975171950098,0.0012907308230484514,0.008931045462975733,0.001129005963779978,0.009278555893084614,0.0011289620371856505,0.007125494323848214,0.001119798545016806,0.007547549049287951,0.0011196760836540715,0.007164284882752343,0.0012136690930105423,0.007164284882752343,0.0012136690930105423,0.0074196111416207,0.0012136939582173387,0.0074196111416207,0.0012136939582173387,0.007125494323848214,0.001122917168098053,0.007547549049287951,0.0011229427259446415,0.007125494323848214,0.001119798545016806,0.007547549049287951,0.0011196760836540715
110000296159,384.0,0.31620039722715976,0.010229150952328882,0.008253878031271889,0.008216899206231917,0.008253878031271889,0.008216899206231917,0.008234601324456041,0.008199198079222987,0.008234601324456041,0.008199198079222987,0.010212417232500673,0.008244958808526248,0.00820663390895897,0.008244958808526248,0.00820663390895897,0.008244713395924969,0.008206613647598499,0.008244713395924969,0.008206613647598499,0.010308565326222367,0.007986473865459537,0.007981954377104592,0.007985721329187453,0.007982054100911993,0.007994517010729294,0.007989591792753508,0.007991019461344994,0.00798970070133117,0.0082247532367591,0.008204902647529263,0.008224986328170253,0.008204831616035446,0.008258289302656303,0.008238730554098442,0.008257803901909564,0.0082389400786098,0.010229150952328882,0.008234601324456041,0.008199824390034402,0.008234601324456041,0.008199824390034402,0.008234601324456041,0.008199198079222987,0.008234601324456041,0.008199198079222987,0.008268934774017063,0.008235945040360402,0.008268873193484181,0.008236128241090376,0.008267206358437031,0.008235968386026754,0.008267197979511889,0.008236072625163718,0.008244713395924969,0.008207273431157949,0.008244713395924969,0.008207273431157949,0.008244713395924969,0.008206613647598499,0.008244713395924969,0.008206613647598499,0.00800940827468147,0.007992529248201952,0.007999564550965345,0.007992445074591034,0.00802119396324516,0.008007382215584372,0.008009841605860756,0.008007519766632826,0.007986473865459537,0.007981954377104592,0.007985721329187453,0.007982054100911993,0.007994517010729294,0.007989591792753508,0.007991019461344994,0.00798970070133117,0.008244958808526248,0.00820663390895897,0.008244958808526248,0.00820663390895897,0.008244713395924969,0.008206613647598499,0.008244713395924969,0.008206613647598499,0.007994517010729294,0.007987507603863731,0.007991019461344994,0.00798774024170037,0.007994517010729294,0.007989591792753508,0.007991019461344994,0.00798970070133117
110000296169,64.0,0.020281607115096738,0.003438956638313936,0.01756871082639764,0.0012202222278623123,0.01756871082639764,0.0012202222278623123,0.017489424654121056,0.0012192322287256567,0.017489424654121056,0.0012192322287256567,0.008383607490296721,0.01456389809954369,0.0012154592122999004,0.01456389809954369,0.0012154592122999004,0.01553362890167503,0.001215441737106204,0.01553362890167503,0.001215441737106204,0.005016992522368242,0.013271146681845623,0.0011317558583147655,0.013296180751104222,0.0011318470387652194,0.013066006699191722,0.0011206087574615036,0.012704303361579185,0.0011205057539437043,0.017731631879093327,0.0013029457111701616,0.017721373211181328,0.0013028186043619622,0.017360952694657622,0.0013315631049006678,0.017332009321324816,0.0013315787967183327,0.003438956638313936,0.017489424654121056,0.0012179689787933286,0.017489424654121056,0.0012179689787933286,0.017489424654121056,0.0012192322287256567,0.017489424654121056,0.0012192322287256567,0.015166498774877402,0.0012831892675157113,0.015157983736467649,0.001283044421107722,0.015151812169992151,0.0012831884305830488,0.015152117076953651,0.0012830373052834497,0.01553362890167503,0.0012148927021117526,0.01553362890167503,0.0012148927021117526,0.01553362890167503,0.001215441737106204,0.01553362890167503,0.001215441737106204,0.017020849996549795,0.0013095333921697826,0.015407589252463454,0.0013095244710142095,0.01649887337190814,0.0013375562655088273,0.01514357392342744,0.0013375350750666796,0.013271146681845623,0.0011317558583147655,0.013296180751104222,0.0011318470387652194,0.013066006699191722,0.0011206087574615036,0.012704303361579185,0.0011205057539437043,0.01456389809954369,0.0012154592122999004,0.01456389809954369,0.0012154592122999004,0.01553362890167503,0.001215441737106204,0.01553362890167503,0.001215441737106204,0.013066006699191722,0.0011222036949466636,0.012704303361579185,0.0011221608686713149,0.013066006699191722,0.0011206087574615036,0.012704303361579185,0.0011205057539437043
110000296172,64.0,0.020508524296008388,0.0022930769748393362,0.016108792799701784,0.0012200086100285605,0.016108792799701784,0.0012200086100285605,0.014143045979654031,0.0012199518463753933,0.014143045979654031,0.0012199518463753933,0.004247495911440476,0.009591549278220816,0.0012151473132631448,0.009591549278220816,0.0012151473132631448,0.010341814830956681,0.0012151732418233384,0.010341814830956681,0.0012151732418233384,0.0026085513183507106,0.00932968895574077,0.0011299244362893079,0.009435851425761027,0.0011300093953943782,0.00843876681715236,0.0011206353235221004,0.008763443629418865,0.00112054897886064,0.015741577758123595,0.0012938043815324978,0.015715924706326604,0.001293658821498144,0.01369045575474765,0.0013188605398454063,0.013732656991855606,0.0013190069862716492,0.0022930769748393362,0.014143045979654031,0.0012186664657256562,0.014143045979654031,0.0012186664657256562,0.014143045979654031,0.0012199518463753933,0.014143045979654031,0.0012199518463753933,0.009679239112706491,0.0013001381049703741,0.00967717763874703,0.0013001889310240494,0.00994757564028181,0.0013001519023964577,0.009953110230789153,0.0013001833347935613,0.010341814830956681,0.001214656969614569,0.010341814830956681,0.001214656969614569,0.010341814830956681,0.0012151732418233384,0.010341814830956681,0.0012151732418233384,0.0151249725337093,0.0012898339805793649,0.013084447973600645,0.0012899696171740286,0.013382978505607771,0.0013151093785710173,0.011817780494252375,0.0013151854489799337,0.00932968895574077,0.0011299244362893079,0.009435851425761027,0.0011300093953943782,0.00843876681715236,0.0011206353235221004,0.008763443629418865,0.00112054897886064,0.009591549278220816,0.0012151473132631448,0.009591549278220816,0.0012151473132631448,0.010341814830956681,0.0012151732418233384,0.010341814830956681,0.0012151732418233384,0.00843876681715236,0.001123731456574449,0.008763443629418865,0.0011237387438406635,0.00843876681715236,0.0011206353235221004,0.008763443629418865,0.00112054897886064
110000296303,64.0,0.024021539039158834,0.002595358984289904,0.02375570710585683,0.0012208933851000998,0.02375570710585683,0.0012208933851000998,0.02443680700644882,0.0012200511255568772,0.02443680700644882,0.0012200511255568772,0.005918330321750542,0.015511153139176202,0.0012142818922577815,0.015511153139176202,0.0012142818922577815,0.0171812301701723,0.0012142856872966123,0.0171812301701723,0.0012142856872966123,0.003978372163036734,0.011050266275941762,0.0011307965567488578,0.012446799898535886,0.0011308104811324146,0.00982894494692783,0.0011212379514707613,0.010625400249231523,0.0011212020615634188,0.02538330191435485,0.0012997266650346887,0.02542099810995123,0.0012998442560559855,0.02257807516674179,0.0013632998232016484,0.022573654480760635,0.0013631966601392984,0.002595358984289904,0.02443680700644882,0.0012185972542267725,0.02443680700644882,0.0012185972542267725,0.02443680700644882,0.0012200511255568772,0.02443680700644882,0.0012200511255568772,0.016116473795454406,0.001301554309075966,0.016112750280248982,0.001301478499566732,0.017125989941375746,0.0013015500451216207,0.01713274339867977,0.0013014884965616938,0.0171812301701723,0.0012138855849829992,0.0171812301701723,0.0012138855849829992,0.0171812301701723,0.0012142856872966123,0.0171812301701723,0.0012142856872966123,0.023609681568152095,0.0013043688368634518,0.02060286388103604,0.0013042861784540631,0.02161613612881364,0.0013574936007730444,0.0181108317279406,0.0013575355485515557,0.011050266275941762,0.0011307965567488578,0.012446799898535886,0.0011308104811324146,0.00982894494692783,0.0011212379514707613,0.010625400249231523,0.0011212020615634188,0.015511153139176202,0.0012142818922577815,0.015511153139176202,0.0012142818922577815,0.0171812301701723,0.0012142856872966123,0.0171812301701723,0.0012142856872966123,0.00982894494692783,0.0011267996529154565,0.010625400249231523,0.00112674518441284,0.00982894494692783,0.0011212379514707613,0.010625400249231523,0.0011212020615634188
110000296308,64.0,0.03339007099796351,0.0024732594945123085,0.016646028170620275,0.0012189482318360127,0.016646028170620275,0.0012189482318360127,0.016248899678547587,0.001218432449371783,0.016248899678547587,0.001218432449371783,0.005134247722681649,0.01173547751091987,0.0012127297971072973,0.01173547751091987,0.0012127297971072973,0.01299742542488353,0.0012127297971072973,0.01299742542488353,0.0012127297971072973,0.0030903705701454793,0.011458135736350992,0.0011284635213199337,0.012012556980894196,0.0011286173398038799,0.01067919304180366,0.0011191325539137704,0.010958933009519571,0.0011191811770293301,0.016891296191354696,0.0012955222769037507,0.016891130547407995,0.0012955235728204207,0.015725634556731594,0.0013353907793488679,0.015727060957000234,0.0013353417830834068,0.0024732594945123085,0.016248899678547587,0.0012164018374685277,0.016248899678547587,0.0012164018374685277,0.016248899678547587,0.001218432449371783,0.016248899678547587,0.001218432449371783,0.0124135808689289,0.0012951259818804984,0.012423815422924877,0.00129508529080257,0.012801356608277659,0.0012951240325903145,0.012797804598494729,0.0012950833351715143,0.01299742542488353,0.0012122017633501572,0.01299742542488353,0.0012122017633501572,0.01299742542488353,0.0012127297971072973,0.01299742542488353,0.0012127297971072973,0.016334019219970342,0.0012966272549043603,0.015415982705414982,0.0012967240547102923,0.015571532762591947,0.0013439910053746162,0.013982280296633818,0.0013440125735791713,0.011458135736350992,0.0011284635213199337,0.012012556980894196,0.0011286173398038799,0.01067919304180366,0.0011191325539137704,0.010958933009519571,0.0011191811770293301,0.01173547751091987,0.0012127297971072973,0.01173547751091987,0.0012127297971072973,0.01299742542488353,0.0012127297971072973,0.01299742542488353,0.0012127297971072973,0.01067919304180366,0.0011265781241825733,0.010958933009519571,0.001126527592033954,0.01067919304180366,0.0011191325539137704,0.010958933009519571,0.0011191811770293301
110000296327,64.0,0.022626577854949557,0.0027032774270071484,0.021287447863524052,0.0012183832771641276,0.021287447863524052,0.0012183832771641276,0.021571358949082315,0.0012183725729231678,0.021571358949082315,0.0012183725729231678,0.005663155045262585,0.01409735585133756,0.001213834683939927,0.01409735585133756,0.001213834683939927,0.01546520415138561,0.001213848154424705,0.01546520415138561,0.001213848154424705,0.0036115553145448435,0.012461836660959168,0.0011279006017582084,0.013882037469344286,0.0011279800558522653,0.011698055673639948,0.0011199914308409136,0.012865524408282872,0.0011199411313714902,0.022738952792656624,0.00129739374888789,0.022735108498955124,0.0012973661726253165,0.020855080199720558,0.0013477740592959717,0.020854465035936163,0.0013477189485759096,0.0027032774270071484,0.021571358949082315,0.001216961623499157,0.021571358949082315,0.001216961623499157,0.021571358949082315,0.0012183725729231678,0.021571358949082315,0.0012183725729231678,0.015500064270686148,0.0012985771810618521,0.015499837107481979,0.001298401193980237,0.016080251661445704,0.0012985850192126255,0.016081804755710888,0.00129840597518134,0.01546520415138561,0.0012133542384220714,0.01546520415138561,0.0012133542384220714,0.01546520415138561,0.001213848154424705,0.01546520415138561,0.001213848154424705,0.02172214389336798,0.001297893231774914,0.01913881154869377,0.001297879736448558,0.019850869807055978,0.0013491801901087932,0.017709263506092185,0.0013493216902238875,0.012461836660959168,0.0011279006017582084,0.013882037469344286,0.0011279800558522653,0.011698055673639948,0.0011199914308409136,0.012865524408282872,0.0011199411313714902,0.01409735585133756,0.001213834683939927,0.01409735585133756,0.001213834683939927,0.01546520415138561,0.001213848154424705,0.01546520415138561,0.001213848154424705,0.011698055673639948,0.001123785870911406,0.012865524408282872,0.0011237506234629319,0.011698055673639948,0.0011199914308409136,0.012865524408282872,0.0011199411313714902
110000296342,64.0,0.035802509066432016,0.0024065755340648555,0.020438194172332082,0.0012194021565362452,0.020438194172332082,0.0012194021565362452,0.020567541593760206,0.001217537919005112,0.020567541593760206,0.001217537919005112,0.008233967012410592,0.016484002686134865,0.0012113711584301498,0.016484002686134865,0.0012113711584301498,0.01755111303838683,0.0012113715231630315,0.01755111303838683,0.0012113715231630315,0.004130879130417343,0.01603488955907192,0.0011294434263958172,0.01528944509664535,0.001129477922344995,0.014895929508814253,0.001118393304951126,0.015071653688058005,0.0011183658336640643,0.0201775189491465,0.0013027157691186816,0.020179637245938506,0.0013025534015798795,0.019993913541119623,0.0013374436332937777,0.019998297719812378,0.0013373456381726393,0.0024065755340648555,0.020567541593760206,0.001216316240169391,0.020567541593760206,0.001216316240169391,0.020567541593760206,0.001217537919005112,0.020567541593760206,0.001217537919005112,0.016302581799727912,0.0012897221231556015,0.0163027124939482,0.0012897409126872877,0.016868192902053113,0.0012897187546768666,0.016863701604595688,0.0012897372879620073,0.01755111303838683,0.0012107520426868196,0.01755111303838683,0.0012107520426868196,0.01755111303838683,0.0012113715231630315,0.01755111303838683,0.0012113715231630315,0.020075897073613635,0.0012936527374317114,0.018297906204456902,0.0012937025478215588,0.019631570250445134,0.0013339201368506698,0.017778840201729703,0.0013338011102693131,0.01603488955907192,0.0011294434263958172,0.01528944509664535,0.001129477922344995,0.014895929508814253,0.001118393304951126,0.015071653688058005,0.0011183658336640643,0.016484002686134865,0.0012113711584301498,0.016484002686134865,0.0012113711584301498,0.01755111303838683,0.0012113715231630315,0.01755111303838683,0.0012113715231630315,0.014895929508814253,0.0011264200533735733,0.015071653688058005,0.001126422713483948,0.014895929508814253,0.001118393304951126,0.015071653688058005,0.0011183658336640643
110000296351,64.0,0.026677833885251443,0.0023340124609585026,0.01998346454493251,0.0012187675411350094,0.01998346454493251,0.0012187675411350094,0.01853888783781038,0.0012182587333631725,0.01853888783781038,0.0012182587333631725,0.007394038438532903,0.014169057851107272,0.0012115439025598594,0.014169057851107272,0.0012115439025598594,0.014590472632143626,0.0012115486146417678,0.014590472632143626,0.0012115486146417678,0.003995787508461575,0.010854588668927733,0.0011322460467412176,0.012471789354415235,0.0011322728038056541,0.010174625343820198,0.0011190000161822216,0.011550443910248882,0.001119044890663092,0.020007323414289173,0.001306690128460746,0.020002616140986997,0.001306643032120457,0.017776806991718654,0.0013342989811804362,0.017766868364314944,0.0013341877991268425,0.0023340124609585026,0.01853888783781038,0.0012159197688143084,0.01853888783781038,0.0012159197688143084,0.01853888783781038,0.0012182587333631725,0.01853888783781038,0.0012182587333631725,0.01389856556399123,0.001290471872727901,0.013891970410019959,0.0012905317512246243,0.014271754955224062,0.0012904738631842525,0.014264727928882835,0.0012905318425368137,0.014590472632143626,0.0012107356062590008,0.014590472632143626,0.0012107356062590008,0.014590472632143626,0.0012115486146417678,0.014590472632143626,0.0012115486146417678,0.01881596528900009,0.0013007370911519785,0.015341497640234349,0.0013006163547296997,0.01715668444761454,0.0013345364985649936,0.014106139716815878,0.001334532132451076,0.010854588668927733,0.0011322460467412176,0.012471789354415235,0.0011322728038056541,0.010174625343820198,0.0011190000161822216,0.011550443910248882,0.001119044890663092,0.014169057851107272,0.0012115439025598594,0.014169057851107272,0.0012115439025598594,0.014590472632143626,0.0012115486146417678,0.014590472632143626,0.0012115486146417678,0.010174625343820198,0.0011277818755153735,0.011550443910248882,0.0011278439755631534,0.010174625343820198,0.0011190000161822216,0.011550443910248882,0.001119044890663092
110000296353,64.0,0.02342433375187056,0.0020875270815847603,0.013504325404408593,0.001219505660135775,0.013504325404408593,0.001219505660135775,0.013517393984385393,0.0012181742506262808,0.013517393984385393,0.0012181742506262808,0.004312650396703672,0.009198128302663163,0.0012131531829321738,0.009198128302663163,0.0012131531829321738,0.009571693231765136,0.0012131610477353343,0.009571693231765136,0.0012131610477353343,0.002134134741958872,0.010313307279963218,0.001130754686682963,0.010706277100439058,0.0011309203758633885,0.009301767039799071,0.0011186609008701832,0.009907409184310694,0.001118695705648632,0.013473028557501305,0.001292037585237434,0.013469321473445319,0.0012919441139183658,0.012497854287948992,0.0013037711006576153,0.012463838466690203,0.001303925999892447,0.0020875270815847603,0.013517393984385393,0.0012166434271731336,0.013517393984385393,0.0012166434271731336,0.013517393984385393,0.0012181742506262808,0.013517393984385393,0.0012181742506262808,0.008802240352978413,0.0012755597427770219,0.008799075145146775,0.0012754694704854496,0.009086999220319235,0.001275559799312952,0.009086896707675377,0.0012754751996950661,0.009571693231765136,0.001212247618120342,0.009571693231765136,0.001212247618120342,0.009571693231765136,0.0012131610477353343,0.009571693231765136,0.0012131610477353343,0.012926932692021362,0.0012843840457386479,0.011930839277019784,0.0012843717378381312,0.012057710491298845,0.0012982272908935901,0.011241540227377299,0.0012982007534594906,0.010313307279963218,0.001130754686682963,0.010706277100439058,0.0011309203758633885,0.009301767039799071,0.0011186609008701832,0.009907409184310694,0.001118695705648632,0.009198128302663163,0.0012131531829321738,0.009198128302663163,0.0012131531829321738,0.009571693231765136,0.0012131610477353343,0.009571693231765136,0.0012131610477353343,0.009301767039799071,0.0011251661374785313,0.009907409184310694,0.0011250788830416201,0.009301767039799071,0.0011186609008701832,0.009907409184310694,0.001118695705648632
110000296368,64.0,0.04167770846770277,0.0024516927215055434,0.017354467828986114,0.001218883557853453,0.017354467828986114,0.001218883557853453,0.0186073967419907,0.0012168358445216567,0.0186073967419907,0.0012168358445216567,0.006793186245746203,0.011770181878559355,0.0012103303873194071,0.011770181878559355,0.0012103303873194071,0.012604337784162558,0.0012103306979738325,0.012604337784162558,0.0012103306979738325,0.0033942092125327367,0.010691024366801865,0.0011278443071904563,0.011034621161957052,0.001127933046202151,0.010434284842617098,0.0011185652170194375,0.010775548688450026,0.0011185606526969657,0.01740439237172881,0.0012986245493687516,0.01740958181434291,0.0012986574254920072,0.01723426479362547,0.0013246648941704735,0.017248691100808677,0.0013246933034813482,0.0024516927215055434,0.0186073967419907,0.001215748627650935,0.0186073967419907,0.001215748627650935,0.0186073967419907,0.0012168358445216567,0.0186073967419907,0.0012168358445216567,0.012023234244479288,0.0012914672855196792,0.012025868009574333,0.0012914100915278352,0.012397872379559537,0.0012914597258294669,0.012356064187981065,0.001291413919326004,0.012604337784162558,0.0012100765364918417,0.012604337784162558,0.0012100765364918417,0.012604337784162558,0.0012103306979738325,0.012604337784162558,0.0012103306979738325,0.016293827199041083,0.001301000820915795,0.0130161438995551,0.0013009216152072192,0.015586524011394301,0.0013345439698561443,0.01334422009450971,0.001334628859701741,0.010691024366801865,0.0011278443071904563,0.011034621161957052,0.001127933046202151,0.010434284842617098,0.0011185652170194375,0.010775548688450026,0.0011185606526969657,0.011770181878559355,0.0012103303873194071,0.011770181878559355,0.0012103303873194071,0.012604337784162558,0.0012103306979738325,0.012604337784162558,0.0012103306979738325,0.010434284842617098,0.0011254443826177716,0.010775548688450026,0.0011254406038321422,0.010434284842617098,0.0011185652170194375,0.010775548688450026,0.0011185606526969657
110000296371,64.0,0.040208506080869705,0.0020969787985405286,0.020941905412172557,0.0012197940610240738,0.020941905412172557,0.0012197940610240738,0.021279661166610894,0.0012190938652680602,0.021279661166610894,0.0012190938652680602,0.00592516156431282,0.012270934420805043,0.0012125939411824487,0.012270934420805043,0.0012125939411824487,0.013589406496364075,0.0012125939411824487,0.013589406496364075,0.0012125939411824487,0.00313355495976322,0.01046765364796936,0.0011294163792894927,0.011577772159972721,0.0011292991551564828,0.009613777485462245,0.0011191220037550798,0.010238373250233183,0.0011192045072563415,0.02072726566038648,0.0012959748536605902,0.020745703298919525,0.0012959703466507509,0.01939542690719404,0.0013230656064052186,0.019393313935638288,0.001323011201614135,0.0020969787985405286,0.021279661166610894,0.001216857248874874,0.021279661166610894,0.001216857248874874,0.021279661166610894,0.0012190938652680602,0.021279661166610894,0.0012190938652680602,0.012374260324639364,0.0012795725067810658,0.012365440568564591,0.0012793796991265368,0.013216493900967265,0.0012795737868618446,0.013224024924996898,0.0012793821586450532,0.013589406496364075,0.0012125537377610971,0.013589406496364075,0.0012125537377610971,0.013589406496364075,0.0012125939411824487,0.013589406496364075,0.0012125939411824487,0.020203009738060006,0.0012920761455714564,0.016152622199756668,0.0012920818452424976,0.018647125702157635,0.001322589993058303,0.015336961219669262,0.0013226219827823446,0.01046765364796936,0.0011294163792894927,0.011577772159972721,0.0011292991551564828,0.009613777485462245,0.0011191220037550798,0.010238373250233183,0.0011192045072563415,0.012270934420805043,0.0012125939411824487,0.012270934420805043,0.0012125939411824487,0.013589406496364075,0.0012125939411824487,0.013589406496364075,0.0012125939411824487,0.009613777485462245,0.0011274833112587047,0.010238373250233183,0.0011274297291247496,0.009613777485462245,0.0011191220037550798,0.010238373250233183,0.0011192045072563415
110000296380,64.0,0.036584327814273475,0.0030412969340331774,0.015694232910211173,0.00121906810079816,0.015694232910211173,0.00121906810079816,0.01527572907046332,0.0012176810115959967,0.01527572907046332,0.0012176810115959967,0.007929863420081224,0.010024614568314487,0.001212038492362908,0.010024614568314487,0.001212038492362908,0.010476130760973293,0.001212038492362908,0.010476130760973293,0.001212038492362908,0.004006520767422035,0.009768907260093414,0.0011299745518219956,0.010074057110747258,0.0011299315273947713,0.008938092623754142,0.0011206906861752888,0.009284076333366744,0.0011206136457253984,0.015574571903689462,0.001295911636079006,0.01557894146148559,0.0012959284653558576,0.014019210017637748,0.0013386589126917479,0.014053532861528212,0.0013385894985883994,0.0030412969340331774,0.01527572907046332,0.0012160565827615262,0.01527572907046332,0.0012160565827615262,0.01527572907046332,0.0012176810115959967,0.01527572907046332,0.0012176810115959967,0.010359462221207894,0.001306521187665376,0.01035905911409914,0.0013063674297197968,0.010448251119784315,0.001306511485206411,0.010447891060485827,0.001306353495320728,0.010476130760973293,0.0012116417149269695,0.010476130760973293,0.0012116417149269695,0.010476130760973293,0.001212038492362908,0.010476130760973293,0.001212038492362908,0.015567106727721389,0.0012890813153837086,0.01204226272996081,0.0012890882442740236,0.013597365721986904,0.0013313364794194584,0.011601905928481912,0.0013312465992947593,0.009768907260093414,0.0011299745518219956,0.010074057110747258,0.0011299315273947713,0.008938092623754142,0.0011206906861752888,0.009284076333366744,0.0011206136457253984,0.010024614568314487,0.001212038492362908,0.010024614568314487,0.001212038492362908,0.010476130760973293,0.001212038492362908,0.010476130760973293,0.001212038492362908,0.008938092623754142,0.001126862317202344,0.009284076333366744,0.0011267696815037247,0.008938092623754142,0.0011206906861752888,0.009284076333366744,0.0011206136457253984
110000296687,64.0,0.02056463870784915,0.0027893390194696746,0.020266395112356023,0.001220967886586913,0.020266395112356023,0.001220967886586913,0.01944157997681796,0.0012202653750884608,0.01944157997681796,0.0012202653750884608,0.00677584196724047,0.013874522301707281,0.001214242253842244,0.013874522301707281,0.001214242253842244,0.015490305423827668,0.0012142570827649286,0.015490305423827668,0.0012142570827649286,0.004554178057420995,0.01232368672578682,0.001128597285534834,0.011341428690002832,0.001128656867199862,0.011848660690851116,0.0011211875586202163,0.01089356035322859,0.0011211726291625954,0.020827126441263798,0.0012956672978515125,0.02082273954360708,0.0012953848156631704,0.019357667587609383,0.001335792270287638,0.01935902641523651,0.0013358043826552882,0.0027893390194696746,0.01944157997681796,0.001219072962822293,0.01944157997681796,0.001219072962822293,0.01944157997681796,0.0012202653750884608,0.01944157997681796,0.0012202653750884608,0.016499636909661088,0.001298919907263219,0.016499667787888212,0.001298880281523661,0.016911742877679006,0.001298937662839497,0.01691361159410989,0.0012988791966103525,0.015490305423827668,0.0012143620248924315,0.015490305423827668,0.0012143620248924315,0.015490305423827668,0.0012142570827649286,0.015490305423827668,0.0012142570827649286,0.01939010112458843,0.001296303325753816,0.015830807419957547,0.0012963697821288776,0.018460958088562424,0.0013386326923436962,0.015362847498162446,0.0013385864900942236,0.01232368672578682,0.001128597285534834,0.011341428690002832,0.001128656867199862,0.011848660690851116,0.0011211875586202163,0.01089356035322859,0.0011211726291625954,0.013874522301707281,0.001214242253842244,0.013874522301707281,0.001214242253842244,0.015490305423827668,0.0012142570827649286,0.015490305423827668,0.0012142570827649286,0.011848660690851116,0.001125571052405376,0.01089356035322859,0.0011255753553956955,0.011848660690851116,0.0011211875586202163,0.01089356035322859,0.0011211726291625954
110000296688,64.0,0.03243105198893453,0.0020119884708295747,0.016907866911507814,0.0012188484351801391,0.016907866911507814,0.0012188484351801391,0.016802679778669023,0.0012177084225280877,0.016802679778669023,0.0012177084225280877,0.005243452383276165,0.012221553097961009,0.0012134450332000025,0.012221553097961009,0.0012134450332000025,0.013725914319583756,0.0012134592813866415,0.013725914319583756,0.0012134592813866415,0.0026212673094840695,0.011642145594888412,0.0011299429821862896,0.011906858573444952,0.0011299259434292923,0.010404540758395123,0.001120164407127073,0.010412782743815826,0.001120086172418935,0.016954042495443043,0.001308508631686682,0.01695083746957863,0.0013083862585592321,0.016617370920743866,0.001309551157717376,0.016615181101715847,0.0013094940915949782,0.0020119884708295747,0.016802679778669023,0.0012167366799092612,0.016802679778669023,0.0012167366799092612,0.016802679778669023,0.0012177084225280877,0.016802679778669023,0.0012177084225280877,0.013216869156711069,0.0013002076071739954,0.013219964694546584,0.001300156624591454,0.013613321025088403,0.0013002151517246155,0.013612866878401918,0.0013001506865068983,0.013725914319583756,0.0012124940044339475,0.013725914319583756,0.0012124940044339475,0.013725914319583756,0.0012134592813866415,0.013725914319583756,0.0012134592813866415,0.01652977322953021,0.0013044367159725833,0.014183438123437775,0.0013044765892174044,0.015996143630570014,0.001311515970388315,0.013858236083091589,0.001311548085122255,0.011642145594888412,0.0011299429821862896,0.011906858573444952,0.0011299259434292923,0.010404540758395123,0.001120164407127073,0.010412782743815826,0.001120086172418935,0.012221553097961009,0.0012134450332000025,0.012221553097961009,0.0012134450332000025,0.013725914319583756,0.0012134592813866415,0.013725914319583756,0.0012134592813866415,0.010404540758395123,0.0011249430522624585,0.010412782743815826,0.0011248928707481309,0.010404540758395123,0.001120164407127073,0.010412782743815826,0.001120086172418935
110000296690,64.0,0.02300040286887709,0.0021475972921596548,0.023326383096197247,0.0012194436346572846,0.023326383096197247,0.0012194436346572846,0.022510379054953587,0.0012188878798555574,0.022510379054953587,0.0012188878798555574,0.0065530840575519006,0.014002760711597992,0.001214691070902698,0.014002760711597992,0.001214691070902698,0.015183729949160221,0.001214699227954814,0.015183729949160221,0.001214699227954814,0.0038364934242988056,0.013220127035025673,0.0011307125863811833,0.014704564683995882,0.0011307267804915567,0.01273152300709846,0.0011215477263807902,0.013541886674834771,0.0011215171956215394,0.023915286508669243,0.0012986622362217636,0.02391392674224116,0.0012985749277936926,0.021865860932149504,0.0013403128382034,0.021896783641514525,0.0013403388696922249,0.0021475972921596548,0.022510379054953587,0.001217293635306368,0.022510379054953587,0.001217293635306368,0.022510379054953587,0.0012188878798555574,0.022510379054953587,0.0012188878798555574,0.014101032790829736,0.0013012117240094746,0.014096446428147695,0.0013010961071752876,0.014471191042483079,0.0013011944141163708,0.014467486078862266,0.0013011008010470112,0.015183729949160221,0.0012140043042607534,0.015183729949160221,0.0012140043042607534,0.015183729949160221,0.001214699227954814,0.015183729949160221,0.001214699227954814,0.0229545378342573,0.001293607059731229,0.019810599081226683,0.001293662272102459,0.021113689344938288,0.0013355426348006403,0.01810396185921976,0.0013355455682966689,0.013220127035025673,0.0011307125863811833,0.014704564683995882,0.0011307267804915567,0.01273152300709846,0.0011215477263807902,0.013541886674834771,0.0011215171956215394,0.014002760711597992,0.001214691070902698,0.014002760711597992,0.001214691070902698,0.015183729949160221,0.001214699227954814,0.015183729949160221,0.001214699227954814,0.01273152300709846,0.0011270190097028626,0.013541886674834771,0.0011270938455077292,0.01273152300709846,0.0011215477263807902,0.013541886674834771,0.0011215171956215394
110000297101,64.0,0.08263234111835042,0.003726918362786822,0.02649438813440691,0.0012202997338235867,0.02649438813440691,0.0012202997338235867,0.029004746790424883,0.0012192089116451923,0.029004746790424883,0.0012192089116451923,0.008439838433805151,0.01851481505628815,0.0012115408405800998,0.01851481505628815,0.0012115408405800998,0.018659474228801334,0.0012115587966325906,0.018659474228801334,0.0012115587966325906,0.00529589312235131,0.013335760204142968,0.0011288325147435435,0.016714944036637026,0.001128817663614154,0.012628929668172889,0.0011214342717349517,0.015641228016022125,0.0011214314773961955,0.027747185110942,0.0012935410744948231,0.027768203070788595,0.0012934697015502697,0.025416833341830963,0.0013264216634921251,0.0254055636671679,0.0013264448951960735,0.003726918362786822,0.029004746790424883,0.001216241237704638,0.029004746790424883,0.001216241237704638,0.029004746790424883,0.0012192089116451923,0.029004746790424883,0.0012192089116451923,0.018813984683549535,0.0012701611389335811,0.01881903392977511,0.0012700596299940969,0.01918420870364439,0.0012701694270320653,0.019198194357149805,0.0012700598998961418,0.018659474228801334,0.0012110552258133296,0.018659474228801334,0.0012110552258133296,0.018659474228801334,0.0012115587966325906,0.018659474228801334,0.0012115587966325906,0.024900287665930172,0.0012823657279504212,0.02222849266056945,0.001282290354819687,0.022933027626420004,0.00132285771662426,0.02047770978030525,0.0013228340349416203,0.013335760204142968,0.0011288325147435435,0.016714944036637026,0.001128817663614154,0.012628929668172889,0.0011214342717349517,0.015641228016022125,0.0011214314773961955,0.01851481505628815,0.0012115408405800998,0.01851481505628815,0.0012115408405800998,0.018659474228801334,0.0012115587966325906,0.018659474228801334,0.0012115587966325906,0.012628929668172889,0.0011232836936782198,0.015641228016022125,0.0011233386410165848,0.012628929668172889,0.0011214342717349517,0.015641228016022125,0.0011214314773961955
110000297118,384.0,0.45476681625748266,0.012434631258076222,0.008221064488744928,0.008187912513169478,0.008221064488744928,0.008187912513169478,0.008230487393141412,0.008195959424763692,0.008230487393141412,0.008195959424763692,0.011923856102575632,0.008228958041317035,0.008196468307432887,0.008228958041317035,0.008196468307432887,0.00822915671100491,0.008196467228029658,0.00822915671100491,0.008196467228029658,0.012092583350895534,0.007982178804224655,0.007975765591581249,0.007983561252657964,0.007975704076588697,0.007993754506994232,0.007989388743827404,0.007993151518505017,0.007989289784337638,0.008201374151384134,0.008182166453439851,0.008201200950849866,0.008182209048203834,0.008249025820112365,0.008235853698498965,0.00824883528804096,0.008235873764514401,0.012434631258076222,0.008230487393141412,0.008195595507738745,0.008230487393141412,0.008195595507738745,0.008230487393141412,0.008195959424763692,0.008230487393141412,0.008195959424763692,0.008251900950502102,0.008227629463525746,0.008251583161077991,0.008227748134140064,0.00825031995089373,0.008227649522581431,0.00825026102503985,0.008227735545870687,0.00822915671100491,0.008196548854687737,0.00822915671100491,0.008196548854687737,0.00822915671100491,0.008196467228029658,0.00822915671100491,0.008196467228029658,0.008004398542424304,0.007986552670797524,0.007992961876932748,0.007986196701384856,0.008018068471694012,0.008007788546606191,0.008006916555983476,0.008007683061277462,0.007982178804224655,0.007975765591581249,0.007983561252657964,0.007975704076588697,0.007993754506994232,0.007989388743827404,0.007993151518505017,0.007989289784337638,0.008228958041317035,0.008196468307432887,0.008228958041317035,0.008196468307432887,0.00822915671100491,0.008196467228029658,0.00822915671100491,0.008196467228029658,0.007993754506994232,0.007987130127113438,0.007993151518505017,0.007987243002448609,0.007993754506994232,0.007989388743827404,0.007993151518505017,0.007989289784337638
110000297123,64.0,0.09606337369039059,0.004039443365256792,0.03775589350642325,0.0012199126890022189,0.03775589350642325,0.0012199126890022189,0.03921526382801125,0.0012200594071890356,0.03921526382801125,0.0012200594071890356,0.008809062062155613,0.018956166317919625,0.0012127487948324855,0.018956166317919625,0.0012127487948324855,0.019405185394041458,0.0012127545060794536,0.019405185394041458,0.0012127545060794536,0.00576958755957814,0.015692982356775756,0.0011277896372112724,0.020253720427577216,0.001127946554933087,0.013993359903341078,0.0011204027539017912,0.017582972208401645,0.0011204699880527577,0.04041324853289866,0.0013018816379413369,0.0404008165403151,0.00130178670193928,0.03546710965195571,0.0013249437674055272,0.035466608284474815,0.0013249160570963456,0.004039443365256792,0.03921526382801125,0.0012164955927602388,0.03921526382801125,0.0012164955927602388,0.03921526382801125,0.0012200594071890356,0.03921526382801125,0.0012200594071890356,0.01817242231031737,0.0012794286566705031,0.018177965832868962,0.001279397137431474,0.018643422252104705,0.0012794369852074656,0.01864388885717606,0.0012793568704974148,0.019405185394041458,0.0012117746707741585,0.019405185394041458,0.0012117746707741585,0.019405185394041458,0.0012127545060794536,0.019405185394041458,0.0012127545060794536,0.03789142035958439,0.0012981398285440424,0.02996784910446447,0.0012981667451020156,0.0326955039668635,0.0013226204000142978,0.025468651188375005,0.0013225654126677372,0.015692982356775756,0.0011277896372112724,0.020253720427577216,0.001127946554933087,0.013993359903341078,0.0011204027539017912,0.017582972208401645,0.0011204699880527577,0.018956166317919625,0.0012127487948324855,0.018956166317919625,0.0012127487948324855,0.019405185394041458,0.0012127545060794536,0.019405185394041458,0.0012127545060794536,0.013993359903341078,0.0011320918689459924,0.017582972208401645,0.001132074466799725,0.013993359903341078,0.0011204027539017912,0.017582972208401645,0.0011204699880527577
A1166128,384.0,0.1963611316294852,0.010744471806900293,0.008262563193985962,0.008222280093297786,0.008262563193985962,0.008222280093297786,0.00824077660915732,0.008203588105340711,0.00824077660915732,0.008203588105340711,0.010961291514656607,0.00823297454911606,0.008209122279891888,0.00823297454911606,0.008209122279891888,0.008232898921931828,0.008209126654476482,0.008232898921931828,0.008209126654476482,0.011129866721648144,0.00799939624821069,0.007989454461720995,0.008001206340477492,0.00798943878416414,0.00800592471737997,0.007994765205048578,0.00800577443954825,0.007994898376642306,0.008247503733732812,0.00821987614474886,0.00824739410802624,0.008219976858527715,0.008265672697012746,0.008239079603752397,0.00826545138902902,0.008238822696882444,0.010744471806900293,0.00824077660915732,0.008202962985415178,0.00824077660915732,0.008202962985415178,0.00824077660915732,0.008203588105340711,0.00824077660915732,0.008203588105340711,0.008254323727483373,0.008234384957180067,0.008254017892270855,0.008234487853681156,0.008252197512445051,0.008234360259492344,0.008252244275783504,0.00823447624019903,0.008232898921931828,0.008209321864601746,0.008232898921931828,0.008209321864601746,0.008232898921931828,0.008209126654476482,0.008232898921931828,0.008209126654476482,0.008020392329512278,0.007997298635918755,0.008007876249942139,0.007997350679927991,0.00802930659453916,0.00800818826054866,0.008016176832309563,0.008008166451568972,0.00799939624821069,0.007989454461720995,0.008001206340477492,0.00798943878416414,0.00800592471737997,0.007994765205048578,0.00800577443954825,0.007994898376642306,0.00823297454911606,0.008209122279891888,0.00823297454911606,0.008209122279891888,0.008232898921931828,0.008209126654476482,0.008232898921931828,0.008209126654476482,0.00800592471737997,0.007994306944187997,0.00800577443954825,0.007994407735092647,0.00800592471737997,0.007994765205048578,0.00800577443954825,0.007994898376642306
A1166131,64.0,0.03358240233180249,0.0022117031237909117,0.021210113426770847,0.001220007060092123,0.021210113426770847,0.001220007060092123,0.02155871203817179,0.0012198854886454912,0.02155871203817179,0.0012198854886454912,0.006077184725829425,0.015101240822176322,0.001215021421062503,0.015101240822176322,0.001215021421062503,0.0162471126942237,0.001215003197889394,0.0162471126942237,0.001215003197889394,0.00403027209105136,0.012415321033902497,0.0011288291311918784,0.014561755678647027,0.001128733298761088,0.011700024175662575,0.0011312897217654492,0.013832686203524529,0.0011312338708250214,0.02128797160199367,0.001282711949209528,0.021309238892357626,0.0012827294976321879,0.020364430535423743,0.0014826354763838462,0.020434722175545445,0.0014827089908115564,0.0022117031237909117,0.02155871203817179,0.0012182010052545031,0.02155871203817179,0.0012182010052545031,0.02155871203817179,0.0012198854886454912,0.02155871203817179,0.0012198854886454912,0.017110575489688255,0.001401775293812175,0.017119233946436985,0.001401743102710078,0.017597290225329437,0.0014017967356541015,0.017602784653095636,0.0014017647238970948,0.0162471126942237,0.001214762394825506,0.0162471126942237,0.001214762394825506,0.0162471126942237,0.001215003197889394,0.0162471126942237,0.001215003197889394,0.020542329977614036,0.0012786596255082224,0.01894706126745789,0.001278703501614389,0.01934002376273817,0.0014763179042298015,0.017638420469203817,0.0014762443971059718,0.012415321033902497,0.0011288291311918784,0.014561755678647027,0.001128733298761088,0.011700024175662575,0.0011312897217654492,0.013832686203524529,0.0011312338708250214,0.015101240822176322,0.001215021421062503,0.015101240822176322,0.001215021421062503,0.0162471126942237,0.001215003197889394,0.0162471126942237,0.001215003197889394,0.011700024175662575,0.0011255599811865378,0.013832686203524529,0.0011255461074692545,0.011700024175662575,0.0011312897217654492,0.013832686203524529,0.0011312338708250214
A1166133,64.0,0.03030611193907472,0.001972691255021149,0.013604779383358771,0.0012201487329342418,0.013604779383358771,0.0012201487329342418,0.013608035341246933,0.0012199806881730301,0.013608035341246933,0.0012199806881730301,0.006451095953436584,0.010365896799171057,0.0012145088505309963,0.010365896799171057,0.0012145088505309963,0.01120170313370447,0.0012144972702548937,0.01120170313370447,0.0012144972702548937,0.0030738174375675234,0.009746371462781154,0.0011306746923995365,0.010142920280077775,0.0011306868116602595,0.009475595595827281,0.0011300177418667977,0.009816154955191295,0.0011299404153449128,0.013873414493772527,0.001296007735703853,0.013873983167974304,0.001296048126313693,0.013617556328652098,0.0013561549552028303,0.013615052739382343,0.0013562471903845485,0.001972691255021149,0.013608035341246933,0.001218700082445537,0.013608035341246933,0.001218700082445537,0.013608035341246933,0.0012199806881730301,0.013608035341246933,0.0012199806881730301,0.01108460570460321,0.0013052743124144538,0.011077465536776278,0.001305308282783202,0.01159893042141607,0.0013052888716540848,0.011605047838207637,0.001305305366032007,0.01120170313370447,0.001213991132355333,0.01120170313370447,0.001213991132355333,0.01120170313370447,0.0012144972702548937,0.01120170313370447,0.0012144972702548937,0.013130421125728252,0.0012936752261434093,0.012460847261444072,0.0012937604084083724,0.012745446100062943,0.001359265446341237,0.012087902987326794,0.0013593167442114975,0.009746371462781154,0.0011306746923995365,0.010142920280077775,0.0011306868116602595,0.009475595595827281,0.0011300177418667977,0.009816154955191295,0.0011299404153449128,0.010365896799171057,0.0012145088505309963,0.010365896799171057,0.0012145088505309963,0.01120170313370447,0.0012144972702548937,0.01120170313370447,0.0012144972702548937,0.009475595595827281,0.0011253035355687799,0.009816154955191295,0.001125390383920114,0.009475595595827281,0.0011300177418667977,0.009816154955191295,0.0011299404153449128
A1166145,64.0,0.01291034996001485,0.002140219395241639,0.019020764887394938,0.0012207217947590291,0.019020764887394938,0.0012207217947590291,0.018495190172747658,0.001220150675954906,0.018495190172747658,0.001220150675954906,0.00712194869248998,0.01302521850840278,0.0012161674314663867,0.01302521850840278,0.0012161674314663867,0.013588053281574298,0.0012161734237250942,0.013588053281574298,0.0012161734237250942,0.002900918306055285,0.012674040765185045,0.0011302235021361374,0.014244650945541368,0.0011301794770715795,0.01131316316721979,0.0011307521293748629,0.013306897321324528,0.0011308552861196929,0.01961676089014082,0.0012895677331737877,0.019618205288155104,0.001289460892219312,0.019074457845861287,0.0014185249582233015,0.01907449193453173,0.0014184761839960702,0.002140219395241639,0.018495190172747658,0.0012194566539393843,0.018495190172747658,0.0012194566539393843,0.018495190172747658,0.001220150675954906,0.018495190172747658,0.001220150675954906,0.013958650785191217,0.0013408749466159132,0.013923794881021783,0.0013407262858047898,0.014542593387437335,0.0013408824646527252,0.014541582850270534,0.0013407257464310457,0.013588053281574298,0.0012160807295785439,0.013588053281574298,0.0012160807295785439,0.013588053281574298,0.0012161734237250942,0.013588053281574298,0.0012161734237250942,0.01868036823202672,0.0012869262247453396,0.017797692090966072,0.0012869210675333284,0.01785808635689191,0.0014118921658351881,0.017760536987287263,0.0014119483333682684,0.012674040765185045,0.0011302235021361374,0.014244650945541368,0.0011301794770715795,0.01131316316721979,0.0011307521293748629,0.013306897321324528,0.0011308552861196929,0.01302521850840278,0.0012161674314663867,0.01302521850840278,0.0012161674314663867,0.013588053281574298,0.0012161734237250942,0.013588053281574298,0.0012161734237250942,0.01131316316721979,0.001124405437718855,0.013306897321324528,0.0011243465879394825,0.01131316316721979,0.0011307521293748629,0.013306897321324528,0.0011308552861196929
A1166146,64.0,0.016004677196168122,0.002677184988505645,0.02332865973948382,0.0012212050916497598,0.02332865973948382,0.0012212050916497598,0.023734180129591487,0.0012207551984220603,0.023734180129591487,0.0012207551984220603,0.007934172826786165,0.012739634885285971,0.0012166684670370006,0.012739634885285971,0.0012166684670370006,0.014605619893688134,0.0012166759037867693,0.014605619893688134,0.0012166759037867693,0.003535247150349107,0.014192919471401543,0.001128874667608377,0.01580735881579453,0.001128874268105256,0.012288079309486303,0.0011386423167359387,0.01415934144037956,0.0011386510034625823,0.02544007037638729,0.001288387638798652,0.025438322498954093,0.0012885505674044807,0.023691738585895745,0.0013954296540793685,0.023699845871281502,0.0013954407186629791,0.002677184988505645,0.023734180129591487,0.0012197214256621858,0.023734180129591487,0.0012197214256621858,0.023734180129591487,0.0012207551984220603,0.023734180129591487,0.0012207551984220603,0.014678457055073481,0.0012964595284424066,0.014684363944941334,0.0012964386404482257,0.015076609707301446,0.0012964579550328844,0.015072892335148138,0.0012964439481352031,0.014605619893688134,0.0012162366518833122,0.014605619893688134,0.0012162366518833122,0.014605619893688134,0.0012166759037867693,0.014605619893688134,0.0012166759037867693,0.024426995764185853,0.0012869169891746286,0.02185430141573066,0.001286929384865567,0.022028795865123647,0.0013905307020054094,0.019928238184441265,0.0013905343222604654,0.014192919471401543,0.001128874667608377,0.01580735881579453,0.001128874268105256,0.012288079309486303,0.0011386423167359387,0.01415934144037956,0.0011386510034625823,0.012739634885285971,0.0012166684670370006,0.012739634885285971,0.0012166684670370006,0.014605619893688134,0.0012166759037867693,0.014605619893688134,0.0012166759037867693,0.012288079309486303,0.0011241709305719685,0.01415934144037956,0.0011242090927697864,0.012288079309486303,0.0011386423167359387,0.01415934144037956,0.0011386510034625823
A1166150,64.0,0.011394284852568541,0.0019675498063167255,0.013861513464007083,0.001221440789277284,0.013861513464007083,0.001221440789277284,0.01480209071913364,0.001221750272303901,0.01480209071913364,0.001221750272303901,0.004131452742009674,0.01115937608490707,0.001216602849042437,0.01115937608490707,0.001216602849042437,0.012207867116757715,0.0012166080605385116,0.012207867116757715,0.0012166080605385116,0.002354678140900077,0.010780173449467129,0.0011306297902606561,0.011586462694553674,0.0011307290816556987,0.010209943168457296,0.001135740482702931,0.011245253966469013,0.001135730810810212,0.015294024406910212,0.0012905366130564395,0.015295268324356999,0.0012906506762079928,0.014402587166985104,0.0013624852740752832,0.014406123164758913,0.001362513541223145,0.0019675498063167255,0.01480209071913364,0.0012203290846245073,0.01480209071913364,0.0012203290846245073,0.01480209071913364,0.001221750272303901,0.01480209071913364,0.001221750272303901,0.012376478490867088,0.0013172990477547317,0.012378692937264667,0.0013173253584757337,0.012913193668563482,0.0013172776217942532,0.012880369647294474,0.0013173232389506353,0.012207867116757715,0.0012168161229598495,0.012207867116757715,0.0012168161229598495,0.012207867116757715,0.0012166080605385116,0.012207867116757715,0.0012166080605385116,0.014710187228308734,0.0012915142385009932,0.012693550521210347,0.0012915707977564043,0.0141102467897758,0.0013702883171362395,0.012864424543770426,0.001370351388012672,0.010780173449467129,0.0011306297902606561,0.011586462694553674,0.0011307290816556987,0.010209943168457296,0.001135740482702931,0.011245253966469013,0.001135730810810212,0.01115937608490707,0.001216602849042437,0.01115937608490707,0.001216602849042437,0.012207867116757715,0.0012166080605385116,0.012207867116757715,0.0012166080605385116,0.010209943168457296,0.0011252985111660425,0.011245253966469013,0.0011253059022431587,0.010209943168457296,0.001135740482702931,0.011245253966469013,0.001135730810810212
A1166153,64.0,0.012524891105724582,0.0019654418183317132,0.022057323986384984,0.0012208319088342391,0.022057323986384984,0.0012208319088342391,0.021632710166372145,0.001220109131285965,0.021632710166372145,0.001220109131285965,0.005588834289148736,0.014458570062743209,0.001216403058927607,0.014458570062743209,0.001216403058927607,0.015768765166341202,0.0012164031496857469,0.015768765166341202,0.0012164031496857469,0.0030406327091268086,0.014145776627214782,0.0011297563956694599,0.014613621166597741,0.0011297627358439438,0.0131553712839465,0.0011306152208398882,0.013985905245155038,0.0011306647297196879,0.02218977689629069,0.0012822203029421357,0.022179911645577213,0.0012822333532458976,0.021008281650664883,0.0014188908089943165,0.021009316138478625,0.0014188667020094755,0.0019654418183317132,0.021632710166372145,0.0012189643258355691,0.021632710166372145,0.0012189643258355691,0.021632710166372145,0.001220109131285965,0.021632710166372145,0.001220109131285965,0.017407667365109764,0.0013149582460065042,0.017406096388626963,0.0013148099498804151,0.017632108585246754,0.0013149580110976803,0.017635092195254706,0.0013148284283736875,0.015768765166341202,0.0012159295716286877,0.015768765166341202,0.0012159295716286877,0.015768765166341202,0.0012164031496857469,0.015768765166341202,0.0012164031496857469,0.021565470715296554,0.001278491202611454,0.019578731081289498,0.0012786894801564072,0.0198258479340888,0.0014214030497720059,0.018292015379756374,0.0014213931380430234,0.014145776627214782,0.0011297563956694599,0.014613621166597741,0.0011297627358439438,0.0131553712839465,0.0011306152208398882,0.013985905245155038,0.0011306647297196879,0.014458570062743209,0.001216403058927607,0.014458570062743209,0.001216403058927607,0.015768765166341202,0.0012164031496857469,0.015768765166341202,0.0012164031496857469,0.0131553712839465,0.0011226090151453512,0.013985905245155038,0.0011226196542825175,0.0131553712839465,0.0011306152208398882,0.013985905245155038,0.0011306647297196879
A1166154,64.0,0.013338593606816994,0.0022405356767524484,0.01730772173112019,0.0012209042959371611,0.01730772173112019,0.0012209042959371611,0.01740087597795009,0.0012202307175575367,0.01740087597795009,0.0012202307175575367,0.006099835068089214,0.00987572119093904,0.0012169087345516299,0.00987572119093904,0.0012169087345516299,0.010521765777950214,0.0012169000444913044,0.010521765777950214,0.0012169000444913044,0.003011729349964789,0.009294541333488966,0.0011295253678676202,0.011052908744868872,0.0011295262209814994,0.008575326067000058,0.0011330678352117977,0.010206427473532113,0.0011330921882800001,0.017950748245615294,0.0012933962625643163,0.017946631327558298,0.0012935179978724645,0.016991002943464645,0.001416369581592799,0.01699707966865676,0.0014163286647922034,0.0022405356767524484,0.01740087597795009,0.0012189228576891848,0.01740087597795009,0.0012189228576891848,0.01740087597795009,0.0012202307175575367,0.01740087597795009,0.0012202307175575367,0.011117097959370216,0.0012949271368538277,0.011119302413199262,0.001294905849089689,0.011281430718291127,0.0012949249146404756,0.011297580481613499,0.0012949057827487424,0.010521765777950214,0.001216527416785691,0.010521765777950214,0.001216527416785691,0.010521765777950214,0.0012169000444913044,0.010521765777950214,0.0012169000444913044,0.016928941523299847,0.001289316355441013,0.013842760259419057,0.0012893478162073055,0.015902921401999264,0.0014091594088238182,0.013254673015443733,0.0014090977622619977,0.009294541333488966,0.0011295253678676202,0.011052908744868872,0.0011295262209814994,0.008575326067000058,0.0011330678352117977,0.010206427473532113,0.0011330921882800001,0.00987572119093904,0.0012169087345516299,0.00987572119093904,0.0012169087345516299,0.010521765777950214,0.0012169000444913044,0.010521765777950214,0.0012169000444913044,0.008575326067000058,0.0011257859433705818,0.010206427473532113,0.0011257668732420057,0.008575326067000058,0.0011330678352117977,0.010206427473532113,0.0011330921882800001
A1166159,64.0,0.013413530010661588,0.0033096010627915997,0.01409322805081262,0.0012204737260381076,0.01409322805081262,0.0012204737260381076,0.015094388277160949,0.0012202809804073517,0.015094388277160949,0.0012202809804073517,0.006121757666536495,0.009148274164296828,0.0012154464963526502,0.009148274164296828,0.0012154464963526502,0.010451882086970402,0.0012154464963526502,0.010451882086970402,0.0012154464963526502,0.003789645509361609,0.009217631736892802,0.0011292243771225394,0.01096452134643506,0.001129301233028414,0.008730964293052982,0.0011367798297582793,0.01032172275539263,0.0011367376941482524,0.014936922050651408,0.0012904325507975753,0.014925223853494608,0.0012905565703926506,0.014309224957069225,0.0014055506347217472,0.014310968614882295,0.0014055829834156775,0.0033096010627915997,0.015094388277160949,0.0012190883631079978,0.015094388277160949,0.0012190883631079978,0.015094388277160949,0.0012202809804073517,0.015094388277160949,0.0012202809804073517,0.009949410870922337,0.001341724318302704,0.009927842356332513,0.001341682644767317,0.010189870414735265,0.0013417095167698307,0.010193657232244647,0.0013417032939733343,0.010451882086970402,0.001215191462441797,0.010451882086970402,0.001215191462441797,0.010451882086970402,0.0012154464963526502,0.010451882086970402,0.0012154464963526502,0.014361373459805305,0.0012906325486075224,0.013821904700201221,0.0012905875007692906,0.013272354635486797,0.0014078852082956934,0.013103531208332683,0.0014080369079958709,0.009217631736892802,0.0011292243771225394,0.01096452134643506,0.001129301233028414,0.008730964293052982,0.0011367798297582793,0.01032172275539263,0.0011367376941482524,0.009148274164296828,0.0012154464963526502,0.009148274164296828,0.0012154464963526502,0.010451882086970402,0.0012154464963526502,0.010451882086970402,0.0012154464963526502,0.008730964293052982,0.0011263599168854948,0.01032172275539263,0.0011263313694324045,0.008730964293052982,0.0011367798297582793,0.01032172275539263,0.0011367376941482524
A1166160,64.0,0.012856609425595007,0.002022046439410817,0.022361509304058825,0.0012208673142399698,0.022361509304058825,0.0012208673142399698,0.022796146388681594,0.0012213784302294466,0.022796146388681594,0.0012213784302294466,0.011432229064418348,0.01738059744887553,0.0012169628123943903,0.01738059744887553,0.0012169628123943903,0.018671416020799594,0.0012169598065963176,0.018671416020799594,0.0012169598065963176,0.0033960238636842302,0.015321378504274924,0.0011309240776038465,0.015970225264814775,0.0011309975326821542,0.014800740668602104,0.001130515352297127,0.015070138273352698,0.001130547479098258,0.02299396191092797,0.0012665761316203422,0.023019283540691073,0.0012666031541235677,0.02165513817617747,0.001429591464819577,0.02165255248407421,0.0014296096497258828,0.002022046439410817,0.022796146388681594,0.0012186953353001534,0.022796146388681594,0.0012186953353001534,0.022796146388681594,0.0012213784302294466,0.022796146388681594,0.0012213784302294466,0.019333450683768523,0.0013353548674894292,0.019333896106055324,0.001335242629135662,0.01967922854684974,0.0013353532021929911,0.019697376295660818,0.0013352334432695477,0.018671416020799594,0.0012165613330146227,0.018671416020799594,0.0012165613330146227,0.018671416020799594,0.0012169598065963176,0.018671416020799594,0.0012169598065963176,0.02219758702112729,0.0012650651169033992,0.020976766365350737,0.0012649827989530073,0.020697305630348144,0.001424831387115086,0.01967087359016539,0.0014249334862658854,0.015321378504274924,0.0011309240776038465,0.015970225264814775,0.0011309975326821542,0.014800740668602104,0.001130515352297127,0.015070138273352698,0.001130547479098258,0.01738059744887553,0.0012169628123943903,0.01738059744887553,0.0012169628123943903,0.018671416020799594,0.0012169598065963176,0.018671416020799594,0.0012169598065963176,0.014800740668602104,0.001124678974646025,0.015070138273352698,0.0011248034542569421,0.014800740668602104,0.001130515352297127,0.015070138273352698,0.001130547479098258
A1166161,64.0,0.020093525584636472,0.002177848111982576,0.019794682603167312,0.0012203204196058347,0.019794682603167312,0.0012203204196058347,0.019044365807626768,0.001219759650399725,0.019044365807626768,0.001219759650399725,0.005723722944184753,0.011123761686848388,0.001215546663220846,0.011123761686848388,0.001215546663220846,0.011664786530143264,0.001215550942628291,0.011664786530143264,0.001215550942628291,0.0031464037987729006,0.01132170803943043,0.0011305321068870644,0.012802541536402864,0.001130549164501951,0.010642816965807727,0.0011308437226086499,0.012086875256992053,0.0011309191303558925,0.020790861847003263,0.0012827276886902305,0.020794446089967167,0.0012827869782301952,0.019687141197975516,0.0014395149013715052,0.019689194314569475,0.0014396517389831055,0.002177848111982576,0.019044365807626768,0.0012186752721147014,0.019044365807626768,0.0012186752721147014,0.019044365807626768,0.001219759650399725,0.019044365807626768,0.001219759650399725,0.013426644843396921,0.001344055897859977,0.013427246057439867,0.0013439467748006296,0.013787905179012884,0.0013440518172397043,0.013775334986861662,0.001343945399314462,0.011664786530143264,0.0012149820783111751,0.011664786530143264,0.0012149820783111751,0.011664786530143264,0.001215550942628291,0.011664786530143264,0.001215550942628291,0.019100931224290862,0.0012784196096464228,0.0179242978769727,0.0012783858633439223,0.01863774232762597,0.00143492326003163,0.016451010410144542,0.0014349616019701484,0.01132170803943043,0.0011305321068870644,0.012802541536402864,0.001130549164501951,0.010642816965807727,0.0011308437226086499,0.012086875256992053,0.0011309191303558925,0.011123761686848388,0.001215546663220846,0.011123761686848388,0.001215546663220846,0.011664786530143264,0.001215550942628291,0.011664786530143264,0.001215550942628291,0.010642816965807727,0.001123655763140816,0.012086875256992053,0.0011236045858203014,0.010642816965807727,0.0011308437226086499,0.012086875256992053,0.0011309191303558925
A1166167,64.0,0.011996305726760905,0.002209376020450414,0.02211246925846627,0.0012205938990855238,0.02211246925846627,0.0012205938990855238,0.022384218836434582,0.0012204907906657608,0.022384218836434582,0.0012204907906657608,0.00603329202512484,0.015529182104286261,0.0012167036467210215,0.015529182104286261,0.0012167036467210215,0.01628582288456752,0.0012167100508377047,0.01628582288456752,0.0012167100508377047,0.00392462285031309,0.013925524685744052,0.0011285868818376253,0.015560516091471247,0.0011285880907549394,0.012840902732087663,0.001132246757831055,0.013918555513193988,0.0011322129602308652,0.022654089218611447,0.0012815594256818167,0.022657415451430428,0.001281543147327671,0.021341138035436358,0.0013987369985843034,0.021449413345673175,0.0013987623288256163,0.002209376020450414,0.022384218836434582,0.001219507079766182,0.022384218836434582,0.001219507079766182,0.022384218836434582,0.0012204907906657608,0.022384218836434582,0.0012204907906657608,0.01648288049247374,0.0012965451609769996,0.016496170254487925,0.001296424991810803,0.01677741305293511,0.001296538087719372,0.016785986771262872,0.0012964162735004247,0.01628582288456752,0.0012163292721618178,0.01628582288456752,0.0012163292721618178,0.01628582288456752,0.0012167100508377047,0.01628582288456752,0.0012167100508377047,0.02266994211415227,0.0012794108854678836,0.019903039085555845,0.0012795600573627776,0.02035486738863737,0.0014008879068805214,0.018654589332700096,0.0014009237936736742,0.013925524685744052,0.0011285868818376253,0.015560516091471247,0.0011285880907549394,0.012840902732087663,0.001132246757831055,0.013918555513193988,0.0011322129602308652,0.015529182104286261,0.0012167036467210215,0.015529182104286261,0.0012167036467210215,0.01628582288456752,0.0012167100508377047,0.01628582288456752,0.0012167100508377047,0.012840902732087663,0.0011229698178176178,0.013918555513193988,0.0011230044857782004,0.012840902732087663,0.001132246757831055,0.013918555513193988,0.0011322129602308652
A1166176,64.0,0.010338638782623193,0.002578629309217768,0.020440811978687877,0.001221622661768288,0.020440811978687877,0.001221622661768288,0.021666403699573206,0.0012222523349417849,0.021666403699573206,0.0012222523349417849,0.007620518925017032,0.015803238732207646,0.0012166808223375322,0.015803238732207646,0.0012166808223375322,0.016739156954693378,0.001216670038389487,0.016739156954693378,0.001216670038389487,0.004108630993434939,0.013565934739389465,0.0011322003016276806,0.014444818343825223,0.0011322191707515996,0.013450547322363001,0.0011313786620899924,0.014232250209382681,0.001131476499829467,0.020867564035247553,0.0012871197543005608,0.020870873248612618,0.00128700713820966,0.02121178806063227,0.0014608963727342455,0.021214206284831602,0.001460895413885409,0.002578629309217768,0.021666403699573206,0.0012203637669100213,0.021666403699573206,0.0012203637669100213,0.021666403699573206,0.0012222523349417849,0.021666403699573206,0.0012222523349417849,0.017455036508079006,0.0014061788029367495,0.017453677204387764,0.001405992018181095,0.017335679073220624,0.0014061899077097459,0.017337436524490643,0.0014059860676849498,0.016739156954693378,0.0012163128521884517,0.016739156954693378,0.0012163128521884517,0.016739156954693378,0.001216670038389487,0.016739156954693378,0.001216670038389487,0.019763037056366967,0.0012889917608136564,0.018576284543009875,0.0012889676941713797,0.020285520111408436,0.001470483942124943,0.018437720770654028,0.0014706024835203341,0.013565934739389465,0.0011322003016276806,0.014444818343825223,0.0011322191707515996,0.013450547322363001,0.0011313786620899924,0.014232250209382681,0.001131476499829467,0.015803238732207646,0.0012166808223375322,0.015803238732207646,0.0012166808223375322,0.016739156954693378,0.001216670038389487,0.016739156954693378,0.001216670038389487,0.013450547322363001,0.0011245823718113487,0.014232250209382681,0.00112459774286488,0.013450547322363001,0.0011313786620899924,0.014232250209382681,0.001131476499829467
A1170388,64.0,0.055047568592921606,0.0022959025940244584,0.023738338474125896,0.0012211234157197917,0.023738338474125896,0.0012211234157197917,0.022430076665814667,0.0012206939267883428,0.022430076665814667,0.0012206939267883428,0.008559760290532513,0.017144889480556227,0.0012165487024517548,0.017144889480556227,0.0012165487024517548,0.01791511791245034,0.0012165464915356524,0.01791511791245034,0.0012165464915356524,0.004061132153705372,0.01844183314978791,0.001130374366173475,0.019713713035617614,0.0011303732883376297,0.016349328912638735,0.0011307646842832414,0.01805521842802777,0.0011308670655143648,0.02521101015817501,0.0012909840695816827,0.025209921967699667,0.0012910259380030883,0.022809822312841156,0.0013760975182889696,0.02281007676904122,0.00137599682003577,0.0022959025940244584,0.022430076665814667,0.0012191632868158385,0.022430076665814667,0.0012191632868158385,0.022430076665814667,0.0012206939267883428,0.022430076665814667,0.0012206939267883428,0.01785967016143119,0.0012963597034699233,0.017845705939857025,0.0012963153146945017,0.017996323636406485,0.0012963925759144504,0.01799760069632969,0.0012963003441764512,0.01791511791245034,0.0012162130187245166,0.01791511791245034,0.0012162130187245166,0.01791511791245034,0.0012165464915356524,0.01791511791245034,0.0012165464915356524,0.024416668281585036,0.0012882941498391601,0.02156532712806709,0.0012883323467551642,0.02187350869229755,0.0013727621550034686,0.019745890760387567,0.0013727107626496338,0.01844183314978791,0.001130374366173475,0.019713713035617614,0.0011303732883376297,0.016349328912638735,0.0011307646842832414,0.01805521842802777,0.0011308670655143648,0.017144889480556227,0.0012165487024517548,0.017144889480556227,0.0012165487024517548,0.01791511791245034,0.0012165464915356524,0.01791511791245034,0.0012165464915356524,0.016349328912638735,0.0011265512234531403,0.01805521842802777,0.001126607262243369,0.016349328912638735,0.0011307646842832414,0.01805521842802777,0.0011308670655143648
A1170394,64.0,0.03284656428668964,0.0026612391727196417,0.027558153498316994,0.0012214608339142774,0.027558153498316994,0.0012214608339142774,0.03323064291444286,0.001221576901190418,0.03323064291444286,0.001221576901190418,0.01064572323006541,0.01855736809173288,0.0012161513574266672,0.01855736809173288,0.0012161513574266672,0.019804243790939043,0.0012161484700197657,0.019804243790939043,0.0012161484700197657,0.005178151528195709,0.01634511465209476,0.001128699404742215,0.01996024391209436,0.0011286666899242735,0.01476022172960271,0.001130497507933363,0.018739005034522357,0.0011303995137720289,0.03146978965126605,0.0012885378325793908,0.03147495711280715,0.0012886246687559071,0.029360143266327826,0.001372144593009215,0.029366790637871384,0.0013721476323803532,0.0026612391727196417,0.03323064291444286,0.0012191453522939573,0.03323064291444286,0.0012191453522939573,0.03323064291444286,0.001221576901190418,0.03323064291444286,0.001221576901190418,0.01900718450497981,0.00129806335168684,0.019011206207317177,0.001297948876490432,0.019487574359862682,0.0012980612613988402,0.019488678619918706,0.0012979306904468341,0.019804243790939043,0.0012149245034404408,0.019804243790939043,0.0012149245034404408,0.019804243790939043,0.0012161484700197657,0.019804243790939043,0.0012161484700197657,0.029243864882149712,0.0012920199487660728,0.026107252504574678,0.0012921190205575227,0.027316308033835935,0.0013692150235468422,0.024060627369609955,0.0013692182980235604,0.01634511465209476,0.001128699404742215,0.01996024391209436,0.0011286666899242735,0.01476022172960271,0.001130497507933363,0.018739005034522357,0.0011303995137720289,0.01855736809173288,0.0012161513574266672,0.01855736809173288,0.0012161513574266672,0.019804243790939043,0.0012161484700197657,0.019804243790939043,0.0012161484700197657,0.01476022172960271,0.001125562154897635,0.018739005034522357,0.0011255973961255843,0.01476022172960271,0.001130497507933363,0.018739005034522357,0.0011303995137720289
A1170400,64.0,0.01947998584856738,0.0025093642624346903,0.021010294234456595,0.0012226398225896656,0.021010294234456595,0.0012226398225896656,0.02012346103448493,0.0012226278728440054,0.02012346103448493,0.0012226278728440054,0.008226743004898927,0.014171643305149343,0.0012173118702796225,0.014171643305149343,0.0012173118702796225,0.015356679000009017,0.0012173125254539138,0.015356679000009017,0.0012173125254539138,0.0034879325395832427,0.013759892568117023,0.0011316891851027514,0.015634399458770806,0.0011316326522908416,0.01318282150096385,0.0011318014838439618,0.014899169019038564,0.0011317945740879388,0.020931822812769806,0.001275373870048856,0.020933280014386726,0.0012753164231072694,0.019200614714017718,0.0013955143053342545,0.01923522759725473,0.0013955067253463823,0.0025093642624346903,0.02012346103448493,0.0012210090573149869,0.02012346103448493,0.0012210090573149869,0.02012346103448493,0.0012226278728440054,0.02012346103448493,0.0012226278728440054,0.014947864816458828,0.001307440613837713,0.014951287309676252,0.0013071951508412073,0.01547300106285114,0.0013074431434612012,0.015475209848817364,0.0013071932164595678,0.015356679000009017,0.0012172239180700325,0.015356679000009017,0.0012172239180700325,0.015356679000009017,0.0012173125254539138,0.015356679000009017,0.0012173125254539138,0.020665926096094384,0.0012744684202398817,0.017936362589007108,0.0012743883781414628,0.01892778439694383,0.0013911407503692057,0.017190863060927406,0.001391101319878444,0.013759892568117023,0.0011316891851027514,0.015634399458770806,0.0011316326522908416,0.01318282150096385,0.0011318014838439618,0.014899169019038564,0.0011317945740879388,0.014171643305149343,0.0012173118702796225,0.014171643305149343,0.0012173118702796225,0.015356679000009017,0.0012173125254539138,0.015356679000009017,0.0012173125254539138,0.01318282150096385,0.0011253867699316314,0.014899169019038564,0.0011254782507236596,0.01318282150096385,0.0011318014838439618,0.014899169019038564,0.0011317945740879388
A1170401,64.0,0.02553542649050837,0.0029719876725747664,0.022322213323892292,0.001222022247943316,0.022322213323892292,0.001222022247943316,0.0233109724744074,0.0012220526461565833,0.0233109724744074,0.0012220526461565833,0.008198484606175152,0.01539203327174495,0.001217503923007906,0.01539203327174495,0.001217503923007906,0.016228403946219546,0.001217504746659702,0.016228403946219546,0.001217504746659702,0.003676892897103911,0.01620656013858503,0.0011302443029877378,0.018665803348927843,0.0011303403953443465,0.015912462259309708,0.00113341938101367,0.01702541400959044,0.001133397884035738,0.023021740495912716,0.001280726491280952,0.022991200601573874,0.001280813393590749,0.022123198938234143,0.0014098925407006633,0.022121679787907213,0.0014099316979395665,0.0029719876725747664,0.0233109724744074,0.0012201659117198377,0.0233109724744074,0.0012201659117198377,0.0233109724744074,0.0012220526461565833,0.0233109724744074,0.0012220526461565833,0.01567243761550926,0.0013236119022215127,0.01567294752950654,0.001323561009213512,0.015753983064429457,0.0013236021730772213,0.01575224319707417,0.0013235542792851395,0.016228403946219546,0.0012167909523713384,0.016228403946219546,0.0012167909523713384,0.016228403946219546,0.001217504746659702,0.016228403946219546,0.001217504746659702,0.022084253019265067,0.0012742730479641544,0.021707925848537816,0.001274389580831593,0.02094918718795289,0.001412076243788603,0.02054517265631888,0.0014121786985024426,0.01620656013858503,0.0011302443029877378,0.018665803348927843,0.0011303403953443465,0.015912462259309708,0.00113341938101367,0.01702541400959044,0.001133397884035738,0.01539203327174495,0.001217503923007906,0.01539203327174495,0.001217503923007906,0.016228403946219546,0.001217504746659702,0.016228403946219546,0.001217504746659702,0.015912462259309708,0.0011259196046175988,0.01702541400959044,0.0011258268389958295,0.015912462259309708,0.00113341938101367,0.01702541400959044,0.001133397884035738
A1170413,64.0,0.024429697608715058,0.002446844010493158,0.02295369766540842,0.0012225137887088779,0.02295369766540842,0.0012225137887088779,0.02312573441050069,0.0012219019258279716,0.02312573441050069,0.0012219019258279716,0.008327297634446356,0.016165000163600382,0.0012175730696461751,0.016165000163600382,0.0012175730696461751,0.016997082033424964,0.0012175730696461751,0.016997082033424964,0.0012175730696461751,0.004070382559782298,0.015120795444634587,0.0011319369187761503,0.017883759014214455,0.0011319516197993151,0.01468101857615139,0.0011300832525889114,0.01715425633461331,0.00113002771156245,0.024043784154757296,0.0012885536892562096,0.024087277782752832,0.0012885178630953889,0.023124113306424807,0.001437250402129349,0.023142182482621444,0.0014371805588966613,0.002446844010493158,0.02312573441050069,0.0012207050414276188,0.02312573441050069,0.0012207050414276188,0.02312573441050069,0.0012219019258279716,0.02312573441050069,0.0012219019258279716,0.016020476670497562,0.0013258121417841688,0.015896453355506636,0.0013256645734905405,0.016505615194352334,0.0013258109614374266,0.01650557843230134,0.0013256841207998325,0.016997082033424964,0.0012170952014711794,0.016997082033424964,0.0012170952014711794,0.016997082033424964,0.0012175730696461751,0.016997082033424964,0.0012175730696461751,0.022842328360763033,0.0012937152845385572,0.021214786322793687,0.0012936957099664696,0.021781865762095887,0.0014478319219338924,0.020717120878728595,0.0014478280528158489,0.015120795444634587,0.0011319369187761503,0.017883759014214455,0.0011319516197993151,0.01468101857615139,0.0011300832525889114,0.01715425633461331,0.00113002771156245,0.016165000163600382,0.0012175730696461751,0.016165000163600382,0.0012175730696461751,0.016997082033424964,0.0012175730696461751,0.016997082033424964,0.0012175730696461751,0.01468101857615139,0.0011267300232518241,0.01715425633461331,0.0011268204352645314,0.01468101857615139,0.0011300832525889114,0.01715425633461331,0.00113002771156245
A1170414,64.0,0.01864693227793488,0.002882771568669992,0.017894985926753884,0.0012219922980806475,0.017894985926753884,0.0012219922980806475,0.01659588226304329,0.0012215885103987107,0.01659588226304329,0.0012215885103987107,0.006391931720316719,0.013229804274480624,0.001216871517131934,0.013229804274480624,0.001216871517131934,0.013616762571641213,0.0012168715098358014,0.013616762571641213,0.0012168715098358014,0.0037232769720523225,0.01203407787342629,0.0011316260917418038,0.012737882771191707,0.0011315691854254435,0.011770398458804888,0.001132264026040824,0.012341548250519977,0.0011322393740579018,0.0176893876711085,0.0012765504513102422,0.017688662665649356,0.0012766514406103127,0.01746858757001351,0.0014287765325300475,0.017468999211701502,0.0014288356837663851,0.002882771568669992,0.01659588226304329,0.001220043747305972,0.01659588226304329,0.001220043747305972,0.01659588226304329,0.0012215885103987107,0.01659588226304329,0.0012215885103987107,0.0151130766855867,0.0013338120836345589,0.015150169960857485,0.0013335767653536597,0.01541345743586234,0.0013338125453220629,0.015420416193995002,0.0013335694897454785,0.013616762571641213,0.0012168554505028579,0.013616762571641213,0.0012168554505028579,0.013616762571641213,0.0012168715098358014,0.013616762571641213,0.0012168715098358014,0.017538056881879188,0.0012791718093144815,0.015330088127676129,0.0012790789008817784,0.016596398781670033,0.0014387932710750611,0.014221306273537633,0.0014389025192420176,0.01203407787342629,0.0011316260917418038,0.012737882771191707,0.0011315691854254435,0.011770398458804888,0.001132264026040824,0.012341548250519977,0.0011322393740579018,0.013229804274480624,0.001216871517131934,0.013229804274480624,0.001216871517131934,0.013616762571641213,0.0012168715098358014,0.013616762571641213,0.0012168715098358014,0.011770398458804888,0.0011243236674026657,0.012341548250519977,0.0011243401413264494,0.011770398458804888,0.001132264026040824,0.012341548250519977,0.0011322393740579018
A1170417,64.0,0.022469807586422207,0.0023656310564853862,0.017919007601407185,0.0012217361377670917,0.017919007601407185,0.0012217361377670917,0.017062498807763497,0.001222328249596572,0.017062498807763497,0.001222328249596572,0.008307704878208918,0.012305473733369477,0.0012176894629452408,0.012305473733369477,0.0012176894629452408,0.012466760513488884,0.0012176941474270246,0.012466760513488884,0.0012176941474270246,0.0032900291095202005,0.011990210091868226,0.0011299529065515437,0.012826331782409356,0.0011299909747352144,0.011657808059922031,0.0011330636091397327,0.012181851411739322,0.0011330740351058182,0.0180531318429652,0.0013029749225696695,0.018053878205242714,0.001302933439647319,0.016311070812177014,0.001402387035499917,0.016308351343592983,0.0014023544335352246,0.0023656310564853862,0.017062498807763497,0.0012200988250824264,0.017062498807763497,0.0012200988250824264,0.017062498807763497,0.001222328249596572,0.017062498807763497,0.001222328249596572,0.012606030119295841,0.0012938306360115682,0.01260725303226951,0.0012937488660640915,0.012818032751232038,0.0012938364366071,0.01281815891809652,0.0012937405181117213,0.012466760513488884,0.0012170097927746727,0.012466760513488884,0.0012170097927746727,0.012466760513488884,0.0012176941474270246,0.012466760513488884,0.0012176941474270246,0.01659443542444816,0.0013031505950289004,0.014707300657198441,0.0013031299847016155,0.015252998754729614,0.0014060619875175932,0.01357415950286649,0.0014060329773873204,0.011990210091868226,0.0011299529065515437,0.012826331782409356,0.0011299909747352144,0.011657808059922031,0.0011330636091397327,0.012181851411739322,0.0011330740351058182,0.012305473733369477,0.0012176894629452408,0.012305473733369477,0.0012176894629452408,0.012466760513488884,0.0012176941474270246,0.012466760513488884,0.0012176941474270246,0.011657808059922031,0.0011253803504576246,0.012181851411739322,0.001125436769949573,0.011657808059922031,0.0011330636091397327,0.012181851411739322,0.0011330740351058182
A1170420,64.0,0.030432228459353165,0.0023558398288712453,0.02723173943036358,0.0012233021915176634,0.02723173943036358,0.0012233021915176634,0.026043657371575955,0.0012227531843655552,0.026043657371575955,0.0012227531843655552,0.008477399623200571,0.016754953556648463,0.0012181559929273827,0.016754953556648463,0.0012181559929273827,0.01760500904315989,0.0012181387068318783,0.01760500904315989,0.0012181387068318783,0.004267913618937402,0.016852057427191237,0.0011310514458106448,0.021222006097453845,0.0011310594115172257,0.015938698716945497,0.0011367823300836586,0.018958335400137204,0.0011367329906124496,0.027260628386923128,0.0012920294586055286,0.027260228160866637,0.0012921547239045138,0.025061019034020526,0.0014304195486466926,0.0250619446655499,0.0014303899722978612,0.0023558398288712453,0.026043657371575955,0.0012206889873293946,0.026043657371575955,0.0012206889873293946,0.026043657371575955,0.0012227531843655552,0.026043657371575955,0.0012227531843655552,0.016956809337556677,0.001295394216163504,0.01695420902384731,0.0012951851755450376,0.01711775311628195,0.0012953956652886711,0.017117941881517735,0.0012951791725600219,0.01760500904315989,0.0012173669161421054,0.01760500904315989,0.0012173669161421054,0.01760500904315989,0.0012181387068318783,0.01760500904315989,0.0012181387068318783,0.025085654157454614,0.0012919531475728422,0.02370386317532873,0.0012920885298541025,0.02375677543054054,0.001426276157476622,0.022195813908709464,0.00142630897369498,0.016852057427191237,0.0011310514458106448,0.021222006097453845,0.0011310594115172257,0.015938698716945497,0.0011367823300836586,0.018958335400137204,0.0011367329906124496,0.016754953556648463,0.0012181559929273827,0.016754953556648463,0.0012181559929273827,0.01760500904315989,0.0012181387068318783,0.01760500904315989,0.0012181387068318783,0.015938698716945497,0.0011278891083006412,0.018958335400137204,0.0011278159461391949,0.015938698716945497,0.0011367823300836586,0.018958335400137204,0.0011367329906124496
A1170421,64.0,0.018836461602494636,0.003266259084414063,0.02743272533110679,0.0012228537211283273,0.02743272533110679,0.0012228537211283273,0.02558303982489531,0.0012217995137891585,0.02558303982489531,0.0012217995137891585,0.009375692351330104,0.017577005118664293,0.0012176733818395193,0.017577005118664293,0.0012176733818395193,0.018762761255693112,0.0012176783849799512,0.018762761255693112,0.0012176783849799512,0.004539225537626373,0.018287513644177862,0.0011302455764747562,0.02021261858546216,0.0011302128169982187,0.017197110568152162,0.0011344733139002066,0.019230222979001718,0.0011344382417770625,0.027916392946497143,0.0012808606935208894,0.027907815357227035,0.0012808652859616623,0.024558780071679553,0.0014088281893558411,0.024561524990102016,0.0014089098194169185,0.003266259084414063,0.02558303982489531,0.0012206384112995812,0.02558303982489531,0.0012206384112995812,0.02558303982489531,0.0012217995137891585,0.02558303982489531,0.0012217995137891585,0.01811563425691354,0.0013294365459323586,0.018135583642428846,0.0013291720379183132,0.01876687219466655,0.0013294398425880518,0.01889847566270119,0.0013291659220728905,0.018762761255693112,0.0012171493229261817,0.018762761255693112,0.0012171493229261817,0.018762761255693112,0.0012176783849799512,0.018762761255693112,0.0012176783849799512,0.026094729357823792,0.001280432689630474,0.02500699868240797,0.0012804745735761358,0.023353374237726262,0.0014092161987833488,0.022496714968592173,0.0014091894862857156,0.018287513644177862,0.0011302455764747562,0.02021261858546216,0.0011302128169982187,0.017197110568152162,0.0011344733139002066,0.019230222979001718,0.0011344382417770625,0.017577005118664293,0.0012176733818395193,0.017577005118664293,0.0012176733818395193,0.018762761255693112,0.0012176783849799512,0.018762761255693112,0.0012176783849799512,0.017197110568152162,0.0011244132663998363,0.019230222979001718,0.0011244123684679005,0.017197110568152162,0.0011344733139002066,0.019230222979001718,0.0011344382417770625
A1170424,64.0,0.024862832102051178,0.002780780881979064,0.025253174900451265,0.001222744674894075,0.025253174900451265,0.001222744674894075,0.026019106584142835,0.0012224907844127408,0.026019106584142835,0.0012224907844127408,0.010096404002857095,0.017564078080124442,0.0012177123022129913,0.017564078080124442,0.0012177123022129913,0.017910854667753374,0.0012177123022129913,0.017910854667753374,0.0012177123022129913,0.0041179662476217935,0.01654892415873285,0.0011304434176799404,0.01955023531181757,0.0011305161913177984,0.01595897467693084,0.0011346731436667242,0.018831278829975127,0.001134602587548351,0.026057237433828748,0.0012838008529899299,0.026062902606285427,0.0012838024367283975,0.025341436754251892,0.0014335080564517124,0.025325119150386054,0.001433560668071702,0.002780780881979064,0.026019106584142835,0.0012205806313374382,0.026019106584142835,0.0012205806313374382,0.026019106584142835,0.0012224907844127408,0.026019106584142835,0.0012224907844127408,0.017355030817975542,0.001270763257485586,0.017355683947109922,0.0012706608949382768,0.01756840949796278,0.0012707582849058323,0.01756073465430145,0.0012706776249349638,0.017910854667753374,0.0012174593074295397,0.017910854667753374,0.0012174593074295397,0.017910854667753374,0.0012177123022129913,0.017910854667753374,0.0012177123022129913,0.02547262516229926,0.001280631463062438,0.02300294612042446,0.0012806057715749376,0.024016219856961996,0.0014188543907771767,0.022286209882563433,0.0014188323796017809,0.01654892415873285,0.0011304434176799404,0.01955023531181757,0.0011305161913177984,0.01595897467693084,0.0011346731436667242,0.018831278829975127,0.001134602587548351,0.017564078080124442,0.0012177123022129913,0.017564078080124442,0.0012177123022129913,0.017910854667753374,0.0012177123022129913,0.017910854667753374,0.0012177123022129913,0.01595897467693084,0.0011256604669517,0.018831278829975127,0.0011256104651573208,0.01595897467693084,0.0011346731436667242,0.018831278829975127,0.001134602587548351
A1170430,64.0,0.02139066304389854,0.0031575990897943816,0.02625481636343029,0.0012214479880808165,0.02625481636343029,0.0012214479880808165,0.02585377870749977,0.0012223332445648592,0.02585377870749977,0.0012223332445648592,0.00828658071258332,0.018491013021801086,0.0012180616298066462,0.018491013021801086,0.0012180616298066462,0.019599550478695597,0.0012180608021726716,0.019599550478695597,0.0012180608021726716,0.0056025678097140095,0.014338016041920688,0.0011308088606779773,0.016309562526743558,0.0011309271344589523,0.01322499067096663,0.0011304095969455132,0.015077565473174365,0.0011304179400212827,0.027298015227926933,0.0012861990015171807,0.02726454245135828,0.0012861413654027634,0.024870507506501025,0.001391660305313252,0.024859404337063927,0.0013916966866373923,0.0031575990897943816,0.02585377870749977,0.0012204050322848538,0.02585377870749977,0.0012204050322848538,0.02585377870749977,0.0012223332445648592,0.02585377870749977,0.0012223332445648592,0.020173014855609205,0.0013028366578084437,0.020180158064127273,0.0013026979977513809,0.02074555921360772,0.0013028423287766652,0.020741040512491295,0.0013026947230813685,0.019599550478695597,0.0012173197852511327,0.019599550478695597,0.0012173197852511327,0.019599550478695597,0.0012180608021726716,0.019599550478695597,0.0012180608021726716,0.02572640090844126,0.0012882131024146985,0.023735486744512795,0.0012879952858921727,0.02366135633399741,0.0013875185358787527,0.021350262389028648,0.0013874948433618358,0.014338016041920688,0.0011308088606779773,0.016309562526743558,0.0011309271344589523,0.01322499067096663,0.0011304095969455132,0.015077565473174365,0.0011304179400212827,0.018491013021801086,0.0012180616298066462,0.018491013021801086,0.0012180616298066462,0.019599550478695597,0.0012180608021726716,0.019599550478695597,0.0012180608021726716,0.01322499067096663,0.001123229276914556,0.015077565473174365,0.0011232842757149535,0.01322499067096663,0.0011304095969455132,0.015077565473174365,0.0011304179400212827
A1170431,64.0,0.03082987663915042,0.0033712959068082976,0.025429610015763302,0.001221933550611391,0.025429610015763302,0.001221933550611391,0.027536278897367483,0.0012216734534153042,0.027536278897367483,0.0012216734534153042,0.010848723087936177,0.01968794673467117,0.0012171628567864638,0.01968794673467117,0.0012171628567864638,0.020571845935389323,0.0012171588281262337,0.020571845935389323,0.0012171588281262337,0.0066221674859976605,0.01595173944213949,0.0011291443759074303,0.018577243889914087,0.0011292890320570396,0.01589710393153785,0.0011389901766286391,0.017993506996309337,0.001138958516642467,0.026442283559413984,0.001281784005279981,0.026430788772872662,0.0012816921261596386,0.026058689787529284,0.0014761369051282751,0.02605812481599232,0.0014761738698027915,0.0033712959068082976,0.027536278897367483,0.0012199067812648321,0.027536278897367483,0.0012199067812648321,0.027536278897367483,0.0012216734534153042,0.027536278897367483,0.0012216734534153042,0.02094229505093389,0.0013594350639278819,0.02094937176337603,0.001359256386645517,0.02150204727689468,0.0013594472664104566,0.021493261327979518,0.001359253686829083,0.020571845935389323,0.0012168214282722784,0.020571845935389323,0.0012168214282722784,0.020571845935389323,0.0012171588281262337,0.020571845935389323,0.0012171588281262337,0.025385134974876353,0.0012809531651273311,0.020994102200285032,0.0012810025929180138,0.024929323819729416,0.0014689574915158984,0.021188828060337676,0.001468925023563628,0.01595173944213949,0.0011291443759074303,0.018577243889914087,0.0011292890320570396,0.01589710393153785,0.0011389901766286391,0.017993506996309337,0.001138958516642467,0.01968794673467117,0.0012171628567864638,0.01968794673467117,0.0012171628567864638,0.020571845935389323,0.0012171588281262337,0.020571845935389323,0.0012171588281262337,0.01589710393153785,0.0011222776492644075,0.017993506996309337,0.0011222563557897987,0.01589710393153785,0.0011389901766286391,0.017993506996309337,0.001138958516642467
A1170439,64.0,0.035597967175256186,0.002542399664114629,0.01995768330103725,0.0012200083148592243,0.01995768330103725,0.0012200083148592243,0.02021487868552176,0.0012197051569790708,0.02021487868552176,0.0012197051569790708,0.00939974421165478,0.013605741741141519,0.0012157558314779895,0.013605741741141519,0.0012157558314779895,0.014547036407701596,0.0012157519911994196,0.014547036407701596,0.0012157519911994196,0.0037685114562649082,0.013849571890997307,0.001128590673435594,0.014246198447349988,0.0011284246617396373,0.013318122029427532,0.0011368374835535383,0.013779397299034232,0.0011367876680180777,0.020909574770460865,0.0012823013802868335,0.020910422634002442,0.0012822470000319883,0.01977236441053819,0.0014361958974910495,0.019687962606563306,0.0014361474251212824,0.002542399664114629,0.02021487868552176,0.0012183738861652215,0.02021487868552176,0.0012183738861652215,0.02021487868552176,0.0012197051569790708,0.02021487868552176,0.0012197051569790708,0.014253099130913709,0.0013135280695779463,0.014253485300716913,0.0013133479790074412,0.01459749742525765,0.0013135242630979691,0.014594990802723562,0.0013133417020194616,0.014547036407701596,0.0012155739508300327,0.014547036407701596,0.0012155739508300327,0.014547036407701596,0.0012157519911994196,0.014547036407701596,0.0012157519911994196,0.019805348606399684,0.001281740423846119,0.016889288423013824,0.0012817281074476465,0.017973187247276194,0.0014393052693341,0.015855672867365788,0.0014393107175901514,0.013849571890997307,0.001128590673435594,0.014246198447349988,0.0011284246617396373,0.013318122029427532,0.0011368374835535383,0.013779397299034232,0.0011367876680180777,0.013605741741141519,0.0012157558314779895,0.013605741741141519,0.0012157558314779895,0.014547036407701596,0.0012157519911994196,0.014547036407701596,0.0012157519911994196,0.013318122029427532,0.0011229883005977662,0.013779397299034232,0.0011228919825743266,0.013318122029427532,0.0011368374835535383,0.013779397299034232,0.0011367876680180777
A1170442,64.0,0.034787908912921904,0.0019959950474612064,0.01761351180445366,0.0012201869923983242,0.01761351180445366,0.0012201869923983242,0.017960117771585175,0.0012197357491853511,0.017960117771585175,0.0012197357491853511,0.0066940863948518,0.013761852338477848,0.0012154661496289842,0.013761852338477848,0.0012154661496289842,0.01441223301843606,0.0012154677318293651,0.01441223301843606,0.0012154677318293651,0.0027946101076304847,0.012885466629313162,0.0011302314634904639,0.013584201682408271,0.0011302420816643789,0.011804905486136552,0.0011315226762461485,0.012216407410507798,0.001131602710635522,0.01780941650607931,0.0012830135861673514,0.01780874776171286,0.0012829873546384564,0.0172590927897585,0.00135923443866724,0.017261720040031105,0.001359206861601864,0.0019959950474612064,0.017960117771585175,0.0012185196625067404,0.017960117771585175,0.0012185196625067404,0.017960117771585175,0.0012197357491853511,0.017960117771585175,0.0012197357491853511,0.014038388186554474,0.0013000824315335224,0.014076404676636779,0.0013001277643319784,0.01450086030840421,0.0013000737972429473,0.014501238361602222,0.0013001129980503101,0.01441223301843606,0.0012152988022319964,0.01441223301843606,0.0012152988022319964,0.01441223301843606,0.0012154677318293651,0.01441223301843606,0.0012154677318293651,0.017445713186447064,0.0012778420581113724,0.01630605974785724,0.001277807969340023,0.01673587701318671,0.0013604925148343896,0.016298806426360665,0.0013604437773948482,0.012885466629313162,0.0011302314634904639,0.013584201682408271,0.0011302420816643789,0.011804905486136552,0.0011315226762461485,0.012216407410507798,0.001131602710635522,0.013761852338477848,0.0012154661496289842,0.013761852338477848,0.0012154661496289842,0.01441223301843606,0.0012154677318293651,0.01441223301843606,0.0012154677318293651,0.011804905486136552,0.0011237716308742166,0.012216407410507798,0.0011238162805101944,0.011804905486136552,0.0011315226762461485,0.012216407410507798,0.001131602710635522
A1170446,64.0,0.015765320740276752,0.0019603938726213996,0.023631789539270306,0.0012203815934891953,0.023631789539270306,0.0012203815934891953,0.02176070969972428,0.0012202164254164686,0.02176070969972428,0.0012202164254164686,0.005400955006466726,0.014033019789842716,0.0012158322675776705,0.014033019789842716,0.0012158322675776705,0.016070347191279994,0.0012158492786525626,0.016070347191279994,0.0012158492786525626,0.002683340477796853,0.016267863726673607,0.0011285746597982736,0.016305870425762654,0.0011284862407429143,0.015156638703423094,0.0011303978852366938,0.015531080358460589,0.00113033717861234,0.023042359389680453,0.0012923481331261959,0.023041788525939366,0.0012924198312867492,0.0221432429550229,0.00142859158387611,0.022145023844551182,0.0014286777713062027,0.0019603938726213996,0.02176070969972428,0.0012189232421363709,0.02176070969972428,0.0012189232421363709,0.02176070969972428,0.0012202164254164686,0.02176070969972428,0.0012202164254164686,0.017087102914929937,0.001380117470053067,0.017194644053214955,0.0013799199318822123,0.017723200812060358,0.0013801109661568203,0.017737770502271415,0.0013799194429868242,0.016070347191279994,0.0012155895824406929,0.016070347191279994,0.0012155895824406929,0.016070347191279994,0.0012158492786525626,0.016070347191279994,0.0012158492786525626,0.021767003125686947,0.0012901606849357468,0.02041389568530808,0.0012902391639549465,0.020949043465327534,0.0014232373660108906,0.01975151226916067,0.0014231536597220289,0.016267863726673607,0.0011285746597982736,0.016305870425762654,0.0011284862407429143,0.015156638703423094,0.0011303978852366938,0.015531080358460589,0.00113033717861234,0.014033019789842716,0.0012158322675776705,0.014033019789842716,0.0012158322675776705,0.016070347191279994,0.0012158492786525626,0.016070347191279994,0.0012158492786525626,0.015156638703423094,0.0011249111898200988,0.015531080358460589,0.0011249131843397789,0.015156638703423094,0.0011303978852366938,0.015531080358460589,0.00113033717861234
A1170448,64.0,0.015308475107816147,0.0024469717306749694,0.03099472397792954,0.0012203842987905046,0.03099472397792954,0.0012203842987905046,0.03439201055435296,0.001220855512005267,0.03439201055435296,0.001220855512005267,0.008773881352215233,0.01690755644943601,0.0012160844896738526,0.01690755644943601,0.0012160844896738526,0.017279202925579357,0.0012160799254112386,0.017279202925579357,0.0012160799254112386,0.0037793912143799847,0.014500754000611819,0.0011292706383756281,0.018955255679962073,0.0011293179744875244,0.013547954146358164,0.001141724850925328,0.017629588672604786,0.0011416692897089926,0.03330025636493455,0.0012853912636771369,0.033301993247135675,0.001285436572315884,0.03220742784928435,0.0014375174151752023,0.03220848173809436,0.0014375598570443582,0.0024469717306749694,0.03439201055435296,0.001219024255111076,0.03439201055435296,0.001219024255111076,0.03439201055435296,0.001220855512005267,0.03439201055435296,0.001220855512005267,0.016846664645913164,0.0012891640943981251,0.016850927977080685,0.001289182369803941,0.017359857963678213,0.0012891500781392578,0.017361502052501067,0.0012891966208940203,0.017279202925579357,0.0012155499159711167,0.017279202925579357,0.0012155499159711167,0.017279202925579357,0.0012160799254112386,0.017279202925579357,0.0012160799254112386,0.03168788386709325,0.0012795365921861707,0.0252984573061794,0.0012797144818574014,0.029555116740897266,0.001427222375203907,0.023839560662094365,0.0014272493447498975,0.014500754000611819,0.0011292706383756281,0.018955255679962073,0.0011293179744875244,0.013547954146358164,0.001141724850925328,0.017629588672604786,0.0011416692897089926,0.01690755644943601,0.0012160844896738526,0.01690755644943601,0.0012160844896738526,0.017279202925579357,0.0012160799254112386,0.017279202925579357,0.0012160799254112386,0.013547954146358164,0.0011260049075813175,0.017629588672604786,0.0011260585152926249,0.013547954146358164,0.001141724850925328,0.017629588672604786,0.0011416692897089926
A1170455,64.0,0.01920718030266402,0.0025053700844396565,0.019908506160872315,0.0012210372523159382,0.019908506160872315,0.0012210372523159382,0.020271507089164,0.0012208846031541252,0.020271507089164,0.0012208846031541252,0.007021846347535332,0.015017709162799067,0.001216749684198168,0.015017709162799067,0.001216749684198168,0.015909782250387215,0.0012167308227845422,0.015909782250387215,0.0012167308227845422,0.003710432372850519,0.014455334348492473,0.001128746787225214,0.015350659900715177,0.0011288466063612184,0.013116498237333686,0.0011336887556293042,0.014371723414434927,0.001133735241606914,0.020807981600658297,0.0012879484732470615,0.02083111496637578,0.0012880217059097468,0.019795478157902165,0.0013918718966446347,0.019747910463143645,0.0013918966158564727,0.0025053700844396565,0.020271507089164,0.0012189164819012249,0.020271507089164,0.0012189164819012249,0.020271507089164,0.0012208846031541252,0.020271507089164,0.0012208846031541252,0.01607592088602995,0.00134791905482387,0.016084914064511253,0.0013479084647357055,0.016447054579436446,0.0013479266047959932,0.01644795154511329,0.001347889759760615,0.015909782250387215,0.001216207855092504,0.015909782250387215,0.001216207855092504,0.015909782250387215,0.0012167308227845422,0.015909782250387215,0.0012167308227845422,0.020423798253839588,0.0012922646951062434,0.017599572595577602,0.0012924123564811952,0.018797821869777794,0.001399693403940248,0.01699743154638594,0.0013997678451506822,0.014455334348492473,0.001128746787225214,0.015350659900715177,0.0011288466063612184,0.013116498237333686,0.0011336887556293042,0.014371723414434927,0.001133735241606914,0.015017709162799067,0.001216749684198168,0.015017709162799067,0.001216749684198168,0.015909782250387215,0.0012167308227845422,0.015909782250387215,0.0012167308227845422,0.013116498237333686,0.0011229647451905828,0.014371723414434927,0.0011230001064041907,0.013116498237333686,0.0011336887556293042,0.014371723414434927,0.001133735241606914
A1170459,64.0,0.019315014596363058,0.0022768649926159113,0.01907381465131233,0.0012217901386530092,0.01907381465131233,0.0012217901386530092,0.018364803272466156,0.001221372688844671,0.018364803272466156,0.001221372688844671,0.005625580301293694,0.011677639472957276,0.0012180932176746628,0.011677639472957276,0.0012180932176746628,0.01261780302281724,0.0012180994660305532,0.01261780302281724,0.0012180994660305532,0.003149642984647788,0.012067131304735738,0.0011299195306178722,0.013780368855533609,0.0011299525772483783,0.011475692272564106,0.0011372819214135058,0.012118259228584049,0.0011373186049911518,0.020082516376746445,0.0012848336477995525,0.02008446128799948,0.001284745414544096,0.01812995866412149,0.001440139755813943,0.018108428692130286,0.0014401491927220342,0.0022768649926159113,0.018364803272466156,0.001220390609347509,0.018364803272466156,0.001220390609347509,0.018364803272466156,0.001221372688844671,0.018364803272466156,0.001221372688844671,0.012670652887634129,0.0013402344799093367,0.01267026944777043,0.0013400975994923821,0.013102196115709454,0.0013402431352388885,0.013102075933457958,0.0013400924624481809,0.01261780302281724,0.0012174003977856718,0.01261780302281724,0.0012174003977856718,0.01261780302281724,0.0012180994660305532,0.01261780302281724,0.0012180994660305532,0.019017627003839507,0.001288590532937208,0.016527726071333647,0.0012885751651224644,0.017664129420057947,0.0014515382740901168,0.015180385771640985,0.0014515103593824542,0.012067131304735738,0.0011299195306178722,0.013780368855533609,0.0011299525772483783,0.011475692272564106,0.0011372819214135058,0.012118259228584049,0.0011373186049911518,0.011677639472957276,0.0012180932176746628,0.011677639472957276,0.0012180932176746628,0.01261780302281724,0.0012180994660305532,0.01261780302281724,0.0012180994660305532,0.011475692272564106,0.0011256921309229612,0.012118259228584049,0.0011257150100801442,0.011475692272564106,0.0011372819214135058,0.012118259228584049,0.0011373186049911518
A1170460,64.0,0.021263800074026416,0.002144303431950126,0.02195473686961584,0.0012208103998961456,0.02195473686961584,0.0012208103998961456,0.023309933158288818,0.0012203407253797319,0.023309933158288818,0.0012203407253797319,0.006720350122133066,0.013901005558984256,0.0012161580484752296,0.013901005558984256,0.0012161580484752296,0.014643030006325882,0.0012161699831624675,0.014643030006325882,0.0012161699831624675,0.00314841171572293,0.012003453486536067,0.0011304633594842956,0.015013277496428775,0.0011304884008677288,0.011982828529573808,0.0011387461035899794,0.013996783899188948,0.0011386598173992561,0.02281653224980722,0.0012884441046398167,0.022815781863498873,0.0012885161296223434,0.023155037170274884,0.0014416784965047586,0.023151330561929518,0.001441536916930231,0.002144303431950126,0.023309933158288818,0.0012194645079229094,0.023309933158288818,0.0012194645079229094,0.023309933158288818,0.0012203407253797319,0.023309933158288818,0.0012203407253797319,0.015018846309968645,0.0013425848837288566,0.015023613650501727,0.0013425407930220642,0.01582903938822649,0.0013425729098759625,0.0158275888279595,0.0013425489111743506,0.014643030006325882,0.001215708958881651,0.014643030006325882,0.001215708958881651,0.014643030006325882,0.0012161699831624675,0.014643030006325882,0.0012161699831624675,0.021635537325647047,0.0012840688127402863,0.018941500633308083,0.001284038380760688,0.02190979812146954,0.0014447978820601325,0.01883856302042715,0.0014447571958091038,0.012003453486536067,0.0011304633594842956,0.015013277496428775,0.0011304884008677288,0.011982828529573808,0.0011387461035899794,0.013996783899188948,0.0011386598173992561,0.013901005558984256,0.0012161580484752296,0.013901005558984256,0.0012161580484752296,0.014643030006325882,0.0012161699831624675,0.014643030006325882,0.0012161699831624675,0.011982828529573808,0.001125919643331476,0.013996783899188948,0.0011258260302651137,0.011982828529573808,0.0011387461035899794,0.013996783899188948,0.0011386598173992561
A1170461,64.0,0.014236543572988697,0.0023831549196114826,0.01662032797744275,0.0012223424363393908,0.01662032797744275,0.0012223424363393908,0.016881607387393787,0.0012219107606139725,0.016881607387393787,0.0012219107606139725,0.00710628183746864,0.012162377442126508,0.0012167055508286264,0.012162377442126508,0.0012167055508286264,0.012978223462900921,0.0012167077404928203,0.012978223462900921,0.0012167077404928203,0.0032425711923914466,0.01171137362791173,0.001131393291553198,0.012597977195769881,0.001131356151361895,0.010996511987333167,0.0011362162356226735,0.011681390804347179,0.0011362485619046056,0.017085355415080074,0.001301614123041632,0.017126012986012285,0.001301723304170099,0.01627040312512744,0.0014324488278461716,0.016270565256801345,0.0014325459330920439,0.0023831549196114826,0.016881607387393787,0.0012205961678507006,0.016881607387393787,0.0012205961678507006,0.016881607387393787,0.0012219107606139725,0.016881607387393787,0.0012219107606139725,0.012560754668217761,0.0012967684642322703,0.012559946993756014,0.0012966303858713026,0.012875191491504451,0.0012967680355336032,0.012876035045093786,0.0012966270878903238,0.012978223462900921,0.0012162331531540697,0.012978223462900921,0.0012162331531540697,0.012978223462900921,0.0012167077404928203,0.012978223462900921,0.0012167077404928203,0.017082553057425384,0.00129538997891499,0.01429356278717453,0.0012954573593693503,0.01619148538671765,0.001427802648450947,0.01415825474719572,0.0014278112038218092,0.01171137362791173,0.001131393291553198,0.012597977195769881,0.001131356151361895,0.010996511987333167,0.0011362162356226735,0.011681390804347179,0.0011362485619046056,0.012162377442126508,0.0012167055508286264,0.012162377442126508,0.0012167055508286264,0.012978223462900921,0.0012167077404928203,0.012978223462900921,0.0012167077404928203,0.010996511987333167,0.0011251564296599857,0.011681390804347179,0.0011251741185718455,0.010996511987333167,0.0011362162356226735,0.011681390804347179,0.0011362485619046056
A1170462,64.0,0.020667991587237134,0.002107569518142348,0.016107071088684588,0.0012201567748510716,0.016107071088684588,0.0012201567748510716,0.01634657559787044,0.0012202492110018333,0.01634657559787044,0.0012202492110018333,0.005949758823671496,0.010480356024417959,0.0012167253029342648,0.010480356024417959,0.0012167253029342648,0.011272276628919374,0.0012167253029342648,0.011272276628919374,0.0012167253029342648,0.003217515841224958,0.010840095932827974,0.0011305327571106297,0.012392183237126894,0.001130607295235339,0.01034355676791063,0.0011399355600617488,0.011486302847871159,0.001139965673159377,0.016861675019428347,0.001289127885050766,0.01685754461998207,0.0012890223434072873,0.015916515234130766,0.0014551533822447496,0.015915035950923865,0.001455158222721522,0.002107569518142348,0.01634657559787044,0.0012191191952677306,0.01634657559787044,0.0012191191952677306,0.01634657559787044,0.0012202492110018333,0.01634657559787044,0.0012202492110018333,0.01196312268638151,0.0013213629812929802,0.011958132143288329,0.0013212295439097277,0.012703842258442389,0.001321373295591443,0.012724045320773918,0.0013212412462017809,0.011272276628919374,0.0012160442605127842,0.011272276628919374,0.0012160442605127842,0.011272276628919374,0.0012167253029342648,0.011272276628919374,0.0012167253029342648,0.015830534615515916,0.0012916519340219733,0.014531187438538248,0.0012916193084882405,0.015402791631056453,0.0014596542025284319,0.01409277694632182,0.001459671405881894,0.010840095932827974,0.0011305327571106297,0.012392183237126894,0.001130607295235339,0.01034355676791063,0.0011399355600617488,0.011486302847871159,0.001139965673159377,0.010480356024417959,0.0012167253029342648,0.010480356024417959,0.0012167253029342648,0.011272276628919374,0.0012167253029342648,0.011272276628919374,0.0012167253029342648,0.01034355676791063,0.0011246069405631517,0.011486302847871159,0.0011246623565337394,0.01034355676791063,0.0011399355600617488,0.011486302847871159,0.001139965673159377
A1170468,64.0,0.01525715086235829,0.002120347962680796,0.015626086997681105,0.0012215350750850952,0.015626086997681105,0.0012215350750850952,0.015623726742481067,0.0012207032864472288,0.015623726742481067,0.0012207032864472288,0.006635643506854148,0.012789392503322882,0.001216976639920836,0.012789392503322882,0.001216976639920836,0.013439255823595625,0.001216966426964681,0.013439255823595625,0.001216966426964681,0.0031887481765423067,0.010518232619457977,0.0011286802065988454,0.012076981241615728,0.001128715358090221,0.010197551048128365,0.0011361692435878164,0.011868743616444449,0.001136167746734521,0.015651721893945616,0.0012828251807252633,0.015631246107854904,0.001282776057262326,0.01518655978370455,0.0014393525579539234,0.015207189188219023,0.001439378630145153,0.002120347962680796,0.015623726742481067,0.0012199358282346663,0.015623726742481067,0.0012199358282346663,0.015623726742481067,0.0012207032864472288,0.015623726742481067,0.0012207032864472288,0.013310836349340605,0.0013319715520646765,0.013329699663593519,0.00133181532797327,0.013533856501049598,0.0013319679225340633,0.013531921570420635,0.0013318158254874586,0.013439255823595625,0.0012164553128348903,0.013439255823595625,0.0012164553128348903,0.013439255823595625,0.001216966426964681,0.013439255823595625,0.001216966426964681,0.015411938177036698,0.0012769739095784688,0.014438457189327328,0.001277013350064067,0.015083220559183133,0.0014363698686980855,0.01419911298329456,0.0014364318904786478,0.010518232619457977,0.0011286802065988454,0.012076981241615728,0.001128715358090221,0.010197551048128365,0.0011361692435878164,0.011868743616444449,0.001136167746734521,0.012789392503322882,0.001216976639920836,0.012789392503322882,0.001216976639920836,0.013439255823595625,0.001216966426964681,0.013439255823595625,0.001216966426964681,0.010197551048128365,0.0011258983036056148,0.011868743616444449,0.0011258653351841894,0.010197551048128365,0.0011361692435878164,0.011868743616444449,0.001136167746734521
A1170475,64.0,0.012555604593872352,0.002674950389948724,0.020739993479318226,0.00122049209428709,0.020739993479318226,0.00122049209428709,0.022705580297947385,0.0012207618780016405,0.022705580297947385,0.0012207618780016405,0.008782618161407277,0.013764957700973478,0.001216272155853315,0.013764957700973478,0.001216272155853315,0.014849191578559597,0.001216272155853315,0.014849191578559597,0.001216272155853315,0.00427787181305582,0.010663676820916767,0.0011309771155520935,0.013454548571954418,0.001130982105734435,0.01030923807073618,0.0011413797887552893,0.01245748938126366,0.0011414529932342106,0.021683981299539308,0.001292142665347175,0.021689236873156534,0.0012921603580530595,0.02091142371791801,0.001533669918101465,0.020910000690402573,0.0015337741097733472,0.002674950389948724,0.022705580297947385,0.001219598287008696,0.022705580297947385,0.001219598287008696,0.022705580297947385,0.0012207618780016405,0.022705580297947385,0.0012207618780016405,0.015197626009256143,0.0013123034147472905,0.015194612360137872,0.001312229185457306,0.015618804268036694,0.0013123060282297268,0.015617875275652922,0.0013122306183148517,0.014849191578559597,0.0012159803499955707,0.014849191578559597,0.0012159803499955707,0.014849191578559597,0.001216272155853315,0.014849191578559597,0.001216272155853315,0.02034842138275398,0.0012836724098103387,0.017296153516373716,0.001283695729064253,0.01923296986224922,0.0015176245175408036,0.015979765687700345,0.0015177138603112532,0.010663676820916767,0.0011309771155520935,0.013454548571954418,0.001130982105734435,0.01030923807073618,0.0011413797887552893,0.01245748938126366,0.0011414529932342106,0.013764957700973478,0.001216272155853315,0.013764957700973478,0.001216272155853315,0.014849191578559597,0.001216272155853315,0.014849191578559597,0.001216272155853315,0.01030923807073618,0.0011260861891745236,0.01245748938126366,0.0011261113461259653,0.01030923807073618,0.0011413797887552893,0.01245748938126366,0.0011414529932342106
A1170477,64.0,0.01424585238819489,0.0028181367860528783,0.018781910444298246,0.0012221366310622996,0.018781910444298246,0.0012221366310622996,0.020884964718608272,0.0012219920674362604,0.020884964718608272,0.0012219920674362604,0.007198954857156967,0.01553974910571501,0.0012185068745413218,0.01553974910571501,0.0012185068745413218,0.016678876459935633,0.0012184926770146748,0.016678876459935633,0.0012184926770146748,0.004031770688779368,0.012090748547819562,0.0011293589045825172,0.013986555837234493,0.0011293200541039178,0.011870731538494756,0.0011358976401176799,0.013955726753556021,0.0011358976417002139,0.01983421056909399,0.001288568890365815,0.01984153534229648,0.0012886048732217844,0.020565842131608364,0.0014333115891229245,0.02056833069838199,0.0014333324500370897,0.0028181367860528783,0.020884964718608272,0.001220567394604596,0.020884964718608272,0.001220567394604596,0.020884964718608272,0.0012219920674362604,0.020884964718608272,0.0012219920674362604,0.01671341756387078,0.001335329160559565,0.016712224929344613,0.0013352800188648297,0.01688187602778457,0.0013353350710013608,0.01687935233383011,0.0013352758454093197,0.016678876459935633,0.0012177751785601252,0.016678876459935633,0.0012177751785601252,0.016678876459935633,0.0012184926770146748,0.016678876459935633,0.0012184926770146748,0.018939883438170328,0.0012863504540567418,0.018518396491299938,0.0012864159491238617,0.019282579388313712,0.001429658972049262,0.018680127861955678,0.0014296751865462939,0.012090748547819562,0.0011293589045825172,0.013986555837234493,0.0011293200541039178,0.011870731538494756,0.0011358976401176799,0.013955726753556021,0.0011358976417002139,0.01553974910571501,0.0012185068745413218,0.01553974910571501,0.0012185068745413218,0.016678876459935633,0.0012184926770146748,0.016678876459935633,0.0012184926770146748,0.011870731538494756,0.0011266989073520283,0.013955726753556021,0.0011267121043769454,0.011870731538494756,0.0011358976401176799,0.013955726753556021,0.0011358976417002139
A1170495,64.0,0.058051875609671975,0.002372248557995908,0.016288510552600336,0.00121905447658998,0.016288510552600336,0.00121905447658998,0.016548913642819057,0.0012178814157681654,0.016548913642819057,0.0012178814157681654,0.007737615482807,0.012280670350016128,0.0012131198540637075,0.012280670350016128,0.0012131198540637075,0.013018470390380734,0.001213116099752983,0.013018470390380734,0.001213116099752983,0.004216992546653159,0.011133178676492547,0.001127537347380237,0.01244129938503987,0.0011274292869410494,0.01089654840057718,0.001131162686895867,0.011716071531774876,0.001131076826067212,0.016855113754199014,0.0012801384627698247,0.016853152859812745,0.0012802083209810348,0.016655903931162893,0.0014094748413052368,0.01665941818176346,0.0014096499732449892,0.002372248557995908,0.016548913642819057,0.0012173909300678472,0.016548913642819057,0.0012173909300678472,0.016548913642819057,0.0012178814157681654,0.016548913642819057,0.0012178814157681654,0.013527855100705564,0.0013675316518289213,0.01352324852812978,0.0013675074907980203,0.013555579839184269,0.0013675210221108774,0.01356021615038124,0.001367493940116365,0.013018470390380734,0.0012126817759109429,0.013018470390380734,0.0012126817759109429,0.013018470390380734,0.001213116099752983,0.013018470390380734,0.001213116099752983,0.01593567001578596,0.0012705000313622096,0.014354918518066681,0.0012706532778180594,0.01537125369970761,0.0014019466980501074,0.013755240353896688,0.001402028116971609,0.011133178676492547,0.001127537347380237,0.01244129938503987,0.0011274292869410494,0.01089654840057718,0.001131162686895867,0.011716071531774876,0.001131076826067212,0.012280670350016128,0.0012131198540637075,0.012280670350016128,0.0012131198540637075,0.013018470390380734,0.001213116099752983,0.013018470390380734,0.001213116099752983,0.01089654840057718,0.0011222699310862183,0.011716071531774876,0.0011223086931532826,0.01089654840057718,0.001131162686895867,0.011716071531774876,0.001131076826067212
A1170498,64.0,0.03137798267519468,0.0029899106558353497,0.01857939021726775,0.001218974953871347,0.01857939021726775,0.001218974953871347,0.020262552655147686,0.0012189991167725939,0.020262552655147686,0.0012189991167725939,0.008533729856884914,0.013946567102763614,0.0012140499620876685,0.013946567102763614,0.0012140499620876685,0.015142407302967622,0.0012140303946056763,0.015142407302967622,0.0012140303946056763,0.004395824663416125,0.012036829987495973,0.0011274474190588633,0.014211394234818474,0.001127535853085497,0.011792992866871787,0.0011339935229294589,0.012986870733332875,0.0011340030700559994,0.019967595224540356,0.001304176311483875,0.019973821966852552,0.001304140542500228,0.019262595035324848,0.0013896190234502198,0.019260990629175963,0.0013897288400601068,0.0029899106558353497,0.020262552655147686,0.0012179631814909658,0.020262552655147686,0.0012179631814909658,0.020262552655147686,0.0012189991167725939,0.020262552655147686,0.0012189991167725939,0.01546007612676277,0.0013203496934434597,0.015450128995816147,0.0013203272015842491,0.015831670065928578,0.0013203454385285495,0.015830664536117114,0.001320324616193403,0.015142407302967622,0.0012134234945779907,0.015142407302967622,0.0012134234945779907,0.015142407302967622,0.0012140303946056763,0.015142407302967622,0.0012140303946056763,0.019173089273305473,0.0013061108060036812,0.01832684957365699,0.0013062035203064944,0.018476291682190154,0.0013907052499178122,0.017475601125638906,0.001390716549298266,0.012036829987495973,0.0011274474190588633,0.014211394234818474,0.001127535853085497,0.011792992866871787,0.0011339935229294589,0.012986870733332875,0.0011340030700559994,0.013946567102763614,0.0012140499620876685,0.013946567102763614,0.0012140499620876685,0.015142407302967622,0.0012140303946056763,0.015142407302967622,0.0012140303946056763,0.011792992866871787,0.0011229854696730038,0.012986870733332875,0.0011230810229339364,0.011792992866871787,0.0011339935229294589,0.012986870733332875,0.0011340030700559994
A1170502,64.0,0.0325708539647106,0.0034404636186531634,0.01269832158133837,0.0012188395533509642,0.01269832158133837,0.0012188395533509642,0.013179703946259136,0.0012184948725865042,0.013179703946259136,0.0012184948725865042,0.0063313155286822175,0.011024058550903123,0.001213785193258709,0.011024058550903123,0.001213785193258709,0.011359603744736352,0.001213788376892179,0.011359603744736352,0.001213788376892179,0.003632830296230087,0.010059737294091589,0.0011263239046791225,0.010946421116752765,0.0011261969320691977,0.009391747156551803,0.0011328088829213516,0.010548270632860469,0.001132893027423564,0.012846460844574024,0.00129532846069883,0.012846288448610306,0.001295319215344754,0.012408593038368294,0.0013670547318570723,0.01240823623520396,0.0013670670933974775,0.0034404636186531634,0.013179703946259136,0.0012172896522519986,0.013179703946259136,0.0012172896522519986,0.013179703946259136,0.0012184948725865042,0.013179703946259136,0.0012184948725865042,0.011993401680496318,0.0013986486051957828,0.012002158754740972,0.001398487375000433,0.012506860900290651,0.0013986465059483183,0.012507064658008953,0.0013984959120160825,0.011359603744736352,0.0012134717137187753,0.011359603744736352,0.0012134717137187753,0.011359603744736352,0.001213788376892179,0.011359603744736352,0.001213788376892179,0.012735774317847769,0.0012988083564319907,0.01251491953377509,0.0012987356503071092,0.012115918482840733,0.0013739008611764491,0.012512498687731967,0.0013739991322010143,0.010059737294091589,0.0011263239046791225,0.010946421116752765,0.0011261969320691977,0.009391747156551803,0.0011328088829213516,0.010548270632860469,0.001132893027423564,0.011024058550903123,0.001213785193258709,0.011024058550903123,0.001213785193258709,0.011359603744736352,0.001213788376892179,0.011359603744736352,0.001213788376892179,0.009391747156551803,0.0011251286369867884,0.010548270632860469,0.001125008143055972,0.009391747156551803,0.0011328088829213516,0.010548270632860469,0.001132893027423564
A1170507,64.0,0.024418938504673023,0.0021240795168518266,0.014594844311203519,0.0012199213656699354,0.014594844311203519,0.0012199213656699354,0.014279281483095676,0.0012195091353041378,0.014279281483095676,0.0012195091353041378,0.004610736372779703,0.011277886060446995,0.0012155910185158252,0.011277886060446995,0.0012155910185158252,0.012479772616920662,0.0012155831614517824,0.012479772616920662,0.0012155831614517824,0.0026211466137332495,0.009675510620542208,0.0011289137477542275,0.010028345743766508,0.001128912984013325,0.009713708640060797,0.0011316032557707064,0.010564867264541488,0.0011315616343581959,0.014655950541619863,0.0012833271268566074,0.01465583244620946,0.001283341519185739,0.014056967211659135,0.0013955851842688495,0.01405645584151251,0.0013956244334530018,0.0021240795168518266,0.014279281483095676,0.00121788662379337,0.014279281483095676,0.00121788662379337,0.014279281483095676,0.0012195091353041378,0.014279281483095676,0.0012195091353041378,0.013078851249837578,0.0013552440424214804,0.01307806743599471,0.0013552001844801991,0.013578476166492513,0.0013552411561277464,0.0135884532455074,0.0013552125632652653,0.012479772616920662,0.0012150795639111242,0.012479772616920662,0.0012150795639111242,0.012479772616920662,0.0012155831614517824,0.012479772616920662,0.0012155831614517824,0.013885069683765355,0.0012837503067055845,0.013051283096461511,0.001283619109146475,0.013333654487274298,0.001400859002976164,0.012851211768240367,0.0014008554519722356,0.009675510620542208,0.0011289137477542275,0.010028345743766508,0.001128912984013325,0.009713708640060797,0.0011316032557707064,0.010564867264541488,0.0011315616343581959,0.011277886060446995,0.0012155910185158252,0.011277886060446995,0.0012155910185158252,0.012479772616920662,0.0012155831614517824,0.012479772616920662,0.0012155831614517824,0.009713708640060797,0.001128019983674049,0.010564867264541488,0.0011280613397888506,0.009713708640060797,0.0011316032557707064,0.010564867264541488,0.0011315616343581959
A1170509,64.0,0.0286485676094639,0.0019909043826348673,0.01678874100393165,0.0012192875583981334,0.01678874100393165,0.0012192875583981334,0.017378251887274307,0.0012188369941555143,0.017378251887274307,0.0012188369941555143,0.005787796132614074,0.01126342571945179,0.001213759490685961,0.01126342571945179,0.001213759490685961,0.012764813919692357,0.0012137560982006885,0.012764813919692357,0.0012137560982006885,0.0029976813525376743,0.011907621015352544,0.0011267417892351654,0.01356046760293113,0.0011267422091236162,0.011131789973475423,0.0011278927252735698,0.012672182654838686,0.0011278409483218548,0.017259825761459225,0.0012971415548928863,0.01725792804827181,0.0012971412724728307,0.01695517335582698,0.0013896488982055636,0.01694230580584475,0.001389736376840266,0.0019909043826348673,0.017378251887274307,0.0012174908688666146,0.017378251887274307,0.0012174908688666146,0.017378251887274307,0.0012188369941555143,0.017378251887274307,0.0012188369941555143,0.012474601158941001,0.0013252116748252343,0.012473861684435846,0.001325194560134359,0.013163580375372188,0.0013252309763558908,0.013162683385076191,0.0013251913150890246,0.012764813919692357,0.0012134688126563611,0.012764813919692357,0.0012134688126563611,0.012764813919692357,0.0012137560982006885,0.012764813919692357,0.0012137560982006885,0.01648031605085631,0.0012903281268684217,0.01603004679846247,0.001290378571055054,0.016193547647850446,0.00139221698080896,0.015429913566217318,0.0013922886590916322,0.011907621015352544,0.0011267417892351654,0.01356046760293113,0.0011267422091236162,0.011131789973475423,0.0011278927252735698,0.012672182654838686,0.0011278409483218548,0.01126342571945179,0.001213759490685961,0.01126342571945179,0.001213759490685961,0.012764813919692357,0.0012137560982006885,0.012764813919692357,0.0012137560982006885,0.011131789973475423,0.0011240953832926004,0.012672182654838686,0.0011240875480822666,0.011131789973475423,0.0011278927252735698,0.012672182654838686,0.0011278409483218548
A1170528,64.0,0.0197388167013558,0.0023277154316049833,0.01954175968325868,0.0012195599835434759,0.01954175968325868,0.0012195599835434759,0.020798140866849522,0.0012192606263524523,0.020798140866849522,0.0012192606263524523,0.006187740701649665,0.013899866943447223,0.0012151114774692723,0.013899866943447223,0.0012151114774692723,0.015432893400040624,0.0012151114774692723,0.015432893400040624,0.0012151114774692723,0.0032151023877616362,0.01184691937152747,0.0011277707158165427,0.013176560136775614,0.0011279093161399533,0.010769571218290613,0.0011340244882123783,0.01143253776930412,0.0011340072336340464,0.02000201703979151,0.0012902399427134367,0.020003934402428633,0.001290295682881518,0.019948400806649502,0.0014210047620916457,0.01992860572250973,0.0014210526194839866,0.0023277154316049833,0.020798140866849522,0.0012183818023258966,0.020798140866849522,0.0012183818023258966,0.020798140866849522,0.0012192606263524523,0.020798140866849522,0.0012192606263524523,0.015540280648557593,0.0013616073439224824,0.015542465579358997,0.0013614369750612493,0.01638632270363817,0.0013616037131457843,0.016396121139356144,0.0013614376369672425,0.015432893400040624,0.001214886160444982,0.015432893400040624,0.001214886160444982,0.015432893400040624,0.0012151114774692723,0.015432893400040624,0.0012151114774692723,0.018863629690470066,0.0012887209945627396,0.018976906979054922,0.0012887840624018446,0.01843166745013063,0.0014098948003111716,0.018422380121480963,0.0014099300013508855,0.01184691937152747,0.0011277707158165427,0.013176560136775614,0.0011279093161399533,0.010769571218290613,0.0011340244882123783,0.01143253776930412,0.0011340072336340464,0.013899866943447223,0.0012151114774692723,0.013899866943447223,0.0012151114774692723,0.015432893400040624,0.0012151114774692723,0.015432893400040624,0.0012151114774692723,0.010769571218290613,0.0011251407135379667,0.01143253776930412,0.0011251833588945086,0.010769571218290613,0.0011340244882123783,0.01143253776930412,0.0011340072336340464
A1170530,64.0,0.018239975120281776,0.0023295739615185264,0.016566698677179047,0.0012197395823561896,0.016566698677179047,0.0012197395823561896,0.017312416635353885,0.0012200782027222223,0.017312416635353885,0.0012200782027222223,0.005573851212194578,0.012695059180362924,0.0012152814236353158,0.012695059180362924,0.0012152814236353158,0.01366661484591529,0.0012152743115003573,0.01366661484591529,0.0012152743115003573,0.0030601733811044325,0.010995812631945982,0.0011276702890027825,0.012140555718137751,0.0011276156385659284,0.010696357576244368,0.0011338862142678957,0.01181240183034682,0.0011338366525774151,0.016940851240820808,0.0012921498408629208,0.016956710472138325,0.0012922384607715184,0.016495025785486516,0.0014307544630914383,0.016492756730436226,0.0014308080717916245,0.0023295739615185264,0.017312416635353885,0.0012187133470293258,0.017312416635353885,0.0012187133470293258,0.017312416635353885,0.0012200782027222223,0.017312416635353885,0.0012200782027222223,0.014049660911388314,0.001383797032671009,0.0140486303904114,0.0013836992842482063,0.014706321101582435,0.0013837894566582935,0.01474439852057543,0.0013837001612165417,0.01366661484591529,0.0012146129687766597,0.01366661484591529,0.0012146129687766597,0.01366661484591529,0.0012152743115003573,0.01366661484591529,0.0012152743115003573,0.015912493217644704,0.001289495097632991,0.015819084436990736,0.0012895837442835054,0.016267503121439965,0.0014252833488786797,0.014751559661799526,0.0014252928891322725,0.010995812631945982,0.0011276702890027825,0.012140555718137751,0.0011276156385659284,0.010696357576244368,0.0011338862142678957,0.01181240183034682,0.0011338366525774151,0.012695059180362924,0.0012152814236353158,0.012695059180362924,0.0012152814236353158,0.01366661484591529,0.0012152743115003573,0.01366661484591529,0.0012152743115003573,0.010696357576244368,0.0011224166535578036,0.01181240183034682,0.0011223810880074715,0.010696357576244368,0.0011338862142678957,0.01181240183034682,0.0011338366525774151
A1170534,64.0,0.016861940245006795,0.0028516494693139106,0.021334214819745494,0.0012207712587033182,0.021334214819745494,0.0012207712587033182,0.02237998665570531,0.0012202542152494396,0.02237998665570531,0.0012202542152494396,0.0069127592228376165,0.013985888860133574,0.0012151718580500532,0.013985888860133574,0.0012151718580500532,0.014219237224350336,0.0012151903934844034,0.014219237224350336,0.0012151903934844034,0.003761165759012663,0.01070506193391547,0.0011297456174142587,0.012619773506380468,0.0011296332355617011,0.010369260925299767,0.0011366668181743665,0.012143590474015498,0.0011367307380801175,0.02351349078174396,0.0012873190964586476,0.023512045041980706,0.0012872249378654325,0.02188830634666328,0.0014395975381098392,0.021889684004739236,0.0014397213355151334,0.0028516494693139106,0.02237998665570531,0.0012192221329967612,0.02237998665570531,0.0012192221329967612,0.02237998665570531,0.0012202542152494396,0.02237998665570531,0.0012202542152494396,0.014784874295784721,0.0013567511160818494,0.01477711838847793,0.0013567227555485537,0.014771034274698933,0.0013567549004504195,0.014768431426988042,0.0013567305765158594,0.014219237224350336,0.0012148113294507203,0.014219237224350336,0.0012148113294507203,0.014219237224350336,0.0012151903934844034,0.014219237224350336,0.0012151903934844034,0.021987638330951745,0.0012898504480221245,0.01852839639178456,0.0012897513645613752,0.020157968710052772,0.0014459557333550924,0.017559438373500238,0.0014459103765871856,0.01070506193391547,0.0011297456174142587,0.012619773506380468,0.0011296332355617011,0.010369260925299767,0.0011366668181743665,0.012143590474015498,0.0011367307380801175,0.013985888860133574,0.0012151718580500532,0.013985888860133574,0.0012151718580500532,0.014219237224350336,0.0012151903934844034,0.014219237224350336,0.0012151903934844034,0.010369260925299767,0.0011249941104190275,0.012143590474015498,0.0011250050308087172,0.010369260925299767,0.0011366668181743665,0.012143590474015498,0.0011367307380801175
A1170535,65.0,0.022301128268985417,0.0025777327615944144,0.01975613112806366,0.0012393313009967655,0.01975613112806366,0.0012393313009967655,0.01984005836414111,0.001238274941807051,0.01984005836414111,0.001238274941807051,0.007775255869637271,0.013294608764283067,0.0012340989847475343,0.013294608764283067,0.0012340989847475343,0.014785240685447076,0.0012340989847475343,0.014785240685447076,0.0012340989847475343,0.0036275552592783867,0.014906201104449169,0.001148388680042329,0.015332002409383145,0.0011484820807625687,0.014087043022874725,0.001151219653640213,0.015062658802181807,0.0011513105045816395,0.02060832484348922,0.0013081426675726551,0.020606928174968477,0.0013081195367351387,0.019542864471244557,0.0014780154417301245,0.0195731542204358,0.0014779261184496852,0.0025777327615944144,0.01984005836414111,0.0012372992673682361,0.01984005836414111,0.0012372992673682361,0.01984005836414111,0.001238274941807051,0.01984005836414111,0.001238274941807051,0.015413197604115093,0.0013772189175530053,0.015440659107498471,0.0013770810177838524,0.01592246430413793,0.0013772407349843417,0.015868100054914257,0.0013770904650938051,0.014785240685447076,0.0012334336919575491,0.014785240685447076,0.0012334336919575491,0.014785240685447076,0.0012340989847475343,0.014785240685447076,0.0012340989847475343,0.019586276834612785,0.0013061133780857346,0.019322848446684318,0.0013061037788831102,0.019124913866528113,0.0014734562226500643,0.018399245376005444,0.0014734213693763847,0.014906201104449169,0.001148388680042329,0.015332002409383145,0.0011484820807625687,0.014087043022874725,0.001151219653640213,0.015062658802181807,0.0011513105045816395,0.013294608764283067,0.0012340989847475343,0.013294608764283067,0.0012340989847475343,0.014785240685447076,0.0012340989847475343,0.014785240685447076,0.0012340989847475343,0.014087043022874725,0.0011457743250312773,0.015062658802181807,0.0011458145182315109,0.014087043022874725,0.001151219653640213,0.015062658802181807,0.0011513105045816395
A1170537,64.0,0.014599385549041754,0.00243540278162774,0.014786411752542913,0.0012201922266600047,0.014786411752542913,0.0012201922266600047,0.01573433131972433,0.0012201697750018887,0.01573433131972433,0.0012201697750018887,0.005640366732875604,0.010400740524664312,0.0012145318511913978,0.010400740524664312,0.0012145318511913978,0.011067380350065374,0.001214535719870855,0.011067380350065374,0.001214535719870855,0.003456763065658147,0.009689950821996229,0.0011296293589118126,0.010694641081115662,0.0011296748417200086,0.009874896631261761,0.0011327492662990045,0.0105320087399254,0.0011328401840558278,0.015752176714543882,0.0013017070617536396,0.015772477080485677,0.0013017886632590374,0.015479295535386293,0.0013999259340625248,0.015477938729578753,0.0014000169812756476,0.00243540278162774,0.01573433131972433,0.0012189568850492446,0.01573433131972433,0.0012189568850492446,0.01573433131972433,0.0012201697750018887,0.01573433131972433,0.0012201697750018887,0.010851482952720926,0.0013410441651103143,0.010850915309803758,0.0013410536630710198,0.011137429065004043,0.0013410417431985017,0.01107593668562662,0.0013410562754540677,0.011067380350065374,0.0012144666810340189,0.011067380350065374,0.0012144666810340189,0.011067380350065374,0.001214535719870855,0.011067380350065374,0.001214535719870855,0.015164002177266508,0.0012954326810342856,0.014237604366655715,0.001295401547602973,0.014387368357008457,0.001389895158467996,0.013626971066873817,0.0013899276012750306,0.009689950821996229,0.0011296293589118126,0.010694641081115662,0.0011296748417200086,0.009874896631261761,0.0011327492662990045,0.0105320087399254,0.0011328401840558278,0.010400740524664312,0.0012145318511913978,0.010400740524664312,0.0012145318511913978,0.011067380350065374,0.001214535719870855,0.011067380350065374,0.001214535719870855,0.009874896631261761,0.0011256793026772026,0.0105320087399254,0.0011256963034392828,0.009874896631261761,0.0011327492662990045,0.0105320087399254,0.0011328401840558278
A1170540,64.0,0.015686521575602963,0.002134899694125167,0.018175852692460363,0.0012210225072405109,0.018175852692460363,0.0012210225072405109,0.01941630578873261,0.0012203410706062812,0.01941630578873261,0.0012203410706062812,0.005651266871069664,0.014391984740316359,0.0012154593228408737,0.014391984740316359,0.0012154593228408737,0.015121936639617717,0.0012154440559569732,0.015121936639617717,0.0012154440559569732,0.0030132216403107727,0.011929105543771735,0.0011301965242296614,0.012777402666298395,0.0011302183508758573,0.011734831201573063,0.0011343332261714463,0.01274390099590897,0.0011342496341401448,0.018349550573549905,0.0012968023821396469,0.018350006041821902,0.0012968243053701845,0.018706952594929716,0.0013680027179998788,0.01870645884013249,0.0013680336932899247,0.002134899694125167,0.01941630578873261,0.0012192704779597741,0.01941630578873261,0.0012192704779597741,0.01941630578873261,0.0012203410706062812,0.01941630578873261,0.0012203410706062812,0.015559675219858266,0.0012774341311959073,0.015575689582472924,0.0012774787859717582,0.015790556576175382,0.0012774316729887917,0.015791657941973285,0.0012774775144470062,0.015121936639617717,0.0012147034348586948,0.015121936639617717,0.0012147034348586948,0.015121936639617717,0.0012154440559569732,0.015121936639617717,0.0012154440559569732,0.017922918774090742,0.0012931613758267,0.01644814807283542,0.001293230521760043,0.0178695505675601,0.001376214507253176,0.016356215565250583,0.001376279678553858,0.011929105543771735,0.0011301965242296614,0.012777402666298395,0.0011302183508758573,0.011734831201573063,0.0011343332261714463,0.01274390099590897,0.0011342496341401448,0.014391984740316359,0.0012154593228408737,0.014391984740316359,0.0012154593228408737,0.015121936639617717,0.0012154440559569732,0.015121936639617717,0.0012154440559569732,0.011734831201573063,0.0011222511541461064,0.01274390099590897,0.0011223548898585216,0.011734831201573063,0.0011343332261714463,0.01274390099590897,0.0011342496341401448
A12069aW,64.0,0.10779951458105068,0.0031954368004209256,0.0074668309209760825,0.0012140683333498295,0.0074668309209760825,0.0012140683333498295,0.008008606252459858,0.0012143113553478501,0.008008606252459858,0.0012143113553478501,0.009413195918667641,0.0071590771407949285,0.0012070719172008776,0.0071590771407949285,0.0012070719172008776,0.007683880106526395,0.0012070795879890058,0.007683880106526395,0.0012070795879890058,0.00865858692120109,0.0026611747109166507,0.0011250133810233518,0.003020107462098968,0.0011250195278238602,0.0023420365831615347,0.0011284569942377894,0.0026031999347205514,0.001128504478059854,0.008559588728085044,0.001355399403458446,0.008551563936890489,0.001355145992936457,0.007001455302187537,0.0014225129992075044,0.006997586463094951,0.0014225821731768742,0.0031954368004209256,0.008008606252459858,0.0012126382087768246,0.008008606252459858,0.0012126382087768246,0.008008606252459858,0.0012143113553478501,0.008008606252459858,0.0012143113553478501,0.006312108854066035,0.0013618710431590017,0.006337218822040555,0.0013618651173823637,0.005747535956356048,0.0013618648073264621,0.005747810530850581,0.0013618815065016827,0.007683880106526395,0.0012062769504768308,0.007683880106526395,0.0012062769504768308,0.007683880106526395,0.0012070795879890058,0.007683880106526395,0.0012070795879890058,0.00822766334577382,0.001348053974175191,0.0070889069458826845,0.0013481703478353708,0.007071202982978763,0.0014418665381083862,0.005621696064797448,0.001441873013944153,0.0026611747109166507,0.0011250133810233518,0.003020107462098968,0.0011250195278238602,0.0023420365831615347,0.0011284569942377894,0.0026031999347205514,0.001128504478059854,0.0071590771407949285,0.0012070719172008776,0.0071590771407949285,0.0012070719172008776,0.007683880106526395,0.0012070795879890058,0.007683880106526395,0.0012070795879890058,0.0023420365831615347,0.0011247421823432232,0.0026031999347205514,0.0011248111087564926,0.0023420365831615347,0.0011284569942377894,0.0026031999347205514,0.001128504478059854
A12083bW,64.0,0.09778487642433276,0.00298385551896022,0.007496584122623189,0.001213151596944106,0.007496584122623189,0.001213151596944106,0.007145537459358737,0.0012122583056161276,0.007145537459358737,0.0012122583056161276,0.004248065551184648,0.00511230056345999,0.0012061428104577863,0.00511230056345999,0.0012061428104577863,0.006266982601592238,0.001206108460434056,0.006266982601592238,0.001206108460434056,0.003813927689044451,0.0017828386242189393,0.0011263672504624185,0.0019202929258026742,0.0011263110661401845,0.001777290609101671,0.0011215420673698802,0.0017645909088440945,0.0011215204425801444,0.0076150637490460475,0.001342344912072477,0.007609036966337976,0.0013424315543231326,0.006356640795359059,0.0013619231108750734,0.006356005512786385,0.0013619635007960337,0.00298385551896022,0.007145537459358737,0.0012110812971119298,0.007145537459358737,0.0012110812971119298,0.007145537459358737,0.0012122583056161276,0.007145537459358737,0.0012122583056161276,0.005977647157780171,0.0013504058820526129,0.005980356377708498,0.001350416103690563,0.006188688294842451,0.0013504112074170902,0.006165343927633958,0.0013504142674165267,0.006266982601592238,0.0012055908528181083,0.006266982601592238,0.0012055908528181083,0.006266982601592238,0.001206108460434056,0.006266982601592238,0.001206108460434056,0.00754903915976249,0.0013539691290404782,0.005429658516704041,0.0013540212900741378,0.0060925949371007405,0.0013753088683234453,0.004160651478518535,0.0013753048269448036,0.0017828386242189393,0.0011263672504624185,0.0019202929258026742,0.0011263110661401845,0.001777290609101671,0.0011215420673698802,0.0017645909088440945,0.0011215204425801444,0.00511230056345999,0.0012061428104577863,0.00511230056345999,0.0012061428104577863,0.006266982601592238,0.001206108460434056,0.006266982601592238,0.001206108460434056,0.001777290609101671,0.0011206117086018444,0.0017645909088440945,0.001120658159261747,0.001777290609101671,0.0011215420673698802,0.0017645909088440945,0.0011215204425801444
A13415aW,64.0,0.06459291290185898,0.0036412812149637153,0.0048586655571479604,0.0012155168572582475,0.0048586655571479604,0.0012155168572582475,0.005688861028380256,0.0012152908026521914,0.005688861028380256,0.0012152908026521914,0.005931244524857414,0.005629012575966803,0.0012086401254419797,0.005629012575966803,0.0012086401254419797,0.006382695910333458,0.0012086545835833867,0.006382695910333458,0.0012086545835833867,0.00644687361451119,0.0021405695387777023,0.0011266931142252068,0.0021869946747045334,0.0011267614770645363,0.002307760195917927,0.0011261555145333946,0.002213394430572078,0.0011261983717990713,0.005162294910917558,0.0013432112580954475,0.005162134576448124,0.0013432478543726695,0.0052863649475631685,0.0013853883305873407,0.005286705686430097,0.0013854674859274463,0.0036412812149637153,0.005688861028380256,0.001214227978187128,0.005688861028380256,0.001214227978187128,0.005688861028380256,0.0012152908026521914,0.005688861028380256,0.0012152908026521914,0.007779365884484419,0.0013518759789087312,0.007791948256660463,0.0013520278160836384,0.007778204185245658,0.0013518634907128176,0.007800212444049829,0.001352030183232228,0.006382695910333458,0.0012081324175150176,0.006382695910333458,0.0012081324175150176,0.006382695910333458,0.0012086545835833867,0.006382695910333458,0.0012086545835833867,0.00551756891428081,0.0013557549623984253,0.004545027963611194,0.0013557499051116955,0.005090450691720344,0.001395812007457591,0.0046135946940398884,0.00139585922578211,0.0021405695387777023,0.0011266931142252068,0.0021869946747045334,0.0011267614770645363,0.002307760195917927,0.0011261555145333946,0.002213394430572078,0.0011261983717990713,0.005629012575966803,0.0012086401254419797,0.005629012575966803,0.0012086401254419797,0.006382695910333458,0.0012086545835833867,0.006382695910333458,0.0012086545835833867,0.002307760195917927,0.0011216334025812916,0.002213394430572078,0.0011216656698107305,0.002307760195917927,0.0011261555145333946,0.002213394430572078,0.0011261983717990713
A13495dW,64.0,0.10912211180996394,0.001667481842852049,0.004754654421793662,0.001215324195741893,0.004754654421793662,0.001215324195741893,0.0053711869333697435,0.0012145034901053415,0.0053711869333697435,0.0012145034901053415,0.0020004215857582354,0.0049125017015132335,0.0012097522594443498,0.0049125017015132335,0.0012097522594443498,0.005230578773075787,0.0012097533125910971,0.005230578773075787,0.0012097533125910971,0.0021615764124563786,0.0028440916921548673,0.0011259141008396966,0.0029620036375591838,0.0011259639979026832,0.0028176479951255505,0.0011192743181633832,0.003515604693619891,0.001119224921416133,0.00496099459664892,0.0013192754601973732,0.004967966112573991,0.001319337041164423,0.004641977004288537,0.001334002519420874,0.004636949777629399,0.0013340105825123182,0.001667481842852049,0.0053711869333697435,0.0012139991188761053,0.0053711869333697435,0.0012139991188761053,0.0053711869333697435,0.0012145034901053415,0.0053711869333697435,0.0012145034901053415,0.0051679613657715584,0.0013323186181069921,0.0051622690105325945,0.0013324134150955646,0.00537197229035886,0.001332334570439361,0.005377711732976149,0.0013324231380573413,0.005230578773075787,0.0012091980003758513,0.005230578773075787,0.0012091980003758513,0.005230578773075787,0.0012097533125910971,0.005230578773075787,0.0012097533125910971,0.004890636718136179,0.0013194996078978198,0.004208604318804672,0.0013196417673326767,0.004870953660507511,0.001335251475114862,0.004402813784837219,0.0013352622321167191,0.0028440916921548673,0.0011259141008396966,0.0029620036375591838,0.0011259639979026832,0.0028176479951255505,0.0011192743181633832,0.003515604693619891,0.001119224921416133,0.0049125017015132335,0.0012097522594443498,0.0049125017015132335,0.0012097522594443498,0.005230578773075787,0.0012097533125910971,0.005230578773075787,0.0012097533125910971,0.0028176479951255505,0.0011186274326113522,0.003515604693619891,0.0011186064061280174,0.0028176479951255505,0.0011192743181633832,0.003515604693619891,0.001119224921416133
AEOJUM201,64.0,0.014929571491019242,0.0024325129716798034,0.020921343860851305,0.0012198479503701424,0.020921343860851305,0.0012198479503701424,0.022650205550633917,0.0012194685603768634,0.022650205550633917,0.0012194685603768634,0.004897612146128934,0.012968008425370109,0.0012144388315455765,0.012968008425370109,0.0012144388315455765,0.013506672870046933,0.00121444142149344,0.013506672870046933,0.00121444142149344,0.0038865589372813346,0.008259707608994167,0.0011276586448887688,0.008669393272434031,0.0011275706785672359,0.0076441586409663155,0.001122813386158537,0.007983099212319107,0.0011228495570948021,0.021269911817113886,0.0013010536823184298,0.021258369704748908,0.0013010805736771143,0.020679724692293365,0.0013229787097709834,0.02067635046654339,0.0013230985964481977,0.0024325129716798034,0.022650205550633917,0.0012183068392329598,0.022650205550633917,0.0012183068392329598,0.022650205550633917,0.0012194685603768634,0.022650205550633917,0.0012194685603768634,0.012497112742313814,0.0012624046297931358,0.012413359547540912,0.0012622415609401326,0.012939474995335218,0.001262404866847728,0.012915676184099958,0.0012622351713621805,0.013506672870046933,0.001214056871483378,0.013506672870046933,0.001214056871483378,0.013506672870046933,0.00121444142149344,0.013506672870046933,0.00121444142149344,0.020231253114958485,0.001296135221075529,0.01366744161693339,0.0012962461444593685,0.01897179113021283,0.0013282775926435233,0.013253415847158206,0.0013281843185492,0.008259707608994167,0.0011276586448887688,0.008669393272434031,0.0011275706785672359,0.0076441586409663155,0.001122813386158537,0.007983099212319107,0.0011228495570948021,0.012968008425370109,0.0012144388315455765,0.012968008425370109,0.0012144388315455765,0.013506672870046933,0.00121444142149344,0.013506672870046933,0.00121444142149344,0.0076441586409663155,0.0011222528823404232,0.007983099212319107,0.0011222791500755422,0.0076441586409663155,0.001122813386158537,0.007983099212319107,0.0011228495570948021
AEOJUM305,64.0,0.020868499183921498,0.003672776106086036,0.020808041107751984,0.0012205414181778727,0.020808041107751984,0.0012205414181778727,0.021212799005446217,0.0012203909051868138,0.021212799005446217,0.0012203909051868138,0.006716205883303068,0.014267353026986633,0.0012151790934115116,0.014267353026986633,0.0012151790934115116,0.01542711661721811,0.0012151741514208018,0.01542711661721811,0.0012151741514208018,0.005319667302351471,0.01159752045460967,0.0011278513777220741,0.013268582002858293,0.0011278567754748595,0.01063080170842978,0.001128768273435805,0.012248039826530615,0.001128807304874713,0.02151801695406441,0.0012878378822707571,0.02152203828089671,0.0012878635967438594,0.02003604288707695,0.001358412540450931,0.020030767571981443,0.0013584241040119941,0.003672776106086036,0.021212799005446217,0.0012182774993470596,0.021212799005446217,0.0012182774993470596,0.021212799005446217,0.0012203909051868138,0.021212799005446217,0.0012203909051868138,0.016111636247344404,0.0012825407573376568,0.01611449303658949,0.0012824910693772066,0.01544881628235119,0.0012825421457117595,0.01548008264361919,0.0012825168160583674,0.01542711661721811,0.0012146393808886067,0.01542711661721811,0.0012146393808886067,0.01542711661721811,0.0012151741514208018,0.01542711661721811,0.0012151741514208018,0.020603409929669504,0.0012837075143932086,0.018061713628712575,0.0012836853973931836,0.018588326410240705,0.0013619708343276474,0.017013604856491473,0.0013620378061447091,0.01159752045460967,0.0011278513777220741,0.013268582002858293,0.0011278567754748595,0.01063080170842978,0.001128768273435805,0.012248039826530615,0.001128807304874713,0.014267353026986633,0.0012151790934115116,0.014267353026986633,0.0012151790934115116,0.01542711661721811,0.0012151741514208018,0.01542711661721811,0.0012151741514208018,0.01063080170842978,0.0011230704075395317,0.012248039826530615,0.001123157042028225,0.01063080170842978,0.001128768273435805,0.012248039826530615,0.001128807304874713
AEOJUM402,64.0,0.027120468956270096,0.0035988701803865656,0.025781693741230315,0.0012207032749138153,0.025781693741230315,0.0012207032749138153,0.0266383961463697,0.0012189909314000407,0.0266383961463697,0.0012189909314000407,0.0083341139272587,0.015393048924761338,0.0012126909229334421,0.015393048924761338,0.0012126909229334421,0.016673605780618547,0.0012126943972169428,0.016673605780618547,0.0012126943972169428,0.005670458438507522,0.01130923570357298,0.001129790576790466,0.013693359656809906,0.001129775322567437,0.010816215520424693,0.0011223814655378726,0.012661284864687749,0.0011224076041504228,0.028744638473067106,0.0012920151113897133,0.028808486077005733,0.0012920303687542116,0.0255933573438106,0.0013338744284728012,0.02558607001241053,0.0013338650293095412,0.0035988701803865656,0.0266383961463697,0.0012171893314244255,0.0266383961463697,0.0012171893314244255,0.0266383961463697,0.0012189909314000407,0.0266383961463697,0.0012189909314000407,0.01672900948221972,0.0012975106163046206,0.016704993130330692,0.0012974096741341394,0.01735363698086308,0.0012975127229939135,0.017342758127968136,0.0012974120246634472,0.016673605780618547,0.0012121642112447523,0.016673605780618547,0.0012121642112447523,0.016673605780618547,0.0012126943972169428,0.016673605780618547,0.0012126943972169428,0.02621248442977203,0.0012872385154659013,0.017166856386042786,0.0012871564148986343,0.02342402665856369,0.0013331080610769687,0.015770576877868654,0.0013329590565790204,0.01130923570357298,0.001129790576790466,0.013693359656809906,0.001129775322567437,0.010816215520424693,0.0011223814655378726,0.012661284864687749,0.0011224076041504228,0.015393048924761338,0.0012126909229334421,0.015393048924761338,0.0012126909229334421,0.016673605780618547,0.0012126943972169428,0.016673605780618547,0.0012126943972169428,0.010816215520424693,0.0011247997527304042,0.012661284864687749,0.001124816162369342,0.010816215520424693,0.0011223814655378726,0.012661284864687749,0.0011224076041504228
AEOJUM502,64.0,0.01818615373261566,0.0034441873418966013,0.01700755518567475,0.0012204386925992212,0.01700755518567475,0.0012204386925992212,0.016781570967567654,0.0012200289753096644,0.016781570967567654,0.0012200289753096644,0.006658602414619656,0.0109553453750173,0.0012143223701633643,0.0109553453750173,0.0012143223701633643,0.012233464451581955,0.0012143217087222837,0.012233464451581955,0.0012143217087222837,0.005159290079029243,0.01063529441895565,0.0011283768006952286,0.010427080655588684,0.0011283662462911054,0.009457267356473469,0.0011214746957851735,0.00937270046649492,0.0011214436423843898,0.017455893853696676,0.0012879475437668224,0.017466287838770776,0.0012878289768705822,0.01604131364617275,0.0013401903727011746,0.016057485871906925,0.001340097088797205,0.0034441873418966013,0.016781570967567654,0.0012184709505988869,0.016781570967567654,0.0012184709505988869,0.016781570967567654,0.0012200289753096644,0.016781570967567654,0.0012200289753096644,0.011739757813018078,0.0012617996625966083,0.011738222089617938,0.00126180605394127,0.012355674598170892,0.0012618085677822998,0.01239653761038721,0.0012618044101537803,0.012233464451581955,0.0012139168255936817,0.012233464451581955,0.0012139168255936817,0.012233464451581955,0.0012143217087222837,0.012233464451581955,0.0012143217087222837,0.01644850201635488,0.00128851745172085,0.014503314190811663,0.0012885094990475478,0.01577092441584868,0.0013467155804147422,0.013495723267378261,0.0013467308691323418,0.01063529441895565,0.0011283768006952286,0.010427080655588684,0.0011283662462911054,0.009457267356473469,0.0011214746957851735,0.00937270046649492,0.0011214436423843898,0.0109553453750173,0.0012143223701633643,0.0109553453750173,0.0012143223701633643,0.012233464451581955,0.0012143217087222837,0.012233464451581955,0.0012143217087222837,0.009457267356473469,0.0011223008528854867,0.00937270046649492,0.0011223726364768156,0.009457267356473469,0.0011214746957851735,0.00937270046649492,0.0011214436423843898
AEOJUM605,64.0,0.0365278675659526,0.002947054381381195,0.016934080711843033,0.001220430770941108,0.016934080711843033,0.001220430770941108,0.019675346380061007,0.001220076182295353,0.019675346380061007,0.001220076182295353,0.006166012385176005,0.01411292120454847,0.001215419263920952,0.01411292120454847,0.001215419263920952,0.01441356349343139,0.001215419263920952,0.01441356349343139,0.001215419263920952,0.00453298366515616,0.010331617833486746,0.0011293110095237885,0.012205629826187364,0.0011293332178292665,0.00920405484452941,0.0011221656337202892,0.010824881020565464,0.0011222049382191583,0.017396481006229248,0.0012854019421327469,0.017507515311056255,0.0012853685654720568,0.01722605975246573,0.0013317779670202487,0.017239202428822882,0.0013317986540469036,0.002947054381381195,0.019675346380061007,0.0012191273564039298,0.019675346380061007,0.0012191273564039298,0.019675346380061007,0.001220076182295353,0.019675346380061007,0.001220076182295353,0.013743719684325278,0.0012821663921893627,0.013742318863648779,0.0012821223992140645,0.01414998201120972,0.0012821746286584103,0.014147797292701807,0.001282124119967021,0.01441356349343139,0.0012149833515714156,0.01441356349343139,0.0012149833515714156,0.01441356349343139,0.001215419263920952,0.01441356349343139,0.001215419263920952,0.01725423425089634,0.0012785241393624188,0.014629239470045602,0.0012782932151531405,0.016397614858420298,0.001335257025427129,0.014410836198633138,0.0013351057687022846,0.010331617833486746,0.0011293110095237885,0.012205629826187364,0.0011293332178292665,0.00920405484452941,0.0011221656337202892,0.010824881020565464,0.0011222049382191583,0.01411292120454847,0.001215419263920952,0.01411292120454847,0.001215419263920952,0.01441356349343139,0.001215419263920952,0.01441356349343139,0.001215419263920952,0.00920405484452941,0.001124956375203763,0.010824881020565464,0.001124909879012837,0.00920405484452941,0.0011221656337202892,0.010824881020565464,0.0011222049382191583
AETJUM106,64.0,0.06836217519806237,0.003794281634686883,0.01687078821578802,0.0012190832439726526,0.01687078821578802,0.0012190832439726526,0.017307248356729595,0.0012181587378293066,0.017307248356729595,0.0012181587378293066,0.009909761462471573,0.013454883625716806,0.0012118015076384785,0.013454883625716806,0.0012118015076384785,0.014190599036604917,0.0012117985790943287,0.014190599036604917,0.0012117985790943287,0.005281590323539865,0.013266270666735924,0.0011282408067164779,0.014392168993621274,0.0011282574660622772,0.013004298292888544,0.0011213814539214298,0.013754905670476257,0.0011214541279044813,0.01729009466734251,0.0012841253803767038,0.01729341213182996,0.0012839852281309604,0.016585741989880505,0.0013297236444964069,0.01658626278622667,0.0013297049624849656,0.003794281634686883,0.017307248356729595,0.0012161497778130541,0.017307248356729595,0.0012161497778130541,0.017307248356729595,0.0012181587378293066,0.017307248356729595,0.0012181587378293066,0.013877074486966217,0.0012912171660473303,0.01387614568475457,0.0012912047611575099,0.013978295800187779,0.0012912366695539948,0.013977633114353747,0.0012911775274475905,0.014190599036604917,0.001211047611123989,0.014190599036604917,0.001211047611123989,0.014190599036604917,0.0012117985790943287,0.014190599036604917,0.0012117985790943287,0.01667576680882584,0.0012821754091938314,0.015256549109031532,0.001282154346907368,0.016243341099793644,0.0013257166664320066,0.01491633100805807,0.0013257456816280404,0.013266270666735924,0.0011282408067164779,0.014392168993621274,0.0011282574660622772,0.013004298292888544,0.0011213814539214298,0.013754905670476257,0.0011214541279044813,0.013454883625716806,0.0012118015076384785,0.013454883625716806,0.0012118015076384785,0.014190599036604917,0.0012117985790943287,0.014190599036604917,0.0012117985790943287,0.013004298292888544,0.001120475242327376,0.013754905670476257,0.0011204172981346856,0.013004298292888544,0.0011213814539214298,0.013754905670476257,0.0011214541279044813
AETJUM117,64.0,0.026394984909297512,0.002800264181678126,0.018927004794028528,0.0012199021861267279,0.018927004794028528,0.0012199021861267279,0.018645763461684534,0.0012190226597061972,0.018645763461684534,0.0012190226597061972,0.006686354114489724,0.013337261004219237,0.0012143290042948892,0.013337261004219237,0.0012143290042948892,0.013883594141189155,0.0012142988185359878,0.013883594141189155,0.0012142988185359878,0.004717584708364226,0.012017346450765314,0.0011300746641838117,0.0132759149009224,0.0011300509595839976,0.009924827590199223,0.0011212802771878021,0.011852815903545708,0.001121361769881393,0.01947673282291923,0.0012773226072652546,0.019475246670957697,0.0012774324558003283,0.01877985172771868,0.0013908025807477286,0.018785567142953277,0.0013907361826153656,0.002800264181678126,0.018645763461684534,0.001217678145867033,0.018645763461684534,0.001217678145867033,0.018645763461684534,0.0012190226597061972,0.018645763461684534,0.0012190226597061972,0.014324261124504759,0.001298790709456932,0.014326080061904115,0.0012985735877593272,0.014585364199450777,0.0012987953012615291,0.014593335459927864,0.0012985810601158884,0.013883594141189155,0.0012136795999857348,0.013883594141189155,0.0012136795999857348,0.013883594141189155,0.0012142988185359878,0.013883594141189155,0.0012142988185359878,0.01902488284187448,0.0012790638029181785,0.01667539303536626,0.0012790429307053667,0.018464725661871153,0.0013815994094446052,0.015949402565117673,0.0013816488488401634,0.012017346450765314,0.0011300746641838117,0.0132759149009224,0.0011300509595839976,0.009924827590199223,0.0011212802771878021,0.011852815903545708,0.001121361769881393,0.013337261004219237,0.0012143290042948892,0.013337261004219237,0.0012143290042948892,0.013883594141189155,0.0012142988185359878,0.013883594141189155,0.0012142988185359878,0.009924827590199223,0.0011252999779829572,0.011852815903545708,0.0011252494925153107,0.009924827590199223,0.0011212802771878021,0.011852815903545708,0.001121361769881393
AETJUM120,64.0,0.020667850581970782,0.0021578044789820495,0.014118991438082554,0.0012204921915703862,0.014118991438082554,0.0012204921915703862,0.014634006697476767,0.001220145805843164,0.014634006697476767,0.001220145805843164,0.0036435130567652385,0.010889897940982012,0.0012160624844193898,0.010889897940982012,0.0012160624844193898,0.011608852193004266,0.0012160617476114754,0.011608852193004266,0.0012160617476114754,0.0029029806147606854,0.009892722974669392,0.0011296060484233977,0.009517430612018093,0.0011296709848343386,0.009223328494916718,0.001122559860561962,0.008973891502341088,0.0011225238123028216,0.014873517404447352,0.00129419159807857,0.014877110161409853,0.0012943020347115192,0.014311519250947901,0.0013498623185750481,0.014298583520288387,0.0013498464804735317,0.0021578044789820495,0.014634006697476767,0.0012187241015948938,0.014634006697476767,0.0012187241015948938,0.014634006697476767,0.001220145805843164,0.014634006697476767,0.001220145805843164,0.01152266691018844,0.0012974654050948383,0.011520763792265016,0.0012972950785037486,0.01164052729171827,0.001297463106346588,0.011640482609018244,0.001297323744513906,0.011608852193004266,0.001215278302029498,0.011608852193004266,0.001215278302029498,0.011608852193004266,0.0012160617476114754,0.011608852193004266,0.0012160617476114754,0.01498708877490272,0.001288723212404618,0.012769591454494161,0.0012888230041393348,0.014046360343060348,0.0013487513029969576,0.01187312071749261,0.0013486601013917084,0.009892722974669392,0.0011296060484233977,0.009517430612018093,0.0011296709848343386,0.009223328494916718,0.001122559860561962,0.008973891502341088,0.0011225238123028216,0.010889897940982012,0.0012160624844193898,0.010889897940982012,0.0012160624844193898,0.011608852193004266,0.0012160617476114754,0.011608852193004266,0.0012160617476114754,0.009223328494916718,0.001122552709884447,0.008973891502341088,0.0011224811217645913,0.009223328494916718,0.001122559860561962,0.008973891502341088,0.0011225238123028216
AETJUM224,64.0,0.07576078680837346,0.0027682588206654284,0.020679588825255255,0.0012198613361724844,0.020679588825255255,0.0012198613361724844,0.020861282401850725,0.0012192360753835768,0.020861282401850725,0.0012192360753835768,0.006567296634683673,0.017116156593977274,0.0012137006604560003,0.017116156593977274,0.0012137006604560003,0.01759641577152051,0.0012137144818198903,0.01759641577152051,0.0012137144818198903,0.004723266976731566,0.013602935671627365,0.001127221024060225,0.014184855188253126,0.0011271459838631565,0.0126639246963354,0.0011227586518882556,0.013442966577819498,0.001122702832313679,0.02045054049305413,0.0012716140359747272,0.020454768093172173,0.0012715827609329205,0.019870830075278994,0.0013053305289804377,0.01986526732726927,0.0013052651106551865,0.0027682588206654284,0.020861282401850725,0.0012178979239314297,0.020861282401850725,0.0012178979239314297,0.020861282401850725,0.0012192360753835768,0.020861282401850725,0.0012192360753835768,0.01724529298024349,0.0012634523302632184,0.017247206252976603,0.0012633011384777975,0.017808598823947832,0.0012634454487687949,0.017807451254628594,0.00126329988923608,0.01759641577152051,0.001213305182153322,0.01759641577152051,0.001213305182153322,0.01759641577152051,0.0012137144818198903,0.01759641577152051,0.0012137144818198903,0.019736674501765184,0.0012682285127287903,0.018588540670366475,0.0012683081419561314,0.019450838260615718,0.001302699292754679,0.017577472137260478,0.0013027631628914377,0.013602935671627365,0.001127221024060225,0.014184855188253126,0.0011271459838631565,0.0126639246963354,0.0011227586518882556,0.013442966577819498,0.001122702832313679,0.017116156593977274,0.0012137006604560003,0.017116156593977274,0.0012137006604560003,0.01759641577152051,0.0012137144818198903,0.01759641577152051,0.0012137144818198903,0.0126639246963354,0.001121916797053262,0.013442966577819498,0.0011218822129587917,0.0126639246963354,0.0011227586518882556,0.013442966577819498,0.001122702832313679
AETJUM226,64.0,0.03654726630351472,0.001912400290989176,0.017786127302437716,0.001220847928230834,0.017786127302437716,0.001220847928230834,0.021591431396212453,0.0012203467286788163,0.021591431396212453,0.0012203467286788163,0.005975261435804978,0.01107869839983292,0.0012166449447464972,0.01107869839983292,0.0012166449447464972,0.012315591504111307,0.0012166449447464972,0.012315591504111307,0.0012166449447464972,0.003285104388955074,0.00882235811541471,0.0011312859925648815,0.009957688093596753,0.0011313147901442393,0.008055104791342653,0.0011265480443630595,0.008661482981362668,0.001126534767450559,0.021105184639954457,0.0012786660500690653,0.02113580844510064,0.0012786123035166328,0.019156843868259284,0.001363898731748255,0.019170112178639093,0.0013639011588309866,0.001912400290989176,0.021591431396212453,0.0012192375669258988,0.021591431396212453,0.0012192375669258988,0.021591431396212453,0.0012203467286788163,0.021591431396212453,0.0012203467286788163,0.01177718561818138,0.0012934420052221755,0.011876373806943,0.0012933806196136707,0.012771783065870188,0.0012934454891254726,0.012774515136440845,0.0012933791560170876,0.012315591504111307,0.0012162375870679641,0.012315591504111307,0.0012162375870679641,0.012315591504111307,0.0012166449447464972,0.012315591504111307,0.0012166449447464972,0.020503155640899887,0.0012765131187962757,0.015864223637307263,0.0012764959151986936,0.018448152425571296,0.0013583614972492342,0.013718352116686703,0.001358516327717587,0.00882235811541471,0.0011312859925648815,0.009957688093596753,0.0011313147901442393,0.008055104791342653,0.0011265480443630595,0.008661482981362668,0.001126534767450559,0.01107869839983292,0.0012166449447464972,0.01107869839983292,0.0012166449447464972,0.012315591504111307,0.0012166449447464972,0.012315591504111307,0.0012166449447464972,0.008055104791342653,0.0011222841192692335,0.008661482981362668,0.0011223114547429384,0.008055104791342653,0.0011265480443630595,0.008661482981362668,0.001126534767450559
AETJUM332,64.0,0.07687128447950944,0.002610928476867994,0.02133952061745935,0.001220040322517712,0.02133952061745935,0.001220040322517712,0.0203076137328499,0.0012192395150561152,0.0203076137328499,0.0012192395150561152,0.00546804716895245,0.016130680160588027,0.0012138477690098574,0.016130680160588027,0.0012138477690098574,0.016494395419330482,0.0012138477253557038,0.016494395419330482,0.0012138477253557038,0.0038318708623119218,0.01377034535565695,0.0011289134336782852,0.014765244780322935,0.0011288074720791016,0.01283682129724955,0.0011211060411812186,0.013568950274937536,0.0011211385846521332,0.022067563381534983,0.0012822384485214095,0.022068729954621644,0.0012823138820646628,0.020304611106125865,0.0013390996568682497,0.020319205068511068,0.0013391276684122492,0.002610928476867994,0.0203076137328499,0.0012179154861337081,0.0203076137328499,0.0012179154861337081,0.0203076137328499,0.0012192395150561152,0.0203076137328499,0.0012192395150561152,0.01645964941917632,0.001274713084884934,0.016470860866706946,0.001274749920615412,0.016715152337563394,0.001274715224450388,0.016713699080190103,0.0012747485291850068,0.016494395419330482,0.0012135097963668433,0.016494395419330482,0.0012135097963668433,0.016494395419330482,0.0012138477253557038,0.016494395419330482,0.0012138477253557038,0.021766980938229145,0.0012756588837984915,0.02029652446059272,0.0012756278819915001,0.01985896717044978,0.0013360420065040104,0.018072609945587556,0.0013358753546020192,0.01377034535565695,0.0011289134336782852,0.014765244780322935,0.0011288074720791016,0.01283682129724955,0.0011211060411812186,0.013568950274937536,0.0011211385846521332,0.016130680160588027,0.0012138477690098574,0.016130680160588027,0.0012138477690098574,0.016494395419330482,0.0012138477253557038,0.016494395419330482,0.0012138477253557038,0.01283682129724955,0.0011245840274496433,0.013568950274937536,0.0011246036851939505,0.01283682129724955,0.0011211060411812186,0.013568950274937536,0.0011211385846521332
APTJUM105,64.0,0.028788427436195245,0.00225365976807005,0.026370980783322544,0.001221155113713955,0.026370980783322544,0.001221155113713955,0.02446858440533702,0.001219902049898772,0.02446858440533702,0.001219902049898772,0.005126023262158099,0.014341063778051577,0.0012159765102244791,0.014341063778051577,0.0012159765102244791,0.015552479742614474,0.0012159765102244791,0.015552479742614474,0.0012159765102244791,0.003696477854872252,0.013593777702910977,0.001129195855405243,0.014110707000622415,0.0011293042376328334,0.010799961964443307,0.0011259707475564443,0.011741830285772777,0.001125989742168307,0.027097437626265465,0.0012729991569401973,0.027097858640033334,0.001272890785799776,0.023211719610888415,0.0013655960028436478,0.023203308744630478,0.001365547442425993,0.00225365976807005,0.02446858440533702,0.00121868905789779,0.02446858440533702,0.00121868905789779,0.02446858440533702,0.001219902049898772,0.02446858440533702,0.001219902049898772,0.015007735359458511,0.0013042544462771317,0.015012890709334923,0.0013041252447328609,0.015586925870270232,0.0013042488601658607,0.015586583846644521,0.0013041336089525595,0.015552479742614474,0.0012155244854074924,0.015552479742614474,0.0012155244854074924,0.015552479742614474,0.0012159765102244791,0.015552479742614474,0.0012159765102244791,0.02641824145726245,0.0012745690998770853,0.021327195427515065,0.0012745245424012602,0.022647704600657428,0.0013644673872419202,0.018000966201894748,0.001364569637629924,0.013593777702910977,0.001129195855405243,0.014110707000622415,0.0011293042376328334,0.010799961964443307,0.0011259707475564443,0.011741830285772777,0.001125989742168307,0.014341063778051577,0.0012159765102244791,0.014341063778051577,0.0012159765102244791,0.015552479742614474,0.0012159765102244791,0.015552479742614474,0.0012159765102244791,0.010799961964443307,0.001125545027393043,0.011741830285772777,0.0011255705479916872,0.010799961964443307,0.0011259707475564443,0.011741830285772777,0.001125989742168307
APTJUM109,64.0,0.019973121856030087,0.0027847410568886044,0.016465934295729186,0.0012203653252995225,0.016465934295729186,0.0012203653252995225,0.015677405004807722,0.0012201887559430862,0.015677405004807722,0.0012201887559430862,0.0052157594244823914,0.008692116629556532,0.0012164191446881237,0.008692116629556532,0.0012164191446881237,0.009812505374813275,0.0012164309094321339,0.009812505374813275,0.0012164309094321339,0.003948223823696194,0.008546056462195407,0.001130946128320518,0.009540351164152389,0.0011309820272151847,0.007697789152431025,0.0011299237726655358,0.008258974102496803,0.0011298891296327427,0.018267238141810225,0.001285786456763591,0.01826745424685557,0.001285759112783681,0.016033260783249847,0.0013879873293267165,0.016039240017114674,0.0013880997641061656,0.0027847410568886044,0.015677405004807722,0.0012190693992517622,0.015677405004807722,0.0012190693992517622,0.015677405004807722,0.0012201887559430862,0.015677405004807722,0.0012201887559430862,0.011073188703885264,0.0012826220610869898,0.01114980251156003,0.0012825529575018998,0.011482239901176267,0.00128262702754791,0.011490269901853334,0.0012825434076589063,0.009812505374813275,0.001216081102791423,0.009812505374813275,0.001216081102791423,0.009812505374813275,0.0012164309094321339,0.009812505374813275,0.0012164309094321339,0.016993862612875183,0.0012791418173780955,0.014542589276742535,0.0012791301353223803,0.015183872228435173,0.0013847371146369595,0.012946680075329203,0.0013847827797524041,0.008546056462195407,0.001130946128320518,0.009540351164152389,0.0011309820272151847,0.007697789152431025,0.0011299237726655358,0.008258974102496803,0.0011298891296327427,0.008692116629556532,0.0012164191446881237,0.008692116629556532,0.0012164191446881237,0.009812505374813275,0.0012164309094321339,0.009812505374813275,0.0012164309094321339,0.007697789152431025,0.0011236115048671401,0.008258974102496803,0.001123582227694734,0.007697789152431025,0.0011299237726655358,0.008258974102496803,0.0011298891296327427
APTJUM114,64.0,0.018535375064222336,0.002089745536340909,0.016285293013580355,0.0012203529072413802,0.016285293013580355,0.0012203529072413802,0.01714676341668308,0.0012200679945055467,0.01714676341668308,0.0012200679945055467,0.0024906582449099497,0.009699014850339749,0.0012166102831309878,0.009699014850339749,0.0012166102831309878,0.01074732890875603,0.0012165913019469737,0.01074732890875603,0.0012165913019469737,0.0023227393794191704,0.009446707982883152,0.0011289631678309724,0.010045694643750623,0.0011289679557160539,0.008089570272656032,0.001123062813735977,0.008602507190443674,0.001123097061286138,0.01705016081471503,0.0012813457754712234,0.01704807360880577,0.0012814185438976456,0.01611425557806305,0.0013327238155593025,0.016265789062800816,0.0013327645689634245,0.002089745536340909,0.01714676341668308,0.0012191555956970576,0.01714676341668308,0.0012191555956970576,0.01714676341668308,0.0012200679945055467,0.01714676341668308,0.0012200679945055467,0.010787491465021372,0.0013140609032362394,0.01074164645484374,0.0013139535935703416,0.0114005605956407,0.0013140582970700755,0.011401550564896596,0.0013139537133479756,0.01074732890875603,0.0012162650130781185,0.01074732890875603,0.0012162650130781185,0.01074732890875603,0.0012165913019469737,0.01074732890875603,0.0012165913019469737,0.015882908521862048,0.0012813522334536686,0.012916153322367483,0.001281391743379209,0.014701075090063943,0.001334678135227449,0.012034027758493432,0.0013348611620988796,0.009446707982883152,0.0011289631678309724,0.010045694643750623,0.0011289679557160539,0.008089570272656032,0.001123062813735977,0.008602507190443674,0.001123097061286138,0.009699014850339749,0.0012166102831309878,0.009699014850339749,0.0012166102831309878,0.01074732890875603,0.0012165913019469737,0.01074732890875603,0.0012165913019469737,0.008089570272656032,0.0011251712646502467,0.008602507190443674,0.0011252633335819902,0.008089570272656032,0.001123062813735977,0.008602507190443674,0.001123097061286138
APTJUM117,64.0,0.01805797966309699,0.002923446487974404,0.018415047024078195,0.0012216878820123383,0.018415047024078195,0.0012216878820123383,0.018963036390436658,0.0012218548148599164,0.018963036390436658,0.0012218548148599164,0.0067186307450123614,0.012187613467540073,0.0012173889036786107,0.012187613467540073,0.0012173889036786107,0.012997851548748466,0.0012174061639288406,0.012997851548748466,0.0012174061639288406,0.0047223073694552435,0.011853085840024848,0.0011318820331907857,0.01271544379254528,0.001131876020132513,0.010692904881418342,0.0011304019331963373,0.011515287493863754,0.0011304626855963046,0.019167316384182138,0.001287704584937869,0.019165519102325054,0.0012877908547837525,0.018136812687516834,0.0013802792031290373,0.01813709421981884,0.0013804002960861824,0.002923446487974404,0.018963036390436658,0.0012204733330670773,0.018963036390436658,0.0012204733330670773,0.018963036390436658,0.0012218548148599164,0.018963036390436658,0.0012218548148599164,0.012013031931583068,0.0012641453490964977,0.012017103027689761,0.0012640954199073969,0.012156224597469326,0.0012641597009810787,0.012158973549673532,0.0012640900983242752,0.012997851548748466,0.0012173779032529609,0.012997851548748466,0.0012173779032529609,0.012997851548748466,0.0012174061639288406,0.012997851548748466,0.0012174061639288406,0.018393182988544136,0.0012835664530770658,0.016256187688503156,0.0012837120233202927,0.01790982051578018,0.0013749873008313649,0.015446186460417132,0.0013750653544575926,0.011853085840024848,0.0011318820331907857,0.01271544379254528,0.001131876020132513,0.010692904881418342,0.0011304019331963373,0.011515287493863754,0.0011304626855963046,0.012187613467540073,0.0012173889036786107,0.012187613467540073,0.0012173889036786107,0.012997851548748466,0.0012174061639288406,0.012997851548748466,0.0012174061639288406,0.010692904881418342,0.0011241802518530408,0.011515287493863754,0.0011242635369975772,0.010692904881418342,0.0011304019331963373,0.011515287493863754,0.0011304626855963046
APTJUM129,64.0,0.019316305318728168,0.0023564228953610695,0.018144816893002267,0.0012210758707862362,0.018144816893002267,0.0012210758707862362,0.01716523415920666,0.0012211008478103483,0.01716523415920666,0.0012211008478103483,0.004768340072233147,0.011087183102639314,0.0012162218291577286,0.011087183102639314,0.0012162218291577286,0.012602049615419443,0.001216245952614619,0.012602049615419443,0.001216245952614619,0.0039265255096279875,0.009906289792343313,0.0011303575142433274,0.009907334111272568,0.0011303695671084628,0.008550169306819221,0.0011308008289896527,0.008776347826245518,0.0011308808707287447,0.019875469413986706,0.0013101977856199746,0.01987152517670616,0.0013102065170379335,0.016815463594745225,0.0014165105207867407,0.01681063003224956,0.0014166714853639957,0.0023564228953610695,0.01716523415920666,0.001219534861748972,0.01716523415920666,0.001219534861748972,0.01716523415920666,0.0012211008478103483,0.01716523415920666,0.0012211008478103483,0.01411493208626514,0.0013131437402295473,0.014113396050124922,0.0013129649657782107,0.014099087108014139,0.001313155764929101,0.014093219351066189,0.0013129682031646182,0.012602049615419443,0.0012164045838476889,0.012602049615419443,0.0012164045838476889,0.012602049615419443,0.001216245952614619,0.012602049615419443,0.001216245952614619,0.019100993157927005,0.0013070738851964458,0.015442497452662584,0.0013071940073229131,0.016557445521378365,0.0014160928418164107,0.012759975545486706,0.0014160534517733976,0.009906289792343313,0.0011303575142433274,0.009907334111272568,0.0011303695671084628,0.008550169306819221,0.0011308008289896527,0.008776347826245518,0.0011308808707287447,0.011087183102639314,0.0012162218291577286,0.011087183102639314,0.0012162218291577286,0.012602049615419443,0.001216245952614619,0.012602049615419443,0.001216245952614619,0.008550169306819221,0.0011242188755024836,0.008776347826245518,0.001124222158087119,0.008550169306819221,0.0011308008289896527,0.008776347826245518,0.0011308808707287447
APTJUM214,64.0,0.016608655923069274,0.002097222009011078,0.019136892643901306,0.0012208129742770845,0.019136892643901306,0.0012208129742770845,0.020191564680460267,0.0012196904344307683,0.020191564680460267,0.0012196904344307683,0.00333870255698758,0.016748771663571686,0.001215460840557576,0.016748771663571686,0.001215460840557576,0.01871073471575219,0.0012154366119473924,0.01871073471575219,0.0012154366119473924,0.0028451579930738064,0.013226513608852014,0.0011294713442823266,0.013489812173852684,0.0011294239470068762,0.01096585282139793,0.0011243187630032923,0.011994010746750555,0.001124378658955137,0.020298135171151012,0.0012886559265172712,0.020297982205270782,0.0012888307866269326,0.019251535957617603,0.0013227105143580073,0.01925174648268757,0.0013227940781355644,0.002097222009011078,0.020191564680460267,0.0012184340371608603,0.020191564680460267,0.0012184340371608603,0.020191564680460267,0.0012196904344307683,0.020191564680460267,0.0012196904344307683,0.018903763170521594,0.0012928542047106945,0.018895178585128316,0.0012926943802591497,0.019349621988708567,0.0012928568645517917,0.01935739409151415,0.0012926976002740737,0.01871073471575219,0.0012144710955017176,0.01871073471575219,0.0012144710955017176,0.01871073471575219,0.0012154366119473924,0.01871073471575219,0.0012154366119473924,0.01983004372623578,0.0012900473477676848,0.01839793358808524,0.0012899297439713817,0.018737424241517413,0.0013327677029896907,0.017163656388590024,0.0013327650290138663,0.013226513608852014,0.0011294713442823266,0.013489812173852684,0.0011294239470068762,0.01096585282139793,0.0011243187630032923,0.011994010746750555,0.001124378658955137,0.016748771663571686,0.001215460840557576,0.016748771663571686,0.001215460840557576,0.01871073471575219,0.0012154366119473924,0.01871073471575219,0.0012154366119473924,0.01096585282139793,0.0011228768179000301,0.011994010746750555,0.0011228925338408826,0.01096585282139793,0.0011243187630032923,0.011994010746750555,0.001124378658955137
APTJUM219,64.0,0.017946681948886635,0.0022196989259119474,0.016153204129296845,0.0012202739736143964,0.016153204129296845,0.0012202739736143964,0.01488625671123045,0.0012203022215331466,0.01488625671123045,0.0012203022215331466,0.00372626325762142,0.010977964296983446,0.0012163749541998442,0.010977964296983446,0.0012163749541998442,0.01216723366001926,0.001216379517717594,0.01216723366001926,0.001216379517717594,0.0026172145449828246,0.01131085448597623,0.0011273333376954071,0.012069889628446613,0.0011273510374310727,0.01020489842917111,0.001129296746194998,0.010232681338416443,0.0011292841392189473,0.016508588392014294,0.001285432752530011,0.016506975353245697,0.0012855305979400146,0.015128294751576786,0.0013653775809538882,0.015131581040865255,0.0013654312278065014,0.0022196989259119474,0.01488625671123045,0.0012184179722020654,0.01488625671123045,0.0012184179722020654,0.01488625671123045,0.0012203022215331466,0.01488625671123045,0.0012203022215331466,0.011697980785071165,0.001279923913318564,0.011703255155015503,0.0012798006141981233,0.011883467602103345,0.0012799178786911827,0.01187312589657629,0.0012798031087228464,0.01216723366001926,0.0012157977573784868,0.01216723366001926,0.0012157977573784868,0.01216723366001926,0.001216379517717594,0.01216723366001926,0.001216379517717594,0.016174294125256613,0.0012813972335339954,0.014702270450844223,0.0012813748414839427,0.014229369861265842,0.0013736832281524565,0.013548311349955934,0.001373788393878715,0.01131085448597623,0.0011273333376954071,0.012069889628446613,0.0011273510374310727,0.01020489842917111,0.001129296746194998,0.010232681338416443,0.0011292841392189473,0.010977964296983446,0.0012163749541998442,0.010977964296983446,0.0012163749541998442,0.01216723366001926,0.001216379517717594,0.01216723366001926,0.001216379517717594,0.01020489842917111,0.0011237301502821442,0.010232681338416443,0.001123707694762724,0.01020489842917111,0.001129296746194998,0.010232681338416443,0.0011292841392189473
APTJUM231,64.0,0.024556377668626138,0.0026846891602855354,0.02382952384336879,0.0012198085049203338,0.02382952384336879,0.0012198085049203338,0.025200622536864444,0.0012192586893729313,0.025200622536864444,0.0012192586893729313,0.005311971406650945,0.015320292272798637,0.0012143059387916943,0.015320292272798637,0.0012143059387916943,0.016387020179105656,0.0012143096076780708,0.016387020179105656,0.0012143096076780708,0.0036357029131378555,0.011367868852157816,0.0011278445410490908,0.013182617257406897,0.0011278666737718037,0.010502228241203334,0.00112048836023239,0.011775229802729574,0.0011204043517231443,0.025254236831625566,0.001297552973123313,0.025255306595276982,0.0012975670017571104,0.023856342835166175,0.0013604293091568627,0.023841825182741954,0.0013605051467932795,0.0026846891602855354,0.025200622536864444,0.0012173672699399636,0.025200622536864444,0.0012173672699399636,0.025200622536864444,0.0012192586893729313,0.025200622536864444,0.0012192586893729313,0.01577399933929473,0.0012804340383063017,0.015779383563228104,0.001280428427165565,0.015797063930248996,0.0012804282189334733,0.015810701605843837,0.001280429138347962,0.016387020179105656,0.0012138414977963322,0.016387020179105656,0.0012138414977963322,0.016387020179105656,0.0012143096076780708,0.016387020179105656,0.0012143096076780708,0.02483253171454564,0.0012980686411930805,0.01999650421996845,0.0012980530363446376,0.023193571874983214,0.0013781291987787763,0.01866259136732587,0.0013781716657641659,0.011367868852157816,0.0011278445410490908,0.013182617257406897,0.0011278666737718037,0.010502228241203334,0.00112048836023239,0.011775229802729574,0.0011204043517231443,0.015320292272798637,0.0012143059387916943,0.015320292272798637,0.0012143059387916943,0.016387020179105656,0.0012143096076780708,0.016387020179105656,0.0012143096076780708,0.010502228241203334,0.0011238266306299032,0.011775229802729574,0.0011237552024789593,0.010502228241203334,0.00112048836023239,0.011775229802729574,0.0011204043517231443
APTJUM232,64.0,0.019250309685249548,0.002094183617601075,0.02417536572630136,0.0012206972132157443,0.02417536572630136,0.0012206972132157443,0.02389709284490967,0.0012200995996621987,0.02389709284490967,0.0012200995996621987,0.004586846785219012,0.014708952244623914,0.0012165283009461707,0.014708952244623914,0.0012165283009461707,0.015979920403834263,0.0012165491270381872,0.015979920403834263,0.0012165491270381872,0.0038984279069852685,0.01416932110796766,0.0011297440136347305,0.01585869861093171,0.001129623328408071,0.011687943694581836,0.0011266390383709555,0.013179471944948623,0.0011265991116575528,0.025398270754317914,0.0012791136050627858,0.02539969210807915,0.0012791612860200774,0.02212943154886232,0.0013850293756468754,0.02212459952137981,0.001384972050352025,0.002094183617601075,0.02389709284490967,0.0012187638637978133,0.02389709284490967,0.0012187638637978133,0.02389709284490967,0.0012200995996621987,0.02389709284490967,0.0012200995996621987,0.015649737781608265,0.0012930745222900603,0.015651269606011847,0.0012929895476848333,0.01624719599694875,0.0012930576273557594,0.016215872654530776,0.0012929992154157967,0.015979920403834263,0.0012157219610422366,0.015979920403834263,0.0012157219610422366,0.015979920403834263,0.0012165491270381872,0.015979920403834263,0.0012165491270381872,0.024574145420517612,0.0012799593618117026,0.022213855088448392,0.0012799610365413993,0.02054747034420934,0.0013914859752071794,0.018817838022664655,0.0013914745180548982,0.01416932110796766,0.0011297440136347305,0.01585869861093171,0.001129623328408071,0.011687943694581836,0.0011266390383709555,0.013179471944948623,0.0011265991116575528,0.014708952244623914,0.0012165283009461707,0.014708952244623914,0.0012165283009461707,0.015979920403834263,0.0012165491270381872,0.015979920403834263,0.0012165491270381872,0.011687943694581836,0.0011232924523708954,0.013179471944948623,0.0011234171584775013,0.011687943694581836,0.0011266390383709555,0.013179471944948623,0.0011265991116575528
APTJUM324,64.0,0.015507734315227653,0.0032411066919832937,0.013871078318642276,0.001220886677487808,0.013871078318642276,0.001220886677487808,0.014075892724659275,0.001220529669984291,0.014075892724659275,0.001220529669984291,0.006062722445189421,0.011417709382903474,0.0012151330143187063,0.011417709382903474,0.0012151330143187063,0.013187509023034526,0.0012151477340798054,0.013187509023034526,0.0012151477340798054,0.004754339254446963,0.007841628192404906,0.0011306120922574912,0.008996149996047746,0.0011305996509202833,0.007104880990988267,0.0011293183807940927,0.007468593840778552,0.0011293880956548825,0.01473208099814076,0.0012928392385641468,0.014717925221221454,0.001292807105609238,0.013147615028922227,0.0013661180786105026,0.013149637176942997,0.001366158656528214,0.0032411066919832937,0.014075892724659275,0.001219270410694991,0.014075892724659275,0.001219270410694991,0.014075892724659275,0.001220529669984291,0.014075892724659275,0.001220529669984291,0.014372258687145839,0.0012828151828836159,0.014378076175385876,0.001282744469783855,0.014618799043538173,0.0012828238232108617,0.0146157806959026,0.0012827485372401567,0.013187509023034526,0.0012146277931220067,0.013187509023034526,0.0012146277931220067,0.013187509023034526,0.0012151477340798054,0.013187509023034526,0.0012151477340798054,0.013890696588119526,0.0012948575800788757,0.012923509100207797,0.0012949638505894959,0.012252206731158243,0.00136458403006987,0.01145800183133836,0.0013647504597972878,0.007841628192404906,0.0011306120922574912,0.008996149996047746,0.0011305996509202833,0.007104880990988267,0.0011293183807940927,0.007468593840778552,0.0011293880956548825,0.011417709382903474,0.0012151330143187063,0.011417709382903474,0.0012151330143187063,0.013187509023034526,0.0012151477340798054,0.013187509023034526,0.0012151477340798054,0.007104880990988267,0.0011230914275156035,0.007468593840778552,0.0011230630743687723,0.007104880990988267,0.0011293183807940927,0.007468593840778552,0.0011293880956548825
APTJUM326,64.0,0.01886088315485231,0.0031349696826786116,0.012400198192435962,0.0012209225835674612,0.012400198192435962,0.0012209225835674612,0.013223093102320147,0.001219934741021931,0.013223093102320147,0.001219934741021931,0.004130345405237445,0.00795946431217241,0.0012157008567064385,0.00795946431217241,0.0012157008567064385,0.008883761247646272,0.0012157008567064385,0.008883761247646272,0.0012157008567064385,0.003482849824021041,0.007095869885385004,0.0011285900334299574,0.00732329073478409,0.0011286854201727372,0.006046686189051389,0.0011257964812836307,0.00677689784642227,0.0011258769455233495,0.01354351918078379,0.0012955668463244582,0.013540986264954319,0.001295669549815515,0.012389779920156694,0.001354665204207434,0.012380865226328867,0.001354753825795528,0.0031349696826786116,0.013223093102320147,0.0012183044007803999,0.013223093102320147,0.0012183044007803999,0.013223093102320147,0.001219934741021931,0.013223093102320147,0.001219934741021931,0.009667497339867603,0.0013142726483973278,0.009669283141643984,0.001314310625182277,0.010028205563318024,0.001314271759429848,0.010028963312222357,0.0013142917244154811,0.008883761247646272,0.001215291145595997,0.008883761247646272,0.001215291145595997,0.008883761247646272,0.0012157008567064385,0.008883761247646272,0.0012157008567064385,0.013606094523264006,0.001292974861067359,0.010903849618746322,0.0012929970914584816,0.012129222180889335,0.001354779813141297,0.010300465715639908,0.0013548379820351318,0.007095869885385004,0.0011285900334299574,0.00732329073478409,0.0011286854201727372,0.006046686189051389,0.0011257964812836307,0.00677689784642227,0.0011258769455233495,0.00795946431217241,0.0012157008567064385,0.00795946431217241,0.0012157008567064385,0.008883761247646272,0.0012157008567064385,0.008883761247646272,0.0012157008567064385,0.006046686189051389,0.001124949690914602,0.00677689784642227,0.0011248424145155439,0.006046686189051389,0.0011257964812836307,0.00677689784642227,0.0011258769455233495
APTJUM422,64.0,0.01918933294030539,0.002611921398965577,0.01588865100035453,0.0012204421427272829,0.01588865100035453,0.0012204421427272829,0.016387061771716907,0.0012201978219650966,0.016387061771716907,0.0012201978219650966,0.0055104201956704575,0.012093268198896006,0.0012157751578930583,0.012093268198896006,0.0012157751578930583,0.013049488799519211,0.0012157772595942672,0.013049488799519211,0.0012157772595942672,0.0040383974456020865,0.010214242952885188,0.0011290291810833832,0.01096592591234103,0.0011289710779355793,0.009120558598897,0.0011232329645284068,0.009814040166580457,0.0011231133682127537,0.01652063528667752,0.0012954567569469905,0.016537106410037167,0.0012954435889018401,0.0150255912017083,0.0013230902004027138,0.015067121596885084,0.001323203363973408,0.002611921398965577,0.016387061771716907,0.0012187186544008498,0.016387061771716907,0.0012187186544008498,0.016387061771716907,0.0012201978219650966,0.016387061771716907,0.0012201978219650966,0.01227877867252174,0.0012796351057209633,0.012277989927619996,0.0012795699542876942,0.01280360771221709,0.0012796378474172838,0.012801857053735505,0.0012795715525332533,0.013049488799519211,0.0012152730897619674,0.013049488799519211,0.0012152730897619674,0.013049488799519211,0.0012157772595942672,0.013049488799519211,0.0012157772595942672,0.01592098691582296,0.0012992744791530213,0.014017807359278444,0.001299418203728867,0.014409424410775216,0.001325799058457294,0.012619118604594276,0.0013259099012499736,0.010214242952885188,0.0011290291810833832,0.01096592591234103,0.0011289710779355793,0.009120558598897,0.0011232329645284068,0.009814040166580457,0.0011231133682127537,0.012093268198896006,0.0012157751578930583,0.012093268198896006,0.0012157751578930583,0.013049488799519211,0.0012157772595942672,0.013049488799519211,0.0012157772595942672,0.009120558598897,0.00112166666599919,0.009814040166580457,0.001121643675135164,0.009120558598897,0.0011232329645284068,0.009814040166580457,0.0011231133682127537
ATSJUM112,64.0,0.01942152478108369,0.0020265201025400983,0.019945357049657404,0.001221057639257591,0.019945357049657404,0.001221057639257591,0.020955598896671267,0.0012202309736164382,0.020955598896671267,0.0012202309736164382,0.004569156387479709,0.013641553597789593,0.0012162578628618515,0.013641553597789593,0.0012162578628618515,0.015539743321848532,0.0012162585286465397,0.015539743321848532,0.0012162585286465397,0.00339872710873254,0.011091071288983572,0.0011298940773622986,0.011473887050470111,0.0011299022330368536,0.009183529810549006,0.0011261395817213375,0.01050020601323974,0.0011260474882019893,0.019453097116100704,0.0012873719367900987,0.019458706855570825,0.0012873255336546044,0.018688971889662086,0.001424985887310503,0.01869275920996796,0.001425092619692857,0.0020265201025400983,0.020955598896671267,0.0012188766541126829,0.020955598896671267,0.0012188766541126829,0.020955598896671267,0.0012202309736164382,0.020955598896671267,0.0012202309736164382,0.014742327103490903,0.0012974164642520613,0.014737591063180433,0.001297278628919016,0.01528881488274094,0.0012973962735725161,0.015282523411639291,0.0012972715916902105,0.015539743321848532,0.0012156166936615964,0.015539743321848532,0.0012156166936615964,0.015539743321848532,0.0012162585286465397,0.015539743321848532,0.0012162585286465397,0.01857961100424093,0.0012843341058127586,0.016299251406553,0.0012843786504386097,0.01743957822520164,0.0014252367753173861,0.0158794853521078,0.0014253031017911289,0.011091071288983572,0.0011298940773622986,0.011473887050470111,0.0011299022330368536,0.009183529810549006,0.0011261395817213375,0.01050020601323974,0.0011260474882019893,0.013641553597789593,0.0012162578628618515,0.013641553597789593,0.0012162578628618515,0.015539743321848532,0.0012162585286465397,0.015539743321848532,0.0012162585286465397,0.009183529810549006,0.0011232184718378809,0.01050020601323974,0.0011233231139390744,0.009183529810549006,0.0011261395817213375,0.01050020601323974,0.0011260474882019893
ATSJUM122,64.0,0.021926502019970748,0.002339970126431187,0.02620649737243406,0.0012205017564113666,0.02620649737243406,0.0012205017564113666,0.026655963193807215,0.001220391755085552,0.026655963193807215,0.001220391755085552,0.006704236348485983,0.018205013348047073,0.0012152718871095227,0.018205013348047073,0.0012152718871095227,0.019249895787929395,0.0012152898022364717,0.019249895787929395,0.0012152898022364717,0.00500667957474289,0.01371107341609011,0.0011302214633328541,0.014555014254186135,0.0011301741126342536,0.01261226122863906,0.0011252117116846284,0.013135463924948172,0.0011252951624312999,0.0254455590289102,0.0012844644464061691,0.02546343738839721,0.0012845704295069362,0.02550307994773282,0.0013640608833463685,0.025503360813855274,0.001364027800711392,0.002339970126431187,0.026655963193807215,0.0012190223695362095,0.026655963193807215,0.0012190223695362095,0.026655963193807215,0.001220391755085552,0.026655963193807215,0.001220391755085552,0.018938379133531576,0.001301349452531154,0.01894153088729497,0.0013011889645524596,0.019348180909324032,0.0013013509714110832,0.019344578296600842,0.001301179570892036,0.019249895787929395,0.001214532340481374,0.019249895787929395,0.001214532340481374,0.019249895787929395,0.0012152898022364717,0.019249895787929395,0.0012152898022364717,0.024444152532266474,0.0012755124845126085,0.02168421023980951,0.0012756137436427293,0.02410746718172417,0.0013568760881346505,0.020303028582084298,0.001356772486533028,0.01371107341609011,0.0011302214633328541,0.014555014254186135,0.0011301741126342536,0.01261226122863906,0.0011252117116846284,0.013135463924948172,0.0011252951624312999,0.018205013348047073,0.0012152718871095227,0.018205013348047073,0.0012152718871095227,0.019249895787929395,0.0012152898022364717,0.019249895787929395,0.0012152898022364717,0.01261226122863906,0.0011266853676693107,0.013135463924948172,0.001126777494730456,0.01261226122863906,0.0011252117116846284,0.013135463924948172,0.0011252951624312999
ATSJUM123,64.0,0.017148540394691707,0.0023881641485162006,0.02377877799933114,0.00122018229223481,0.02377877799933114,0.00122018229223481,0.022886965952325037,0.0012192781624640943,0.022886965952325037,0.0012192781624640943,0.005001128388264989,0.014881862315240276,0.0012147185190195175,0.014881862315240276,0.0012147185190195175,0.015376880494386728,0.0012147185190195175,0.015376880494386728,0.0012147185190195175,0.0034341135997504467,0.010788715958887172,0.001130501768624503,0.012179669124532963,0.0011306602358429326,0.010187571919191453,0.0011211965827694157,0.011393377538657445,0.0011212125317964028,0.022378949541746386,0.00129817087496095,0.022378966928107362,0.0012981262375374224,0.02117945296825991,0.001339379405934659,0.021175292911554,0.0013394556246559691,0.0023881641485162006,0.022886965952325037,0.0012183902892426031,0.022886965952325037,0.0012183902892426031,0.022886965952325037,0.0012192781624640943,0.022886965952325037,0.0012192781624640943,0.014928770144088513,0.0012680846219293948,0.014885889781966274,0.001268068910066474,0.014772209855786402,0.0012680994981737587,0.014774885791342765,0.0012680659399305642,0.015376880494386728,0.0012146221677404017,0.015376880494386728,0.0012146221677404017,0.015376880494386728,0.0012147185190195175,0.015376880494386728,0.0012147185190195175,0.0210642198519423,0.0012925544418085388,0.01786754076490834,0.0012926433547445976,0.020232031212977702,0.0013380780707546655,0.016834999037888012,0.0013379431352732276,0.010788715958887172,0.001130501768624503,0.012179669124532963,0.0011306602358429326,0.010187571919191453,0.0011211965827694157,0.011393377538657445,0.0011212125317964028,0.014881862315240276,0.0012147185190195175,0.014881862315240276,0.0012147185190195175,0.015376880494386728,0.0012147185190195175,0.015376880494386728,0.0012147185190195175,0.010187571919191453,0.001126389851026583,0.011393377538657445,0.0011264091558943726,0.010187571919191453,0.0011211965827694157,0.011393377538657445,0.0011212125317964028
ATSJUM203,64.0,0.025150700332539973,0.002463723915300533,0.026158424282119452,0.0012194482150876473,0.026158424282119452,0.0012194482150876473,0.025702253093043203,0.0012193488491016094,0.025702253093043203,0.0012193488491016094,0.004870531559516162,0.012626044037436444,0.001214988587124688,0.012626044037436444,0.001214988587124688,0.013805289442930187,0.0012149913657377815,0.013805289442930187,0.0012149913657377815,0.0028912908653692376,0.011247508994600261,0.0011276693819548705,0.012123940703777173,0.0011277802750654718,0.009042302960516616,0.0011231617039286523,0.010260640390312518,0.0011231805235054472,0.028421861656062395,0.0012926365186046438,0.02840417916336882,0.0012926902788276708,0.023563009030321044,0.0013475730880699059,0.023563298672369174,0.001347538420228945,0.002463723915300533,0.025702253093043203,0.0012173623155410913,0.025702253093043203,0.0012173623155410913,0.025702253093043203,0.0012193488491016094,0.025702253093043203,0.0012193488491016094,0.013473009596360878,0.0013185313843174303,0.013486866479598281,0.0013185002814254173,0.013904404382526101,0.0013185300661534877,0.013914706547027048,0.0013185106977870792,0.013805289442930187,0.0012145858032125343,0.013805289442930187,0.0012145858032125343,0.013805289442930187,0.0012149913657377815,0.013805289442930187,0.0012149913657377815,0.026577514466965657,0.0012826003368023456,0.019195070365802876,0.0012826646325960886,0.022241186687367614,0.0013431759111308087,0.016731717720894365,0.0013432406768803088,0.011247508994600261,0.0011276693819548705,0.012123940703777173,0.0011277802750654718,0.009042302960516616,0.0011231617039286523,0.010260640390312518,0.0011231805235054472,0.012626044037436444,0.001214988587124688,0.012626044037436444,0.001214988587124688,0.013805289442930187,0.0012149913657377815,0.013805289442930187,0.0012149913657377815,0.009042302960516616,0.0011246836370097744,0.010260640390312518,0.0011246398665088176,0.009042302960516616,0.0011231617039286523,0.010260640390312518,0.0011231805235054472
ATSJUM210,64.0,0.028591288273318808,0.002427962187153976,0.030603932067208184,0.0012214642605209351,0.030603932067208184,0.0012214642605209351,0.031216783936777594,0.0012200266937327472,0.031216783936777594,0.0012200266937327472,0.009074416847294008,0.018576886518954356,0.001214511223143615,0.018576886518954356,0.001214511223143615,0.020648203731947003,0.0012144955733298939,0.020648203731947003,0.0012144955733298939,0.003985502626046515,0.015465275063391418,0.001132979602609835,0.018575957436643954,0.0011329775685466924,0.01366887955512034,0.0011272930208590163,0.015754849838594872,0.0011272575933415805,0.03132633509977165,0.001287944950336387,0.0313055649780763,0.001288031331239112,0.02841759881010914,0.0013677178962357183,0.028426490236487665,0.0013676419515308966,0.002427962187153976,0.031216783936777594,0.0012192955602604119,0.031216783936777594,0.0012192955602604119,0.031216783936777594,0.0012200266937327472,0.031216783936777594,0.0012200266937327472,0.018288554916916975,0.0012652023980950383,0.018311249404234443,0.0012650667600409816,0.018906426431647416,0.0012651886208144114,0.018910503251975748,0.001265074817390477,0.020648203731947003,0.0012139091409579523,0.020648203731947003,0.0012139091409579523,0.020648203731947003,0.0012144955733298939,0.020648203731947003,0.0012144955733298939,0.02975480732431215,0.0012832883964169976,0.026494720746234397,0.0012833691342639707,0.026445648550424056,0.001359580402825411,0.023455480667761267,0.0013596352493226787,0.015465275063391418,0.001132979602609835,0.018575957436643954,0.0011329775685466924,0.01366887955512034,0.0011272930208590163,0.015754849838594872,0.0011272575933415805,0.018576886518954356,0.001214511223143615,0.018576886518954356,0.001214511223143615,0.020648203731947003,0.0012144955733298939,0.020648203731947003,0.0012144955733298939,0.01366887955512034,0.001126561913619282,0.015754849838594872,0.001126688135132769,0.01366887955512034,0.0011272930208590163,0.015754849838594872,0.0011272575933415805
ATSJUM217,64.0,0.02241978399310389,0.0026823508775619754,0.022751352275659015,0.0012205731194192672,0.022751352275659015,0.0012205731194192672,0.02312776582115617,0.001220116725571159,0.02312776582115617,0.001220116725571159,0.0072086058432545945,0.015377347438162107,0.0012172085283250788,0.015377347438162107,0.0012172085283250788,0.0177306038029668,0.0012171971665760049,0.0177306038029668,0.0012171971665760049,0.004277708916775977,0.01002690028184675,0.001130528521041411,0.012810413247596446,0.0011306002570538624,0.00801359929174935,0.0011308152165575367,0.00994485662791443,0.0011308097586023513,0.024255397225402698,0.0012963146239496608,0.024252050658151985,0.0012963442101348174,0.021770169011589062,0.0014251129374677478,0.02176424573140481,0.0014251094887862263,0.0026823508775619754,0.02312776582115617,0.001219003135480025,0.02312776582115617,0.001219003135480025,0.02312776582115617,0.001220116725571159,0.02312776582115617,0.001220116725571159,0.017239797256556944,0.0012850956776719253,0.017220772863017385,0.0012849408771301262,0.01749093655742942,0.0012850988857916398,0.017497421499382843,0.0012849340839370346,0.0177306038029668,0.0012166106953111007,0.0177306038029668,0.0012166106953111007,0.0177306038029668,0.0012171971665760049,0.0177306038029668,0.0012171971665760049,0.022873117528376258,0.001299845401710626,0.019898666880185288,0.0012998938687079679,0.020353364241207046,0.001420199370381378,0.016986871324281817,0.0014201969385448663,0.01002690028184675,0.001130528521041411,0.012810413247596446,0.0011306002570538624,0.00801359929174935,0.0011308152165575367,0.00994485662791443,0.0011308097586023513,0.015377347438162107,0.0012172085283250788,0.015377347438162107,0.0012172085283250788,0.0177306038029668,0.0012171971665760049,0.0177306038029668,0.0012171971665760049,0.00801359929174935,0.0011258402911684,0.00994485662791443,0.0011257853278861718,0.00801359929174935,0.0011308152165575367,0.00994485662791443,0.0011308097586023513
ATSJUM222,64.0,0.02419720551830563,0.002832813451369187,0.01728909921359864,0.0012203703906971306,0.01728909921359864,0.0012203703906971306,0.017079630229239882,0.0012202282587973287,0.017079630229239882,0.0012202282587973287,0.004137855479247938,0.012224593542071586,0.0012141859321510259,0.012224593542071586,0.0012141859321510259,0.013505022164812443,0.0012142015047060188,0.013505022164812443,0.0012142015047060188,0.002774847687729032,0.012167298622429226,0.0011307348344944265,0.012971388439321392,0.0011307452409103915,0.01152704298860638,0.0011204808776129793,0.011933140676515266,0.0011205904766018397,0.018515539097600366,0.0012846793714221892,0.01851297704119814,0.0012846699182112514,0.01643789409281576,0.0013397645228853605,0.016446424274671516,0.0013397405516133126,0.002832813451369187,0.017079630229239882,0.0012186784347123017,0.017079630229239882,0.0012186784347123017,0.017079630229239882,0.0012202282587973287,0.017079630229239882,0.0012202282587973287,0.013361141833037396,0.0013311488704548674,0.013365827296260561,0.0013311441566126693,0.01354339586583944,0.0013311573334413946,0.013554672729506573,0.0013311420017577014,0.013505022164812443,0.0012134881843329204,0.013505022164812443,0.0012134881843329204,0.013505022164812443,0.0012142015047060188,0.013505022164812443,0.0012142015047060188,0.017422203255582108,0.001284340160271847,0.01690339774525579,0.0012845006737050749,0.015686664587832865,0.0013308789815819997,0.015179286437208936,0.0013309668728830352,0.012167298622429226,0.0011307348344944265,0.012971388439321392,0.0011307452409103915,0.01152704298860638,0.0011204808776129793,0.011933140676515266,0.0011205904766018397,0.012224593542071586,0.0012141859321510259,0.012224593542071586,0.0012141859321510259,0.013505022164812443,0.0012142015047060188,0.013505022164812443,0.0012142015047060188,0.01152704298860638,0.0011226697414118353,0.011933140676515266,0.0011226415389929416,0.01152704298860638,0.0011204808776129793,0.011933140676515266,0.0011205904766018397
ATSJUM229,64.0,0.03441560492640412,0.0020602933717905683,0.01883269287460154,0.001221016428796275,0.01883269287460154,0.001221016428796275,0.018269986133596493,0.001220739514318297,0.018269986133596493,0.001220739514318297,0.004219884211685854,0.011558042630212038,0.0012159061857023273,0.011558042630212038,0.0012159061857023273,0.012685871894705502,0.0012158981873311846,0.012685871894705502,0.0012158981873311846,0.0026858377575327327,0.012120725283323251,0.0011314658114398412,0.012806484540240323,0.001131637329104056,0.010871254560847931,0.0011269800299159086,0.011505088444576799,0.0011269371429950392,0.018995213628310564,0.0012894535365534487,0.019004238495742645,0.001289437143400546,0.017778206637581045,0.0013135526729540548,0.017786396056206848,0.0013136040801044711,0.0020602933717905683,0.018269986133596493,0.001219342085994405,0.018269986133596493,0.001219342085994405,0.018269986133596493,0.001220739514318297,0.018269986133596493,0.001220739514318297,0.011462762611127723,0.0012851057636858944,0.011462730099692259,0.0012851864464038896,0.012134175681634897,0.0012850926822827052,0.012125682177562885,0.0012851826518976055,0.012685871894705502,0.0012153079225940143,0.012685871894705502,0.0012153079225940143,0.012685871894705502,0.0012158981873311846,0.012685871894705502,0.0012158981873311846,0.01888131964407867,0.001288220865741028,0.017359210958364252,0.0012881930243134499,0.01740668833982036,0.001320139931052443,0.015875125335674867,0.0013201526754759662,0.012120725283323251,0.0011314658114398412,0.012806484540240323,0.001131637329104056,0.010871254560847931,0.0011269800299159086,0.011505088444576799,0.0011269371429950392,0.011558042630212038,0.0012159061857023273,0.011558042630212038,0.0012159061857023273,0.012685871894705502,0.0012158981873311846,0.012685871894705502,0.0012158981873311846,0.010871254560847931,0.0011237048674504475,0.011505088444576799,0.0011236353901734857,0.010871254560847931,0.0011269800299159086,0.011505088444576799,0.0011269371429950392
ATSJUM401,64.0,0.03255343323150377,0.0023310709013275237,0.01796181182418477,0.0012202014825224386,0.01796181182418477,0.0012202014825224386,0.016926678747431183,0.0012192801155440013,0.016926678747431183,0.0012192801155440013,0.004464512227273255,0.011297692053771506,0.00121403058889622,0.011297692053771506,0.00121403058889622,0.012228863828321685,0.0012140127058522842,0.012228863828321685,0.0012140127058522842,0.0031102855017258566,0.009519903269319096,0.0011290501645993608,0.010736914386097128,0.0011291554811982889,0.008488187962786314,0.0011224074482031163,0.009341759847898408,0.001122410857181222,0.01835262710361281,0.001282557263711587,0.01834948196457897,0.0012825688151609598,0.01605594299531985,0.0013776595298733351,0.016061607028227533,0.0013776074826104098,0.0023310709013275237,0.016926678747431183,0.0012182025604341809,0.016926678747431183,0.0012182025604341809,0.016926678747431183,0.0012192801155440013,0.016926678747431183,0.0012192801155440013,0.012296349867959806,0.001318576694719096,0.01229653752649264,0.001318351381569634,0.012449703382675948,0.0013185860770858076,0.01244929335082836,0.0013183395840899938,0.012228863828321685,0.0012139826168052112,0.012228863828321685,0.0012139826168052112,0.012228863828321685,0.0012140127058522842,0.012228863828321685,0.0012140127058522842,0.01718104607429489,0.0012835816326233014,0.014570681743251575,0.001283652296624897,0.01509712131726123,0.0013820831042485797,0.013266122588120596,0.0013821611652344063,0.009519903269319096,0.0011290501645993608,0.010736914386097128,0.0011291554811982889,0.008488187962786314,0.0011224074482031163,0.009341759847898408,0.001122410857181222,0.011297692053771506,0.00121403058889622,0.011297692053771506,0.00121403058889622,0.012228863828321685,0.0012140127058522842,0.012228863828321685,0.0012140127058522842,0.008488187962786314,0.0011230133431470238,0.009341759847898408,0.001122955997775128,0.008488187962786314,0.0011224074482031163,0.009341759847898408,0.001122410857181222
ATTJUM206,64.0,0.025131620543921353,0.0025734392206275894,0.024911760958894545,0.00122151072710005,0.024911760958894545,0.00122151072710005,0.025500520800003652,0.0012206873615874456,0.025500520800003652,0.0012206873615874456,0.004684958441314897,0.015624966208780958,0.0012157326648524968,0.015624966208780958,0.0012157326648524968,0.016741087514554116,0.0012156877167017418,0.016741087514554116,0.0012156877167017418,0.0033556436029618456,0.012580329791015693,0.001130023727425512,0.012813391520543968,0.0011299840162950442,0.010066130484736263,0.001126336016040278,0.011017600286238001,0.0011264488378081785,0.02714083297188789,0.0012828185346535875,0.02712729504505244,0.0012828149229983236,0.02415232826784021,0.001369799112487893,0.02416653791003838,0.0013697536599203753,0.0025734392206275894,0.025500520800003652,0.0012194016507687737,0.025500520800003652,0.0012194016507687737,0.025500520800003652,0.0012206873615874456,0.025500520800003652,0.0012206873615874456,0.018116696102909027,0.0012913532968309225,0.018128909042756564,0.0012912632192875722,0.01897164948980166,0.0012913548858411634,0.01897118012070231,0.001291298699900344,0.016741087514554116,0.0012156562579524602,0.016741087514554116,0.0012156562579524602,0.016741087514554116,0.0012156877167017418,0.016741087514554116,0.0012156877167017418,0.025764931454388733,0.001281852242958627,0.02015178451494754,0.0012817038259106542,0.022225711452110514,0.0013713755773492361,0.01792323781879624,0.0013714460546539182,0.012580329791015693,0.001130023727425512,0.012813391520543968,0.0011299840162950442,0.010066130484736263,0.001126336016040278,0.011017600286238001,0.0011264488378081785,0.015624966208780958,0.0012157326648524968,0.015624966208780958,0.0012157326648524968,0.016741087514554116,0.0012156877167017418,0.016741087514554116,0.0012156877167017418,0.010066130484736263,0.001125421953583236,0.011017600286238001,0.0011254079113667149,0.010066130484736263,0.001126336016040278,0.011017600286238001,0.0011264488378081785
B040103d,64.0,0.026521198791813725,0.0030128938267555746,0.01856288734949572,0.0012218412665157216,0.01856288734949572,0.0012218412665157216,0.019776219688454534,0.0012216025896764516,0.019776219688454534,0.0012216025896764516,0.005430498073807563,0.015061766264204605,0.0012169687738623574,0.015061766264204605,0.0012169687738623574,0.016154720817389768,0.001216989010608883,0.016154720817389768,0.001216989010608883,0.005365575877228419,0.009186208272774894,0.0011294471532397692,0.011031101639520154,0.0011294405923937389,0.008433657003690748,0.0011324383280766578,0.009841260331585168,0.0011323828926785354,0.020236889119922635,0.001304988662309416,0.02022803594179498,0.0013050340712150573,0.018164385409241472,0.0013397259709461609,0.018161052012109196,0.001339748017409132,0.0030128938267555746,0.019776219688454534,0.0012200607991597757,0.019776219688454534,0.0012200607991597757,0.019776219688454534,0.0012216025896764516,0.019776219688454534,0.0012216025896764516,0.017094957575943003,0.0013157270964761845,0.017096863178446938,0.0013156866640713137,0.01722697513015325,0.0013157192500667517,0.01721625467900744,0.0013156820019499104,0.016154720817389768,0.0012165826097587668,0.016154720817389768,0.0012165826097587668,0.016154720817389768,0.001216989010608883,0.016154720817389768,0.001216989010608883,0.019466677390069593,0.0013018887602926953,0.01933429755201938,0.001301835452257244,0.01731112621285763,0.0013424126959318751,0.01695705515064972,0.0013424312636192974,0.009186208272774894,0.0011294471532397692,0.011031101639520154,0.0011294405923937389,0.008433657003690748,0.0011324383280766578,0.009841260331585168,0.0011323828926785354,0.015061766264204605,0.0012169687738623574,0.015061766264204605,0.0012169687738623574,0.016154720817389768,0.001216989010608883,0.016154720817389768,0.001216989010608883,0.008433657003690748,0.0011256716960444024,0.009841260331585168,0.0011256251116189655,0.008433657003690748,0.0011324383280766578,0.009841260331585168,0.0011323828926785354
B040203c,64.0,0.02753564452808439,0.0020990576787650226,0.016065420461383765,0.0012213621644922039,0.016065420461383765,0.0012213621644922039,0.016330742484639612,0.001221088144744653,0.016330742484639612,0.001221088144744653,0.003813352404696115,0.011416334412151915,0.0012158287368631217,0.011416334412151915,0.0012158287368631217,0.012383984793061721,0.001215832747375839,0.012383984793061721,0.001215832747375839,0.002641479463651044,0.01132202646483377,0.0011302891876131388,0.011680434900863552,0.0011303219651213842,0.010141641788218551,0.0011335581554835726,0.010449452093907836,0.0011336155712029982,0.016310499703776127,0.0013011577952113948,0.016327518881956403,0.0013012501635273168,0.015806470695556973,0.0013470297812033527,0.01580863875042465,0.001347010780505486,0.0020990576787650226,0.016330742484639612,0.0012197112929351278,0.016330742484639612,0.0012197112929351278,0.016330742484639612,0.001221088144744653,0.016330742484639612,0.001221088144744653,0.011934130237552083,0.00135373139102558,0.01193956929944226,0.001353781666388063,0.012110112711047415,0.001353722571554248,0.012120825218988716,0.001353780390458408,0.012383984793061721,0.0012159155525418804,0.012383984793061721,0.0012159155525418804,0.012383984793061721,0.001215832747375839,0.012383984793061721,0.001215832747375839,0.015483343873231538,0.0012972867806875308,0.015617766850135547,0.0012972393700969465,0.015215849463049573,0.0013528206725454844,0.014248348889904654,0.0013528109802921468,0.01132202646483377,0.0011302891876131388,0.011680434900863552,0.0011303219651213842,0.010141641788218551,0.0011335581554835726,0.010449452093907836,0.0011336155712029982,0.011416334412151915,0.0012158287368631217,0.011416334412151915,0.0012158287368631217,0.012383984793061721,0.001215832747375839,0.012383984793061721,0.001215832747375839,0.010141641788218551,0.0011294562925666747,0.010449452093907836,0.0011293730212007791,0.010141641788218551,0.0011335581554835726,0.010449452093907836,0.0011336155712029982
B040303c,64.0,0.0221832800526375,0.002863221899875071,0.01004229114074683,0.001220956609263471,0.01004229114074683,0.001220956609263471,0.011743300485437903,0.001219901240233946,0.011743300485437903,0.001219901240233946,0.0036194038565314753,0.007798909541926715,0.001215597617083359,0.007798909541926715,0.001215597617083359,0.009063815001204784,0.001215594177162729,0.009063815001204784,0.001215594177162729,0.00294924711264683,0.006671375930052953,0.0011312299404187204,0.007137895170859851,0.0011311580308280592,0.005639925966706167,0.0011407132187437284,0.006048405219403934,0.0011407136885398057,0.01049905720077881,0.001297978217300322,0.010501999148811657,0.001297974356022387,0.010404488812767338,0.0013731287392371137,0.01042180418781676,0.0013730769551573237,0.002863221899875071,0.011743300485437903,0.0012188105323575446,0.011743300485437903,0.0012188105323575446,0.011743300485437903,0.001219901240233946,0.011743300485437903,0.001219901240233946,0.009010880330814701,0.0013496811081967458,0.009015209624364915,0.0013496101327060347,0.009048807746468816,0.0013496929084165297,0.009047901659175359,0.001349610945367802,0.009063815001204784,0.0012155085950858477,0.009063815001204784,0.0012155085950858477,0.009063815001204784,0.001215594177162729,0.009063815001204784,0.001215594177162729,0.01022368926097483,0.0012924014070013511,0.010405265466484851,0.0012924900733177062,0.009502823064573583,0.0013691765288638008,0.009464505849896474,0.0013692957173313666,0.006671375930052953,0.0011312299404187204,0.007137895170859851,0.0011311580308280592,0.005639925966706167,0.0011407132187437284,0.006048405219403934,0.0011407136885398057,0.007798909541926715,0.001215597617083359,0.007798909541926715,0.001215597617083359,0.009063815001204784,0.001215594177162729,0.009063815001204784,0.001215594177162729,0.005639925966706167,0.0011288707430929161,0.006048405219403934,0.0011288507741812662,0.005639925966706167,0.0011407132187437284,0.006048405219403934,0.0011407136885398057
B40403aW,64.0,0.056022407529426235,0.0038579936014744983,0.014537685199604187,0.0012191900537456167,0.014537685199604187,0.0012191900537456167,0.0158685645944686,0.001219298127067002,0.0158685645944686,0.001219298127067002,0.00585222033546872,0.012975703465313682,0.0012131876000118366,0.012975703465313682,0.0012131876000118366,0.014157104708690447,0.0012131944437995816,0.014157104708690447,0.0012131944437995816,0.005014285148572527,0.008557408077561848,0.0011288936575296364,0.008929701281598371,0.0011289440838491312,0.007966811298637957,0.0011263827618518535,0.008314524731522725,0.0011264427723263004,0.015415039893853025,0.0013137924483255584,0.015421393754590527,0.0013138331323946945,0.015038723814480747,0.0013460892061362513,0.015045767107802458,0.001346160373067619,0.0038579936014744983,0.0158685645944686,0.0012178992133478259,0.0158685645944686,0.0012178992133478259,0.0158685645944686,0.001219298127067002,0.0158685645944686,0.001219298127067002,0.013480096903340965,0.0013479949233842516,0.013472313743866352,0.0013480612749172747,0.013795704907234547,0.0013479918717260008,0.01379714474870138,0.0013480592119243472,0.014157104708690447,0.0012126585840912733,0.014157104708690447,0.0012126585840912733,0.014157104708690447,0.0012131944437995816,0.014157104708690447,0.0012131944437995816,0.014500986823382115,0.0013146374228002965,0.01342807431881173,0.001314652836638589,0.013939460593792193,0.0013510756013118033,0.012414677420284492,0.001350995429318606,0.008557408077561848,0.0011288936575296364,0.008929701281598371,0.0011289440838491312,0.007966811298637957,0.0011263827618518535,0.008314524731522725,0.0011264427723263004,0.012975703465313682,0.0012131876000118366,0.012975703465313682,0.0012131876000118366,0.014157104708690447,0.0012131944437995816,0.014157104708690447,0.0012131944437995816,0.007966811298637957,0.0011233661555495305,0.008314524731522725,0.0011233365826524412,0.007966811298637957,0.0011263827618518535,0.008314524731522725,0.0011264427723263004
B40503cW,64.0,0.05302626967938752,0.002355145836237141,0.017135538499206883,0.0012207417986172101,0.017135538499206883,0.0012207417986172101,0.01872772883420802,0.001219981115180824,0.01872772883420802,0.001219981115180824,0.004417114103295014,0.011374985183818007,0.0012151809707338845,0.011374985183818007,0.0012151809707338845,0.012378644487328413,0.0012151964586536276,0.012378644487328413,0.0012151964586536276,0.003755191416024013,0.008071279777556761,0.001131189695779011,0.008234811856447753,0.0011312027974167617,0.006893526925078606,0.0011340995713454431,0.007453426517089488,0.0011341778482172364,0.01850430022155427,0.001298606140322013,0.01850275860548543,0.0012985894872413256,0.01713709438269142,0.0014170931663264996,0.017164607867102114,0.0014171198730808753,0.002355145836237141,0.01872772883420802,0.0012195198897797547,0.01872772883420802,0.0012195198897797547,0.01872772883420802,0.001219981115180824,0.01872772883420802,0.001219981115180824,0.012783635215704954,0.0013230975329752942,0.012784279164389014,0.0013230594174506523,0.013737224219227843,0.0013230958913359823,0.013733476774065341,0.0013230564183375616,0.012378644487328413,0.0012151778368876829,0.012378644487328413,0.0012151778368876829,0.012378644487328413,0.0012151964586536276,0.012378644487328413,0.0012151964586536276,0.01746015104876646,0.0013032025562419018,0.014145663491712484,0.001303203336202592,0.016051313383402856,0.0014195509523178334,0.01304336208815884,0.0014195206420250898,0.008071279777556761,0.001131189695779011,0.008234811856447753,0.0011312027974167617,0.006893526925078606,0.0011340995713454431,0.007453426517089488,0.0011341778482172364,0.011374985183818007,0.0012151809707338845,0.011374985183818007,0.0012151809707338845,0.012378644487328413,0.0012151964586536276,0.012378644487328413,0.0012151964586536276,0.006893526925078606,0.0011245082122986947,0.007453426517089488,0.001124545783173065,0.006893526925078606,0.0011340995713454431,0.007453426517089488,0.0011341778482172364
B40703cW,64.0,0.11970995094079752,0.002203040105162694,0.017047901969929457,0.0012197995896980516,0.017047901969929457,0.0012197995896980516,0.019109308794513585,0.0012191808891672436,0.019109308794513585,0.0012191808891672436,0.003410656687286986,0.013597236453273164,0.0012146763988560099,0.013597236453273164,0.0012146763988560099,0.015881028666145297,0.0012146763988560099,0.015881028666145297,0.0012146763988560099,0.0026370003069097615,0.011763660558441063,0.0011281323593345404,0.0122622345728794,0.0011281515848904364,0.01066564766425368,0.0011313087510623886,0.011126305414208287,0.0011313769872347737,0.017729051157133288,0.0013081487978757326,0.017748790110808658,0.0013081625634332548,0.016596315839039515,0.0013788307846884118,0.016578406251761425,0.0013788006863553843,0.002203040105162694,0.019109308794513585,0.0012178606269112832,0.019109308794513585,0.0012178606269112832,0.019109308794513585,0.0012191808891672436,0.019109308794513585,0.0012191808891672436,0.013870902445125333,0.0013241168911305998,0.01386722427649176,0.0013240133840643274,0.014718212575614384,0.00132411744044954,0.014741101411926288,0.0013240230615246726,0.015881028666145297,0.001214397863735702,0.015881028666145297,0.001214397863735702,0.015881028666145297,0.0012146763988560099,0.015881028666145297,0.0012146763988560099,0.017199339168836574,0.0013143653975674224,0.01724415600306489,0.0013144059156273487,0.015774616574955637,0.0013898556315909251,0.015460591943012454,0.0013899055751659146,0.011763660558441063,0.0011281323593345404,0.0122622345728794,0.0011281515848904364,0.01066564766425368,0.0011313087510623886,0.011126305414208287,0.0011313769872347737,0.013597236453273164,0.0012146763988560099,0.013597236453273164,0.0012146763988560099,0.015881028666145297,0.0012146763988560099,0.015881028666145297,0.0012146763988560099,0.01066564766425368,0.0011234889580568484,0.011126305414208287,0.0011235808964470463,0.01066564766425368,0.0011313087510623886,0.011126305414208287,0.0011313769872347737
BAY5867d,64.0,0.09397133157322497,0.002197067821580815,0.0036703375767823147,0.0012140399064940477,0.0036703375767823147,0.0012140399064940477,0.0036978876016049065,0.0012135490558240248,0.0036978876016049065,0.0012135490558240248,0.0030572941701880233,0.0036337853249964135,0.0012089676389368238,0.0036337853249964135,0.0012089676389368238,0.003987989129262902,0.0012089699513695583,0.003987989129262902,0.0012089699513695583,0.0029701740190718477,0.0021247143880528483,0.001124789666355894,0.0021437034746162585,0.0011248476330785163,0.0023710080089865675,0.0011195583710746162,0.00262631682391366,0.0011195291330567479,0.0037898565213432102,0.001314189428462642,0.0037941763816919964,0.0013142543011905989,0.0037061630212620596,0.0013020045786262847,0.0037081818054297217,0.0013020588171299703,0.002197067821580815,0.0036978876016049065,0.00121328694040366,0.0036978876016049065,0.00121328694040366,0.0036978876016049065,0.0012135490558240248,0.0036978876016049065,0.0012135490558240248,0.00441426915376543,0.0013079350851458577,0.004414637327506852,0.001307847870682558,0.004471592928816247,0.00130793810872492,0.004469166145267089,0.0013078490113127752,0.003987989129262902,0.001208287085299153,0.003987989129262902,0.001208287085299153,0.003987989129262902,0.0012089699513695583,0.003987989129262902,0.0012089699513695583,0.003749952879688964,0.0013145794995595263,0.003316084145479953,0.0013145294968389437,0.003982377449857074,0.0012992308954032198,0.003586988992255421,0.0012993761734021983,0.0021247143880528483,0.001124789666355894,0.0021437034746162585,0.0011248476330785163,0.0023710080089865675,0.0011195583710746162,0.00262631682391366,0.0011195291330567479,0.0036337853249964135,0.0012089676389368238,0.0036337853249964135,0.0012089676389368238,0.003987989129262902,0.0012089699513695583,0.003987989129262902,0.0012089699513695583,0.0023710080089865675,0.0011189111127747455,0.00262631682391366,0.0011188888833434834,0.0023710080089865675,0.0011195583710746162,0.00262631682391366,0.0011195291330567479
BAY5870a,64.0,0.07772198776890837,0.0018452245650705933,0.00389913186954999,0.0012135573265708252,0.00389913186954999,0.0012135573265708252,0.0032890208481174536,0.0012131290826719438,0.0032890208481174536,0.0012131290826719438,0.0036339913656402434,0.0031470072006414044,0.001207534810721293,0.0031470072006414044,0.001207534810721293,0.0034747310531292068,0.0012075463213319629,0.0034747310531292068,0.0012075463213319629,0.003248410776324519,0.002199495730360447,0.001125538434678239,0.0022798066317349015,0.0011255577639346275,0.0017419000114542486,0.0011226520153933368,0.001919582980222394,0.0011226191620085637,0.004069243027957584,0.0013437177380249395,0.004069915703102825,0.0013438126904660964,0.0033271659554796485,0.0013838042005258344,0.0033259837304374256,0.0013837008264074141,0.0018452245650705933,0.0032890208481174536,0.0012118996286700529,0.0032890208481174536,0.0012118996286700529,0.0032890208481174536,0.0012131290826719438,0.0032890208481174536,0.0012131290826719438,0.0036391727459176926,0.0013902143757676417,0.0036330940622160226,0.0013903692990884357,0.0036305467509730386,0.0013902343040029007,0.003650713146955231,0.0013903606881131001,0.0034747310531292068,0.0012069503504111476,0.0034747310531292068,0.0012069503504111476,0.0034747310531292068,0.0012075463213319629,0.0034747310531292068,0.0012075463213319629,0.003730464920990368,0.0013363478883136996,0.003437630579480468,0.001336444376215048,0.0031663439161931446,0.0013768397983590695,0.003084751373829331,0.00137672168171164,0.002199495730360447,0.001125538434678239,0.0022798066317349015,0.0011255577639346275,0.0017419000114542486,0.0011226520153933368,0.001919582980222394,0.0011226191620085637,0.0031470072006414044,0.001207534810721293,0.0031470072006414044,0.001207534810721293,0.0034747310531292068,0.0012075463213319629,0.0034747310531292068,0.0012075463213319629,0.0017419000114542486,0.0011202575404395297,0.001919582980222394,0.001120245616898712,0.0017419000114542486,0.0011226520153933368,0.001919582980222394,0.0011226191620085637
BAY5871c,64.0,0.0639742938561466,0.0021664752932177107,0.0042511884140289035,0.0012147740769929455,0.0042511884140289035,0.0012147740769929455,0.004435404037017605,0.0012145597503977936,0.004435404037017605,0.0012145597503977936,0.002520293997955335,0.0036059589645553686,0.0012096257120833272,0.0036059589645553686,0.0012096257120833272,0.004670334002883725,0.0012096257120833272,0.004670334002883725,0.0012096257120833272,0.002444832491627112,0.0022746592016526976,0.0011289894616487253,0.0024250780031316943,0.0011291037008661897,0.0020053015947146544,0.0011226784152326627,0.0024432524353961487,0.0011227282685832322,0.0045218633231921,0.001328899931298255,0.00454590057189727,0.0013289226750445638,0.00432349802480117,0.0013201200361120788,0.004341310180575256,0.0013202530446253466,0.0021664752932177107,0.004435404037017605,0.0012130691272700142,0.004435404037017605,0.0012130691272700142,0.004435404037017605,0.0012145597503977936,0.004435404037017605,0.0012145597503977936,0.004195232942157558,0.001323434988334381,0.004195695155728066,0.0013234156932466637,0.004140770445018939,0.001323439249695861,0.004141265456692262,0.0013234046904627614,0.004670334002883725,0.0012089302364199316,0.004670334002883725,0.0012089302364199316,0.004670334002883725,0.0012096257120833272,0.004670334002883725,0.0012096257120833272,0.004150465120095737,0.0013258571227424759,0.004327986999715233,0.0013258802077030078,0.004135138468245279,0.0013172085574314342,0.003719899470063595,0.0013172109740033034,0.0022746592016526976,0.0011289894616487253,0.0024250780031316943,0.0011291037008661897,0.0020053015947146544,0.0011226784152326627,0.0024432524353961487,0.0011227282685832322,0.0036059589645553686,0.0012096257120833272,0.0036059589645553686,0.0012096257120833272,0.004670334002883725,0.0012096257120833272,0.004670334002883725,0.0012096257120833272,0.0020053015947146544,0.0011214757236384894,0.0024432524353961487,0.0011215467404662137,0.0020053015947146544,0.0011226784152326627,0.0024432524353961487,0.0011227282685832322
BAY5872b,64.0,0.17824160677827308,0.002002262915064296,0.004618755894491532,0.0012159278946637527,0.004618755894491532,0.0012159278946637527,0.005705145400127497,0.0012154297047587612,0.005705145400127497,0.0012154297047587612,0.0029236225096483633,0.00586880197682234,0.001208966168195955,0.00586880197682234,0.001208966168195955,0.00601854101556398,0.0012089522598401972,0.00601854101556398,0.0012089522598401972,0.0031146829736610087,0.002118038188673765,0.0011252478931734473,0.0024384595425353257,0.0011251534441430449,0.002471094296999205,0.0011323724438137648,0.002642544396295236,0.0011323702199767742,0.0048030140909965545,0.0013482614986128525,0.0048052723011948635,0.0013482346009679597,0.004842423628144453,0.0013808245426014565,0.0048422048983876274,0.0013807797334156992,0.002002262915064296,0.005705145400127497,0.0012144342529031623,0.005705145400127497,0.0012144342529031623,0.005705145400127497,0.0012154297047587612,0.005705145400127497,0.0012154297047587612,0.004999350117355848,0.0013831090345435206,0.0049982683718783685,0.0013832498754274393,0.0049952484202474235,0.0013830950972523331,0.004993598441775261,0.0013832556119416062,0.00601854101556398,0.001208706539436652,0.00601854101556398,0.001208706539436652,0.00601854101556398,0.0012089522598401972,0.00601854101556398,0.0012089522598401972,0.004602446333773529,0.0013470134333914052,0.004246854016273836,0.0013471821336085636,0.004886976191837265,0.0013940580462557576,0.0043369188111142066,0.0013942178148141145,0.002118038188673765,0.0011252478931734473,0.0024384595425353257,0.0011251534441430449,0.002471094296999205,0.0011323724438137648,0.002642544396295236,0.0011323702199767742,0.00586880197682234,0.001208966168195955,0.00586880197682234,0.001208966168195955,0.00601854101556398,0.0012089522598401972,0.00601854101556398,0.0012089522598401972,0.002471094296999205,0.0011244436346767503,0.002642544396295236,0.0011244646200915746,0.002471094296999205,0.0011323724438137648,0.002642544396295236,0.0011323702199767742
BAY5873a,64.0,0.1171991530683681,0.0018494630658314306,0.0054745423924667585,0.0012143193246081316,0.0054745423924667585,0.0012143193246081316,0.007319574273156437,0.0012140962970578974,0.007319574273156437,0.0012140962970578974,0.0022890947481398445,0.006158259642406878,0.0012086370465239518,0.006158259642406878,0.0012086370465239518,0.007039669219088708,0.0012086345865364974,0.007039669219088708,0.0012086345865364974,0.0022472215259074493,0.001815201323121125,0.0011248631772257398,0.0021485209223230457,0.0011248420605879268,0.00185287543807715,0.0011209438729616712,0.0020396402255897787,0.0011209472605999238,0.006033855845115203,0.0013293950845827804,0.006037818017327834,0.0013295003689438871,0.005833040663971678,0.0013395022447198872,0.0058317102423294616,0.0013395528984343052,0.0018494630658314306,0.007319574273156437,0.0012134114190261868,0.007319574273156437,0.0012134114190261868,0.007319574273156437,0.0012140962970578974,0.007319574273156437,0.0012140962970578974,0.005985453185146069,0.0013221736939280015,0.005987250617792718,0.0013220897105536312,0.0061047564829892365,0.0013221654557991158,0.006107079134704446,0.0013220820906923918,0.007039669219088708,0.0012081289282540257,0.007039669219088708,0.0012081289282540257,0.007039669219088708,0.0012086345865364974,0.007039669219088708,0.0012086345865364974,0.005834575441999259,0.001330621660686402,0.005012564875598112,0.0013307255822522204,0.005514386155665123,0.0013421538019180329,0.004364693366239736,0.0013422396741213057,0.001815201323121125,0.0011248631772257398,0.0021485209223230457,0.0011248420605879268,0.00185287543807715,0.0011209438729616712,0.0020396402255897787,0.0011209472605999238,0.006158259642406878,0.0012086370465239518,0.006158259642406878,0.0012086370465239518,0.007039669219088708,0.0012086345865364974,0.007039669219088708,0.0012086345865364974,0.00185287543807715,0.0011189703824266185,0.0020396402255897787,0.001118974918353102,0.00185287543807715,0.0011209438729616712,0.0020396402255897787,0.0011209472605999238
BAY5874b,64.0,0.35056515999065346,0.003601979542335693,0.003390132021550587,0.0012135074291189586,0.003390132021550587,0.0012135074291189586,0.003895404670190967,0.0012134024397169759,0.003895404670190967,0.0012134024397169759,0.004405814124848213,0.003822887015048501,0.0012063182122861423,0.003822887015048501,0.0012063182122861423,0.004310596342091598,0.00120633703369378,0.004310596342091598,0.00120633703369378,0.0038537126940492556,0.0024350592829114697,0.0011253580426254179,0.002397837850877865,0.0011253627998514064,0.0026751868563975,0.0011206192924677922,0.0025594093866813626,0.0011205977025498302,0.0035649111461440136,0.0013396844449899306,0.003563010866121017,0.001339746971333118,0.0038570642132087158,0.0013194969899160572,0.0038577933263182736,0.0013194931185428196,0.003601979542335693,0.003895404670190967,0.0012122726821888756,0.003895404670190967,0.0012122726821888756,0.003895404670190967,0.0012134024397169759,0.003895404670190967,0.0012134024397169759,0.004344112292345747,0.0013312736703667782,0.004344457826326364,0.0013312563926016767,0.004434881465901369,0.0013312732633452321,0.004436234859588222,0.0013312549416097425,0.004310596342091598,0.0012056813277468018,0.004310596342091598,0.0012056813277468018,0.004310596342091598,0.00120633703369378,0.004310596342091598,0.00120633703369378,0.003629527308879815,0.0013434466896201703,0.0031784751892293484,0.001343438419780397,0.003692887474465337,0.0013262943673519117,0.003366079131455082,0.0013263311548602464,0.0024350592829114697,0.0011253580426254179,0.002397837850877865,0.0011253627998514064,0.0026751868563975,0.0011206192924677922,0.0025594093866813626,0.0011205977025498302,0.003822887015048501,0.0012063182122861423,0.003822887015048501,0.0012063182122861423,0.004310596342091598,0.00120633703369378,0.004310596342091598,0.00120633703369378,0.0026751868563975,0.001121859420691051,0.0025594093866813626,0.001121874797076985,0.0026751868563975,0.0011206192924677922,0.0025594093866813626,0.0011205977025498302
BR5867c3,64.0,0.027036734745458316,0.0023315126885852236,0.01450193794809054,0.0012220339082346823,0.01450193794809054,0.0012220339082346823,0.015037783249609724,0.0012214445194666953,0.015037783249609724,0.0012214445194666953,0.0030616630167419113,0.010536344837107239,0.0012172299280715892,0.010536344837107239,0.0012172299280715892,0.011675348273963326,0.0012172342015012005,0.011675348273963326,0.0012172342015012005,0.003129653815399151,0.009403322207143893,0.0011291036633263591,0.0101188639692641,0.0011291188474197606,0.008531781367646318,0.0011280469184184166,0.009217928180529363,0.0011280343197151506,0.015706670905050325,0.0012857931612077493,0.01571210761115877,0.0012858901326191381,0.01427543921182737,0.0013330883804734553,0.014288404843524916,0.001333179200895623,0.0023315126885852236,0.015037783249609724,0.0012198118249599197,0.015037783249609724,0.0012198118249599197,0.015037783249609724,0.0012214445194666953,0.015037783249609724,0.0012214445194666953,0.012044554938152074,0.001304137453357334,0.012139634066341927,0.0013041178867889945,0.012636102724938404,0.001304135933310858,0.012554999918442705,0.0013041297094159882,0.011675348273963326,0.001216727218765285,0.011675348273963326,0.001216727218765285,0.011675348273963326,0.0012172342015012005,0.011675348273963326,0.0012172342015012005,0.015097260985458263,0.001288231837112458,0.014505603184845178,0.0012883878075034582,0.01337148966635221,0.0013366528722209155,0.013241931799721605,0.001336699389911965,0.009403322207143893,0.0011291036633263591,0.0101188639692641,0.0011291188474197606,0.008531781367646318,0.0011280469184184166,0.009217928180529363,0.0011280343197151506,0.010536344837107239,0.0012172299280715892,0.010536344837107239,0.0012172299280715892,0.011675348273963326,0.0012172342015012005,0.011675348273963326,0.0012172342015012005,0.008531781367646318,0.0011263642243042238,0.009217928180529363,0.0011263828085132772,0.008531781367646318,0.0011280469184184166,0.009217928180529363,0.0011280343197151506
BR5870b3,64.0,0.02105768439254521,0.0024225159215917474,0.014819126100450487,0.0012228106821902535,0.014819126100450487,0.0012228106821902535,0.016834684467563952,0.0012225768046264787,0.016834684467563952,0.0012225768046264787,0.0036572729724596046,0.011787866027854175,0.0012179616754748174,0.011787866027854175,0.0012179616754748174,0.013409515015804032,0.0012179607278907931,0.013409515015804032,0.0012179607278907931,0.0025742336667194735,0.012364757341308565,0.001132519614939226,0.012644396529375794,0.0011324730328002189,0.012127369170300573,0.0011322719410894343,0.012477633481874681,0.0011322333322611228,0.015440772861042801,0.0013067649110846341,0.015440918704240535,0.0013069804353675666,0.01575243328883533,0.0013216792642243593,0.015753698094917196,0.0013216909302653306,0.0024225159215917474,0.016834684467563952,0.0012208011254441588,0.016834684467563952,0.0012208011254441588,0.016834684467563952,0.0012225768046264787,0.016834684467563952,0.0012225768046264787,0.013328430921161772,0.0013251468105187898,0.013331380073490596,0.0013250457850750997,0.013887836382899641,0.00132513737605922,0.013887723714542798,0.0013250444194605228,0.013409515015804032,0.0012175941994850554,0.013409515015804032,0.0012175941994850554,0.013409515015804032,0.0012179607278907931,0.013409515015804032,0.0012179607278907931,0.015148766200258464,0.001308217252859522,0.015075609886652979,0.001308203350505409,0.015376726343539036,0.0013216310469980528,0.014800686011453148,0.0013216273517107889,0.012364757341308565,0.001132519614939226,0.012644396529375794,0.0011324730328002189,0.012127369170300573,0.0011322719410894343,0.012477633481874681,0.0011322333322611228,0.011787866027854175,0.0012179616754748174,0.011787866027854175,0.0012179616754748174,0.013409515015804032,0.0012179607278907931,0.013409515015804032,0.0012179607278907931,0.012127369170300573,0.0011322857348342469,0.012477633481874681,0.0011322325702596684,0.012127369170300573,0.0011322719410894343,0.012477633481874681,0.0011322333322611228
BR5871a3,64.0,0.0261319969688358,0.003008287274837528,0.014773906218056975,0.0012199508630869667,0.014773906218056975,0.0012199508630869667,0.014479795378605867,0.0012208174385799771,0.014479795378605867,0.0012208174385799771,0.0062804056877591675,0.01129791441388534,0.0012162027642113324,0.01129791441388534,0.0012162027642113324,0.012193337405927892,0.001216217013208781,0.012193337405927892,0.001216217013208781,0.0038488946209265353,0.010533182463461174,0.0011294705841997043,0.010989377955149534,0.0011294623604862334,0.010380675270461718,0.001130169743407651,0.010388655804564906,0.0011302563599029523,0.015233892168405962,0.0013112655419968346,0.015234084050699877,0.0013114361891316576,0.014371169293047879,0.0013314458132844204,0.014360171532102213,0.0013315027404551551,0.003008287274837528,0.014479795378605867,0.001218883238708144,0.014479795378605867,0.001218883238708144,0.014479795378605867,0.0012208174385799771,0.014479795378605867,0.0012208174385799771,0.01232186014726224,0.0013309139729840043,0.012333227036782753,0.0013308310251053765,0.012787760538023935,0.001330918701724593,0.012787829175438031,0.0013308169598781892,0.012193337405927892,0.0012154054859451848,0.012193337405927892,0.0012154054859451848,0.012193337405927892,0.001216217013208781,0.012193337405927892,0.001216217013208781,0.014691898292499778,0.0013165554194422347,0.013386690257791477,0.0013166420790267353,0.01390160000491789,0.001336718715939979,0.013067574755571939,0.0013367092382287017,0.010533182463461174,0.0011294705841997043,0.010989377955149534,0.0011294623604862334,0.010380675270461718,0.001130169743407651,0.010388655804564906,0.0011302563599029523,0.01129791441388534,0.0012162027642113324,0.01129791441388534,0.0012162027642113324,0.012193337405927892,0.001216217013208781,0.012193337405927892,0.001216217013208781,0.010380675270461718,0.001130890811967166,0.010388655804564906,0.0011308978436399841,0.010380675270461718,0.001130169743407651,0.010388655804564906,0.0011302563599029523
BR5872d3,64.0,0.03457178728294326,0.00317938696401511,0.017954535643200927,0.001221645223789599,0.017954535643200927,0.001221645223789599,0.018617188629922142,0.0012214460092951065,0.018617188629922142,0.0012214460092951065,0.007851685739803658,0.014627462245212238,0.001216354911278746,0.014627462245212238,0.001216354911278746,0.01577729203514424,0.0012163464563892975,0.01577729203514424,0.0012163464563892975,0.004931108621417659,0.013892428341210985,0.001132773944846534,0.014160168097648964,0.0011327383501892687,0.013346485506002086,0.001133057771058014,0.013060251172116762,0.001133032404335065,0.019084895021423343,0.001294398062821248,0.019084657701197646,0.001294436576253407,0.018068286632305853,0.0013485305276567795,0.018067120536791447,0.0013486001627574377,0.00317938696401511,0.018617188629922142,0.001219878218327307,0.018617188629922142,0.001219878218327307,0.018617188629922142,0.0012214460092951065,0.018617188629922142,0.0012214460092951065,0.01606586480858423,0.00132044398975969,0.016064824714046366,0.0013202494678910466,0.016153372410038405,0.0013204472855759056,0.01617961732837957,0.001320243289126484,0.01577729203514424,0.0012159814101315627,0.01577729203514424,0.0012159814101315627,0.01577729203514424,0.0012163464563892975,0.01577729203514424,0.0012163464563892975,0.01876673754904177,0.0012930758680261172,0.01600986156149205,0.0012930779941421845,0.01776196282542251,0.0013514694424577006,0.015620858712841697,0.0013514909740340718,0.013892428341210985,0.001132773944846534,0.014160168097648964,0.0011327383501892687,0.013346485506002086,0.001133057771058014,0.013060251172116762,0.001133032404335065,0.014627462245212238,0.001216354911278746,0.014627462245212238,0.001216354911278746,0.01577729203514424,0.0012163464563892975,0.01577729203514424,0.0012163464563892975,0.013346485506002086,0.0011264990090276293,0.013060251172116762,0.001126488353361804,0.013346485506002086,0.001133057771058014,0.013060251172116762,0.001133032404335065
BR5874d3,64.0,0.039108859986059244,0.00261497922377551,0.01877587834362359,0.001221012028952751,0.01877587834362359,0.001221012028952751,0.02008014221949118,0.001220968151590532,0.02008014221949118,0.001220968151590532,0.004195071476545174,0.013514206124975578,0.001217374693061363,0.013514206124975578,0.001217374693061363,0.01411047610451756,0.0012173771405926568,0.01411047610451756,0.0012173771405926568,0.0032981082979992465,0.008864395769504556,0.001129693338372444,0.00940289414941783,0.0011297945248303167,0.009040789951302058,0.001137193541239816,0.00926784412053985,0.001137146658520204,0.019830904352569123,0.0012885679618107333,0.019856595518880884,0.0012885038071901445,0.01904897093470133,0.0013701526204347911,0.019047748356478624,0.0013701686356144339,0.00261497922377551,0.02008014221949118,0.001219447915750054,0.02008014221949118,0.001219447915750054,0.02008014221949118,0.001220968151590532,0.02008014221949118,0.001220968151590532,0.014434469701147068,0.0013111093408759253,0.014460966641065704,0.0013112237012089345,0.014984398348429675,0.001311121164914505,0.014986495079390625,0.0013112184432620053,0.01411047610451756,0.0012167905604197628,0.01411047610451756,0.0012167905604197628,0.01411047610451756,0.0012173771405926568,0.01411047610451756,0.0012173771405926568,0.019257687341453063,0.0012847886606141845,0.01698415535585953,0.001284822542902225,0.018101183426643894,0.0013767358137759306,0.015330142906670204,0.001376801995879206,0.008864395769504556,0.001129693338372444,0.00940289414941783,0.0011297945248303167,0.009040789951302058,0.001137193541239816,0.00926784412053985,0.001137146658520204,0.013514206124975578,0.001217374693061363,0.013514206124975578,0.001217374693061363,0.01411047610451756,0.0012173771405926568,0.01411047610451756,0.0012173771405926568,0.009040789951302058,0.0011269123502077576,0.00926784412053985,0.0011268681301961033,0.009040789951302058,0.001137193541239816,0.00926784412053985,0.001137146658520204
BR5875b3,64.0,0.03133747310069533,0.00202809147858836,0.014430894297899122,0.001221212270380505,0.014430894297899122,0.001221212270380505,0.01560139832922783,0.0012210923566157402,0.01560139832922783,0.0012210923566157402,0.0038453358950961973,0.01150903777618768,0.001216916952261654,0.01150903777618768,0.001216916952261654,0.012307877507555711,0.0012169098318472495,0.012307877507555711,0.0012169098318472495,0.003045902613118604,0.009777391870870195,0.0011301295076430215,0.010327578850541254,0.0011300992269513625,0.009452256772956264,0.0011288213388253663,0.009330266713863165,0.0011287955289086748,0.015032365841710376,0.001298770239814052,0.015033758964700203,0.0012988276397585994,0.014299081759406076,0.0013768045769706491,0.014296604078006099,0.001376872596369813,0.00202809147858836,0.01560139832922783,0.0012200694571860135,0.01560139832922783,0.0012200694571860135,0.01560139832922783,0.0012210923566157402,0.01560139832922783,0.0012210923566157402,0.012639260196864378,0.0013508315373018747,0.012637177657718024,0.0013507295242332889,0.012759006224414615,0.0013508344064827472,0.01276563638544175,0.0013507509775451858,0.012307877507555711,0.001216764026011607,0.012307877507555711,0.001216764026011607,0.012307877507555711,0.0012169098318472495,0.012307877507555711,0.0012169098318472495,0.014579971037926222,0.0013000626002782568,0.013288217258167175,0.0013000819039039647,0.013759204396017502,0.0013778102820730404,0.012334073012959763,0.0013777772506835344,0.009777391870870195,0.0011301295076430215,0.010327578850541254,0.0011300992269513625,0.009452256772956264,0.0011288213388253663,0.009330266713863165,0.0011287955289086748,0.01150903777618768,0.001216916952261654,0.01150903777618768,0.001216916952261654,0.012307877507555711,0.0012169098318472495,0.012307877507555711,0.0012169098318472495,0.009452256772956264,0.0011247216380160967,0.009330266713863165,0.0011247290529062118,0.009452256772956264,0.0011288213388253663,0.009330266713863165,0.0011287955289086748
C13443cW,64.0,0.08812811475954818,0.002589935068118132,0.028888209416589816,0.0012215937648032914,0.028888209416589816,0.0012215937648032914,0.028491685764928356,0.0012220173718104803,0.028491685764928356,0.0012220173718104803,0.009319044092015363,0.01896632799849383,0.0012168400035697839,0.01896632799849383,0.0012168400035697839,0.02025015076097828,0.0012168419963039343,0.02025015076097828,0.0012168419963039343,0.005614486734199461,0.018022048647520415,0.001128163489503084,0.019382697792344677,0.0011282243979695767,0.017106059020071937,0.0011322122691985177,0.018479420298525315,0.0011322598026526146,0.029295507212089546,0.0012954132829924782,0.02929541074107327,0.0012954709300905863,0.02788708910834197,0.001355756173083646,0.027883962407471968,0.0013557235311041009,0.002589935068118132,0.028491685764928356,0.0012198294948669761,0.028491685764928356,0.0012198294948669761,0.028491685764928356,0.0012220173718104803,0.028491685764928356,0.0012220173718104803,0.020313432378649538,0.0012971571108226405,0.020312471209654594,0.0012970338500785073,0.02061142676139337,0.0012971528581209378,0.02061232598379164,0.0012970409737891476,0.02025015076097828,0.0012160046477069483,0.02025015076097828,0.0012160046477069483,0.02025015076097828,0.0012168419963039343,0.02025015076097828,0.0012168419963039343,0.027170569491285542,0.0012855182202767149,0.025662329476259654,0.0012856505403117228,0.026031081583366117,0.0013517439443503198,0.024245495140064962,0.0013516982966649954,0.018022048647520415,0.001128163489503084,0.019382697792344677,0.0011282243979695767,0.017106059020071937,0.0011322122691985177,0.018479420298525315,0.0011322598026526146,0.01896632799849383,0.0012168400035697839,0.01896632799849383,0.0012168400035697839,0.02025015076097828,0.0012168419963039343,0.02025015076097828,0.0012168419963039343,0.017106059020071937,0.0011241300024147601,0.018479420298525315,0.0011242129003106996,0.017106059020071937,0.0011322122691985177,0.018479420298525315,0.0011322598026526146
C13451aW,64.0,0.07729990074022491,0.0027456205877329537,0.02507076663887143,0.0012229835085803358,0.02507076663887143,0.0012229835085803358,0.02580132442931863,0.0012223585818302235,0.02580132442931863,0.0012223585818302235,0.005787246533977112,0.016783059367797,0.0012178067756225964,0.016783059367797,0.0012178067756225964,0.0188854622383659,0.0012177883259114962,0.0188854622383659,0.0012177883259114962,0.00391004845609479,0.01505620938445194,0.0011317722417480745,0.016802109065283864,0.001131822315356498,0.01385567307653392,0.0011306056161946231,0.01539846278786899,0.0011306106701039532,0.0248875020861971,0.0012741135404522638,0.024953668746483873,0.0012741330118256826,0.023603024005249322,0.0013697072570273406,0.023602804091655636,0.0013698092073356038,0.0027456205877329537,0.02580132442931863,0.0012206800380092455,0.02580132442931863,0.0012206800380092455,0.02580132442931863,0.0012223585818302235,0.02580132442931863,0.0012223585818302235,0.016104373426906658,0.0012931944663898025,0.01610517381872518,0.0012929866467362471,0.01664621162142514,0.0012931997704690506,0.016643211125626778,0.0012929768125214394,0.0188854622383659,0.0012171707061785085,0.0188854622383659,0.0012171707061785085,0.0188854622383659,0.0012177883259114962,0.0188854622383659,0.0012177883259114962,0.023464309962663115,0.001268344361799723,0.022349627656333294,0.0012685581562674937,0.021949013777210622,0.0013737309342726199,0.02122690457527887,0.0013738853538477643,0.01505620938445194,0.0011317722417480745,0.016802109065283864,0.001131822315356498,0.01385567307653392,0.0011306056161946231,0.01539846278786899,0.0011306106701039532,0.016783059367797,0.0012178067756225964,0.016783059367797,0.0012178067756225964,0.0188854622383659,0.0012177883259114962,0.0188854622383659,0.0012177883259114962,0.01385567307653392,0.0011252004691918037,0.01539846278786899,0.0011252933492996433,0.01385567307653392,0.0011306056161946231,0.01539846278786899,0.0011306106701039532
C13459dW,64.0,0.09755480565419954,0.0028846260065025823,0.02252096538940642,0.0012215609487237391,0.02252096538940642,0.0012215609487237391,0.024969982910666377,0.0012218158416339455,0.024969982910666377,0.0012218158416339455,0.008921535741882957,0.018420587705347775,0.0012175259274068027,0.018420587705347775,0.0012175259274068027,0.01833219301968566,0.0012175236909060742,0.01833219301968566,0.0012175236909060742,0.005586852126854142,0.013837385569902312,0.0011295897265431723,0.014798043370223297,0.0011296980986433074,0.01395428418795946,0.0011296014222512245,0.014373920376505457,0.0011296177932864557,0.024285080193698343,0.0012937652958869817,0.024277480024752926,0.0012937656168135318,0.023336579424795056,0.0013185129295265803,0.02332827135240456,0.0013185964673819081,0.0028846260065025823,0.024969982910666377,0.001219962887701445,0.024969982910666377,0.001219962887701445,0.024969982910666377,0.0012218158416339455,0.024969982910666377,0.0012218158416339455,0.016678209413021828,0.0012707391894301936,0.016678690829334257,0.001270681107449243,0.017039663620067282,0.001270733006756353,0.017039728079135886,0.0012706836215787903,0.01833219301968566,0.0012168211870333193,0.01833219301968566,0.0012168211870333193,0.01833219301968566,0.0012175236909060742,0.01833219301968566,0.0012175236909060742,0.022410670859071315,0.0012924650037808288,0.019957204081081027,0.0012926150821145701,0.021686500833259313,0.001330328268941594,0.01932112394947722,0.0013303476514274603,0.013837385569902312,0.0011295897265431723,0.014798043370223297,0.0011296980986433074,0.01395428418795946,0.0011296014222512245,0.014373920376505457,0.0011296177932864557,0.018420587705347775,0.0012175259274068027,0.018420587705347775,0.0012175259274068027,0.01833219301968566,0.0012175236909060742,0.01833219301968566,0.0012175236909060742,0.01395428418795946,0.0011252413793589808,0.014373920376505457,0.0011252075088834601,0.01395428418795946,0.0011296014222512245,0.014373920376505457,0.0011296177932864557
DMSO71-102_2,384.0,0.29876168356848026,0.013224372660407322,0.008258693367763834,0.008224376091307177,0.008258693367763834,0.008224376091307177,0.008243640996609247,0.008210015221985053,0.008243640996609247,0.008210015221985053,0.015258506940906517,0.008244463605948708,0.008219821663445665,0.008244463605948708,0.008219821663445665,0.008243936608987269,0.00821979936559133,0.008243936608987269,0.00821979936559133,0.014952761572346054,0.00799860153411224,0.007991649918223521,0.007999728855282136,0.007991583101773399,0.008005036534714505,0.007998915875417045,0.008007417266172039,0.007998654521959013,0.00823986752781272,0.008216268919763825,0.008239984522966039,0.008216265947759677,0.00826322564207221,0.008243998033359533,0.008263218507172721,0.008244135295061928,0.013224372660407322,0.008243640996609247,0.008208942038687194,0.008243640996609247,0.008208942038687194,0.008243640996609247,0.008210015221985053,0.008243640996609247,0.008210015221985053,0.008267110435231468,0.008240092033923525,0.0082668691928182,0.0082405520876017,0.008265084470764093,0.008240102960843418,0.0082650632999629,0.008240521891586283,0.008243936608987269,0.00821953378937121,0.008243936608987269,0.00821953378937121,0.008243936608987269,0.00821979936559133,0.008243936608987269,0.00821979936559133,0.008019640386507184,0.007999181537711519,0.008006742522116991,0.007999000267547506,0.008027739839440821,0.008011005744394823,0.008014190283275796,0.008011107598946797,0.00799860153411224,0.007991649918223521,0.007999728855282136,0.007991583101773399,0.008005036534714505,0.007998915875417045,0.008007417266172039,0.007998654521959013,0.008244463605948708,0.008219821663445665,0.008244463605948708,0.008219821663445665,0.008243936608987269,0.00821979936559133,0.008243936608987269,0.00821979936559133,0.008005036534714505,0.007996801846884569,0.008007417266172039,0.007996705225676635,0.008005036534714505,0.007998915875417045,0.008007417266172039,0.007998654521959013
Dest210531-152810,64.0,0.026395716662462453,0.0026300863179042266,0.019632824758886273,0.0012211418873708686,0.019632824758886273,0.0012211418873708686,0.02164261326165227,0.0012210361776348265,0.02164261326165227,0.0012210361776348265,0.006760685883870185,0.0145131167613351,0.0012168298786891,0.0145131167613351,0.0012168298786891,0.015130299110423098,0.0012168141405538,0.015130299110423098,0.0012168141405538,0.004273751204177665,0.012399580809758014,0.0011299962282962609,0.013941497302542754,0.001130068480523651,0.011663260578593966,0.0011298818473232724,0.012869199889878152,0.0011298791017085585,0.02093759129512779,0.0012886365156821473,0.020955301507125844,0.0012886061883501086,0.020032861406616937,0.0013960590946673034,0.020033469570520303,0.001395949202483585,0.0026300863179042266,0.02164261326165227,0.0012197657960297057,0.02164261326165227,0.0012197657960297057,0.02164261326165227,0.0012210361776348265,0.02164261326165227,0.0012210361776348265,0.015903759889364318,0.0013136577043032541,0.015902467956167735,0.0013134042616362311,0.015915729065931934,0.001313653220467064,0.015915349044971314,0.0013134107308537934,0.015130299110423098,0.0012162319085803606,0.015130299110423098,0.0012162319085803606,0.015130299110423098,0.0012168141405538,0.015130299110423098,0.0012168141405538,0.02008198022947078,0.00128784622583928,0.017257851421504225,0.0012878370144769507,0.019317371491166805,0.0014032826889013893,0.01662761900129038,0.0014032517017206311,0.012399580809758014,0.0011299962282962609,0.013941497302542754,0.001130068480523651,0.011663260578593966,0.0011298818473232724,0.012869199889878152,0.0011298791017085585,0.0145131167613351,0.0012168298786891,0.0145131167613351,0.0012168298786891,0.015130299110423098,0.0012168141405538,0.015130299110423098,0.0012168141405538,0.011663260578593966,0.0011242258514414611,0.012869199889878152,0.001124231810841733,0.011663260578593966,0.0011298818473232724,0.012869199889878152,0.0011298791017085585
Dest210531-152945,64.0,0.028027711573214726,0.0029527310910279696,0.01406308429112773,0.0012206289816635162,0.01406308429112773,0.0012206289816635162,0.015936604748366653,0.0012199377946155382,0.015936604748366653,0.0012199377946155382,0.0060933979368134866,0.010947839442638642,0.0012157702821356023,0.010947839442638642,0.0012157702821356023,0.011832273909512003,0.0012157702821356023,0.011832273909512003,0.0012157702821356023,0.003552424516228929,0.009859570277593658,0.0011297336748931567,0.011174840412757379,0.0011297707272947771,0.008933054517961034,0.001131476993941697,0.010398193437485525,0.00113159324726228,0.015548605828420698,0.001283892457821412,0.015549450264376317,0.0012840423862615648,0.014962058223448193,0.0013559251811993637,0.014961464075115193,0.0013558513572172056,0.0029527310910279696,0.015936604748366653,0.0012184267733592463,0.015936604748366653,0.0012184267733592463,0.015936604748366653,0.0012199377946155382,0.015936604748366653,0.0012199377946155382,0.011159630855575791,0.0012866744472501677,0.011147935786158882,0.0012865603718694577,0.011528724757478771,0.001286667850860718,0.011564162811865685,0.001286558633188305,0.011832273909512003,0.0012151417888516733,0.011832273909512003,0.0012151417888516733,0.011832273909512003,0.0012157702821356023,0.011832273909512003,0.0012157702821356023,0.014145984516929447,0.0012797988382867006,0.013316395131676841,0.0012798028970168545,0.013817884606766674,0.0013522790740463845,0.012889137323250765,0.0013523477210131449,0.009859570277593658,0.0011297336748931567,0.011174840412757379,0.0011297707272947771,0.008933054517961034,0.001131476993941697,0.010398193437485525,0.00113159324726228,0.010947839442638642,0.0012157702821356023,0.010947839442638642,0.0012157702821356023,0.011832273909512003,0.0012157702821356023,0.011832273909512003,0.0012157702821356023,0.008933054517961034,0.0011231856326926648,0.010398193437485525,0.0011231934354553048,0.008933054517961034,0.001131476993941697,0.010398193437485525,0.00113159324726228
Dest210531-153120,64.0,0.03043201083802311,0.0019952077193582975,0.01733819628821484,0.001220805434534971,0.01733819628821484,0.001220805434534971,0.018365139925161863,0.0012210056469796856,0.018365139925161863,0.0012210056469796856,0.004218493474520373,0.012171839235548456,0.0012167845371750757,0.012171839235548456,0.0012167845371750757,0.013957056823850919,0.0012167913556499325,0.013957056823850919,0.0012167913556499325,0.00300309746976816,0.009047500229549546,0.0011313676286018556,0.010377813201266989,0.0011313449248188008,0.008416751745469188,0.0011312979983397824,0.009607599532310123,0.0011313365651847303,0.01823333815383701,0.001289616668159558,0.018234505309556514,0.0012898199926574855,0.01770733433394365,0.0013883293007470976,0.017711364618258663,0.0013884520477559993,0.0019952077193582975,0.018365139925161863,0.001219640817023152,0.018365139925161863,0.001219640817023152,0.018365139925161863,0.0012210056469796856,0.018365139925161863,0.0012210056469796856,0.014079215961929023,0.0013178616079950502,0.01407821613570018,0.001317737007823105,0.015030239661300399,0.0013178603351811766,0.015032538491420935,0.00131775079758636,0.013957056823850919,0.0012163492835363236,0.013957056823850919,0.0012163492835363236,0.013957056823850919,0.0012167913556499325,0.013957056823850919,0.0012167913556499325,0.01650338330841024,0.0012855782202096688,0.01388403465603862,0.0012855675570036598,0.015675941836010454,0.0013954238217382434,0.013076163448802492,0.0013954392065027982,0.009047500229549546,0.0011313676286018556,0.010377813201266989,0.0011313449248188008,0.008416751745469188,0.0011312979983397824,0.009607599532310123,0.0011313365651847303,0.012171839235548456,0.0012167845371750757,0.012171839235548456,0.0012167845371750757,0.013957056823850919,0.0012167913556499325,0.013957056823850919,0.0012167913556499325,0.008416751745469188,0.0011254570272779096,0.009607599532310123,0.001125435176602477,0.008416751745469188,0.0011312979983397824,0.009607599532310123,0.0011313365651847303
Dest210601-153606,64.0,0.03226403008469759,0.003462882292487578,0.023820640308396143,0.001221682990748731,0.023820640308396143,0.001221682990748731,0.024868911742961176,0.0012211857528600968,0.024868911742961176,0.0012211857528600968,0.0065809216917895,0.013549207736680996,0.0012155873077143247,0.013549207736680996,0.0012155873077143247,0.015022055882499111,0.0012155905729935145,0.015022055882499111,0.0012155905729935145,0.004417028857391483,0.013449389850941962,0.0011293635043572372,0.01524219652574753,0.0011293728565146986,0.011299599389242247,0.0011300066725027887,0.013053806984036723,0.0011300503759808292,0.025194619166421548,0.0012849381996292383,0.025195618291261324,0.0012849813266661422,0.02298451910755485,0.0013767693758164209,0.02298312340962144,0.0013768254301091425,0.003462882292487578,0.024868911742961176,0.0012190435626671034,0.024868911742961176,0.0012190435626671034,0.024868911742961176,0.0012211857528600968,0.024868911742961176,0.0012211857528600968,0.014736206797326663,0.0013299498626071094,0.014734281962168536,0.0013297624498889212,0.01541518041148895,0.0013299608158622714,0.015390537108904229,0.0013297676451906422,0.015022055882499111,0.0012146773582539638,0.015022055882499111,0.0012146773582539638,0.015022055882499111,0.0012155905729935145,0.015022055882499111,0.0012155905729935145,0.02433069677230543,0.0012756547016160495,0.021060752470360006,0.001275569523229608,0.021502398279559517,0.0013690183667911234,0.019054007204300307,0.001369047909975381,0.013449389850941962,0.0011293635043572372,0.01524219652574753,0.0011293728565146986,0.011299599389242247,0.0011300066725027887,0.013053806984036723,0.0011300503759808292,0.013549207736680996,0.0012155873077143247,0.013549207736680996,0.0012155873077143247,0.015022055882499111,0.0012155905729935145,0.015022055882499111,0.0012155905729935145,0.011299599389242247,0.0011224043968714658,0.013053806984036723,0.0011224107612622174,0.011299599389242247,0.0011300066725027887,0.013053806984036723,0.0011300503759808292
Dest210601-154924,64.0,0.02669135800821719,0.0023868586223629302,0.017789744012104206,0.0012225308480334613,0.017789744012104206,0.0012225308480334613,0.01676488293909383,0.0012221146779019822,0.01676488293909383,0.0012221146779019822,0.005004492943988676,0.0116103124989952,0.0012169379730991628,0.0116103124989952,0.0012169379730991628,0.012465921637150715,0.0012169399575479535,0.012465921637150715,0.0012169399575479535,0.003323926711322846,0.011787651509918002,0.0011309039497658466,0.012125940502410296,0.001130955904370407,0.01043050288966935,0.001129345882983501,0.011077021156222255,0.0011293695082164575,0.01821239470437197,0.00128562462020217,0.018212807112486996,0.0012857376371704229,0.01624004770826252,0.001324757738717263,0.016243508306528803,0.0013247049162620254,0.0023868586223629302,0.01676488293909383,0.001220819419091799,0.01676488293909383,0.001220819419091799,0.01676488293909383,0.0012221146779019822,0.01676488293909383,0.0012221146779019822,0.01211163488425571,0.001287148964065138,0.01211271052280542,0.0012870357636060403,0.012405146387912626,0.0012871541377547846,0.012457040243714398,0.0012870239751885447,0.012465921637150715,0.0012168212423897076,0.012465921637150715,0.0012168212423897076,0.012465921637150715,0.0012169399575479535,0.012465921637150715,0.0012169399575479535,0.017603609038788486,0.0012899106952530943,0.015052263605102317,0.001289922579023752,0.015246450220604887,0.001335892305418404,0.013331800726511033,0.001335956705195807,0.011787651509918002,0.0011309039497658466,0.012125940502410296,0.001130955904370407,0.01043050288966935,0.001129345882983501,0.011077021156222255,0.0011293695082164575,0.0116103124989952,0.0012169379730991628,0.0116103124989952,0.0012169379730991628,0.012465921637150715,0.0012169399575479535,0.012465921637150715,0.0012169399575479535,0.01043050288966935,0.0011249234342553445,0.011077021156222255,0.0011249336076592465,0.01043050288966935,0.001129345882983501,0.011077021156222255,0.0011293695082164575
Dest210601-155059,64.0,0.019090377434447567,0.004109552056977033,0.015568067568801757,0.0012204834319992064,0.015568067568801757,0.0012204834319992064,0.01658078721062977,0.0012201303846747502,0.01658078721062977,0.0012201303846747502,0.005060247561649531,0.01215151380791292,0.0012152548567449623,0.01215151380791292,0.0012152548567449623,0.01274738389104111,0.0012152383854740028,0.01274738389104111,0.0012152383854740028,0.004308040328808952,0.009017767845302326,0.0011291708261532997,0.009442523394982688,0.00112914097271592,0.008211578550003467,0.0011267132710963453,0.00892342384799848,0.0011267507390570052,0.017059725178048234,0.001306300194085643,0.017059009722654613,0.0013062816663932295,0.015877773127809826,0.0013618283725995576,0.015908564509207093,0.001361957944191396,0.004109552056977033,0.01658078721062977,0.0012186647986511237,0.01658078721062977,0.0012186647986511237,0.01658078721062977,0.0012201303846747502,0.01658078721062977,0.0012201303846747502,0.013782014191637165,0.0013083465126395135,0.013699137463695181,0.0013083198781029396,0.013725977663520657,0.0013083409663985244,0.013730194330809688,0.001308307452504586,0.01274738389104111,0.001214997705171532,0.01274738389104111,0.001214997705171532,0.01274738389104111,0.0012152383854740028,0.01274738389104111,0.0012152383854740028,0.016694763660813183,0.001305611520177253,0.013425052681824798,0.001305542215261105,0.015084857253875338,0.0013631620053464143,0.012653705103597451,0.0013632474127126158,0.009017767845302326,0.0011291708261532997,0.009442523394982688,0.00112914097271592,0.008211578550003467,0.0011267132710963453,0.00892342384799848,0.0011267507390570052,0.01215151380791292,0.0012152548567449623,0.01215151380791292,0.0012152548567449623,0.01274738389104111,0.0012152383854740028,0.01274738389104111,0.0012152383854740028,0.008211578550003467,0.0011252013690723449,0.00892342384799848,0.0011251811797828885,0.008211578550003467,0.0011267132710963453,0.00892342384799848,0.0011267507390570052
Dest210607-134443,64.0,0.015441934471724882,0.003620975791195693,0.025628866382818343,0.0012186855955698904,0.025628866382818343,0.0012186855955698904,0.028407063081020565,0.0012182715548850038,0.028407063081020565,0.0012182715548850038,0.005698112615054333,0.017757670719770163,0.001212140569905336,0.017757670719770163,0.001212140569905336,0.01845112918525532,0.0012121258240821622,0.01845112918525532,0.0012121258240821622,0.0042782402625327004,0.012536537077477306,0.0011287736167626926,0.014326324580142906,0.0011287331578754424,0.011415129790175733,0.0011278396835114344,0.013200024672598077,0.0011279400702924845,0.02730605292907334,0.0012677532101672657,0.027313872265454342,0.0012676921765340423,0.027450008302383526,0.0014087618991236175,0.02744871962575787,0.0014088360851554436,0.003620975791195693,0.028407063081020565,0.0012166460828424935,0.028407063081020565,0.0012166460828424935,0.028407063081020565,0.0012182715548850038,0.028407063081020565,0.0012182715548850038,0.01912012405234984,0.0013518067470222076,0.0190866587965351,0.0013516849923767592,0.01903585136148366,0.0013518065755197626,0.019034306930083608,0.0013516973802902626,0.01845112918525532,0.0012115607672490089,0.01845112918525532,0.0012115607672490089,0.01845112918525532,0.0012121258240821622,0.01845112918525532,0.0012121258240821622,0.026248538904433856,0.0012717707718501124,0.020981469131001816,0.001271981097684017,0.02570699651198273,0.0014117424959724535,0.020635389920006356,0.0014117689619052758,0.012536537077477306,0.0011287736167626926,0.014326324580142906,0.0011287331578754424,0.011415129790175733,0.0011278396835114344,0.013200024672598077,0.0011279400702924845,0.017757670719770163,0.001212140569905336,0.017757670719770163,0.001212140569905336,0.01845112918525532,0.0012121258240821622,0.01845112918525532,0.0012121258240821622,0.011415129790175733,0.0011226970915133568,0.013200024672598077,0.0011226825440637598,0.011415129790175733,0.0011278396835114344,0.013200024672598077,0.0011279400702924845
Dest210607-135106,64.0,0.013695039300892706,0.0035914064278287495,0.018784094247782854,0.0012194679064355366,0.018784094247782854,0.0012194679064355366,0.02192011005610357,0.001218755222281828,0.02192011005610357,0.001218755222281828,0.005601444084033543,0.017410630341533225,0.0012128263531138242,0.017410630341533225,0.0012128263531138242,0.018765525117396376,0.001212818026546151,0.018765525117396376,0.001212818026546151,0.004529842747370543,0.010241477965403863,0.0011267681279335333,0.01163227148267174,0.0011267172428618506,0.00951505248319898,0.0011318885883727199,0.011294018196128984,0.0011318345902096218,0.02075568757579286,0.0012822593597921648,0.02076058792875466,0.0012822735300246934,0.020579862523192875,0.0014343442702604852,0.02057647960276273,0.0014344008762205655,0.0035914064278287495,0.02192011005610357,0.0012174096315719478,0.02192011005610357,0.0012174096315719478,0.02192011005610357,0.001218755222281828,0.02192011005610357,0.001218755222281828,0.019833466475194458,0.0013718196331771123,0.019718525181813454,0.0013715807769048368,0.019596680156321676,0.0013718271186760665,0.01955742600850301,0.0013715785283035832,0.018765525117396376,0.0012124309214538642,0.018765525117396376,0.0012124309214538642,0.018765525117396376,0.001212818026546151,0.018765525117396376,0.001212818026546151,0.019982935636266776,0.0012815144284571243,0.01741790075538058,0.0012815813110492466,0.019860026088277274,0.0014521983592408606,0.01725067030312976,0.0014521467673855393,0.010241477965403863,0.0011267681279335333,0.01163227148267174,0.0011267172428618506,0.00951505248319898,0.0011318885883727199,0.011294018196128984,0.0011318345902096218,0.017410630341533225,0.0012128263531138242,0.017410630341533225,0.0012128263531138242,0.018765525117396376,0.001212818026546151,0.018765525117396376,0.001212818026546151,0.00951505248319898,0.0011273322881431588,0.011294018196128984,0.0011273081287491904,0.00951505248319898,0.0011318885883727199,0.011294018196128984,0.0011318345902096218
Dest210607-140420,64.0,0.01691311679851936,0.003019036965894451,0.014999000717968603,0.0012207563705709068,0.014999000717968603,0.0012207563705709068,0.015852156130161534,0.001219287497500998,0.015852156130161534,0.001219287497500998,0.005172378594502986,0.010428336420618283,0.0012155230452953725,0.010428336420618283,0.0012155230452953725,0.011243781507445505,0.00121551140747661,0.011243781507445505,0.00121551140747661,0.004613273643100972,0.008122319661423573,0.0011286939167686472,0.009283469550381823,0.0011286781924138834,0.007629795824207644,0.001131968410588765,0.008753355664208158,0.0011319935956906884,0.015112006434382316,0.0012813024003647333,0.015103547742029773,0.0012813412829026857,0.014461280093412208,0.001374005107726093,0.01446030206395901,0.0013740992389801611,0.003019036965894451,0.015852156130161534,0.00121839137879991,0.015852156130161534,0.00121839137879991,0.015852156130161534,0.001219287497500998,0.015852156130161534,0.001219287497500998,0.011242584981508947,0.0013496974610288585,0.01124377319611482,0.0013495827965006204,0.011602893531329483,0.0013497094269837749,0.011600023924765281,0.0013495891070988248,0.011243781507445505,0.0012148313605816062,0.011243781507445505,0.0012148313605816062,0.011243781507445505,0.00121551140747661,0.011243781507445505,0.00121551140747661,0.014566556550926223,0.0012871425897861659,0.013324112361363837,0.00128733216288343,0.013894151877370536,0.0013827588466426564,0.012500837370637265,0.0013827885334449003,0.008122319661423573,0.0011286939167686472,0.009283469550381823,0.0011286781924138834,0.007629795824207644,0.001131968410588765,0.008753355664208158,0.0011319935956906884,0.010428336420618283,0.0012155230452953725,0.010428336420618283,0.0012155230452953725,0.011243781507445505,0.00121551140747661,0.011243781507445505,0.00121551140747661,0.007629795824207644,0.001131278961502039,0.008753355664208158,0.0011312772987355738,0.007629795824207644,0.001131968410588765,0.008753355664208158,0.0011319935956906884
Dest210608-151243,64.0,0.022308405899902243,0.00306289647358655,0.021168557578975983,0.0012194108664183906,0.021168557578975983,0.0012194108664183906,0.022087218031127957,0.0012190350943500376,0.022087218031127957,0.0012190350943500376,0.007435686666826778,0.014507435007690325,0.0012138077662077868,0.014507435007690325,0.0012138077662077868,0.015863935502551774,0.0012138106642528117,0.015863935502551774,0.0012138106642528117,0.004231301927774981,0.012294807984558665,0.0011267217779377594,0.012685413618162784,0.0011266891397026897,0.011918453797271324,0.0011304438867814322,0.01252929639333877,0.0011304813047910275,0.02192597587403193,0.0012891419717262413,0.021914699936891227,0.001289337168702162,0.02050202735911567,0.001390887606930699,0.02047643655811125,0.0013909360212913584,0.00306289647358655,0.022087218031127957,0.0012176305378844134,0.022087218031127957,0.0012176305378844134,0.022087218031127957,0.0012190350943500376,0.022087218031127957,0.0012190350943500376,0.01523487816679374,0.0012773952665628052,0.015216031905619098,0.0012773735775284322,0.015416234433262966,0.001277399814116378,0.01541479559641204,0.0012773778567287419,0.015863935502551774,0.0012132940700863174,0.015863935502551774,0.0012132940700863174,0.015863935502551774,0.0012138106642528117,0.015863935502551774,0.0012138106642528117,0.0210028589213672,0.0012857963181784255,0.017354671442622784,0.0012859139520611494,0.019356334229007392,0.0013885355388095662,0.01692239000871484,0.0013885434618122732,0.012294807984558665,0.0011267217779377594,0.012685413618162784,0.0011266891397026897,0.011918453797271324,0.0011304438867814322,0.01252929639333877,0.0011304813047910275,0.014507435007690325,0.0012138077662077868,0.014507435007690325,0.0012138077662077868,0.015863935502551774,0.0012138106642528117,0.015863935502551774,0.0012138106642528117,0.011918453797271324,0.0011247005409252004,0.01252929639333877,0.0011246352709957596,0.011918453797271324,0.0011304438867814322,0.01252929639333877,0.0011304813047910275
Dest210608-151418,64.0,0.02251602850510531,0.0025501519571834415,0.015843377386957874,0.0012209520886020176,0.015843377386957874,0.0012209520886020176,0.016718451425575043,0.001220232332305287,0.016718451425575043,0.001220232332305287,0.005137828241242014,0.009790127344740069,0.001215222233222339,0.009790127344740069,0.001215222233222339,0.011129790522822357,0.001215215926220977,0.011129790522822357,0.001215215926220977,0.0030129439195231795,0.009540720325260325,0.0011283276307017499,0.00990297872302703,0.001128448787336452,0.009011970919226347,0.0011313433273293753,0.009213322418598496,0.0011312855315177162,0.016214565640754623,0.0012879244737798235,0.016213124224775687,0.0012880486962378538,0.01553525779218139,0.0013382993965822872,0.015603015898267904,0.0013382880711311405,0.0025501519571834415,0.016718451425575043,0.0012186355446549843,0.016718451425575043,0.0012186355446549843,0.016718451425575043,0.001220232332305287,0.016718451425575043,0.001220232332305287,0.011591103082279066,0.00127758429534139,0.011602297207428006,0.001277605487084677,0.011626808008315214,0.0012775815175395504,0.01162156212858469,0.0012776137815460012,0.011129790522822357,0.001214904179151791,0.011129790522822357,0.001214904179151791,0.011129790522822357,0.001215215926220977,0.011129790522822357,0.001215215926220977,0.015235783930932105,0.0012821107757490441,0.01364499027743749,0.0012821967594204844,0.014152533823173271,0.001338118545378949,0.012935881216202195,0.0013381386166714292,0.009540720325260325,0.0011283276307017499,0.00990297872302703,0.001128448787336452,0.009011970919226347,0.0011313433273293753,0.009213322418598496,0.0011312855315177162,0.009790127344740069,0.001215222233222339,0.009790127344740069,0.001215222233222339,0.011129790522822357,0.001215215926220977,0.011129790522822357,0.001215215926220977,0.009011970919226347,0.0011240356697986525,0.009213322418598496,0.001123988881624976,0.009011970919226347,0.0011313433273293753,0.009213322418598496,0.0011312855315177162
Dest210608-152610,61.0,0.013429173581162357,0.0032470452369277947,0.01997853815825141,0.0011521255514907154,0.01997853815825141,0.0011521255514907154,0.019328989978762704,0.0011521113930830292,0.019328989978762704,0.0011521113930830292,0.0057932607795007016,0.010633724038267256,0.0011461724020954739,0.010633724038267256,0.0011461724020954739,0.010550144188884312,0.0011461597946634111,0.010550144188884312,0.0011461597946634111,0.004541952736667127,0.009170515953420581,0.0010700342055519768,0.010500296879946537,0.001070122593699439,0.008753225010817255,0.0010721768448089504,0.009152936677265756,0.00107226885653464,0.020107035610249496,0.0012067965261017492,0.02010884152476862,0.001206911222240763,0.018139759006226493,0.0013661024408275506,0.018109468528346894,0.0013661635142773298,0.0032470452369277947,0.019328989978762704,0.001150891549062183,0.019328989978762704,0.001150891549062183,0.019328989978762704,0.0011521113930830292,0.019328989978762704,0.0011521113930830292,0.011225538924524877,0.0012839182097000225,0.011226752680513846,0.0012839870122419448,0.011566777543822317,0.0012839164617989545,0.011564340449609616,0.0012839878780965927,0.010550144188884312,0.001146112917120812,0.010550144188884312,0.001146112917120812,0.010550144188884312,0.0011461597946634111,0.010550144188884312,0.0011461597946634111,0.019307163175646836,0.001204418799307748,0.016550203910127567,0.0012043648300345772,0.017536836051442198,0.0013596795009193706,0.016018598294484956,0.0013597316109464556,0.009170515953420581,0.0010700342055519768,0.010500296879946537,0.001070122593699439,0.008753225010817255,0.0010721768448089504,0.009152936677265756,0.00107226885653464,0.010633724038267256,0.0011461724020954739,0.010633724038267256,0.0011461724020954739,0.010550144188884312,0.0011461597946634111,0.010550144188884312,0.0011461597946634111,0.008753225010817255,0.001065491612122606,0.009152936677265756,0.0010654741107032943,0.008753225010817255,0.0010721768448089504,0.009152936677265756,0.00107226885653464
Dest210614-163446,64.0,0.023399472433170955,0.0023517258853752634,0.01555077468683343,0.001220351121711499,0.01555077468683343,0.001220351121711499,0.017157423601061407,0.0012206869952241049,0.017157423601061407,0.0012206869952241049,0.0061330804239707985,0.012621456422972549,0.0012155924602355011,0.012621456422972549,0.0012155924602355011,0.013076040891381736,0.0012155904677968543,0.013076040891381736,0.0012155904677968543,0.0037226641481392154,0.009387426662715248,0.0011297753342382978,0.010063675467975325,0.001129797003048008,0.008568300503552163,0.0011296921612157522,0.009485552824753425,0.0011296480690093083,0.016791037562352108,0.0012944856157940069,0.01679905461404709,0.001294524652040909,0.016144175723513163,0.0014041020249684617,0.0161455876571198,0.0014041313639426727,0.0023517258853752634,0.017157423601061407,0.0012192052192228848,0.017157423601061407,0.0012192052192228848,0.017157423601061407,0.0012206869952241049,0.017157423601061407,0.0012206869952241049,0.012478360934148693,0.0013445481721404864,0.012395229208006795,0.001344414911066263,0.012379150672379807,0.0013445443372009814,0.012378945989941435,0.0013444219149118194,0.013076040891381736,0.0012150410416644204,0.013076040891381736,0.0012150410416644204,0.013076040891381736,0.0012155904677968543,0.013076040891381736,0.0012155904677968543,0.01586340286163931,0.0012930997963810497,0.013868393701612787,0.0012932974053730165,0.015091885294941905,0.0014072435363805486,0.012944434835255671,0.0014071924490102216,0.009387426662715248,0.0011297753342382978,0.010063675467975325,0.001129797003048008,0.008568300503552163,0.0011296921612157522,0.009485552824753425,0.0011296480690093083,0.012621456422972549,0.0012155924602355011,0.012621456422972549,0.0012155924602355011,0.013076040891381736,0.0012155904677968543,0.013076040891381736,0.0012155904677968543,0.008568300503552163,0.0011251095918933583,0.009485552824753425,0.0011251026704740502,0.008568300503552163,0.0011296921612157522,0.009485552824753425,0.0011296480690093083
Dest210614-163756,64.0,0.02518264586093937,0.0032383157781556786,0.015086583595003075,0.0012197697992123615,0.015086583595003075,0.0012197697992123615,0.014856037379510464,0.0012197560702812776,0.014856037379510464,0.0012197560702812776,0.00634470691504767,0.01098425511309497,0.0012152276310125588,0.01098425511309497,0.0012152276310125588,0.01185780936037222,0.0012152082736033652,0.01185780936037222,0.0012152082736033652,0.004403963932577306,0.01169732790851435,0.0011300420289493082,0.011377901545635507,0.00113014669442861,0.010804091510405796,0.001128393372578472,0.010564716707437747,0.0011283276998796377,0.015252788496308093,0.0012871599635252023,0.015259993705640898,0.0012872138472788338,0.014760052148952839,0.0013808033876573072,0.014751513736574448,0.0013807728783733738,0.0032383157781556786,0.014856037379510464,0.0012190958671172013,0.014856037379510464,0.0012190958671172013,0.014856037379510464,0.0012197560702812776,0.014856037379510464,0.0012197560702812776,0.010999552231858901,0.0013296782592442664,0.01099439677138781,0.001329667577222188,0.011408130004172299,0.0013296815662939049,0.01141050241273935,0.0013296593600324767,0.01185780936037222,0.0012145874383430902,0.01185780936037222,0.0012145874383430902,0.01185780936037222,0.0012152082736033652,0.01185780936037222,0.0012152082736033652,0.014886300028752558,0.001285735803634784,0.013846449668295372,0.0012859167279141996,0.014525402900196344,0.001379810583539334,0.01331035075153704,0.0013798881184377396,0.01169732790851435,0.0011300420289493082,0.011377901545635507,0.00113014669442861,0.010804091510405796,0.001128393372578472,0.010564716707437747,0.0011283276998796377,0.01098425511309497,0.0012152276310125588,0.01098425511309497,0.0012152276310125588,0.01185780936037222,0.0012152082736033652,0.01185780936037222,0.0012152082736033652,0.010804091510405796,0.0011247010983468095,0.010564716707437747,0.001124668438651923,0.010804091510405796,0.001128393372578472,0.010564716707437747,0.0011283276998796377
Dest210614-164730,60.0,0.015139872963364248,0.003410628733389291,0.025220231434713282,0.0011337896841179113,0.025220231434713282,0.0011337896841179113,0.025666982361357418,0.0011337046465000463,0.025666982361357418,0.0011337046465000463,0.005244101015897813,0.01479718811923948,0.0011288180634558694,0.01479718811923948,0.0011288180634558694,0.0158564556846414,0.0011288139400874176,0.0158564556846414,0.0011288139400874176,0.0036000335592952324,0.008717441689236338,0.001048791664546952,0.010748725782704017,0.0010489040553236227,0.007283800471730101,0.001052095680651979,0.008893001171588434,0.001052097017605413,0.025599775704483397,0.0011800749779582623,0.025579694418378984,0.0011801750923341311,0.024169083557658854,0.0013527107464761626,0.024173347411153474,0.001352718614664232,0.003410628733389291,0.025666982361357418,0.0011328980736131655,0.025666982361357418,0.0011328980736131655,0.025666982361357418,0.0011337046465000463,0.025666982361357418,0.0011337046465000463,0.016883871803282255,0.0012487460500959261,0.016883123730910672,0.00124864165999207,0.01669945625755211,0.0012487560206446678,0.016686510441600036,0.0012486505766293968,0.0158564556846414,0.0011286234783435935,0.0158564556846414,0.0011286234783435935,0.0158564556846414,0.0011288139400874176,0.0158564556846414,0.0011288139400874176,0.023828166383566766,0.001178932814176381,0.02162215715016603,0.0011789313499578563,0.021853628964331483,0.0013481502770486514,0.01954468977717624,0.0013480296760338471,0.008717441689236338,0.001048791664546952,0.010748725782704017,0.0010489040553236227,0.007283800471730101,0.001052095680651979,0.008893001171588434,0.001052097017605413,0.01479718811923948,0.0011288180634558694,0.01479718811923948,0.0011288180634558694,0.0158564556846414,0.0011288139400874176,0.0158564556846414,0.0011288139400874176,0.007283800471730101,0.0010445548968727146,0.008893001171588434,0.0010445211786974133,0.007283800471730101,0.001052095680651979,0.008893001171588434,0.001052097017605413
Dest210615-151336,61.0,0.0174547616933159,0.0028384770627124375,0.017539778142853263,0.001153228926047676,0.017539778142853263,0.001153228926047676,0.019238694477306646,0.001152820747596243,0.019238694477306646,0.001152820747596243,0.00562984129192259,0.013041539872086871,0.0011473044629700263,0.013041539872086871,0.0011473044629700263,0.014346056045105889,0.0011472975450071035,0.014346056045105889,0.0011472975450071035,0.004162976864649983,0.012228912883252957,0.0010677444886937335,0.01213155334824159,0.0010678399684287976,0.011105527123661524,0.0010748442356479926,0.011735308802132242,0.0010748651184100282,0.01831749314633946,0.0012133918335777865,0.018318925285562067,0.0012132833809142098,0.01850471585147506,0.0013052218579758434,0.018502659839358497,0.0013052623801810348,0.0028384770627124375,0.019238694477306646,0.0011518975917918723,0.019238694477306646,0.0011518975917918723,0.019238694477306646,0.001152820747596243,0.019238694477306646,0.001152820747596243,0.013222757567726947,0.0012490354023479559,0.013226163652359811,0.0012488133295125562,0.013841650823315045,0.001249034361495542,0.013844914325060886,0.0012488226190580428,0.014346056045105889,0.001146536838902419,0.014346056045105889,0.001146536838902419,0.014346056045105889,0.0011472975450071035,0.014346056045105889,0.0011472975450071035,0.017258965049685295,0.001217291181003784,0.01567954994717409,0.0012172528978530248,0.017753346030811277,0.0013130844024007188,0.01575973902720431,0.0013131800279528982,0.012228912883252957,0.0010677444886937335,0.01213155334824159,0.0010678399684287976,0.011105527123661524,0.0010748442356479926,0.011735308802132242,0.0010748651184100282,0.013041539872086871,0.0011473044629700263,0.013041539872086871,0.0011473044629700263,0.014346056045105889,0.0011472975450071035,0.014346056045105889,0.0011472975450071035,0.011105527123661524,0.0010675626161430751,0.011735308802132242,0.001067587239928789,0.011105527123661524,0.0010748442356479926,0.011735308802132242,0.0010748651184100282
Dest210615-152648,61.0,0.015521767729943932,0.003346326755241143,0.014111282785031268,0.0011522571685493217,0.014111282785031268,0.0011522571685493217,0.014018214948219315,0.0011522695350146685,0.014018214948219315,0.0011522695350146685,0.00526185922646609,0.009326994571013507,0.0011472854946016791,0.009326994571013507,0.0011472854946016791,0.010537360243928632,0.0011472839651726372,0.010537360243928632,0.0011472839651726372,0.0032040733201554794,0.007315280545855139,0.0010682076669390017,0.007565294968254046,0.0010681022167036962,0.006204412654871007,0.0010720621040582194,0.006323576765793686,0.0010722025053269484,0.015202213108743071,0.0012182043972621388,0.0152030220611507,0.0012182967982153478,0.014530163874124967,0.0012820690553232647,0.014529934830674444,0.0012820141124520834,0.003346326755241143,0.014018214948219315,0.0011512276912864995,0.014018214948219315,0.0011512276912864995,0.014018214948219315,0.0011522695350146685,0.014018214948219315,0.0011522695350146685,0.012098442004198292,0.0012081910144389394,0.012069911274269058,0.0012082096530361085,0.012142723888323612,0.0012081972193936565,0.012170557928384233,0.0012082169512876366,0.010537360243928632,0.0011467331810385692,0.010537360243928632,0.0011467331810385692,0.010537360243928632,0.0011472839651726372,0.010537360243928632,0.0011472839651726372,0.014428265986204081,0.0012139938041185467,0.012219924634170296,0.0012139978255862696,0.013314002756045381,0.0012785800248271814,0.010943945441044111,0.0012787547948857436,0.007315280545855139,0.0010682076669390017,0.007565294968254046,0.0010681022167036962,0.006204412654871007,0.0010720621040582194,0.006323576765793686,0.0010722025053269484,0.009326994571013507,0.0011472854946016791,0.009326994571013507,0.0011472854946016791,0.010537360243928632,0.0011472839651726372,0.010537360243928632,0.0011472839651726372,0.006204412654871007,0.0010639093290299192,0.006323576765793686,0.0010640032344568376,0.006204412654871007,0.0010720621040582194,0.006323576765793686,0.0010722025053269484
Dest210615-153137,60.0,0.016645395490165672,0.0031713643715379765,0.013054920028876137,0.0011344739392611933,0.013054920028876137,0.0011344739392611933,0.013969943848027333,0.0011343157407238914,0.013969943848027333,0.0011343157407238914,0.004515696798139001,0.007906443126873892,0.001129517948458636,0.007906443126873892,0.001129517948458636,0.00846358941252071,0.0011295255056847702,0.00846358941252071,0.0011295255056847702,0.00338253224357024,0.007459790297424635,0.0010500861052510934,0.008085101980377764,0.0010501227486302152,0.0067037778562461575,0.0010536454935452784,0.006657951737120085,0.0010536570705545053,0.014006850848461587,0.0011972708995847308,0.014010749056724371,0.0011974057045788758,0.013553082799311595,0.0012506091546672837,0.013552154241674991,0.001250686979264967,0.0031713643715379765,0.013969943848027333,0.0011332886866249185,0.013969943848027333,0.0011332886866249185,0.013969943848027333,0.0011343157407238914,0.013969943848027333,0.0011343157407238914,0.008495783185308105,0.0012113217527362,0.008495973919298327,0.0012112314054474702,0.008946402864401577,0.0012113306404373748,0.008943044816782035,0.0012112267737114065,0.00846358941252071,0.0011288468089794006,0.00846358941252071,0.0011288468089794006,0.00846358941252071,0.0011295255056847702,0.00846358941252071,0.0011295255056847702,0.013191170456809101,0.0011947266856333675,0.011404189413989371,0.0011948333063876856,0.013024504106063112,0.0012453562981295156,0.010487247064481712,0.0012454645252607571,0.007459790297424635,0.0010500861052510934,0.008085101980377764,0.0010501227486302152,0.0067037778562461575,0.0010536454935452784,0.006657951737120085,0.0010536570705545053,0.007906443126873892,0.001129517948458636,0.007906443126873892,0.001129517948458636,0.00846358941252071,0.0011295255056847702,0.00846358941252071,0.0011295255056847702,0.0067037778562461575,0.0010473630478677579,0.006657951737120085,0.0010473627596259236,0.0067037778562461575,0.0010536454935452784,0.006657951737120085,0.0010536570705545053
Dest210621-133027,64.0,0.013724021238390657,0.002632534309728661,0.02029248297737516,0.0012199302160291337,0.02029248297737516,0.0012199302160291337,0.021130657753314755,0.0012197493359399564,0.021130657753314755,0.0012197493359399564,0.005294346323085352,0.014125836841128857,0.0012147724330902096,0.014125836841128857,0.0012147724330902096,0.014596341154959521,0.001214786857579935,0.014596341154959521,0.001214786857579935,0.003493105440823506,0.010599599876400244,0.0011288383368730484,0.01203483632950556,0.00112882698892577,0.010019997932505452,0.0011348648408187542,0.012083871479187394,0.001134768617045456,0.02089845726579903,0.0012935394499812417,0.020897148808697245,0.0012935207391206822,0.020783251618823967,0.0014068960488834467,0.020780422536887104,0.0014069926131569641,0.002632534309728661,0.021130657753314755,0.001218463503750234,0.021130657753314755,0.001218463503750234,0.021130657753314755,0.0012197493359399564,0.021130657753314755,0.0012197493359399564,0.015909598020417793,0.0013166129504703422,0.015823104748777937,0.001316580089102207,0.015362683580601623,0.0013166137213713118,0.015356186368164819,0.0013165904782085716,0.014596341154959521,0.0012145513117441265,0.014596341154959521,0.0012145513117441265,0.014596341154959521,0.001214786857579935,0.014596341154959521,0.001214786857579935,0.019802356318491036,0.001289726394738462,0.017506584537109536,0.0012897682605121617,0.01951491903615656,0.0014065398555554917,0.01729245971466283,0.0014065668681305806,0.010599599876400244,0.0011288383368730484,0.01203483632950556,0.00112882698892577,0.010019997932505452,0.0011348648408187542,0.012083871479187394,0.001134768617045456,0.014125836841128857,0.0012147724330902096,0.014125836841128857,0.0012147724330902096,0.014596341154959521,0.001214786857579935,0.014596341154959521,0.001214786857579935,0.010019997932505452,0.0011241661075926902,0.012083871479187394,0.0011241213335069955,0.010019997932505452,0.0011348648408187542,0.012083871479187394,0.001134768617045456
Dest210621-133202,64.0,0.015535402834684272,0.002542175080611073,0.014559212043348353,0.001220102259956066,0.014559212043348353,0.001220102259956066,0.01529391432741159,0.001219942766644257,0.01529391432741159,0.001219942766644257,0.003850012788071872,0.009147126915040795,0.0012156341668554066,0.009147126915040795,0.0012156341668554066,0.010433225741952268,0.0012156344258037173,0.010433225741952268,0.0012156344258037173,0.0028359908886208913,0.009530813652426475,0.0011296295815225205,0.009846119051196218,0.0011296122457924163,0.008158021706001389,0.0011298420948038647,0.008757726576761106,0.00112986257387804,0.01614476489361383,0.0012844691428506756,0.01614479879169249,0.001284460410745202,0.014944304600153425,0.0013938718814504385,0.014921167541468931,0.0013939706559037677,0.002542175080611073,0.01529391432741159,0.001218765198459892,0.01529391432741159,0.001218765198459892,0.01529391432741159,0.001219942766644257,0.01529391432741159,0.001219942766644257,0.00973186743527682,0.0013168160208457597,0.009739857620400576,0.0013167841987653949,0.010563488966450419,0.0013168067920829537,0.0105713045244269,0.0013167972833074422,0.010433225741952268,0.0012155290375475145,0.010433225741952268,0.0012155290375475145,0.010433225741952268,0.0012156344258037173,0.010433225741952268,0.0012156344258037173,0.015355578302616642,0.001280235668008719,0.01364952220823577,0.0012801152022460364,0.013910459110539588,0.0014013622634154656,0.012389988715883937,0.001401432668778843,0.009530813652426475,0.0011296295815225205,0.009846119051196218,0.0011296122457924163,0.008158021706001389,0.0011298420948038647,0.008757726576761106,0.00112986257387804,0.009147126915040795,0.0012156341668554066,0.009147126915040795,0.0012156341668554066,0.010433225741952268,0.0012156344258037173,0.010433225741952268,0.0012156344258037173,0.008158021706001389,0.0011244912344232384,0.008757726576761106,0.0011245599233294763,0.008158021706001389,0.0011298420948038647,0.008757726576761106,0.00112986257387804
Dest210621-134826,64.0,0.014204657039556645,0.00240648005005465,0.01189351029230777,0.001221008943937289,0.01189351029230777,0.001221008943937289,0.012816717980897105,0.00122111421954733,0.012816717980897105,0.00122111421954733,0.002954766025051036,0.007837826426358855,0.001216065877092964,0.007837826426358855,0.001216065877092964,0.008358619067405622,0.0012160647541697622,0.008358619067405622,0.0012160647541697622,0.002402202716751979,0.006984598819497094,0.0011305660392924336,0.007921604735711168,0.0011306246574944317,0.006474153493948441,0.0011333367038016324,0.007187736013753682,0.0011333903583541874,0.012725599568418247,0.0012968903502254907,0.012724242370243995,0.0012968911566611956,0.012134229525350102,0.0013967247076645374,0.012123911425513088,0.0013968355629734158,0.00240648005005465,0.012816717980897105,0.001220013168786304,0.012816717980897105,0.001220013168786304,0.012816717980897105,0.00122111421954733,0.012816717980897105,0.00122111421954733,0.007684882937758873,0.00133787186402092,0.007682574280390003,0.001337796158936085,0.00812221162366728,0.0013378728352608014,0.008125765373795195,0.001337806119255776,0.008358619067405622,0.0012158419914874619,0.008358619067405622,0.0012158419914874619,0.008358619067405622,0.0012160647541697622,0.008358619067405622,0.0012160647541697622,0.011980354025391928,0.0012932298972596317,0.011355634675436304,0.0012932482836795225,0.011062836439286917,0.0013926673021729776,0.0100613135756004,0.0013927304051901863,0.006984598819497094,0.0011305660392924336,0.007921604735711168,0.0011306246574944317,0.006474153493948441,0.0011333367038016324,0.007187736013753682,0.0011333903583541874,0.007837826426358855,0.001216065877092964,0.007837826426358855,0.001216065877092964,0.008358619067405622,0.0012160647541697622,0.008358619067405622,0.0012160647541697622,0.006474153493948441,0.0011279023094613674,0.007187736013753682,0.001127890813181867,0.006474153493948441,0.0011333367038016324,0.007187736013753682,0.0011333903583541874
Dest210622-143317,60.0,0.015132822832367599,0.0030495777987319087,0.01667910572707892,0.0011340526436559215,0.01667910572707892,0.0011340526436559215,0.017038278296251694,0.0011333263663857091,0.017038278296251694,0.0011333263663857091,0.0059966830169249944,0.011788131387247915,0.0011284081950846934,0.011788131387247915,0.0011284081950846934,0.013023848330496407,0.0011283844252438595,0.013023848330496407,0.0011283844252438595,0.003855800848456623,0.009797264856173061,0.0010467744196730106,0.010482775437402642,0.0010467812801125609,0.008924686929642184,0.001052605729002323,0.00961010228175066,0.0010525889314087582,0.017157732396005453,0.0011758555635448952,0.017143336206811806,0.0011759632210481586,0.016712743373132836,0.0013036297392556475,0.016713211638959384,0.001303641025518502,0.0030495777987319087,0.017038278296251694,0.0011322835121197025,0.017038278296251694,0.0011322835121197025,0.017038278296251694,0.0011333263663857091,0.017038278296251694,0.0011333263663857091,0.012479632847885003,0.001211879185209224,0.012485438413125412,0.0012117993437877285,0.01277635911161135,0.001211881823971969,0.012771611154707452,0.0012117885927197868,0.013023848330496407,0.0011277691130472688,0.013023848330496407,0.0011277691130472688,0.013023848330496407,0.0011283844252438595,0.013023848330496407,0.0011283844252438595,0.016764197901597767,0.0011758196067252287,0.01540519424624071,0.001175866256721306,0.016017659736753186,0.0013053981714070235,0.015001517056852678,0.0013055118170932991,0.009797264856173061,0.0010467744196730106,0.010482775437402642,0.0010467812801125609,0.008924686929642184,0.001052605729002323,0.00961010228175066,0.0010525889314087582,0.011788131387247915,0.0011284081950846934,0.011788131387247915,0.0011284081950846934,0.013023848330496407,0.0011283844252438595,0.013023848330496407,0.0011283844252438595,0.008924686929642184,0.0010447913239747004,0.00961010228175066,0.0010449001510019385,0.008924686929642184,0.001052605729002323,0.00961010228175066,0.0010525889314087582
Dest210622-144809,60.0,0.016562399621077497,0.0035528804405081985,0.02031325536746046,0.0011334395217239299,0.02031325536746046,0.0011334395217239299,0.023291365464761182,0.0011330213525353708,0.023291365464761182,0.0011330213525353708,0.006796335986920242,0.013785879614896844,0.0011282018992468247,0.013785879614896844,0.0011282018992468247,0.014456188113149079,0.001128217238266904,0.014456188113149079,0.001128217238266904,0.004301995337836839,0.01028604228127403,0.0010489574570205881,0.011619182445377184,0.0010490095220510747,0.009420548247562246,0.0010505095669912751,0.011090925692431836,0.0010505328161338103,0.022651122531965495,0.0011850826040529893,0.022643066990840118,0.001185102235325838,0.0210828654228557,0.001333463605821154,0.02108130552486747,0.0013336116995220687,0.0035528804405081985,0.023291365464761182,0.0011311246560663437,0.023291365464761182,0.0011311246560663437,0.023291365464761182,0.0011330213525353708,0.023291365464761182,0.0011330213525353708,0.014685714833280352,0.0012149902167146655,0.014686238404629664,0.0012149269833241591,0.01499698502263727,0.0012150056837333873,0.014996934858934993,0.0012149321809978664,0.014456188113149079,0.0011281586569897237,0.014456188113149079,0.0011281586569897237,0.014456188113149079,0.001128217238266904,0.014456188113149079,0.001128217238266904,0.02168220927943554,0.001183151033985606,0.016567793242895573,0.0011833815908716466,0.01980880817274324,0.0013418342487748027,0.015589622071654896,0.0013418848365804464,0.01028604228127403,0.0010489574570205881,0.011619182445377184,0.0010490095220510747,0.009420548247562246,0.0010505095669912751,0.011090925692431836,0.0010505328161338103,0.013785879614896844,0.0011282018992468247,0.013785879614896844,0.0011282018992468247,0.014456188113149079,0.001128217238266904,0.014456188113149079,0.001128217238266904,0.009420548247562246,0.0010436731181881652,0.011090925692431836,0.00104372413136459,0.009420548247562246,0.0010505095669912751,0.011090925692431836,0.0010505328161338103
Dest210622-144945,60.0,0.012567483544441422,0.002765342045412603,0.02478733561753337,0.0011335053141837245,0.02478733561753337,0.0011335053141837245,0.0262319501176339,0.0011337311007591946,0.0262319501176339,0.0011337311007591946,0.007125300400140645,0.013631781115105856,0.0011286673161571296,0.013631781115105856,0.0011286673161571296,0.015112750125785177,0.0011286650406260332,0.015112750125785177,0.0011286650406260332,0.003630648892098086,0.010565884952893708,0.0010482518598014365,0.011879123708206962,0.0010482914850701063,0.009192792375631227,0.0010537321728740947,0.010892439112583918,0.0010537708669195245,0.026380420752458392,0.0011628241203412095,0.026384892583397723,0.0011627373043622401,0.02509181913079336,0.0013228002597398538,0.02507939630709963,0.0013228697451179688,0.002765342045412603,0.0262319501176339,0.001132213490980684,0.0262319501176339,0.001132213490980684,0.0262319501176339,0.0011337311007591946,0.0262319501176339,0.0011337311007591946,0.017248841873159337,0.0012195763223779865,0.017255615711499864,0.0012196336742065308,0.017477347196975513,0.0012195725173702627,0.017504157434044976,0.0012196264029755274,0.015112750125785177,0.0011279705536244601,0.015112750125785177,0.0011279705536244601,0.015112750125785177,0.0011286650406260332,0.015112750125785177,0.0011286650406260332,0.026009658558744195,0.0011603022925242494,0.01869095600567085,0.001160285271488181,0.023710266776848638,0.0013292425823066547,0.017682584817933167,0.0013293388071114582,0.010565884952893708,0.0010482518598014365,0.011879123708206962,0.0010482914850701063,0.009192792375631227,0.0010537321728740947,0.010892439112583918,0.0010537708669195245,0.013631781115105856,0.0011286673161571296,0.013631781115105856,0.0011286673161571296,0.015112750125785177,0.0011286650406260332,0.015112750125785177,0.0011286650406260332,0.009192792375631227,0.0010423626749217808,0.010892439112583918,0.001042403652672234,0.009192792375631227,0.0010537321728740947,0.010892439112583918,0.0010537708669195245
Dest210705-142446,64.0,0.015007104061186528,0.0034504365764723454,0.01609548894111254,0.0012206205924420233,0.01609548894111254,0.0012206205924420233,0.016951562326010774,0.001220281709063938,0.016951562326010774,0.001220281709063938,0.0061797231113784315,0.011740389375015777,0.0012149312710656624,0.011740389375015777,0.0012149312710656624,0.013251772525007605,0.0012149254645950573,0.013251772525007605,0.0012149254645950573,0.0038230925651222903,0.011903990964333862,0.001129301741790426,0.012156677653402283,0.0011292932585707288,0.011096482725681053,0.0011290976652754208,0.011146381544576566,0.001129118396886599,0.017087033155749047,0.0012884146594399429,0.017088799908342958,0.0012884137959583203,0.015473835617079035,0.0013466668600609216,0.015512931241451504,0.0013466521471889972,0.0034504365764723454,0.016951562326010774,0.0012188657199749746,0.016951562326010774,0.0012188657199749746,0.016951562326010774,0.001220281709063938,0.016951562326010774,0.001220281709063938,0.012779336395945792,0.0013054129564405,0.012807143736586047,0.001305427033421204,0.013029747499648954,0.001305416564115377,0.013031332411060161,0.001305426023527057,0.013251772525007605,0.001214164112795738,0.013251772525007605,0.001214164112795738,0.013251772525007605,0.0012149254645950573,0.013251772525007605,0.0012149254645950573,0.016352014437247007,0.0012845160544715532,0.01534145289717569,0.0012846362758187522,0.015089512724485587,0.0013513695714489982,0.014246663369623207,0.0013513484874464485,0.011903990964333862,0.001129301741790426,0.012156677653402283,0.0011292932585707288,0.011096482725681053,0.0011290976652754208,0.011146381544576566,0.001129118396886599,0.011740389375015777,0.0012149312710656624,0.011740389375015777,0.0012149312710656624,0.013251772525007605,0.0012149254645950573,0.013251772525007605,0.0012149254645950573,0.011096482725681053,0.0011219297117109497,0.011146381544576566,0.0011219837952013072,0.011096482725681053,0.0011290976652754208,0.011146381544576566,0.001129118396886599
Dest210705-142818,64.0,0.01586455869824261,0.0033507004571947828,0.013424352864656519,0.0012202617183585528,0.013424352864656519,0.0012202617183585528,0.015132975601711328,0.001218861394242903,0.015132975601711328,0.001218861394242903,0.004648382591535714,0.010613437093826148,0.0012129321787376888,0.010613437093826148,0.0012129321787376888,0.011596067672749375,0.0012129257525565638,0.011596067672749375,0.0012129257525565638,0.003422538483440253,0.006973661194081762,0.0011291816180033962,0.007970787139676734,0.0011292403303807695,0.006441093026195972,0.0011282189663178147,0.007781936280966496,0.0011282452666209507,0.014306955617010621,0.0012798492704351693,0.01427942376704719,0.0012800174660905707,0.014517118032572125,0.0013831693650179608,0.014513777190244919,0.0013831883881953756,0.0033507004571947828,0.015132975601711328,0.0012181466488156753,0.015132975601711328,0.0012181466488156753,0.015132975601711328,0.001218861394242903,0.015132975601711328,0.001218861394242903,0.012414263139312313,0.0013475182812667608,0.012411640361981844,0.0013474513470711463,0.012170739121069168,0.0013475221554597493,0.012167680893839315,0.001347458229801055,0.011596067672749375,0.0012126074715237951,0.011596067672749375,0.0012126074715237951,0.011596067672749375,0.0012129257525565638,0.011596067672749375,0.0012129257525565638,0.01417911189449751,0.0012874940797005835,0.011969101560310997,0.001287466246988817,0.013796558583165985,0.0013832581246972508,0.01237029460578134,0.0013832533401541027,0.006973661194081762,0.0011291816180033962,0.007970787139676734,0.0011292403303807695,0.006441093026195972,0.0011282189663178147,0.007781936280966496,0.0011282452666209507,0.010613437093826148,0.0012129321787376888,0.010613437093826148,0.0012129321787376888,0.011596067672749375,0.0012129257525565638,0.011596067672749375,0.0012129257525565638,0.006441093026195972,0.0011222069629053127,0.007781936280966496,0.0011222012658209067,0.006441093026195972,0.0011282189663178147,0.007781936280966496,0.0011282452666209507
Dest210705-144135,60.0,0.011562271112499073,0.0027477941061284515,0.009582999961028996,0.0011332238916860438,0.009582999961028996,0.0011332238916860438,0.010461227062261297,0.0011334076906120768,0.010461227062261297,0.0011334076906120768,0.003629721693902488,0.0058443912636217165,0.0011285603088521923,0.0058443912636217165,0.0011285603088521923,0.0063498460195126226,0.001128562896032101,0.0063498460195126226,0.001128562896032101,0.0029612295553801543,0.005601836098235989,0.0010487723880347481,0.005638448709310048,0.0010487801348345864,0.005081502237958161,0.0010540771295934786,0.00566714193920802,0.0010540343453094324,0.009865975215375732,0.0011843966575127369,0.0098727260862619,0.0011845229873438882,0.009427687370192643,0.0012779211889372651,0.009429307781218924,0.0012778866024389572,0.0027477941061284515,0.010461227062261297,0.0011321285699094307,0.010461227062261297,0.0011321285699094307,0.010461227062261297,0.0011334076906120768,0.010461227062261297,0.0011334076906120768,0.006458796197456373,0.0012178888874742253,0.006457299313768952,0.001218041364011178,0.006735125288548732,0.001217883888038045,0.006734517932607815,0.0012180452753939538,0.0063498460195126226,0.001128363710254716,0.0063498460195126226,0.001128363710254716,0.0063498460195126226,0.001128562896032101,0.0063498460195126226,0.001128562896032101,0.009392780187567597,0.001184942898914853,0.00861811013557634,0.0011849900631684782,0.009000873798911147,0.0012751056029124891,0.008566743377473918,0.0012751108891836285,0.005601836098235989,0.0010487723880347481,0.005638448709310048,0.0010487801348345864,0.005081502237958161,0.0010540771295934786,0.00566714193920802,0.0010540343453094324,0.0058443912636217165,0.0011285603088521923,0.0058443912636217165,0.0011285603088521923,0.0063498460195126226,0.001128562896032101,0.0063498460195126226,0.001128562896032101,0.005081502237958161,0.0010458248521083148,0.00566714193920802,0.0010457466531736477,0.005081502237958161,0.0010540771295934786,0.00566714193920802,0.0010540343453094324
Dest210707-094057,60.0,0.016375404235054448,0.002022442640481524,0.01444736622863858,0.001133921933143969,0.01444736622863858,0.001133921933143969,0.015607937581285642,0.0011336136833488034,0.015607937581285642,0.0011336136833488034,0.0031964986783063424,0.009827455900563827,0.0011285097676382012,0.009827455900563827,0.0011285097676382012,0.01098470679299948,0.0011285023877127514,0.01098470679299948,0.0011285023877127514,0.0022595209820238504,0.007363700110615781,0.0010485515400257303,0.008030835091607118,0.0010486567039765377,0.006902743400844638,0.0010467539977678487,0.007769650672923321,0.0010466846244426853,0.015721676020071733,0.0011867758718936213,0.015734196486051257,0.0011867628909321534,0.014120525395324386,0.001285422658139567,0.014068891386780228,0.0012854348753225451,0.002022442640481524,0.015607937581285642,0.0011323119331077196,0.015607937581285642,0.0011323119331077196,0.015607937581285642,0.0011336136833488034,0.015607937581285642,0.0011336136833488034,0.010522035703773582,0.0011996411896214082,0.010525219049945609,0.0011995039818584752,0.011115971511956004,0.001199642635961716,0.011096512842766833,0.0011994992462846415,0.01098470679299948,0.0011282099423826884,0.01098470679299948,0.0011282099423826884,0.01098470679299948,0.0011285023877127514,0.01098470679299948,0.0011285023877127514,0.014836942046341247,0.001185098094260943,0.012771588993797912,0.001185136112151355,0.013491555575122664,0.0012851084390070988,0.012030391297818717,0.0012851406368346303,0.007363700110615781,0.0010485515400257303,0.008030835091607118,0.0010486567039765377,0.006902743400844638,0.0010467539977678487,0.007769650672923321,0.0010466846244426853,0.009827455900563827,0.0011285097676382012,0.009827455900563827,0.0011285097676382012,0.01098470679299948,0.0011285023877127514,0.01098470679299948,0.0011285023877127514,0.006902743400844638,0.001042172374183288,0.007769650672923321,0.0010421567803194918,0.006902743400844638,0.0010467539977678487,0.007769650672923321,0.0010466846244426853
Dest210707-094231,60.0,0.015324101154008665,0.0022636319052141292,0.017858758312048327,0.0011335302235432753,0.017858758312048327,0.0011335302235432753,0.017831864623443505,0.001133618983350868,0.017831864623443505,0.001133618983350868,0.0025693110616385015,0.010583538068026565,0.0011276418820304287,0.010583538068026565,0.0011276418820304287,0.011573481331074593,0.0011276541092288216,0.011573481331074593,0.0011276541092288216,0.0026187504736139766,0.006922951253191193,0.0010480014359316087,0.00811703910911638,0.0010481043960144016,0.00619956849001366,0.0010466478515754342,0.007759302495167712,0.0010466998449421303,0.01989507662857532,0.001169411623373208,0.019922300210472678,0.001169466656947789,0.017237149506088636,0.0012899142512229598,0.017246767420033306,0.0012899888028585205,0.0022636319052141292,0.017831864623443505,0.0011322610586038723,0.017831864623443505,0.0011322610586038723,0.017831864623443505,0.001133618983350868,0.017831864623443505,0.001133618983350868,0.012367251640689417,0.0012400246797733693,0.012368780145551003,0.0012398638732925066,0.012465491289633458,0.0012400216944732428,0.012426821810103154,0.0012398582411273713,0.011573481331074593,0.0011271287428161502,0.011573481331074593,0.0011271287428161502,0.011573481331074593,0.0011276541092288216,0.011573481331074593,0.0011276541092288216,0.01806900876629719,0.0011690530022341011,0.0138176827493455,0.001169074066026364,0.015734108873080258,0.0012854608368661803,0.012903677454368415,0.001285464335342754,0.006922951253191193,0.0010480014359316087,0.00811703910911638,0.0010481043960144016,0.00619956849001366,0.0010466478515754342,0.007759302495167712,0.0010466998449421303,0.010583538068026565,0.0011276418820304287,0.010583538068026565,0.0011276418820304287,0.011573481331074593,0.0011276541092288216,0.011573481331074593,0.0011276541092288216,0.00619956849001366,0.0010429574625984452,0.007759302495167712,0.001042957580250843,0.00619956849001366,0.0010466478515754342,0.007759302495167712,0.0010466998449421303
Dest210707-094542,60.0,0.010969680743752227,0.0029804272335954302,0.013064972733026028,0.0011335185190356777,0.013064972733026028,0.0011335185190356777,0.014509958271401014,0.0011340766481425326,0.014509958271401014,0.0011340766481425326,0.004983048002982126,0.007720915769666588,0.0011285618589917145,0.007720915769666588,0.0011285618589917145,0.008969442225569316,0.0011285559786564775,0.008969442225569316,0.0011285559786564775,0.003091793831566684,0.008736693309271376,0.0010471036270875693,0.009618456316588603,0.0010470937542300391,0.00838272240131213,0.001049672948884592,0.009435147190364371,0.0010496467732748532,0.01395549420246282,0.00118456836840001,0.013954964497832402,0.0011847074118290825,0.01365336615236894,0.0012692472938734313,0.013654344843629141,0.0012692852765671914,0.0029804272335954302,0.014509958271401014,0.0011320193464777713,0.014509958271401014,0.0011320193464777713,0.014509958271401014,0.0011340766481425326,0.014509958271401014,0.0011340766481425326,0.009176645705623399,0.0012398398163587377,0.009185966547028157,0.0012396952682192216,0.009298542639084745,0.0012398364525574497,0.009296358168939754,0.001239685832567636,0.008969442225569316,0.0011277141997227702,0.008969442225569316,0.0011277141997227702,0.008969442225569316,0.0011285559786564775,0.008969442225569316,0.0011285559786564775,0.013490191070994627,0.0011774832539390618,0.012391932947275057,0.0011775806981090104,0.012741813248422542,0.0012682093124760424,0.012650245274653936,0.0012683165928858103,0.008736693309271376,0.0010471036270875693,0.009618456316588603,0.0010470937542300391,0.00838272240131213,0.001049672948884592,0.009435147190364371,0.0010496467732748532,0.007720915769666588,0.0011285618589917145,0.007720915769666588,0.0011285618589917145,0.008969442225569316,0.0011285559786564775,0.008969442225569316,0.0011285559786564775,0.00838272240131213,0.0010455064705922165,0.009435147190364371,0.0010455740710009762,0.00838272240131213,0.001049672948884592,0.009435147190364371,0.0010496467732748532
Dest210726-160328,60.0,0.029259880461641064,0.004055761145429821,0.016531799363226022,0.0011331507114265226,0.016531799363226022,0.0011331507114265226,0.017417905830165902,0.001132709477886734,0.017417905830165902,0.001132709477886734,0.006197056368378187,0.012737622498825232,0.0011262178221954965,0.012737622498825232,0.0011262178221954965,0.013446704263786368,0.0011262173647514982,0.013446704263786368,0.0011262173647514982,0.0050687382220111704,0.00877860086356008,0.0010485187823657497,0.009433156467659552,0.0010485814126420638,0.008345675773028955,0.0010508753334286772,0.009280341158907274,0.0010507674332306345,0.017605543780357856,0.0011858040399233365,0.017594250167718612,0.0011858513652829381,0.017576955551538535,0.001326706206316413,0.017577805872395835,0.0013266960688410238,0.004055761145429821,0.017417905830165902,0.001131526973034379,0.017417905830165902,0.001131526973034379,0.017417905830165902,0.001132709477886734,0.017417905830165902,0.001132709477886734,0.015045592991906859,0.0012851555938351714,0.015047633286562393,0.0012850902891011402,0.015069079913857331,0.0012851602678750418,0.01506768867909591,0.0012850950066513654,0.013446704263786368,0.0011255513986369536,0.013446704263786368,0.0011255513986369536,0.013446704263786368,0.0011262173647514982,0.013446704263786368,0.0011262173647514982,0.016884247525965384,0.0011883551377057798,0.01411418515147288,0.0011884350073851926,0.016447540762207828,0.0013330743304502451,0.014549800628019501,0.001333158169425682,0.00877860086356008,0.0010485187823657497,0.009433156467659552,0.0010485814126420638,0.008345675773028955,0.0010508753334286772,0.009280341158907274,0.0010507674332306345,0.012737622498825232,0.0011262178221954965,0.012737622498825232,0.0011262178221954965,0.013446704263786368,0.0011262173647514982,0.013446704263786368,0.0011262173647514982,0.008345675773028955,0.0010443550661286825,0.009280341158907274,0.0010443410608384214,0.008345675773028955,0.0010508753334286772,0.009280341158907274,0.0010507674332306345
Dest210726-162012,60.0,0.014768749281936385,0.0024994666753555177,0.019372321581717134,0.001134234114205978,0.019372321581717134,0.001134234114205978,0.021364864842096886,0.001133710024873534,0.021364864842096886,0.001133710024873534,0.0052743085229320285,0.011174460416353104,0.0011283226785990144,0.011174460416353104,0.0011283226785990144,0.012433255250705596,0.0011283087783372685,0.012433255250705596,0.0011283087783372685,0.003012499938068426,0.008746661990276272,0.0010485190360077616,0.01022960061924304,0.001048530200130613,0.0070277272777856115,0.0010510772488878143,0.00953306277059219,0.0010510966622243156,0.020359652723091395,0.0011836490925756422,0.020386010259299245,0.0011836941550182683,0.019519165882782394,0.00128211667493512,0.019592188727395966,0.0012820876228581807,0.0024994666753555177,0.021364864842096886,0.0011322476401947742,0.021364864842096886,0.0011322476401947742,0.021364864842096886,0.001133710024873534,0.021364864842096886,0.001133710024873534,0.012194412747709018,0.0011859052425765926,0.012195562958600407,0.001185922221220372,0.012167892696387513,0.0011859017417880466,0.012167070562648484,0.0011859192221676882,0.012433255250705596,0.0011278803228075137,0.012433255250705596,0.0011278803228075137,0.012433255250705596,0.0011283087783372685,0.012433255250705596,0.0011283087783372685,0.019265988621144075,0.0011822587022108407,0.016563889320651472,0.0011819944065559434,0.01811030178691541,0.0012907596149209976,0.01510265801985667,0.0012907695185404042,0.008746661990276272,0.0010485190360077616,0.01022960061924304,0.001048530200130613,0.0070277272777856115,0.0010510772488878143,0.00953306277059219,0.0010510966622243156,0.011174460416353104,0.0011283226785990144,0.011174460416353104,0.0011283226785990144,0.012433255250705596,0.0011283087783372685,0.012433255250705596,0.0011283087783372685,0.0070277272777856115,0.0010448700572490911,0.00953306277059219,0.0010449342056652955,0.0070277272777856115,0.0010510772488878143,0.00953306277059219,0.0010510966622243156
Dest210726-163005,60.0,0.016832271102003037,0.002676653271841258,0.016122968700889095,0.0011336803589000273,0.016122968700889095,0.0011336803589000273,0.015549651642821297,0.001133614322932857,0.015549651642821297,0.001133614322932857,0.004902226947812822,0.009607390764016682,0.0011279161548971425,0.009607390764016682,0.0011279161548971425,0.010594974693472686,0.0011278730354077665,0.010594974693472686,0.0011278730354077665,0.0037242144372562408,0.007505320788528903,0.0010488053632273285,0.008523055413454642,0.0010488437383169037,0.007106285955634538,0.0010522623484719644,0.008205819619036001,0.001052194420962255,0.016881328501922088,0.0011825123105896186,0.016889576851025313,0.0011825234929502568,0.01454524091833875,0.0013314881176775505,0.014539906225421003,0.0013314980705125645,0.002676653271841258,0.015549651642821297,0.0011321512118475142,0.015549651642821297,0.0011321512118475142,0.015549651642821297,0.001133614322932857,0.015549651642821297,0.001133614322932857,0.012112937614551822,0.0012663619076399455,0.0121137468598106,0.0012662743325425989,0.011536312651691565,0.0012663642007667722,0.011534313495083638,0.0012662677655482192,0.010594974693472686,0.0011276052614383157,0.010594974693472686,0.0011276052614383157,0.010594974693472686,0.0011278730354077665,0.010594974693472686,0.0011278730354077665,0.014838385543244794,0.0011829010345493507,0.01291869067645767,0.0011829515674556714,0.012728486313413105,0.001336601679518826,0.012021309802268355,0.0013367108942068718,0.007505320788528903,0.0010488053632273285,0.008523055413454642,0.0010488437383169037,0.007106285955634538,0.0010522623484719644,0.008205819619036001,0.001052194420962255,0.009607390764016682,0.0011279161548971425,0.009607390764016682,0.0011279161548971425,0.010594974693472686,0.0011278730354077665,0.010594974693472686,0.0011278730354077665,0.007106285955634538,0.0010444851427548702,0.008205819619036001,0.001044416385800999,0.007106285955634538,0.0010522623484719644,0.008205819619036001,0.001052194420962255
Dest210727-153448,64.0,0.02790311129838356,0.0030876670166739783,0.021892786642467604,0.001220002007409699,0.021892786642467604,0.001220002007409699,0.02422627673538697,0.0012188963339359773,0.02422627673538697,0.0012188963339359773,0.005655333359876579,0.013723321488239609,0.0012129274517601514,0.013723321488239609,0.0012129274517601514,0.016256111065140147,0.0012129333140014982,0.016256111065140147,0.0012129333140014982,0.0043526297672201,0.010774112375380819,0.001129527251212132,0.012529832808603432,0.0011295130775129468,0.009293201173838878,0.00113187892210363,0.011170885273109301,0.0011319277460486012,0.023115646259890234,0.0012727164757490555,0.023127308775069036,0.0012727717768916955,0.02141949681593616,0.0014450484802131275,0.021417996715172322,0.0014450662252466378,0.0030876670166739783,0.02422627673538697,0.001217388468481847,0.02422627673538697,0.001217388468481847,0.02422627673538697,0.0012188963339359773,0.02422627673538697,0.0012188963339359773,0.016038153281267394,0.0013293929180096262,0.016029421402986625,0.0013292661311147392,0.01650984184699613,0.0013293955187371836,0.01650610230830365,0.0013292792527869871,0.016256111065140147,0.0012129467697247517,0.016256111065140147,0.0012129467697247517,0.016256111065140147,0.0012129333140014982,0.016256111065140147,0.0012129333140014982,0.0219572906073408,0.0012742995569250209,0.01888563404372252,0.0012742558321148984,0.02026718449018083,0.0014486179452770924,0.017660187646386594,0.0014486990101637016,0.010774112375380819,0.001129527251212132,0.012529832808603432,0.0011295130775129468,0.009293201173838878,0.00113187892210363,0.011170885273109301,0.0011319277460486012,0.013723321488239609,0.0012129274517601514,0.013723321488239609,0.0012129274517601514,0.016256111065140147,0.0012129333140014982,0.016256111065140147,0.0012129333140014982,0.009293201173838878,0.001123250327731611,0.011170885273109301,0.0011232498972724848,0.009293201173838878,0.00113187892210363,0.011170885273109301,0.0011319277460486012
Dest210727-154253,64.0,0.031065692745607817,0.0032970731978460986,0.014259276553676174,0.0012180933615207586,0.014259276553676174,0.0012180933615207586,0.014897693966588348,0.0012172175445425044,0.014897693966588348,0.0012172175445425044,0.005643176961777399,0.010308362381792988,0.0012100362571007288,0.010308362381792988,0.0012100362571007288,0.011391596549657218,0.0012100265674372269,0.011391596549657218,0.0012100265674372269,0.0036235908937734362,0.009993681188197647,0.001127244305063318,0.010784595932619455,0.0011274157456773774,0.009037613023552559,0.0011266512636895207,0.010309930163141426,0.0011266127182553295,0.014735141105747949,0.001276973801132062,0.014740137267827757,0.0012768925857292823,0.014004090831223327,0.0013990441026789698,0.013885961979677189,0.001399051706661501,0.0032970731978460986,0.014897693966588348,0.0012161435003800406,0.014897693966588348,0.0012161435003800406,0.014897693966588348,0.0012172175445425044,0.014897693966588348,0.0012172175445425044,0.011768549476689429,0.0013349569065446581,0.011757350930822525,0.0013350429483800265,0.011830538590859183,0.0013349546514562873,0.011830149738791824,0.0013350372445282593,0.011391596549657218,0.0012097676318256715,0.011391596549657218,0.0012097676318256715,0.011391596549657218,0.0012100265674372269,0.011391596549657218,0.0012100265674372269,0.014443198324531411,0.0012744840434312208,0.012414897770173763,0.001274603290665912,0.013793401452903926,0.0013935387238018613,0.011866209811228446,0.001393488620732448,0.009993681188197647,0.001127244305063318,0.010784595932619455,0.0011274157456773774,0.009037613023552559,0.0011266512636895207,0.010309930163141426,0.0011266127182553295,0.010308362381792988,0.0012100362571007288,0.010308362381792988,0.0012100362571007288,0.011391596549657218,0.0012100265674372269,0.011391596549657218,0.0012100265674372269,0.009037613023552559,0.0011222515351271304,0.010309930163141426,0.0011222435373212834,0.009037613023552559,0.0011266512636895207,0.010309930163141426,0.0011266127182553295
Dest210727-155901,64.0,0.025255812046785064,0.004849101517292375,0.02070544708761652,0.001218683614692611,0.02070544708761652,0.001218683614692611,0.02357555272419766,0.0012176389135886995,0.02357555272419766,0.0012176389135886995,0.007021091502293392,0.013073280144000042,0.00121172871540047,0.013073280144000042,0.00121172871540047,0.01366805804767618,0.00121171605204757,0.01366805804767618,0.00121171605204757,0.0061761806939339015,0.00659059827080782,0.0011296405325128135,0.00773028511563661,0.00112962729210209,0.005801607049423786,0.0011264991514579503,0.006711325024480712,0.0011265615660625526,0.02181864226594298,0.0012883291603358418,0.021851382962053245,0.0012883875951205084,0.02069393168207012,0.0014168324832940762,0.020684645252962517,0.0014168659514670508,0.004849101517292375,0.02357555272419766,0.0012166433344284826,0.02357555272419766,0.0012166433344284826,0.02357555272419766,0.0012176389135886995,0.02357555272419766,0.0012176389135886995,0.015632101460955217,0.001366958791643614,0.01567163735943617,0.0013669303093168054,0.014942754056500954,0.0013669608231424363,0.014937481124221157,0.0013669319877517819,0.01366805804767618,0.0012113801587037133,0.01366805804767618,0.0012113801587037133,0.01366805804767618,0.00121171605204757,0.01366805804767618,0.00121171605204757,0.020801113480222486,0.001289585433247771,0.01598723598759831,0.0012897109051878196,0.019168254613611272,0.0014187294294922602,0.013754193948023075,0.0014187077403509793,0.00659059827080782,0.0011296405325128135,0.00773028511563661,0.00112962729210209,0.005801607049423786,0.0011264991514579503,0.006711325024480712,0.0011265615660625526,0.013073280144000042,0.00121172871540047,0.013073280144000042,0.00121172871540047,0.01366805804767618,0.00121171605204757,0.01366805804767618,0.00121171605204757,0.005801607049423786,0.0011218282806233345,0.006711325024480712,0.0011218307849480192,0.005801607049423786,0.0011264991514579503,0.006711325024480712,0.0011265615660625526
Dest210803-155239,60.0,0.02935606936789893,0.003187806528034228,0.03673732254533687,0.0011346299894630168,0.03673732254533687,0.0011346299894630168,0.03878961059441753,0.001133951024251964,0.03878961059441753,0.001133951024251964,0.010571025636562358,0.030398110495929668,0.0011289064706879273,0.030398110495929668,0.0011289064706879273,0.03215071897062147,0.0011289387177030234,0.03215071897062147,0.0011289387177030234,0.006896737981415818,0.02012473721155726,0.0010483199877034872,0.023064447669675137,0.0010483981597588347,0.017104253711808588,0.001055313500819497,0.020084639574511728,0.001055311419306404,0.03840051252603987,0.0011767755945003644,0.038386215914397497,0.0011768626579858367,0.037743851432912104,0.001297674509401015,0.03773986159136573,0.0012977292234531209,0.003187806528034228,0.03878961059441753,0.0011325303606974516,0.03878961059441753,0.0011325303606974516,0.03878961059441753,0.001133951024251964,0.03878961059441753,0.001133951024251964,0.03227174930116432,0.0012043217165001363,0.03227449603663665,0.0012042146697488648,0.0325375486004307,0.0012043261135547742,0.03253770918195439,0.0012042115678286439,0.03215071897062147,0.0011288396655591887,0.03215071897062147,0.0011288396655591887,0.03215071897062147,0.0011289387177030234,0.03215071897062147,0.0011289387177030234,0.03664823072571643,0.0011718795303109382,0.031692715369128696,0.001171951300191234,0.035662072271616926,0.0012987744569804426,0.030554599812103768,0.0012989195294460043,0.02012473721155726,0.0010483199877034872,0.023064447669675137,0.0010483981597588347,0.017104253711808588,0.001055313500819497,0.020084639574511728,0.001055311419306404,0.030398110495929668,0.0011289064706879273,0.030398110495929668,0.0011289064706879273,0.03215071897062147,0.0011289387177030234,0.03215071897062147,0.0011289387177030234,0.017104253711808588,0.0010445120415914053,0.020084639574511728,0.001044553224500455,0.017104253711808588,0.001055313500819497,0.020084639574511728,0.001055311419306404
Dest210803-155726,60.0,0.028287303805366513,0.0036366539548379315,0.023607149257739542,0.001134779319442638,0.023607149257739542,0.001134779319442638,0.024996428037481554,0.001134822046394095,0.024996428037481554,0.001134822046394095,0.008963149611862658,0.01701282359022893,0.0011285976853154822,0.01701282359022893,0.0011285976853154822,0.017952263607846606,0.0011285860707571163,0.017952263607846606,0.0011285860707571163,0.005136797618646344,0.012308665912997126,0.001049560285290848,0.015015513393832319,0.001049592589804732,0.011851437277764951,0.001055978984277745,0.014517468716007478,0.0010559219501192327,0.02546188801047393,0.0011744570473031628,0.025462431485136553,0.0011744515831218715,0.02453280097510781,0.0013028047989563087,0.024525639894941876,0.0013029232391181139,0.0036366539548379315,0.024996428037481554,0.0011334332263992196,0.024996428037481554,0.0011334332263992196,0.024996428037481554,0.001134822046394095,0.024996428037481554,0.001134822046394095,0.01797139357507151,0.001197895638842005,0.017969438406104137,0.0011978440718613467,0.01832430488261481,0.001197915346594945,0.018395995623140836,0.0011978499083679748,0.017952263607846606,0.001128454592970284,0.017952263607846606,0.001128454592970284,0.017952263607846606,0.0011285860707571163,0.017952263607846606,0.0011285860707571163,0.02408524620612978,0.0011721865721424497,0.02033947535340245,0.0011721624864686328,0.023434505369031397,0.0012923758498943603,0.019842706958494927,0.0012923799974258199,0.012308665912997126,0.001049560285290848,0.015015513393832319,0.001049592589804732,0.011851437277764951,0.001055978984277745,0.014517468716007478,0.0010559219501192327,0.01701282359022893,0.0011285976853154822,0.01701282359022893,0.0011285976853154822,0.017952263607846606,0.0011285860707571163,0.017952263607846606,0.0011285860707571163,0.011851437277764951,0.0010450236256794956,0.014517468716007478,0.0010451005516573188,0.011851437277764951,0.001055978984277745,0.014517468716007478,0.0010559219501192327
Dest210803-160838,60.0,0.033727450208957496,0.003360790272268715,0.0331827843525882,0.0011352998974663098,0.0331827843525882,0.0011352998974663098,0.033619300275720014,0.0011345309193681887,0.033619300275720014,0.0011345309193681887,0.009133140601393945,0.02271321652800803,0.0011296467500333783,0.02271321652800803,0.0011296467500333783,0.02418692875224648,0.001129626236233982,0.02418692875224648,0.001129626236233982,0.005270191736606097,0.020313415373863393,0.0010493717866702187,0.023416110447503597,0.001049381355492585,0.019105996255718374,0.001057199965984544,0.021450779443625355,0.0010571596065009048,0.03364846332547765,0.0011697881801732376,0.033612208893310194,0.0011697825563578013,0.033077622326740566,0.001289182610505357,0.03307789229876367,0.0012893009146748365,0.003360790272268715,0.033619300275720014,0.0011335175892814538,0.033619300275720014,0.0011335175892814538,0.033619300275720014,0.0011345309193681887,0.033619300275720014,0.0011345309193681887,0.02340290734109843,0.0011994103206678674,0.023397283767620434,0.0011993012414155196,0.02431510935995297,0.0011994077488924428,0.024260146388780487,0.0011993000752466077,0.02418692875224648,0.001129561200719517,0.02418692875224648,0.001129561200719517,0.02418692875224648,0.001129626236233982,0.02418692875224648,0.001129626236233982,0.03308268469087329,0.0011737767333378799,0.0316449637628685,0.0011738509559032207,0.03180108059616174,0.0012965851127578769,0.030120614881868773,0.001296603348363764,0.020313415373863393,0.0010493717866702187,0.023416110447503597,0.001049381355492585,0.019105996255718374,0.001057199965984544,0.021450779443625355,0.0010571596065009048,0.02271321652800803,0.0011296467500333783,0.02271321652800803,0.0011296467500333783,0.02418692875224648,0.001129626236233982,0.02418692875224648,0.001129626236233982,0.019105996255718374,0.001046061110613888,0.021450779443625355,0.0010459851112350662,0.019105996255718374,0.001057199965984544,0.021450779443625355,0.0010571596065009048
Dest210809-135646,60.0,0.04107967268321007,0.002595188924744757,0.02328046699643323,0.0011338389125040947,0.02328046699643323,0.0011338389125040947,0.021994798553909085,0.001133541422881713,0.021994798553909085,0.001133541422881713,0.006111460484291651,0.014479011429139427,0.0011274897710092096,0.014479011429139427,0.0011274897710092096,0.014819038529725213,0.0011274966745333573,0.014819038529725213,0.0011274966745333573,0.003249779453415698,0.011498703267165193,0.0010493358036422207,0.01305746789543511,0.001049519462305812,0.010715607825417554,0.0010539778226066143,0.011989718189670756,0.001054018271896109,0.024421509932410754,0.0011930926001976767,0.024423794391270515,0.0011932046574297933,0.021859224621456105,0.00129474598438159,0.021857984391159744,0.001294846821715664,0.002595188924744757,0.021994798553909085,0.0011325368349864552,0.021994798553909085,0.0011325368349864552,0.021994798553909085,0.001133541422881713,0.021994798553909085,0.001133541422881713,0.013190029785943774,0.0012047442689340272,0.013144898983519716,0.0012046869517196139,0.013675386032380327,0.001204751910362321,0.013677407269771926,0.001204687958404721,0.014819038529725213,0.0011269646652394875,0.014819038529725213,0.0011269646652394875,0.014819038529725213,0.0011274966745333573,0.014819038529725213,0.0011274966745333573,0.0224456469047231,0.0011860753858463713,0.018507490840899136,0.001185998699320718,0.020093688522573816,0.0012883539215536185,0.016845125835281385,0.0012884608068598634,0.011498703267165193,0.0010493358036422207,0.01305746789543511,0.001049519462305812,0.010715607825417554,0.0010539778226066143,0.011989718189670756,0.001054018271896109,0.014479011429139427,0.0011274897710092096,0.014479011429139427,0.0011274897710092096,0.014819038529725213,0.0011274966745333573,0.014819038529725213,0.0011274966745333573,0.010715607825417554,0.0010453544537824698,0.011989718189670756,0.0010453262684718084,0.010715607825417554,0.0010539778226066143,0.011989718189670756,0.001054018271896109
Dest210809-135821,60.0,0.057748292087260046,0.002759481333353232,0.018171565544850186,0.001134682831341169,0.018171565544850186,0.001134682831341169,0.0189678431928184,0.0011334548900115335,0.0189678431928184,0.0011334548900115335,0.006266869757382132,0.010381196565123802,0.0011287754353058624,0.010381196565123802,0.0011287754353058624,0.011032465102390877,0.0011287754353058624,0.011032465102390877,0.0011287754353058624,0.0038351225469331956,0.010903204056620685,0.0010508170549347578,0.011492539177365453,0.0010508588059901858,0.009569492369255861,0.0010514300398841024,0.010236561724858186,0.0010514491422687208,0.020403016267929418,0.001191561349796884,0.020408309698756975,0.0011916641935572788,0.018311327925257855,0.001321507434780887,0.018311685767374238,0.0013214967133230284,0.002759481333353232,0.0189678431928184,0.00113252131594662,0.0189678431928184,0.00113252131594662,0.0189678431928184,0.0011334548900115335,0.0189678431928184,0.0011334548900115335,0.011810659953344984,0.0011982451659710842,0.011813208470180695,0.0011981332748247269,0.011986794031415645,0.001198258435786395,0.011987338172380079,0.0011981332829880858,0.011032465102390877,0.0011280928646039098,0.011032465102390877,0.0011280928646039098,0.011032465102390877,0.0011287754353058624,0.011032465102390877,0.0011287754353058624,0.01953095748532342,0.0011881326639687669,0.016974030900148776,0.0011883927214362056,0.017759608681037268,0.0013245791851315364,0.015516855522279029,0.0013246107690259073,0.010903204056620685,0.0010508170549347578,0.011492539177365453,0.0010508588059901858,0.009569492369255861,0.0010514300398841024,0.010236561724858186,0.0010514491422687208,0.010381196565123802,0.0011287754353058624,0.010381196565123802,0.0011287754353058624,0.011032465102390877,0.0011287754353058624,0.011032465102390877,0.0011287754353058624,0.009569492369255861,0.0010458322185616052,0.010236561724858186,0.0010457585277802337,0.009569492369255861,0.0010514300398841024,0.010236561724858186,0.0010514491422687208
Dest210809-141104,60.0,0.05158328466073293,0.00318696772184251,0.016003148048013997,0.0011340578494034954,0.016003148048013997,0.0011340578494034954,0.01760362270890249,0.0011326658553975015,0.01760362270890249,0.0011326658553975015,0.006021245456340039,0.010267398287333158,0.0011278167187745473,0.010267398287333158,0.0011278167187745473,0.012220214676608915,0.0011278156306548904,0.012220214676608915,0.0011278156306548904,0.004297899533570052,0.008715295595340672,0.001049110160690008,0.00956522169411273,0.0010490655475166894,0.00798616629156319,0.0010486644294688222,0.008654146269981499,0.0010486459279437704,0.0164431776898536,0.0011817695048848284,0.0164289068480731,0.0011818936407308805,0.016141203715539093,0.0012501737724829052,0.01610384350467269,0.001250261083028112,0.00318696772184251,0.01760362270890249,0.0011312077940527538,0.01760362270890249,0.0011312077940527538,0.01760362270890249,0.0011326658553975015,0.01760362270890249,0.0011326658553975015,0.011910192471876854,0.001175669735787152,0.011914159144755678,0.0011756980252814544,0.012039476327677738,0.0011756727619287063,0.012037220645378672,0.0011756930962793124,0.012220214676608915,0.0011272682852810118,0.012220214676608915,0.0011272682852810118,0.012220214676608915,0.0011278156306548904,0.012220214676608915,0.0011278156306548904,0.01536580877206149,0.0011800799086675259,0.013668922728219015,0.001180214886558929,0.014949273587503463,0.001248864864453802,0.012816140013112305,0.0012489390240749318,0.008715295595340672,0.001049110160690008,0.00956522169411273,0.0010490655475166894,0.00798616629156319,0.0010486644294688222,0.008654146269981499,0.0010486459279437704,0.010267398287333158,0.0011278167187745473,0.010267398287333158,0.0011278167187745473,0.012220214676608915,0.0011278156306548904,0.012220214676608915,0.0011278156306548904,0.00798616629156319,0.0010453417048076209,0.008654146269981499,0.0010453164048705216,0.00798616629156319,0.0010486644294688222,0.008654146269981499,0.0010486459279437704
Dest210810-173859,60.0,0.03178984719503442,0.0032880516171329473,0.015911150748661056,0.001133242943498843,0.015911150748661056,0.001133242943498843,0.0157437303982895,0.0011321520346312141,0.0157437303982895,0.0011321520346312141,0.004573779991610373,0.01303684950570233,0.0011268550697937389,0.01303684950570233,0.0011268550697937389,0.014187979130505991,0.0011268583388252833,0.014187979130505991,0.0011268583388252833,0.0030296415160714087,0.009417060895367726,0.0010496474918236859,0.009714708713308968,0.0010496364612472314,0.008370217250781353,0.0010543265663033325,0.00801188267910751,0.001054339576946521,0.015587278501555637,0.001183896464969063,0.015580655117759983,0.0011839046880397954,0.014506366323898333,0.0013290913906003734,0.014505314468664127,0.0013291770617642582,0.0032880516171329473,0.0157437303982895,0.0011314127710949189,0.0157437303982895,0.0011314127710949189,0.0157437303982895,0.0011321520346312141,0.0157437303982895,0.0011321520346312141,0.014465185639648749,0.0012424281523131342,0.014463654428803752,0.0012423174682644176,0.015121542820494082,0.001242421967226163,0.015121615973910167,0.0012423220737791854,0.014187979130505991,0.0011261009253405263,0.014187979130505991,0.0011261009253405263,0.014187979130505991,0.0011268583388252833,0.014187979130505991,0.0011268583388252833,0.014510249845377588,0.001184310617188221,0.014095136581742777,0.0011844053275972717,0.013665596817868655,0.0013312357562507498,0.012833925327058725,0.001331286117669518,0.009417060895367726,0.0010496474918236859,0.009714708713308968,0.0010496364612472314,0.008370217250781353,0.0010543265663033325,0.00801188267910751,0.001054339576946521,0.01303684950570233,0.0011268550697937389,0.01303684950570233,0.0011268550697937389,0.014187979130505991,0.0011268583388252833,0.014187979130505991,0.0011268583388252833,0.008370217250781353,0.001046676563791323,0.00801188267910751,0.0010467452968351135,0.008370217250781353,0.0010543265663033325,0.00801188267910751,0.001054339576946521
Dest210810-175009,60.0,0.040153623009867426,0.004555098374970353,0.016872088485343165,0.0011341952026322358,0.016872088485343165,0.0011341952026322358,0.01793717536674976,0.00113367015515829,0.01793717536674976,0.00113367015515829,0.0052459881179513805,0.00938557145102372,0.001127784833837404,0.00938557145102372,0.001127784833837404,0.009903524974193884,0.0011277902369731415,0.009903524974193884,0.0011277902369731415,0.0037407780092343066,0.008473663800602578,0.0010489150885614601,0.009904891804235946,0.0010488973784660456,0.0077067172920364324,0.0010528567577803435,0.009288811924938878,0.0010528620851139637,0.018789101506410444,0.001192248500349243,0.018788715019607827,0.0011923699323526855,0.01598418106295863,0.0012908290223654626,0.015980675830887525,0.001290865200570979,0.004555098374970353,0.01793717536674976,0.0011323557853022187,0.01793717536674976,0.0011323557853022187,0.01793717536674976,0.00113367015515829,0.01793717536674976,0.00113367015515829,0.009659951872590288,0.001219494408552641,0.009657934243817,0.001219506075326044,0.009834927990257569,0.0012195098628840569,0.009713229770090996,0.001219485618584779,0.009903524974193884,0.0011273786323330026,0.009903524974193884,0.0011273786323330026,0.009903524974193884,0.0011277902369731415,0.009903524974193884,0.0011277902369731415,0.018021788476057295,0.001188021344000288,0.01583976946536732,0.001188130668749118,0.015238908237111073,0.0012934467978211797,0.014105989139045056,0.0012936027112706776,0.008473663800602578,0.0010489150885614601,0.009904891804235946,0.0010488973784660456,0.0077067172920364324,0.0010528567577803435,0.009288811924938878,0.0010528620851139637,0.00938557145102372,0.001127784833837404,0.00938557145102372,0.001127784833837404,0.009903524974193884,0.0011277902369731415,0.009903524974193884,0.0011277902369731415,0.0077067172920364324,0.0010455004940524515,0.009288811924938878,0.001045445507750501,0.0077067172920364324,0.0010528567577803435,0.009288811924938878,0.0010528620851139637
Dest210810-175151,60.0,0.030912658279589042,0.0029458126980753756,0.01248861446874933,0.0011332305012416088,0.01248861446874933,0.0011332305012416088,0.012113782978318431,0.0011327899112409537,0.012113782978318431,0.0011327899112409537,0.004569853049195471,0.009435929908893569,0.001127656982218886,0.009435929908893569,0.001127656982218886,0.009797492584770874,0.0011276461283950612,0.009797492584770874,0.0011276461283950612,0.0035014212198403653,0.009360540431833816,0.001049308620834532,0.010365927328560192,0.0010492039654899344,0.00830206160946442,0.0010473137607960586,0.009204742591285453,0.0010472732334724818,0.013168494720901782,0.0011888597327944417,0.013168993360538046,0.0011890518334588247,0.012148792623054598,0.001297989792288402,0.012148426943280366,0.0012980751479448039,0.0029458126980753756,0.012113782978318431,0.0011318216730367768,0.012113782978318431,0.0011318216730367768,0.012113782978318431,0.0011327899112409537,0.012113782978318431,0.0011327899112409537,0.010380552155764241,0.00123236758796716,0.01037768731822949,0.0012322197499847775,0.010557379416514124,0.0012323884291061714,0.01055909322824106,0.0012322230688201986,0.009797492584770874,0.0011270649074526656,0.009797492584770874,0.0011270649074526656,0.009797492584770874,0.0011276461283950612,0.009797492584770874,0.0011276461283950612,0.012827283737266406,0.0011973019333826303,0.012018032826334216,0.0011973847605809718,0.011542015418127926,0.001309154854063141,0.011053606049076145,0.0013092047305524976,0.009360540431833816,0.001049308620834532,0.010365927328560192,0.0010492039654899344,0.00830206160946442,0.0010473137607960586,0.009204742591285453,0.0010472732334724818,0.009435929908893569,0.001127656982218886,0.009435929908893569,0.001127656982218886,0.009797492584770874,0.0011276461283950612,0.009797492584770874,0.0011276461283950612,0.00830206160946442,0.0010438064313003348,0.009204742591285453,0.0010438104140201236,0.00830206160946442,0.0010473137607960586,0.009204742591285453,0.0010472732334724818
Dest210823-173306,64.0,0.03175890699669782,0.0025516945084205827,0.014929705773201941,0.0012209144854389844,0.014929705773201941,0.0012209144854389844,0.016415738921879728,0.0012205217888135878,0.016415738921879728,0.0012205217888135878,0.004165526130171351,0.010294606736497765,0.0012157360732045826,0.010294606736497765,0.0012157360732045826,0.010979476902295964,0.0012157351581469338,0.010979476902295964,0.0012157351581469338,0.003307557510615558,0.00901299047550921,0.0011303042638122654,0.01029766454560241,0.001130227719158311,0.008769157035054004,0.0011270319080499067,0.010088138412858988,0.0011270438411090818,0.015799419363410325,0.001287312693311028,0.015804034623427117,0.0012872968803148345,0.015599896397281572,0.0013633056513515384,0.015596431548293632,0.001363342836561319,0.0025516945084205827,0.016415738921879728,0.001218989937397252,0.016415738921879728,0.001218989937397252,0.016415738921879728,0.0012205217888135878,0.016415738921879728,0.0012205217888135878,0.010388101546015324,0.00129257234237422,0.010387842888413577,0.0012924841705928213,0.010615417610866432,0.0012925685260724781,0.010738782715659312,0.0012924983021675661,0.010979476902295964,0.001215290960927259,0.010979476902295964,0.001215290960927259,0.010979476902295964,0.0012157351581469338,0.010979476902295964,0.0012157351581469338,0.015685611284022773,0.0012883932679683928,0.01280117706556801,0.0012884931959686438,0.014943907115947447,0.0013626826317407958,0.012894510834494503,0.0013626410729773875,0.00901299047550921,0.0011303042638122654,0.01029766454560241,0.001130227719158311,0.008769157035054004,0.0011270319080499067,0.010088138412858988,0.0011270438411090818,0.010294606736497765,0.0012157360732045826,0.010294606736497765,0.0012157360732045826,0.010979476902295964,0.0012157351581469338,0.010979476902295964,0.0012157351581469338,0.008769157035054004,0.0011229388147938368,0.010088138412858988,0.0011229158504723433,0.008769157035054004,0.0011270319080499067,0.010088138412858988,0.0011270438411090818
Dest210823-174733,64.0,0.030174401856616184,0.0029944402420070395,0.010397737680112769,0.0012219059370491708,0.010397737680112769,0.0012219059370491708,0.01040901213084463,0.0012219944267989182,0.01040901213084463,0.0012219944267989182,0.00460055058068253,0.006761233540899914,0.0012170456303733166,0.006761233540899914,0.0012170456303733166,0.007746933166617854,0.0012170297516233778,0.007746933166617854,0.0012170297516233778,0.003823171853376451,0.006222666231036079,0.0011291563796220522,0.006412210588613695,0.0011291990574749495,0.0060103655209712385,0.0011262205008829582,0.006170543318756486,0.001126232508483601,0.011009631963187173,0.0013054341399363135,0.011009472075921293,0.0013053798520257854,0.010946569351250567,0.0013404641630862556,0.01092119457114234,0.0013405645215008955,0.0029944402420070395,0.01040901213084463,0.0012204103106924667,0.01040901213084463,0.0012204103106924667,0.01040901213084463,0.0012219944267989182,0.01040901213084463,0.0012219944267989182,0.007820015857299113,0.0013035785434733073,0.007819280403616777,0.0013035205738504455,0.008321762155010315,0.0013035794790555845,0.008329849284236052,0.0013035200872014957,0.007746933166617854,0.0012162204264679294,0.007746933166617854,0.0012162204264679294,0.007746933166617854,0.0012170297516233778,0.007746933166617854,0.0012170297516233778,0.010728342534061179,0.0013035380351006072,0.009032190901780788,0.0013036483778979169,0.010200191320650372,0.0013373140157724402,0.008660513189959721,0.0013374170857376217,0.006222666231036079,0.0011291563796220522,0.006412210588613695,0.0011291990574749495,0.0060103655209712385,0.0011262205008829582,0.006170543318756486,0.001126232508483601,0.006761233540899914,0.0012170456303733166,0.006761233540899914,0.0012170456303733166,0.007746933166617854,0.0012170297516233778,0.007746933166617854,0.0012170297516233778,0.0060103655209712385,0.0011240033711085965,0.006170543318756486,0.0011239262774374813,0.0060103655209712385,0.0011262205008829582,0.006170543318756486,0.001126232508483601
Dest210823-175355,56.0,0.030830815180549084,0.0036822636633986857,0.015988276672169444,0.001038649824091886,0.015988276672169444,0.001038649824091886,0.016322222100155166,0.0010377102954019465,0.016322222100155166,0.0010377102954019465,0.007084575564763815,0.0103544149412192,0.00103276836866312,0.0103544149412192,0.00103276836866312,0.01082471701849026,0.0010327901508205165,0.01082471701849026,0.0010327901508205165,0.004902711057879017,0.006545069477725046,0.0009698171365144548,0.006529921299953924,0.000969772383151808,0.0063057304976307975,0.0009674270480604751,0.006050542612989012,0.0009674257071978396,0.016721553520400577,0.00109140108153425,0.016721243459994362,0.0010914314964657966,0.014896777446133625,0.0011550083480915008,0.014894967560298986,0.0011550901930294933,0.0036822636633986857,0.016322222100155166,0.0010365017925812777,0.016322222100155166,0.0010365017925812777,0.016322222100155166,0.0010377102954019465,0.016322222100155166,0.0010377102954019465,0.010851077822634484,0.0010963892969164575,0.010852153368202768,0.0010963297931628638,0.010827986322623644,0.0010963840810926865,0.010828356208659014,0.0010963419941671072,0.01082471701849026,0.001032203720201429,0.01082471701849026,0.001032203720201429,0.01082471701849026,0.0010327901508205165,0.01082471701849026,0.0010327901508205165,0.015592443826006951,0.0010856543895310761,0.010832135770327034,0.0010857884966393413,0.013742775189597435,0.0011564934921997102,0.010468689231081041,0.0011565288028466201,0.006545069477725046,0.0009698171365144548,0.006529921299953924,0.000969772383151808,0.0063057304976307975,0.0009674270480604751,0.006050542612989012,0.0009674257071978396,0.0103544149412192,0.00103276836866312,0.0103544149412192,0.00103276836866312,0.01082471701849026,0.0010327901508205165,0.01082471701849026,0.0010327901508205165,0.0063057304976307975,0.0009664506379354986,0.006050542612989012,0.0009664762086819778,0.0063057304976307975,0.0009674270480604751,0.006050542612989012,0.0009674257071978396
Dest210823-180842,60.0,0.018045081403817356,0.002831744864099491,0.019961490128567416,0.0011338767812031397,0.019961490128567416,0.0011338767812031397,0.02236416310048646,0.001133163552897681,0.02236416310048646,0.001133163552897681,0.006519204454049065,0.013771716502915312,0.0011290742364835863,0.013771716502915312,0.0011290742364835863,0.015355867586807986,0.0011290669948167864,0.015355867586807986,0.0011290669948167864,0.004224949657457626,0.00980653288457425,0.0010490495725637644,0.011739820130384914,0.0010490961771977164,0.008246905895985878,0.0010471142549475564,0.010461524863206355,0.0010471573785260245,0.02146521398901957,0.0011709210746391884,0.021478733596978553,0.0011709089019949416,0.019415072168641974,0.0012306192799227717,0.019402832453016897,0.0012307220385225721,0.002831744864099491,0.02236416310048646,0.0011319506031008753,0.02236416310048646,0.0011319506031008753,0.02236416310048646,0.001133163552897681,0.02236416310048646,0.001133163552897681,0.014585092227819084,0.0011834493069222394,0.0145844737657695,0.0011834175283896551,0.015339593577906763,0.00118345848003889,0.01534859749423887,0.0011834308189829954,0.015355867586807986,0.0011288373796417147,0.015355867586807986,0.0011288373796417147,0.015355867586807986,0.0011290669948167864,0.015355867586807986,0.0011290669948167864,0.020703221422585898,0.0011684468143929926,0.01862830776971596,0.0011683161141652209,0.01857984709733119,0.0012363383801125216,0.017539733504549845,0.0012363903992839895,0.00980653288457425,0.0010490495725637644,0.011739820130384914,0.0010490961771977164,0.008246905895985878,0.0010471142549475564,0.010461524863206355,0.0010471573785260245,0.013771716502915312,0.0011290742364835863,0.013771716502915312,0.0011290742364835863,0.015355867586807986,0.0011290669948167864,0.015355867586807986,0.0011290669948167864,0.008246905895985878,0.0010453449368582847,0.010461524863206355,0.0010453887645238788,0.008246905895985878,0.0010471142549475564,0.010461524863206355,0.0010471573785260245
Dest210823-181501,60.0,0.015718294249927624,0.0026089281577841177,0.026926525791048896,0.0011345896316141346,0.026926525791048896,0.0011345896316141346,0.034986793022231726,0.001134566220035824,0.034986793022231726,0.001134566220035824,0.009164486070037435,0.0239595977349327,0.0011293839156680556,0.0239595977349327,0.0011293839156680556,0.025694986134976814,0.0011293716776590048,0.025694986134976814,0.0011293716776590048,0.006690184459881437,0.007230307250853645,0.0010489805910694854,0.009879432850372972,0.0010489284001929436,0.006585375877335201,0.0010511209291067208,0.009467531941316717,0.0010511780720141065,0.031273737906370176,0.0011700040653068605,0.0312676025383736,0.0011701029393070684,0.03118352182732317,0.0012988560332313401,0.031260493134476035,0.0012988503710908118,0.0026089281577841177,0.034986793022231726,0.0011327016351500433,0.034986793022231726,0.0011327016351500433,0.034986793022231726,0.001134566220035824,0.034986793022231726,0.001134566220035824,0.02573894494385044,0.0012155071684523337,0.02573830598934347,0.0012153847111956958,0.025705331127563253,0.0012155163228407945,0.025647155692571987,0.001215383653118789,0.025694986134976814,0.0011288677151033543,0.025694986134976814,0.0011288677151033543,0.025694986134976814,0.0011293716776590048,0.025694986134976814,0.0011293716776590048,0.029013396565876908,0.0011711911984281717,0.02268964428029578,0.001171221689177245,0.02808448205521795,0.0013026513042508853,0.021644739534435,0.0013026144490159957,0.007230307250853645,0.0010489805910694854,0.009879432850372972,0.0010489284001929436,0.006585375877335201,0.0010511209291067208,0.009467531941316717,0.0010511780720141065,0.0239595977349327,0.0011293839156680556,0.0239595977349327,0.0011293839156680556,0.025694986134976814,0.0011293716776590048,0.025694986134976814,0.0011293716776590048,0.006585375877335201,0.00104516482040517,0.009467531941316717,0.0010450428339980659,0.006585375877335201,0.0010511209291067208,0.009467531941316717,0.0010511780720141065
Dest210823-181810,60.0,0.0208357347849522,0.003331578256558399,0.022116525615241453,0.0011339809267763737,0.022116525615241453,0.0011339809267763737,0.024868915629581802,0.0011341541314829513,0.024868915629581802,0.0011341541314829513,0.005448520076463137,0.014247787070164612,0.0011280383335654798,0.014247787070164612,0.0011280383335654798,0.014925344977259941,0.0011280391582225526,0.014925344977259941,0.0011280391582225526,0.004434187928978434,0.00636074534951031,0.0010496851025707794,0.008516291917336978,0.0010496809767889805,0.005767469463920704,0.0010478667119364457,0.007953347715488184,0.0010478582676549985,0.02268453618536603,0.0011631812889378289,0.022692801971148372,0.0011633533577450359,0.020276462236384928,0.001252448093479384,0.020265134878888872,0.001252368248283746,0.003331578256558399,0.024868915629581802,0.0011321902213530344,0.024868915629581802,0.0011321902213530344,0.024868915629581802,0.0011341541314829513,0.024868915629581802,0.0011341541314829513,0.0144564950351275,0.0012026435416537854,0.01460044945231345,0.001202602072696053,0.014531029080551148,0.001202636914194602,0.014529171086574958,0.0012025984341813242,0.014925344977259941,0.0011275269620646285,0.014925344977259941,0.0011275269620646285,0.014925344977259941,0.0011280391582225526,0.014925344977259941,0.0011280391582225526,0.020810340085204975,0.0011612703109678648,0.01551047544425865,0.001161366410654407,0.018611982149992275,0.001254065851073804,0.014094675415267285,0.001254181465729852,0.00636074534951031,0.0010496851025707794,0.008516291917336978,0.0010496809767889805,0.005767469463920704,0.0010478667119364457,0.007953347715488184,0.0010478582676549985,0.014247787070164612,0.0011280383335654798,0.014247787070164612,0.0011280383335654798,0.014925344977259941,0.0011280391582225526,0.014925344977259941,0.0011280391582225526,0.005767469463920704,0.0010459668019791217,0.007953347715488184,0.0010459160875636705,0.005767469463920704,0.0010478667119364457,0.007953347715488184,0.0010478582676549985
EC000003,64.0,0.08445293430251072,0.002859919575508726,0.015380097299710929,0.0012169445703749942,0.015380097299710929,0.0012169445703749942,0.016297315285922247,0.001216301800202083,0.016297315285922247,0.001216301800202083,0.0038521076550927912,0.012292286589961699,0.001211089987706555,0.012292286589961699,0.001211089987706555,0.01365362550052307,0.001211076039685601,0.01365362550052307,0.001211076039685601,0.003170923328837583,0.01030350835263238,0.0011275629247990688,0.011327624896517983,0.0011275859817725775,0.01046328498834792,0.001123345601905347,0.010980459137384933,0.0011233089186335134,0.01627882794503895,0.001293492317343404,0.016277659002799393,0.001293569822131864,0.015526108638689442,0.00131339726145609,0.01546433923195862,0.0013133014612375542,0.002859919575508726,0.016297315285922247,0.0012150494192690203,0.016297315285922247,0.0012150494192690203,0.016297315285922247,0.001216301800202083,0.016297315285922247,0.001216301800202083,0.013456488165865874,0.0012993306181363592,0.013457401243259328,0.0012993056024853743,0.014180563275305393,0.0012993426161581536,0.01418276452022144,0.001299303822357237,0.01365362550052307,0.0012103035490188374,0.01365362550052307,0.0012103035490188374,0.01365362550052307,0.001211076039685601,0.01365362550052307,0.001211076039685601,0.015481436830145086,0.0012908767416681692,0.015412170863405834,0.0012909329568816775,0.014387452290044045,0.0013121632215830543,0.014346637260245107,0.0013121931356965954,0.01030350835263238,0.0011275629247990688,0.011327624896517983,0.0011275859817725775,0.01046328498834792,0.001123345601905347,0.010980459137384933,0.0011233089186335134,0.012292286589961699,0.001211089987706555,0.012292286589961699,0.001211089987706555,0.01365362550052307,0.001211076039685601,0.01365362550052307,0.001211076039685601,0.01046328498834792,0.0011212483833863405,0.010980459137384933,0.0011212505085917155,0.01046328498834792,0.001123345601905347,0.010980459137384933,0.0011233089186335134
EC000004,64.0,0.0560237436813043,0.0025060973096155616,0.013489009463456759,0.0012173550969246136,0.013489009463456759,0.0012173550969246136,0.014397949136357092,0.001217119486656634,0.014397949136357092,0.001217119486656634,0.00341192734829534,0.009259924973443157,0.00121205049400801,0.009259924973443157,0.00121205049400801,0.010517512290630072,0.0012120779913283482,0.010517512290630072,0.0012120779913283482,0.003083817502252628,0.00896630735523305,0.0011281688485588548,0.008994735347434732,0.001128190546379053,0.008069791843640433,0.0011227699611166776,0.008114297683045548,0.0011227229159388968,0.014331143230069118,0.0012884022049570757,0.014327947831214553,0.0012884050055657723,0.013030952987296363,0.0012944494202247957,0.013016568638404656,0.0012945382699662534,0.0025060973096155616,0.014397949136357092,0.0012152235525599324,0.014397949136357092,0.0012152235525599324,0.014397949136357092,0.001217119486656634,0.014397949136357092,0.001217119486656634,0.00920282957163284,0.001279006902291423,0.00917290829497563,0.001279041797890462,0.009963936816973544,0.0012790377218685946,0.00997767658420178,0.0012790479428679796,0.010517512290630072,0.0012114705040542047,0.010517512290630072,0.0012114705040542047,0.010517512290630072,0.0012120779913283482,0.010517512290630072,0.0012120779913283482,0.013644248008753692,0.001288721494807489,0.011937136764752014,0.0012889179920968087,0.012707074472518329,0.0012955314340098783,0.010905599298098093,0.0012955635464289058,0.00896630735523305,0.0011281688485588548,0.008994735347434732,0.001128190546379053,0.008069791843640433,0.0011227699611166776,0.008114297683045548,0.0011227229159388968,0.009259924973443157,0.00121205049400801,0.009259924973443157,0.00121205049400801,0.010517512290630072,0.0012120779913283482,0.010517512290630072,0.0012120779913283482,0.008069791843640433,0.0011212022644789797,0.008114297683045548,0.0011212243442783024,0.008069791843640433,0.0011227699611166776,0.008114297683045548,0.0011227229159388968
EC000009,64.0,0.07488235922496891,0.002319516011524804,0.016015592859004873,0.0012183907398039813,0.016015592859004873,0.0012183907398039813,0.017118049971069107,0.0012182868429084445,0.017118049971069107,0.0012182868429084445,0.003420071469487393,0.011794799452278622,0.0012132900424853118,0.011794799452278622,0.0012132900424853118,0.013547021080421955,0.001213289731659858,0.013547021080421955,0.001213289731659858,0.0027502910784230035,0.008167316736577128,0.0011288156911438097,0.008078455827901523,0.001128862152300785,0.006846538144555249,0.0011204143924565175,0.0074728034880354646,0.0011204083050401635,0.01591965139984637,0.0012947098297118357,0.015967203403914693,0.0012946461200492876,0.014600328543777139,0.0012930850024564023,0.01460487373539441,0.0012931392870663566,0.002319516011524804,0.017118049971069107,0.0012169762639093968,0.017118049971069107,0.0012169762639093968,0.017118049971069107,0.0012182868429084445,0.017118049971069107,0.0012182868429084445,0.01256771410894969,0.0012834193707871055,0.01255462160765084,0.0012833045125786658,0.012864329023564996,0.0012834183560937603,0.012857872022405839,0.0012833050525725847,0.013547021080421955,0.0012122965532871477,0.013547021080421955,0.0012122965532871477,0.013547021080421955,0.001213289731659858,0.013547021080421955,0.001213289731659858,0.01495618314753606,0.001289048410510127,0.0133153262304639,0.0012888554465245012,0.012841234100794654,0.0012913121914099846,0.011799690506136981,0.0012914342303790175,0.008167316736577128,0.0011288156911438097,0.008078455827901523,0.001128862152300785,0.006846538144555249,0.0011204143924565175,0.0074728034880354646,0.0011204083050401635,0.011794799452278622,0.0012132900424853118,0.011794799452278622,0.0012132900424853118,0.013547021080421955,0.001213289731659858,0.013547021080421955,0.001213289731659858,0.006846538144555249,0.0011225523982134927,0.0074728034880354646,0.0011226512268308504,0.006846538144555249,0.0011204143924565175,0.0074728034880354646,0.0011204083050401635
EC000012,64.0,0.046648752085774854,0.0024754726113972725,0.013668697047031737,0.0012181057221459213,0.013668697047031737,0.0012181057221459213,0.015394954787653965,0.0012176081872530748,0.015394954787653965,0.0012176081872530748,0.003962698220111734,0.012327909382623944,0.0012113507494631692,0.012327909382623944,0.0012113507494631692,0.01263225046710902,0.0012113183004408509,0.01263225046710902,0.0012113183004408509,0.00309633896612073,0.009753196803515078,0.0011252640372876035,0.009873904381860353,0.0011253400835630019,0.009116573754294812,0.0011205666948162607,0.009398146978143415,0.0011206575468487722,0.013909741970943523,0.0012824085557059971,0.013911773921396078,0.0012823740793117986,0.014076038726811062,0.0012786472534659608,0.01407824475307706,0.0012786513162262975,0.0024754726113972725,0.015394954787653965,0.0012160081860406941,0.015394954787653965,0.0012160081860406941,0.015394954787653965,0.0012176081872530748,0.015394954787653965,0.0012176081872530748,0.01278405563512703,0.0013102369707935694,0.012818221941887155,0.0013102502396522282,0.013053371015123914,0.001310258969638224,0.01305374420451208,0.0013102598452464458,0.01263225046710902,0.001210580410145559,0.01263225046710902,0.001210580410145559,0.01263225046710902,0.0012113183004408509,0.01263225046710902,0.0012113183004408509,0.01403842144181038,0.001279463189871342,0.01222375978674894,0.0012795133255236032,0.013397192120874465,0.001281881228182866,0.012226672827487241,0.001281987855733013,0.009753196803515078,0.0011252640372876035,0.009873904381860353,0.0011253400835630019,0.009116573754294812,0.0011205666948162607,0.009398146978143415,0.0011206575468487722,0.012327909382623944,0.0012113507494631692,0.012327909382623944,0.0012113507494631692,0.01263225046710902,0.0012113183004408509,0.01263225046710902,0.0012113183004408509,0.009116573754294812,0.0011217135077051924,0.009398146978143415,0.0011216140714364281,0.009116573754294812,0.0011205666948162607,0.009398146978143415,0.0011206575468487722
EC000018,64.0,0.03391023964962845,0.0029757969883953328,0.011219784235708715,0.0012198372479340373,0.011219784235708715,0.0012198372479340373,0.01322457366917128,0.0012199700636796392,0.01322457366917128,0.0012199700636796392,0.004307718094912483,0.010423436780955945,0.0012125255244849519,0.010423436780955945,0.0012125255244849519,0.011682678947585378,0.001212525767177525,0.011682678947585378,0.001212525767177525,0.0034519331953641696,0.008498663377497573,0.001128006178332333,0.00879362103720909,0.001127998207430018,0.008688332792736191,0.0011238878867556557,0.008706274585746158,0.0011239042485110527,0.011971156772560776,0.0012927494476692146,0.01197139791719479,0.0012927653123107324,0.012367795239376344,0.001308364989950841,0.012368593806901303,0.001308422413441498,0.0029757969883953328,0.01322457366917128,0.001217910166410393,0.01322457366917128,0.001217910166410393,0.01322457366917128,0.0012199700636796392,0.01322457366917128,0.0012199700636796392,0.010927433091717328,0.0013049619134238005,0.01092094399623296,0.0013049466755223527,0.011384459235813157,0.00130495886911414,0.011343301531934679,0.0013049443358754671,0.011682678947585378,0.0012127036653930654,0.011682678947585378,0.0012127036653930654,0.011682678947585378,0.001212525767177525,0.011682678947585378,0.001212525767177525,0.0116876202222817,0.0012937919327380386,0.011337665985066844,0.0012937630874933687,0.012301112840391728,0.0013107693186153672,0.0112106104338667,0.0013106936988209771,0.008498663377497573,0.001128006178332333,0.00879362103720909,0.001127998207430018,0.008688332792736191,0.0011238878867556557,0.008706274585746158,0.0011239042485110527,0.010423436780955945,0.0012125255244849519,0.010423436780955945,0.0012125255244849519,0.011682678947585378,0.001212525767177525,0.011682678947585378,0.001212525767177525,0.008688332792736191,0.0011290645303402745,0.008706274585746158,0.0011291420493098844,0.008688332792736191,0.0011238878867556557,0.008706274585746158,0.0011239042485110527
EC000019,64.0,0.04963842772640717,0.002418570728048938,0.037218024676449676,0.0012199211494210499,0.037218024676449676,0.0012199211494210499,0.03450890651478543,0.0012196039411989778,0.03450890651478543,0.0012196039411989778,0.005034182441414305,0.02543264956391393,0.0012139478595152308,0.02543264956391393,0.0012139478595152308,0.02980016844856636,0.0012139476426835248,0.02980016844856636,0.0012139476426835248,0.003984535482200458,0.011170472282698731,0.0011279114865365598,0.014162862155551754,0.0011279230007170977,0.010321950533016907,0.0011226403025946848,0.01275825342616783,0.0011225769074001456,0.036038990833120496,0.0012666478326507859,0.03602099609174871,0.0012666052677927065,0.030817029195311502,0.0013364975482763849,0.030832818598542453,0.0013365107079328278,0.002418570728048938,0.03450890651478543,0.0012179659299637522,0.03450890651478543,0.0012179659299637522,0.03450890651478543,0.0012196039411989778,0.03450890651478543,0.0012196039411989778,0.02735110029701469,0.0013229974611581577,0.027348436601709006,0.001322906847249358,0.028405538922165505,0.0013230095471207439,0.02848150762522206,0.0013229019162708006,0.02980016844856636,0.0012137180864283915,0.02980016844856636,0.0012137180864283915,0.02980016844856636,0.0012139476426835248,0.02980016844856636,0.0012139476426835248,0.03431779862189338,0.0012654396710408196,0.028319239567186398,0.0012653699965992238,0.029062086355014474,0.0013392693537681803,0.024879701646991086,0.0013392751381290158,0.011170472282698731,0.0011279114865365598,0.014162862155551754,0.0011279230007170977,0.010321950533016907,0.0011226403025946848,0.01275825342616783,0.0011225769074001456,0.02543264956391393,0.0012139478595152308,0.02543264956391393,0.0012139478595152308,0.02980016844856636,0.0012139476426835248,0.02980016844856636,0.0012139476426835248,0.010321950533016907,0.0011228789236926743,0.01275825342616783,0.0011228671224640975,0.010321950533016907,0.0011226403025946848,0.01275825342616783,0.0011225769074001456
EC000020,64.0,0.3655072435106334,0.0030222101448559397,0.01605410583864783,0.0012191552934881303,0.01605410583864783,0.0012191552934881303,0.016330807395135694,0.0012181312502233998,0.016330807395135694,0.0012181312502233998,0.0052688993180152405,0.011541197043210808,0.0012116516529527062,0.011541197043210808,0.0012116516529527062,0.01271968454057649,0.001211657496793985,0.01271968454057649,0.001211657496793985,0.004317406428086917,0.007472023775164554,0.0011270824741863052,0.0077320568723605295,0.0011271782093830887,0.006189660232744154,0.0011256298708990555,0.006931875286626207,0.0011256787069249346,0.016609028651757313,0.001272703502788891,0.01670929657022111,0.0012727337906557475,0.014293164295936097,0.0013291069144585263,0.014412010914699867,0.0013291408740396032,0.0030222101448559397,0.016330807395135694,0.001216854383803195,0.016330807395135694,0.001216854383803195,0.016330807395135694,0.0012181312502233998,0.016330807395135694,0.0012181312502233998,0.011493180282489973,0.001303971145729735,0.01149950133772587,0.0013039581830736773,0.012127156647821212,0.0013039662675996327,0.012127075280125911,0.001303962267951262,0.01271968454057649,0.0012109528106685398,0.01271968454057649,0.0012109528106685398,0.01271968454057649,0.001211657496793985,0.01271968454057649,0.001211657496793985,0.015599740006497524,0.0012687301281554598,0.013088248139212139,0.0012687139267731826,0.013440743011050535,0.0013301304445753012,0.011068393719506367,0.0013302538313920257,0.007472023775164554,0.0011270824741863052,0.0077320568723605295,0.0011271782093830887,0.006189660232744154,0.0011256298708990555,0.006931875286626207,0.0011256787069249346,0.011541197043210808,0.0012116516529527062,0.011541197043210808,0.0012116516529527062,0.01271968454057649,0.001211657496793985,0.01271968454057649,0.001211657496793985,0.006189660232744154,0.001125076338212674,0.006931875286626207,0.0011250486784872588,0.006189660232744154,0.0011256298708990555,0.006931875286626207,0.0011256787069249346
EC000027,64.0,0.07330439646033798,0.0019358414078467089,0.016327433461134803,0.0012187200026114323,0.016327433461134803,0.0012187200026114323,0.016042833376418472,0.0012179479161156799,0.016042833376418472,0.0012179479161156799,0.0037049729465196165,0.010834217271887481,0.0012133708587180989,0.010834217271887481,0.0012133708587180989,0.012879943676546178,0.001213365676784238,0.012879943676546178,0.001213365676784238,0.0025742484149421803,0.009194249862872698,0.0011271245229805263,0.009408521027041854,0.0011271243499659431,0.00872346432799428,0.0011204680524605393,0.008769436171805717,0.0011204942544954701,0.015520618452688635,0.001287919375489668,0.015515029671690403,0.0012879594690902558,0.014244231773242827,0.001321102071722343,0.014249266960753596,0.0013212642876261505,0.0019358414078467089,0.016042833376418472,0.0012165860933808414,0.016042833376418472,0.0012165860933808414,0.016042833376418472,0.0012179479161156799,0.016042833376418472,0.0012179479161156799,0.011355470081844291,0.001277885312514607,0.011346604888301685,0.0012779005007307529,0.01235858460714259,0.001277889144948537,0.012349711975003601,0.0012779030253354778,0.012879943676546178,0.0012126186629604699,0.012879943676546178,0.0012126186629604699,0.012879943676546178,0.001213365676784238,0.012879943676546178,0.001213365676784238,0.014760285304292093,0.0012866875814455984,0.013984020591732026,0.0012866622231635179,0.013608711796544447,0.001325664339199852,0.012824316410087718,0.0013257015969300714,0.009194249862872698,0.0011271245229805263,0.009408521027041854,0.0011271243499659431,0.00872346432799428,0.0011204680524605393,0.008769436171805717,0.0011204942544954701,0.010834217271887481,0.0012133708587180989,0.010834217271887481,0.0012133708587180989,0.012879943676546178,0.001213365676784238,0.012879943676546178,0.001213365676784238,0.00872346432799428,0.0011219505532150103,0.008769436171805717,0.0011219377480982653,0.00872346432799428,0.0011204680524605393,0.008769436171805717,0.0011204942544954701
EC000029,64.0,0.05053251970241425,0.002235907386020846,0.012690420428883622,0.0012195509526477728,0.012690420428883622,0.0012195509526477728,0.012758863593753089,0.0012197898885694973,0.012758863593753089,0.0012197898885694973,0.0031632143129510055,0.010751716658298063,0.0012144865197137756,0.010751716658298063,0.0012144865197137756,0.01189473685614282,0.0012144914581776925,0.01189473685614282,0.0012144914581776925,0.0026576254770750863,0.008690061120552295,0.0011279613784834252,0.008585383930884583,0.0011281260598489827,0.00816093385791751,0.0011251179059818814,0.007952698499382257,0.0011250044374133976,0.012555253326263163,0.001288661193083079,0.012552843557563616,0.0012887555986550855,0.011732539129231946,0.001310891993055988,0.011734364556139276,0.0013108952797379625,0.002235907386020846,0.012758863593753089,0.0012184650621866267,0.012758863593753089,0.0012184650621866267,0.012758863593753089,0.0012197898885694973,0.012758863593753089,0.0012197898885694973,0.010828943781151684,0.0012973573210827314,0.010831094350119029,0.001297370043106253,0.01094414497515693,0.0012973616803947214,0.010944255534735561,0.001297368679711942,0.01189473685614282,0.001213945971662201,0.01189473685614282,0.001213945971662201,0.01189473685614282,0.0012144914581776925,0.01189473685614282,0.0012144914581776925,0.011813442091815127,0.0012813132458865857,0.010772468616288347,0.001281238281446651,0.011752961842171715,0.001303607101871529,0.010677550768811403,0.0013036258429352744,0.008690061120552295,0.0011279613784834252,0.008585383930884583,0.0011281260598489827,0.00816093385791751,0.0011251179059818814,0.007952698499382257,0.0011250044374133976,0.010751716658298063,0.0012144865197137756,0.010751716658298063,0.0012144865197137756,0.01189473685614282,0.0012144914581776925,0.01189473685614282,0.0012144914581776925,0.00816093385791751,0.0011255912375065025,0.007952698499382257,0.0011256034463723958,0.00816093385791751,0.0011251179059818814,0.007952698499382257,0.0011250044374133976
EC000032,63.0,0.04765681066285569,0.0021613640992281524,0.01948851683566873,0.0011909695115986901,0.01948851683566873,0.0011909695115986901,0.018155370059808527,0.0011893668385111783,0.018155370059808527,0.0011893668385111783,0.0038015976789107357,0.012941712255857152,0.0011837123531169725,0.012941712255857152,0.0011837123531169725,0.014935600370142311,0.0011837181408146233,0.014935600370142311,0.0011837181408146233,0.0024217481157572185,0.010486661217796803,0.001107981474535686,0.010511592957799612,0.0011079234896412698,0.009493340242977573,0.00110495352993314,0.00902352993220823,0.0011049215143788664,0.019299850690483723,0.001276207772859651,0.019304636907014196,0.0012762775764030548,0.01759958478997832,0.0012901972351223492,0.01759940882763459,0.001290248854050656,0.0021613640992281524,0.018155370059808527,0.001188087648166722,0.018155370059808527,0.001188087648166722,0.018155370059808527,0.0011893668385111783,0.018155370059808527,0.0011893668385111783,0.015433942704434772,0.0012910932938822789,0.015393907600479826,0.0012912645878031571,0.01603790268975791,0.001291098452906364,0.016046277882131404,0.0012912516238577948,0.014935600370142311,0.0011835659417721307,0.014935600370142311,0.0011835659417721307,0.014935600370142311,0.0011837181408146233,0.014935600370142311,0.0011837181408146233,0.018202794130567537,0.0012818969374404096,0.01711942842154513,0.0012820646619978978,0.016557567564556206,0.0012947421418790831,0.015252923920329271,0.0012946994347387837,0.010486661217796803,0.001107981474535686,0.010511592957799612,0.0011079234896412698,0.009493340242977573,0.00110495352993314,0.00902352993220823,0.0011049215143788664,0.012941712255857152,0.0011837123531169725,0.012941712255857152,0.0011837123531169725,0.014935600370142311,0.0011837181408146233,0.014935600370142311,0.0011837181408146233,0.009493340242977573,0.001107686374543,0.00902352993220823,0.0011076604481559487,0.009493340242977573,0.00110495352993314,0.00902352993220823,0.0011049215143788664
EC000040,64.0,0.059393374183453716,0.002297041771998752,0.01087604249938495,0.001218134712020954,0.01087604249938495,0.001218134712020954,0.011678884138075291,0.0012181297935422242,0.011678884138075291,0.0012181297935422242,0.0025019352314858646,0.008987169609314427,0.0012130521015501989,0.008987169609314427,0.0012130521015501989,0.010087163924144596,0.001213060621190497,0.010087163924144596,0.001213060621190497,0.0022804649299132474,0.008327369589704689,0.0011275182520328001,0.008876715868045828,0.0011276243135689252,0.007975234513679614,0.0011250040809379486,0.007981117244737745,0.001124934252360573,0.011581105718639403,0.001284493849591954,0.011581498934141786,0.0012845790993600077,0.011395651298454176,0.0013393625779797938,0.011395111380230574,0.001339458123488734,0.002297041771998752,0.011678884138075291,0.001217127638073061,0.011678884138075291,0.001217127638073061,0.011678884138075291,0.0012181297935422242,0.011678884138075291,0.0012181297935422242,0.009636502087050408,0.0013623547322083184,0.009634369772336929,0.0013622197832224593,0.010132349387889834,0.0013623552254916939,0.01012611888023247,0.0013622287140981884,0.010087163924144596,0.0012127143724343183,0.010087163924144596,0.0012127143724343183,0.010087163924144596,0.001213060621190497,0.010087163924144596,0.001213060621190497,0.011148516016153928,0.001278014098099635,0.010458950209453206,0.0012780729326727998,0.010962149890373744,0.001334539490710403,0.010319316224668569,0.0013345732514441749,0.008327369589704689,0.0011275182520328001,0.008876715868045828,0.0011276243135689252,0.007975234513679614,0.0011250040809379486,0.007981117244737745,0.001124934252360573,0.008987169609314427,0.0012130521015501989,0.008987169609314427,0.0012130521015501989,0.010087163924144596,0.001213060621190497,0.010087163924144596,0.001213060621190497,0.007975234513679614,0.0011235921373716421,0.007981117244737745,0.0011236338691268165,0.007975234513679614,0.0011250040809379486,0.007981117244737745,0.001124934252360573
EC000041,64.0,0.06333256622638639,0.0017812892500475902,0.013151668439037995,0.0012186143395777945,0.013151668439037995,0.0012186143395777945,0.013078990326799458,0.0012186218825088809,0.013078990326799458,0.0012186218825088809,0.0033198966710232102,0.011999756481248706,0.0012138585792390772,0.011999756481248706,0.0012138585792390772,0.013014283657174932,0.0012138584192642604,0.013014283657174932,0.0012138584192642604,0.0031649922461401167,0.01112358631992516,0.0011273089784024368,0.01092762708716956,0.0011273507432271374,0.01031637392233156,0.0011219543056163721,0.010350753012119011,0.0011218943130985204,0.013540255553200263,0.0012750626949429935,0.013544969542501454,0.0012750682889251142,0.013253489379575403,0.0013549164184896195,0.01325558274032878,0.0013548569394032262,0.0017812892500475902,0.013078990326799458,0.0012168707896080015,0.013078990326799458,0.0012168707896080015,0.013078990326799458,0.0012186218825088809,0.013078990326799458,0.0012186218825088809,0.013078877947995893,0.0013370499952876976,0.013079936173995502,0.0013370482195619194,0.013427468323883475,0.0013370409509021884,0.01342847682618214,0.0013370462950330903,0.013014283657174932,0.0012128641109732843,0.013014283657174932,0.0012128641109732843,0.013014283657174932,0.0012138584192642604,0.013014283657174932,0.0012138584192642604,0.01346326394848539,0.0012773559224085226,0.012636319683849179,0.0012774298578245406,0.012961745082002422,0.0013552461500033427,0.012285159724396472,0.0013551337402200922,0.01112358631992516,0.0011273089784024368,0.01092762708716956,0.0011273507432271374,0.01031637392233156,0.0011219543056163721,0.010350753012119011,0.0011218943130985204,0.011999756481248706,0.0012138585792390772,0.011999756481248706,0.0012138585792390772,0.013014283657174932,0.0012138584192642604,0.013014283657174932,0.0012138584192642604,0.01031637392233156,0.0011210064858459612,0.010350753012119011,0.0011209566628995237,0.01031637392233156,0.0011219543056163721,0.010350753012119011,0.0011218943130985204
EC000043,64.0,0.05520411594519016,0.0018182638354599073,0.010582638377284128,0.0012185235156261637,0.010582638377284128,0.0012185235156261637,0.01081341434506069,0.0012180641313832737,0.01081341434506069,0.0012180641313832737,0.0025466115896488712,0.00840532493728205,0.0012139909525331909,0.00840532493728205,0.0012139909525331909,0.009140463214065997,0.0012139831134087055,0.009140463214065997,0.0012139831134087055,0.002066644038809118,0.007493011645886236,0.0011275125758172082,0.0073006794892216675,0.0011274720338479097,0.006974102327241316,0.001122962881827532,0.007236639835976479,0.0011229795471090235,0.010752548824195324,0.0012874031165618091,0.010744036138046637,0.0012873578973361293,0.010597201412957996,0.0013369157593689145,0.010596295788003151,0.00133698413775464,0.0018182638354599073,0.01081341434506069,0.0012167994107653666,0.01081341434506069,0.0012167994107653666,0.01081341434506069,0.0012180641313832737,0.01081341434506069,0.0012180641313832737,0.008627872419205866,0.0013012126441225218,0.008623216635721643,0.0013010643598788114,0.00878496905718409,0.0013012312847555765,0.00877920022634062,0.0013010641393968786,0.009140463214065997,0.001213656066353312,0.009140463214065997,0.001213656066353312,0.009140463214065997,0.0012139831134087055,0.009140463214065997,0.0012139831134087055,0.010796867524487034,0.0012944583482292359,0.009536829696226412,0.0012944795682926584,0.010340151996376019,0.0013475710123373996,0.009295700147828328,0.001347580689163232,0.007493011645886236,0.0011275125758172082,0.0073006794892216675,0.0011274720338479097,0.006974102327241316,0.001122962881827532,0.007236639835976479,0.0011229795471090235,0.00840532493728205,0.0012139909525331909,0.00840532493728205,0.0012139909525331909,0.009140463214065997,0.0012139831134087055,0.009140463214065997,0.0012139831134087055,0.006974102327241316,0.001122661219473508,0.007236639835976479,0.001122641061469373,0.006974102327241316,0.001122962881827532,0.007236639835976479,0.0011229795471090235
EC000049,64.0,0.04206122426991586,0.002444085705786974,0.012577489129093759,0.0012189488447328872,0.012577489129093759,0.0012189488447328872,0.013628290513734093,0.0012187757713843768,0.013628290513734093,0.0012187757713843768,0.004403877694583317,0.010471121509867457,0.0012136068033932793,0.010471121509867457,0.0012136068033932793,0.01087772185383166,0.0012135988261857498,0.01087772185383166,0.0012135988261857498,0.003563218025955846,0.00825913699189644,0.001128699844044169,0.008979886066997494,0.001128708577033329,0.008002172511676408,0.0011344622916985207,0.008607794905701502,0.0011344931416668196,0.014257634915147512,0.001291684235056046,0.014258723380627886,0.0012916724791855977,0.012704568750513363,0.0013722879212272649,0.012702095030794848,0.0013721741581488095,0.002444085705786974,0.013628290513734093,0.0012172113896975077,0.013628290513734093,0.0012172113896975077,0.013628290513734093,0.0012187757713843768,0.013628290513734093,0.0012187757713843768,0.011352487166303596,0.001335774558104163,0.011359387003681097,0.0013357112399696488,0.011897875077438813,0.001335786071009441,0.011894398131960233,0.001335709543493845,0.01087772185383166,0.001213067067253891,0.01087772185383166,0.001213067067253891,0.01087772185383166,0.0012135988261857498,0.01087772185383166,0.0012135988261857498,0.012834448560548313,0.0012856123984216373,0.012203985646963534,0.0012855014241087781,0.012090900813775797,0.0013708479286113383,0.011889971482867875,0.0013709552977253263,0.00825913699189644,0.001128699844044169,0.008979886066997494,0.001128708577033329,0.008002172511676408,0.0011344622916985207,0.008607794905701502,0.0011344931416668196,0.010471121509867457,0.0012136068033932793,0.010471121509867457,0.0012136068033932793,0.01087772185383166,0.0012135988261857498,0.01087772185383166,0.0012135988261857498,0.008002172511676408,0.001129617220969063,0.008607794905701502,0.001129690176675811,0.008002172511676408,0.0011344622916985207,0.008607794905701502,0.0011344931416668196
EC000053,64.0,0.045212311404650186,0.0019311999045431173,0.009556479199620932,0.0012205840470133622,0.009556479199620932,0.0012205840470133622,0.010482457985164824,0.001220230368004449,0.010482457985164824,0.001220230368004449,0.0036494473831581555,0.00818154658520256,0.0012149869221897373,0.00818154658520256,0.0012149869221897373,0.009152147940514938,0.0012149955896132594,0.009152147940514938,0.0012149955896132594,0.002942386681128133,0.007044765363744224,0.0011285678575546102,0.0070832198103212155,0.001128557510634024,0.0066841490304962925,0.0011241368313145892,0.006783837837175525,0.0011241834177979906,0.009918479085226464,0.001293060236438743,0.009921089625344525,0.001293082717632343,0.009983543871239134,0.0013312594259823115,0.009979669399922172,0.0013313059955329884,0.0019311999045431173,0.010482457985164824,0.001218984914324975,0.010482457985164824,0.001218984914324975,0.010482457985164824,0.001220230368004449,0.010482457985164824,0.001220230368004449,0.008758823877207762,0.0013031319334702275,0.008789729637675521,0.0013031390381134753,0.00940394821247247,0.001303130925431273,0.009406130133532408,0.0013031417306941858,0.009152147940514938,0.0012144977508737483,0.009152147940514938,0.0012144977508737483,0.009152147940514938,0.0012149955896132594,0.009152147940514938,0.0012149955896132594,0.009818709324717716,0.0012903581856010481,0.009333832161015458,0.0012902317428614362,0.009634336128254905,0.0013298967950468052,0.008828241184048227,0.0013300516540920432,0.007044765363744224,0.0011285678575546102,0.0070832198103212155,0.001128557510634024,0.0066841490304962925,0.0011241368313145892,0.006783837837175525,0.0011241834177979906,0.00818154658520256,0.0012149869221897373,0.00818154658520256,0.0012149869221897373,0.009152147940514938,0.0012149955896132594,0.009152147940514938,0.0012149955896132594,0.0066841490304962925,0.001123359937810712,0.006783837837175525,0.0011232877347027988,0.0066841490304962925,0.0011241368313145892,0.006783837837175525,0.0011241834177979906
EC000056,64.0,0.047742645319533206,0.002264396952862392,0.025019642524856136,0.0012196629744533262,0.025019642524856136,0.0012196629744533262,0.025336280081688256,0.0012196128801713123,0.025336280081688256,0.0012196128801713123,0.005468824970874881,0.018946197855767,0.0012146958490630321,0.018946197855767,0.0012146958490630321,0.019800195217453357,0.0012146877261054938,0.019800195217453357,0.0012146877261054938,0.004351997844377853,0.009694756330375278,0.0011288817365842614,0.010442896346087596,0.0011287292715210302,0.008734910816052672,0.0011308039259411734,0.009207495274669717,0.0011309042945676757,0.02542843909113881,0.0012860635318377549,0.02542007655067757,0.0012860031664782734,0.023866105287375195,0.0013715098765965776,0.02386201397627008,0.0013715130538722023,0.002264396952862392,0.025336280081688256,0.0012182026673334004,0.025336280081688256,0.0012182026673334004,0.025336280081688256,0.0012196128801713123,0.025336280081688256,0.0012196128801713123,0.020562590809551914,0.0013008030630197991,0.020563455039090982,0.0013008736336323958,0.02064492425509817,0.0013007785827345178,0.02065135533185338,0.0013008584405055045,0.019800195217453357,0.0012146766973913715,0.019800195217453357,0.0012146766973913715,0.019800195217453357,0.0012146877261054938,0.019800195217453357,0.0012146877261054938,0.025639972962931152,0.0012780201082625972,0.021368154407400964,0.0012778651092837357,0.023415293878588848,0.0013641776710321904,0.01979904309051977,0.0013641300517429468,0.009694756330375278,0.0011288817365842614,0.010442896346087596,0.0011287292715210302,0.008734910816052672,0.0011308039259411734,0.009207495274669717,0.0011309042945676757,0.018946197855767,0.0012146958490630321,0.018946197855767,0.0012146958490630321,0.019800195217453357,0.0012146877261054938,0.019800195217453357,0.0012146877261054938,0.008734910816052672,0.0011254778554206858,0.009207495274669717,0.001125528557274276,0.008734910816052672,0.0011308039259411734,0.009207495274669717,0.0011309042945676757
EC000057,64.0,0.045599522524077354,0.002791712827780842,0.025771294281170573,0.0012199190527399388,0.025771294281170573,0.0012199190527399388,0.026820788719849283,0.0012196524243722386,0.026820788719849283,0.0012196524243722386,0.006405400087663085,0.01773309857987491,0.001215106348679697,0.01773309857987491,0.001215106348679697,0.01937256927931949,0.001215100258449312,0.01937256927931949,0.001215100258449312,0.00501938993876681,0.010173433711399562,0.0011295295546900667,0.012202196842258596,0.0011293892552121992,0.009402292421809752,0.0011303725536146066,0.011085015465526453,0.0011303604050948157,0.027408729281388492,0.001268515210606392,0.027411225528627656,0.0012685821766420962,0.025444556272727674,0.0014259966699333897,0.02545097419473003,0.0014261742988052261,0.002791712827780842,0.026820788719849283,0.0012186502850600575,0.026820788719849283,0.0012186502850600575,0.026820788719849283,0.0012196524243722386,0.026820788719849283,0.0012196524243722386,0.018225889607523964,0.0013643528262666847,0.018229679584764978,0.0013642217712352648,0.019218905711256652,0.0013643538795450924,0.019247561397727885,0.0013642199299973244,0.01937256927931949,0.0012146280853149055,0.01937256927931949,0.0012146280853149055,0.01937256927931949,0.001215100258449312,0.01937256927931949,0.001215100258449312,0.026626120770105025,0.0012700222826210216,0.02027979613008471,0.001270070105919377,0.024789276498187206,0.00143567284281159,0.018652716616957783,0.0014358320893276537,0.010173433711399562,0.0011295295546900667,0.012202196842258596,0.0011293892552121992,0.009402292421809752,0.0011303725536146066,0.011085015465526453,0.0011303604050948157,0.01773309857987491,0.001215106348679697,0.01773309857987491,0.001215106348679697,0.01937256927931949,0.001215100258449312,0.01937256927931949,0.001215100258449312,0.009402292421809752,0.0011250820604653733,0.011085015465526453,0.0011250426546864155,0.009402292421809752,0.0011303725536146066,0.011085015465526453,0.0011303604050948157
EC000063,64.0,0.12515218404701356,0.0023293376819104603,0.022288888594769272,0.0012202142415815257,0.022288888594769272,0.0012202142415815257,0.02295180418379244,0.0012193204123561409,0.02295180418379244,0.0012193204123561409,0.005052300794811646,0.018085724824584894,0.0012148325047175962,0.018085724824584894,0.0012148325047175962,0.018943231849574416,0.001214841995939662,0.018943231849574416,0.001214841995939662,0.0038302147704794513,0.009560146540445229,0.001129633791061257,0.011438512627998533,0.0011296611250533669,0.009466026737549819,0.0011281065865785297,0.010596850545203398,0.0011281549199076053,0.021679535087439618,0.0012745428657995929,0.02168162720222785,0.0012745595510423634,0.020930086831445333,0.0013467373327372323,0.020929447658408432,0.0013467674707117881,0.0023293376819104603,0.02295180418379244,0.0012185147186899357,0.02295180418379244,0.0012185147186899357,0.02295180418379244,0.0012193204123561409,0.02295180418379244,0.0012193204123561409,0.01859169043022553,0.0013063643072878032,0.018588670725575473,0.0013063638097527927,0.01845461484344493,0.0013063667756094632,0.018456511337541788,0.0013063604687814437,0.018943231849574416,0.001214546555405567,0.018943231849574416,0.001214546555405567,0.018943231849574416,0.001214841995939662,0.018943231849574416,0.001214841995939662,0.020626564674465,0.0012725466662540938,0.019207582598027323,0.0012725194970973034,0.019372132606603358,0.0013517030917899828,0.018044052898664408,0.0013518067612510905,0.009560146540445229,0.001129633791061257,0.011438512627998533,0.0011296611250533669,0.009466026737549819,0.0011281065865785297,0.010596850545203398,0.0011281549199076053,0.018085724824584894,0.0012148325047175962,0.018085724824584894,0.0012148325047175962,0.018943231849574416,0.001214841995939662,0.018943231849574416,0.001214841995939662,0.009466026737549819,0.0011242967270531203,0.010596850545203398,0.0011242513679248901,0.009466026737549819,0.0011281065865785297,0.010596850545203398,0.0011281549199076053
EC000064,64.0,0.0425267700144419,0.00188351186502494,0.023651727054436085,0.0012199532774683091,0.023651727054436085,0.0012199532774683091,0.02004302106049032,0.0012194265304843101,0.02004302106049032,0.0012194265304843101,0.0041674568601081955,0.015868889410234083,0.0012140194147935766,0.015868889410234083,0.0012140194147935766,0.017715910112033204,0.0012140285875152249,0.017715910112033204,0.0012140285875152249,0.0029849392627769146,0.011796880727063409,0.0011290406095892669,0.011562813795838268,0.001129031697724438,0.010146547396581971,0.0011265646033050247,0.010638099908184285,0.0011265553501865985,0.021858562511737012,0.001295754363730338,0.021866523953881778,0.0012958048103178838,0.01814432959844806,0.001357791361625678,0.0181500929990498,0.0013579317608591577,0.00188351186502494,0.02004302106049032,0.0012177635162508955,0.02004302106049032,0.0012177635162508955,0.02004302106049032,0.0012194265304843101,0.02004302106049032,0.0012194265304843101,0.01715695394991111,0.0013365012062126974,0.017158028460336216,0.0013364613609784404,0.017284691376835172,0.0013365420641480675,0.017276995441724674,0.0013364634541425827,0.017715910112033204,0.0012131731418866182,0.017715910112033204,0.0012131731418866182,0.017715910112033204,0.0012140285875152249,0.017715910112033204,0.0012140285875152249,0.021540672944377524,0.0012863886217830516,0.018160083701565997,0.0012864219264206098,0.01820205888054794,0.001353341811714054,0.015737773130798785,0.001353393335713903,0.011796880727063409,0.0011290406095892669,0.011562813795838268,0.001129031697724438,0.010146547396581971,0.0011265646033050247,0.010638099908184285,0.0011265553501865985,0.015868889410234083,0.0012140194147935766,0.015868889410234083,0.0012140194147935766,0.017715910112033204,0.0012140285875152249,0.017715910112033204,0.0012140285875152249,0.010146547396581971,0.0011246842813873203,0.010638099908184285,0.0011248039070092945,0.010146547396581971,0.0011265646033050247,0.010638099908184285,0.0011265553501865985
EC000069,64.0,0.049234290716982335,0.0030397466924999388,0.018320069265419216,0.0012193106406766497,0.018320069265419216,0.0012193106406766497,0.0182161767933988,0.001218458250705186,0.0182161767933988,0.001218458250705186,0.00584419262987875,0.014943703073310844,0.0012128387772877356,0.014943703073310844,0.0012128387772877356,0.016123696822077843,0.0012128317505307555,0.016123696822077843,0.0012128317505307555,0.003789505170967552,0.009121201238233583,0.0011268089805362067,0.009799235689389955,0.0011267860556125663,0.008876147913658969,0.0011248103085231451,0.009740354940632408,0.001124845304855338,0.01878297570576264,0.0012773652489224397,0.018765947389897973,0.0012773925632717305,0.017607115118073505,0.001391018591238905,0.017524740431948554,0.0013911774792995566,0.0030397466924999388,0.0182161767933988,0.0012171068941868696,0.0182161767933988,0.0012171068941868696,0.0182161767933988,0.001218458250705186,0.0182161767933988,0.001218458250705186,0.01704779915265611,0.0013582170392570907,0.017042951789757677,0.0013581398620806096,0.017096605471671168,0.0013582055750831286,0.0170894567470651,0.0013581429208206377,0.016123696822077843,0.0012122671820896786,0.016123696822077843,0.0012122671820896786,0.016123696822077843,0.0012128317505307555,0.016123696822077843,0.0012128317505307555,0.018225089753935546,0.0012816042445096352,0.017361944711647145,0.0012816066824412756,0.01691514762169835,0.0013926682538802366,0.015119731815452253,0.001392772937123841,0.009121201238233583,0.0011268089805362067,0.009799235689389955,0.0011267860556125663,0.008876147913658969,0.0011248103085231451,0.009740354940632408,0.001124845304855338,0.014943703073310844,0.0012128387772877356,0.014943703073310844,0.0012128387772877356,0.016123696822077843,0.0012128317505307555,0.016123696822077843,0.0012128317505307555,0.008876147913658969,0.0011238995270620997,0.009740354940632408,0.0011239991014317147,0.008876147913658969,0.0011248103085231451,0.009740354940632408,0.001124845304855338
EC000074,64.0,0.05030472865134157,0.004636604276403267,0.01353475638343329,0.0012178259244942787,0.01353475638343329,0.0012178259244942787,0.015536888537653235,0.0012174360513521952,0.015536888537653235,0.0012174360513521952,0.006395575102096938,0.010531887325939114,0.001208922289137607,0.010531887325939114,0.001208922289137607,0.011381608279685882,0.0012089346752892506,0.011381608279685882,0.0012089346752892506,0.00545945088294327,0.006790996716044506,0.001126206093057589,0.007276433842237202,0.001126281941709815,0.006629955302349195,0.0011289184545339006,0.006836121044137177,0.0011290798054870794,0.014719651709442354,0.0012970046918538184,0.01471918399917187,0.0012969798042598722,0.013335987888734517,0.0013629826781182315,0.013335285994893085,0.001363042526064478,0.004636604276403267,0.015536888537653235,0.0012156307467565827,0.015536888537653235,0.0012156307467565827,0.015536888537653235,0.0012174360513521952,0.015536888537653235,0.0012174360513521952,0.012202281166851504,0.0013402002818000726,0.012194150354799635,0.0013402131709115556,0.012163911132545231,0.001340201199727918,0.012104297473639553,0.0013402086746618614,0.011381608279685882,0.0012085839724932821,0.011381608279685882,0.0012085839724932821,0.011381608279685882,0.0012089346752892506,0.011381608279685882,0.0012089346752892506,0.014302421387259482,0.001295312747249272,0.012592117448655038,0.0012951946084912762,0.013006294304090924,0.0013529399049153543,0.01148696950767902,0.0013529562988410886,0.006790996716044506,0.001126206093057589,0.007276433842237202,0.001126281941709815,0.006629955302349195,0.0011289184545339006,0.006836121044137177,0.0011290798054870794,0.010531887325939114,0.001208922289137607,0.010531887325939114,0.001208922289137607,0.011381608279685882,0.0012089346752892506,0.011381608279685882,0.0012089346752892506,0.006629955302349195,0.001126575364017357,0.006836121044137177,0.0011264854777371222,0.006629955302349195,0.0011289184545339006,0.006836121044137177,0.0011290798054870794
EC000080,64.0,0.05268183247912746,0.003577242363503795,0.007322375532251805,0.0012177406806526433,0.007322375532251805,0.0012177406806526433,0.008946778409079485,0.0012169670796991093,0.008946778409079485,0.0012169670796991093,0.003639530498115073,0.008114370046648183,0.0012101163856830064,0.008114370046648183,0.0012101163856830064,0.008945106720272511,0.0012101364994214607,0.008945106720272511,0.0012101364994214607,0.0038811840744391256,0.003892295135469402,0.001128851747561607,0.00412036503742661,0.0011287479908911623,0.0038660283718322625,0.0011264021043633197,0.004168689509593685,0.001126352585539549,0.008243779455400113,0.0012897604786204291,0.00822570560142088,0.001289836130066891,0.008033385604009496,0.0013674139427585635,0.008052884460559233,0.001367505211966006,0.003577242363503795,0.008946778409079485,0.0012153517989632017,0.008946778409079485,0.0012153517989632017,0.008946778409079485,0.0012169670796991093,0.008946778409079485,0.0012169670796991093,0.008714196731245882,0.0013757492651451152,0.008709864433128324,0.0013755325847823162,0.009202211881276753,0.00137574837316755,0.009205056730452596,0.0013755322385502978,0.008945106720272511,0.0012097225350168016,0.008945106720272511,0.0012097225350168016,0.008945106720272511,0.0012101364994214607,0.008945106720272511,0.0012101364994214607,0.008018831496030332,0.0012867307992729404,0.007720043913698815,0.001286854047180335,0.007789680830726552,0.0013643224849875526,0.00841431223595421,0.0013643594479649003,0.003892295135469402,0.001128851747561607,0.00412036503742661,0.0011287479908911623,0.0038660283718322625,0.0011264021043633197,0.004168689509593685,0.001126352585539549,0.008114370046648183,0.0012101163856830064,0.008114370046648183,0.0012101163856830064,0.008945106720272511,0.0012101364994214607,0.008945106720272511,0.0012101364994214607,0.0038660283718322625,0.001129438661676554,0.004168689509593685,0.0011295091622464466,0.0038660283718322625,0.0011264021043633197,0.004168689509593685,0.001126352585539549
EC000081,64.0,0.08531375667071461,0.007911641388077456,0.013776738194179416,0.001216273854702333,0.013776738194179416,0.001216273854702333,0.013089799623223711,0.0012160995663730739,0.013089799623223711,0.0012160995663730739,0.012566996424367066,0.010892882572480493,0.001207547256207758,0.010892882572480493,0.001207547256207758,0.012320567330796492,0.0012075445647329584,0.012320567330796492,0.0012075445647329584,0.013688050135189405,0.0073011341102956675,0.001125711227082571,0.008186396580531538,0.0011256982144096212,0.006548360683854364,0.0011246734740294451,0.00699588199730797,0.001124748571667664,0.013459125192510909,0.0013044252246257365,0.013468561462917437,0.0013043303316776697,0.012665757963748567,0.0013146527302404724,0.01266470208647613,0.0013145525903365937,0.007911641388077456,0.013089799623223711,0.0012139331738007198,0.013089799623223711,0.0012139331738007198,0.013089799623223711,0.0012160995663730739,0.013089799623223711,0.0012160995663730739,0.012702201980865094,0.0013034818163496125,0.012722972724905558,0.0013034123674971806,0.013118285752005542,0.0013034689398826954,0.013163689158407188,0.0013034176047350438,0.012320567330796492,0.0012072338429298794,0.012320567330796492,0.0012072338429298794,0.012320567330796492,0.0012075445647329584,0.012320567330796492,0.0012075445647329584,0.012843697537507175,0.0013057551556958761,0.012298534069637544,0.0013057123390107122,0.011635646162325082,0.0013215862063842988,0.011726183097187778,0.001321648714813811,0.0073011341102956675,0.001125711227082571,0.008186396580531538,0.0011256982144096212,0.006548360683854364,0.0011246734740294451,0.00699588199730797,0.001124748571667664,0.010892882572480493,0.001207547256207758,0.010892882572480493,0.001207547256207758,0.012320567330796492,0.0012075445647329584,0.012320567330796492,0.0012075445647329584,0.006548360683854364,0.0011282611326006327,0.00699588199730797,0.0011282517975634125,0.006548360683854364,0.0011246734740294451,0.00699588199730797,0.001124748571667664
EC000083,64.0,0.05614981141332607,0.05184107569343138,0.006121222709656935,0.0012174951140170734,0.006121222709656935,0.0012174951140170734,0.008788077529584586,0.0012155387827156344,0.008788077529584586,0.0012155387827156344,0.06311799915438145,0.006153027277413774,0.0012075657141346753,0.006153027277413774,0.0012075657141346753,0.007772164321014386,0.0012075652506949577,0.007772164321014386,0.0012075652506949577,0.05087549484074166,0.0038467327326553863,0.0011259537596534672,0.003846985654624787,0.0011260335093727146,0.0036630444533831377,0.0011226308277100636,0.004013891982664777,0.0011226437742857844,0.006612379980180412,0.0012843379111497132,0.006605560830070441,0.0012845048777345902,0.0059738390758603994,0.0013364339099969445,0.005935405766577941,0.0013364463885676393,0.05184107569343138,0.008788077529584586,0.001212556200724833,0.008788077529584586,0.001212556200724833,0.008788077529584586,0.0012155387827156344,0.008788077529584586,0.0012155387827156344,0.007641293516156555,0.001308094433004448,0.007681281829322178,0.0013080276266966024,0.007800103302427279,0.0013080934018043823,0.007798171278077528,0.001308030606674788,0.007772164321014386,0.0012061460493541323,0.007772164321014386,0.0012061460493541323,0.007772164321014386,0.0012075652506949577,0.007772164321014386,0.0012075652506949577,0.006701129378785073,0.0012845881929902073,0.006808220582749812,0.0012846297539958378,0.00587877405100288,0.0013443161614159359,0.0060717639510844005,0.0013442744936840937,0.0038467327326553863,0.0011259537596534672,0.003846985654624787,0.0011260335093727146,0.0036630444533831377,0.0011226308277100636,0.004013891982664777,0.0011226437742857844,0.006153027277413774,0.0012075657141346753,0.006153027277413774,0.0012075657141346753,0.007772164321014386,0.0012075652506949577,0.007772164321014386,0.0012075652506949577,0.0036630444533831377,0.0011266379748989426,0.004013891982664777,0.001126639334229168,0.0036630444533831377,0.0011226308277100636,0.004013891982664777,0.0011226437742857844
EC000084,63.0,0.0664286768851673,0.006876234087775109,0.01245348982261607,0.0011874131893324094,0.01245348982261607,0.0011874131893324094,0.011233179032164513,0.0011870881259389236,0.011233179032164513,0.0011870881259389236,0.006608878421264262,0.009064247584592452,0.0011794002857062427,0.009064247584592452,0.0011794002857062427,0.010345560999677365,0.0011793973491818787,0.010345560999677365,0.0011793973491818787,0.005732543104088818,0.005629990240632846,0.0011058050991000312,0.005117100570005641,0.0011057368967578988,0.0043995964556265005,0.0011051345754802433,0.004530882560493352,0.001105248801658788,0.011818523424592785,0.001267871822420842,0.011839723483358593,0.0012679095706518,0.009958435619112941,0.001305674624750246,0.010044464488215263,0.00130575151878848,0.006876234087775109,0.011233179032164513,0.001184649769399364,0.011233179032164513,0.001184649769399364,0.011233179032164513,0.0011870881259389236,0.011233179032164513,0.0011870881259389236,0.010276145998355586,0.00128314141067121,0.01027817989218844,0.001283114045650071,0.010362592148723683,0.0012831591407374947,0.010362975017517474,0.00128311205278252,0.010345560999677365,0.0011788817367951033,0.010345560999677365,0.0011788817367951033,0.010345560999677365,0.0011793973491818787,0.010345560999677365,0.0011793973491818787,0.011236043369191116,0.0012730071263917253,0.009382966770312631,0.001273100599006608,0.009502084330994563,0.0013187852385041269,0.007817343016458023,0.0013188502604404495,0.005629990240632846,0.0011058050991000312,0.005117100570005641,0.0011057368967578988,0.0043995964556265005,0.0011051345754802433,0.004530882560493352,0.001105248801658788,0.009064247584592452,0.0011794002857062427,0.009064247584592452,0.0011794002857062427,0.010345560999677365,0.0011793973491818787,0.010345560999677365,0.0011793973491818787,0.0043995964556265005,0.0011080588025133807,0.004530882560493352,0.0011080741890063836,0.0043995964556265005,0.0011051345754802433,0.004530882560493352,0.001105248801658788
EC000088,64.0,0.05154848070434489,0.004774924898297363,0.013271092215634864,0.0012180434171767038,0.013271092215634864,0.0012180434171767038,0.014670212326209207,0.0012172881091333148,0.014670212326209207,0.0012172881091333148,0.006347169660520831,0.011472925501788864,0.0012103712764525594,0.011472925501788864,0.0012103712764525594,0.014103725738275693,0.0012103989899773858,0.014103725738275693,0.0012103989899773858,0.005992390691632336,0.007651399156933756,0.0011262049105014878,0.00780136359183695,0.0011261917215054855,0.006241877684775805,0.0011261661137868457,0.00709072251045133,0.0011261959243863582,0.01372030384249983,0.001282264079283905,0.013718636185362227,0.0012824382540611548,0.012053946349913388,0.0013466161596565704,0.012103359592176247,0.0013466284965389997,0.004774924898297363,0.014670212326209207,0.0012145426327211392,0.014670212326209207,0.0012145426327211392,0.014670212326209207,0.0012172881091333148,0.014670212326209207,0.0012172881091333148,0.012386775684741265,0.001346683411560348,0.012387593693436888,0.001346591631197638,0.01351710116327473,0.0013466794712692616,0.01352279509145283,0.00134659101335131,0.014103725738275693,0.0012092450727424744,0.014103725738275693,0.0012092450727424744,0.014103725738275693,0.0012103989899773858,0.014103725738275693,0.0012103989899773858,0.013134115972274206,0.001282840903488022,0.011677752049682737,0.0012828805253442762,0.011595152610820041,0.0013481073255621355,0.011138985030779414,0.0013481076325502761,0.007651399156933756,0.0011262049105014878,0.00780136359183695,0.0011261917215054855,0.006241877684775805,0.0011261661137868457,0.00709072251045133,0.0011261959243863582,0.011472925501788864,0.0012103712764525594,0.011472925501788864,0.0012103712764525594,0.014103725738275693,0.0012103989899773858,0.014103725738275693,0.0012103989899773858,0.006241877684775805,0.0011348140816527827,0.00709072251045133,0.0011348722096440258,0.006241877684775805,0.0011261661137868457,0.00709072251045133,0.0011261959243863582
EC000098,63.0,0.04005182347147392,0.0025195518982282796,0.011473260682945767,0.0011887991825326502,0.011473260682945767,0.0011887991825326502,0.013067304265419497,0.0011882293683133118,0.013067304265419497,0.0011882293683133118,0.0026641619453950903,0.008473605985358422,0.0011817795580021198,0.008473605985358422,0.0011817795580021198,0.009510310342069053,0.0011817417504246819,0.009510310342069053,0.0011817417504246819,0.002290356651998158,0.008083876199464896,0.001107714364872582,0.007627723147622961,0.0011077334425099092,0.007332115386247117,0.0011038485546207956,0.007135914474610376,0.0011036801339140766,0.012244919317534289,0.0012613684577102472,0.012245320165786385,0.0012614330956451588,0.011571360577341415,0.0012891970354829568,0.011656905430817304,0.0012892558651595666,0.0025195518982282796,0.013067304265419497,0.0011860521800777927,0.013067304265419497,0.0011860521800777927,0.013067304265419497,0.0011882293683133118,0.013067304265419497,0.0011882293683133118,0.00910726547503462,0.0013122547716726259,0.009110913266009643,0.0013122485410432204,0.009852414228490184,0.0013122507607137297,0.009853107970189524,0.0013122491261868842,0.009510310342069053,0.0011807065105468504,0.009510310342069053,0.0011807065105468504,0.009510310342069053,0.0011817417504246819,0.009510310342069053,0.0011817417504246819,0.01139896495347674,0.001256624755621376,0.010766350195556926,0.0012566329225271592,0.010674875516431563,0.001279670459760365,0.009632434595989264,0.0012797587360362738,0.008083876199464896,0.001107714364872582,0.007627723147622961,0.0011077334425099092,0.007332115386247117,0.0011038485546207956,0.007135914474610376,0.0011036801339140766,0.008473605985358422,0.0011817795580021198,0.008473605985358422,0.0011817795580021198,0.009510310342069053,0.0011817417504246819,0.009510310342069053,0.0011817417504246819,0.007332115386247117,0.001113095170603081,0.007135914474610376,0.0011131259717395306,0.007332115386247117,0.0011038485546207956,0.007135914474610376,0.0011036801339140766
EC000099,64.0,0.04513126051883874,0.002989968642668178,0.015480825601791672,0.0012186496284542036,0.015480825601791672,0.0012186496284542036,0.016586947609189488,0.0012186927531803733,0.016586947609189488,0.0012186927531803733,0.0043076334794212735,0.011169898631685958,0.0012127988610434236,0.011169898631685958,0.0012127988610434236,0.012406643132223826,0.0012127895014506392,0.012406643132223826,0.0012127895014506392,0.004175220548147402,0.008487806692915174,0.0011280427634671837,0.008698413253896217,0.00112807367959331,0.00762683526892887,0.0011262685797781054,0.008010050333055385,0.0011263218784167291,0.0161974888981698,0.0012742080313713493,0.016217186245160536,0.0012741956755996655,0.014882300446215713,0.001356742484258551,0.01488011615253446,0.0013567326189285163,0.002989968642668178,0.016586947609189488,0.0012168953432782244,0.016586947609189488,0.0012168953432782244,0.016586947609189488,0.0012186927531803733,0.016586947609189488,0.0012186927531803733,0.011661714022366702,0.001322448514510923,0.01162246977976643,0.001322394478979326,0.012091710628860747,0.001322467869262337,0.012099427868612674,0.0013223909435834138,0.012406643132223826,0.0012125433004752622,0.012406643132223826,0.0012125433004752622,0.012406643132223826,0.0012127895014506392,0.012406643132223826,0.0012127895014506392,0.01656357975346109,0.0012759060866519684,0.013137880976089455,0.001275858480392926,0.014741870923619206,0.0013720966967097111,0.012027931374293751,0.0013720519702040395,0.008487806692915174,0.0011280427634671837,0.008698413253896217,0.00112807367959331,0.00762683526892887,0.0011262685797781054,0.008010050333055385,0.0011263218784167291,0.011169898631685958,0.0012127988610434236,0.011169898631685958,0.0012127988610434236,0.012406643132223826,0.0012127895014506392,0.012406643132223826,0.0012127895014506392,0.00762683526892887,0.0011229062509450257,0.008010050333055385,0.0011228242319717959,0.00762683526892887,0.0011262685797781054,0.008010050333055385,0.0011263218784167291
EC000102,64.0,0.03467562227400415,0.005060436998457129,0.014305677701087536,0.0012194508262751975,0.014305677701087536,0.0012194508262751975,0.019048035478378786,0.0012185372031371326,0.019048035478378786,0.0012185372031371326,0.007923042234094135,0.014271057927831537,0.0012119628471584756,0.014271057927831537,0.0012119628471584756,0.016055845401354314,0.0012119496703584215,0.016055845401354314,0.0012119496703584215,0.007350864319368738,0.005913364401120584,0.0011289264568877621,0.0064349626802294455,0.001128857501397445,0.005662494642638554,0.0011409593960921703,0.006540144463470764,0.0011409871509552637,0.015787239717167126,0.0012841501115273336,0.01577720223243853,0.0012841684198976082,0.014277258517164469,0.0014113813977028355,0.014310203610446872,0.0014114637780108436,0.005060436998457129,0.019048035478378786,0.0012169069507727353,0.019048035478378786,0.0012169069507727353,0.019048035478378786,0.0012185372031371326,0.019048035478378786,0.0012185372031371326,0.012294904153051787,0.0013708957084161881,0.012301377777125894,0.0013709657446786955,0.012975287118015748,0.001370900467283714,0.012978460166503418,0.0013709761587226985,0.016055845401354314,0.001211540382224632,0.016055845401354314,0.001211540382224632,0.016055845401354314,0.0012119496703584215,0.016055845401354314,0.0012119496703584215,0.014525826925202075,0.0012839760113360933,0.012615821671844515,0.0012841428497085445,0.01297681145206917,0.0014080637221215735,0.011139952132557189,0.0014081668322641835,0.005913364401120584,0.0011289264568877621,0.0064349626802294455,0.001128857501397445,0.005662494642638554,0.0011409593960921703,0.006540144463470764,0.0011409871509552637,0.014271057927831537,0.0012119628471584756,0.014271057927831537,0.0012119628471584756,0.016055845401354314,0.0012119496703584215,0.016055845401354314,0.0012119496703584215,0.005662494642638554,0.0011346589865102365,0.006540144463470764,0.0011346326688592828,0.005662494642638554,0.0011409593960921703,0.006540144463470764,0.0011409871509552637
EC000103,64.0,0.0941813003956898,0.0026126610279965682,0.024279470561919186,0.0012209144120489182,0.024279470561919186,0.0012209144120489182,0.026965142705200493,0.0012203741751989302,0.026965142705200493,0.0012203741751989302,0.006801151692795376,0.018167419038705966,0.0012160052763032806,0.018167419038705966,0.0012160052763032806,0.019381935689409397,0.0012160071521145357,0.019381935689409397,0.0012160071521145357,0.0049002296357319305,0.010554934739748187,0.0011287842633578896,0.011840048044708599,0.0011288263101587694,0.009784513349306646,0.001126004623330753,0.010718172070193203,0.0011260291776496864,0.024791935195403018,0.0012835804142913494,0.02476950480956195,0.0012835459618341873,0.02356502891117232,0.0013163803163757557,0.023568297058420284,0.0013163913878951904,0.0026126610279965682,0.026965142705200493,0.0012184142394901535,0.026965142705200493,0.0012184142394901535,0.026965142705200493,0.0012203741751989302,0.026965142705200493,0.0012203741751989302,0.020073281915060342,0.0013175002112736347,0.020067606186223812,0.0013173802160980795,0.02052692847705906,0.0013174856111672552,0.020547639665205012,0.0013173840580069378,0.019381935689409397,0.001215657257189193,0.019381935689409397,0.001215657257189193,0.019381935689409397,0.0012160071521145357,0.019381935689409397,0.0012160071521145357,0.023968085607516783,0.0012869500818471866,0.022377479325894074,0.0012869953210483949,0.023109288415670042,0.0013249142195803885,0.02103807286997222,0.0013248720549125835,0.010554934739748187,0.0011287842633578896,0.011840048044708599,0.0011288263101587694,0.009784513349306646,0.001126004623330753,0.010718172070193203,0.0011260291776496864,0.018167419038705966,0.0012160052763032806,0.018167419038705966,0.0012160052763032806,0.019381935689409397,0.0012160071521145357,0.019381935689409397,0.0012160071521145357,0.009784513349306646,0.001124511965114282,0.010718172070193203,0.0011246050614462301,0.009784513349306646,0.001126004623330753,0.010718172070193203,0.0011260291776496864
EC000112,64.0,0.07365623377017881,0.002451956387568576,0.01632429185363244,0.001220450910129629,0.01632429185363244,0.001220450910129629,0.016301794752241142,0.0012199014100434304,0.016301794752241142,0.0012199014100434304,0.005686085837144832,0.013451941089767482,0.0012159726638205995,0.013451941089767482,0.0012159726638205995,0.01419687948572754,0.0012159639627708034,0.01419687948572754,0.0012159639627708034,0.0033827174562033008,0.011261604332829819,0.0011312444449029528,0.011385426370947615,0.0011313206869624334,0.010752250189163846,0.0011286718535380537,0.011104368901921648,0.0011286851331499864,0.01665512236117874,0.001293969689635411,0.01665669915899352,0.0012940101382819605,0.015688582992916544,0.0013557558664674429,0.015687090686632675,0.0013558823656455788,0.002451956387568576,0.016301794752241142,0.0012188857386009537,0.016301794752241142,0.0012188857386009537,0.016301794752241142,0.0012199014100434304,0.016301794752241142,0.0012199014100434304,0.014120822715304479,0.0013117599739521095,0.014128284221397256,0.0013117517255910763,0.01430509039465368,0.001311759566476949,0.014303712278822876,0.0013117565993637857,0.01419687948572754,0.0012157315199531797,0.01419687948572754,0.0012157315199531797,0.01419687948572754,0.0012159639627708034,0.01419687948572754,0.0012159639627708034,0.016191392291537682,0.0012905235739427885,0.015306841200592248,0.0012905358811782725,0.015542446437964996,0.0013525717420823915,0.014465242498629393,0.0013525740363259343,0.011261604332829819,0.0011312444449029528,0.011385426370947615,0.0011313206869624334,0.010752250189163846,0.0011286718535380537,0.011104368901921648,0.0011286851331499864,0.013451941089767482,0.0012159726638205995,0.013451941089767482,0.0012159726638205995,0.01419687948572754,0.0012159639627708034,0.01419687948572754,0.0012159639627708034,0.010752250189163846,0.0011245728029711062,0.011104368901921648,0.001124539613653756,0.010752250189163846,0.0011286718535380537,0.011104368901921648,0.0011286851331499864
EC000116,64.0,0.03135674220713337,0.002661320850255469,0.014485277959285593,0.001221913449946896,0.014485277959285593,0.001221913449946896,0.013657998297706989,0.001220875774435688,0.013657998297706989,0.001220875774435688,0.0040797966624273934,0.009250885085096944,0.0012170552525282922,0.009250885085096944,0.0012170552525282922,0.009789877057457187,0.0012170490177833757,0.009789877057457187,0.0012170490177833757,0.003383577966151446,0.00910929129757684,0.0011306640084340373,0.010042378048344963,0.0011306210023747539,0.008530599603679825,0.0011264558975865966,0.009029324683773605,0.0011264321566877827,0.01544455221671679,0.0012945361349397356,0.015482750670157436,0.0012945855483897518,0.01421669282354143,0.0013614760340262106,0.014213989091238107,0.0013614667260861241,0.002661320850255469,0.013657998297706989,0.0012194055548278861,0.013657998297706989,0.0012194055548278861,0.013657998297706989,0.001220875774435688,0.013657998297706989,0.001220875774435688,0.010743353220513148,0.0013261930608220536,0.01074215711475547,0.001326089423724786,0.010726597432450231,0.0013262013075711883,0.010726978902314551,0.0013260891458145802,0.009789877057457187,0.0012166768645558654,0.009789877057457187,0.0012166768645558654,0.009789877057457187,0.0012170490177833757,0.009789877057457187,0.0012170490177833757,0.014845823003724095,0.0012888325763250202,0.014147827338559684,0.00128891295871619,0.013820751909267811,0.0013588853274266186,0.01300737125623209,0.0013589627212381,0.00910929129757684,0.0011306640084340373,0.010042378048344963,0.0011306210023747539,0.008530599603679825,0.0011264558975865966,0.009029324683773605,0.0011264321566877827,0.009250885085096944,0.0012170552525282922,0.009250885085096944,0.0012170552525282922,0.009789877057457187,0.0012170490177833757,0.009789877057457187,0.0012170490177833757,0.008530599603679825,0.001123705256400185,0.009029324683773605,0.0011237082742034986,0.008530599603679825,0.0011264558975865966,0.009029324683773605,0.0011264321566877827
EC000123,64.0,0.03753604870511236,0.0019899008904229604,0.022762624061639897,0.001222158083922206,0.022762624061639897,0.001222158083922206,0.01926426150942647,0.0012213987892868469,0.01926426150942647,0.0012213987892868469,0.0041360496365990245,0.013859840410448274,0.0012166274551668468,0.013859840410448274,0.0012166274551668468,0.01573752951723778,0.0012166391367138603,0.01573752951723778,0.0012166391367138603,0.0026773809350616093,0.0125969836792843,0.0011296180756058512,0.012951311320171667,0.0011296033465443595,0.010928925513622253,0.0011275410356577653,0.010879101029536764,0.0011275476924355902,0.023167971573332613,0.0012859904701574465,0.02317272315556399,0.0012861011688436125,0.0193530197255153,0.001326543750822204,0.019353472808986836,0.0013265138580695799,0.0019899008904229604,0.01926426150942647,0.0012206147085723337,0.01926426150942647,0.0012206147085723337,0.01926426150942647,0.0012213987892868469,0.01926426150942647,0.0012213987892868469,0.015792323845346273,0.001282220547731054,0.01579506259359492,0.0012822086408553334,0.016344926506428426,0.001282223057326813,0.016344270821326484,0.0012822053500129485,0.01573752951723778,0.0012161958105593733,0.01573752951723778,0.0012161958105593733,0.01573752951723778,0.0012166391367138603,0.01573752951723778,0.0012166391367138603,0.022975023367084228,0.0012871039452201558,0.02007527558211499,0.0012871886692152994,0.01937498554206921,0.0013344060847430468,0.015344114829969516,0.001334440200665956,0.0125969836792843,0.0011296180756058512,0.012951311320171667,0.0011296033465443595,0.010928925513622253,0.0011275410356577653,0.010879101029536764,0.0011275476924355902,0.013859840410448274,0.0012166274551668468,0.013859840410448274,0.0012166274551668468,0.01573752951723778,0.0012166391367138603,0.01573752951723778,0.0012166391367138603,0.010928925513622253,0.0011246705356903126,0.010879101029536764,0.0011247325039650453,0.010928925513622253,0.0011275410356577653,0.010879101029536764,0.0011275476924355902
EC000124,64.0,0.02875749405874254,0.0021748294335257948,0.012832692065423727,0.0012207987766779047,0.012832692065423727,0.0012207987766779047,0.013794870470077311,0.0012206600929491453,0.013794870470077311,0.0012206600929491453,0.0032091875211591454,0.009692984888131683,0.001217050047749322,0.009692984888131683,0.001217050047749322,0.010757427008063552,0.0012170514617502871,0.010757427008063552,0.0012170514617502871,0.0025454818718436624,0.007970414238512866,0.0011283777105723226,0.008327436182183068,0.0011283356083356924,0.007677745618852876,0.0011302716899368548,0.007864413405362971,0.0011303087873427277,0.013544502877058525,0.0012894002843789297,0.013547392629017517,0.0012893794339898378,0.012624824391447003,0.001337459378347287,0.012619940441750225,0.0013375624426755254,0.0021748294335257948,0.013794870470077311,0.001219289182704719,0.013794870470077311,0.001219289182704719,0.013794870470077311,0.0012206600929491453,0.013794870470077311,0.0012206600929491453,0.010830336145196445,0.0012834523128129275,0.010830616693996724,0.0012833493287112015,0.011228517004801871,0.0012834558012212996,0.01122280991252606,0.0012833539224732108,0.010757427008063552,0.0012163959264552787,0.010757427008063552,0.0012163959264552787,0.010757427008063552,0.0012170514617502871,0.010757427008063552,0.0012170514617502871,0.013144148264576706,0.001288877880855545,0.012048357484657959,0.0012889516576000259,0.01208534598660196,0.0013467475145437506,0.011352147064984226,0.0013467775034666815,0.007970414238512866,0.0011283777105723226,0.008327436182183068,0.0011283356083356924,0.007677745618852876,0.0011302716899368548,0.007864413405362971,0.0011303087873427277,0.009692984888131683,0.001217050047749322,0.009692984888131683,0.001217050047749322,0.010757427008063552,0.0012170514617502871,0.010757427008063552,0.0012170514617502871,0.007677745618852876,0.0011277407039692632,0.007864413405362971,0.0011276879667139153,0.007677745618852876,0.0011302716899368548,0.007864413405362971,0.0011303087873427277
EC000125,64.0,0.02942325361832054,0.0019213920166197887,0.020766799143940248,0.0012202417099158732,0.020766799143940248,0.0012202417099158732,0.021685157998934484,0.001220431204811227,0.021685157998934484,0.001220431204811227,0.003810223356643198,0.014115917152936579,0.001215752998768314,0.014115917152936579,0.001215752998768314,0.015461829138616495,0.0012157550930163511,0.015461829138616495,0.0012157550930163511,0.002522204488798849,0.010737030066192327,0.0011290426787869113,0.011595723863454817,0.0011290840833471046,0.009246034870719426,0.0011271160902045795,0.010169720558975495,0.0011271031458197863,0.021374758064057194,0.0012961864000695029,0.021352906859842966,0.0012961512734431702,0.01930053727046967,0.001314529459211665,0.019343991584138236,0.0013145286309547814,0.0019213920166197887,0.021685157998934484,0.0012189619107367865,0.021685157998934484,0.0012189619107367865,0.021685157998934484,0.001220431204811227,0.021685157998934484,0.001220431204811227,0.014121128569058474,0.0012803128262906598,0.014127598046922984,0.0012803588396923667,0.01475573695648583,0.0012803078930475153,0.01475467607229415,0.001280359149402886,0.015461829138616495,0.0012153140591528884,0.015461829138616495,0.0012153140591528884,0.015461829138616495,0.0012157550930163511,0.015461829138616495,0.0012157550930163511,0.020776130723454776,0.001291235114751996,0.02098429419783461,0.0012913472791070326,0.018461711826670217,0.0013127494143485915,0.017892988023841986,0.001312719660760926,0.010737030066192327,0.0011290426787869113,0.011595723863454817,0.0011290840833471046,0.009246034870719426,0.0011271160902045795,0.010169720558975495,0.0011271031458197863,0.014115917152936579,0.001215752998768314,0.014115917152936579,0.001215752998768314,0.015461829138616495,0.0012157550930163511,0.015461829138616495,0.0012157550930163511,0.009246034870719426,0.0011242104274461237,0.010169720558975495,0.0011243392754795233,0.009246034870719426,0.0011271160902045795,0.010169720558975495,0.0011271031458197863
EC000127,64.0,0.03206338234606816,0.0032965430142595977,0.016688346087175246,0.0012212308622680408,0.016688346087175246,0.0012212308622680408,0.017085231745866836,0.0012210873187226232,0.017085231745866836,0.0012210873187226232,0.005600501596662344,0.012203809669460263,0.0012161075302868595,0.012203809669460263,0.0012161075302868595,0.014230137565582222,0.0012161075302868595,0.014230137565582222,0.0012161075302868595,0.004981835822713166,0.01084891423598316,0.0011293101635721984,0.01144418510784407,0.0011292792443342635,0.010196515757872653,0.0011244868653012636,0.011208686283710108,0.001124449423979981,0.016848436604942854,0.0012818046908476862,0.01684372892979383,0.0012817710438188486,0.016439565281447716,0.0013658166358973929,0.01643560872141451,0.0013658474251108102,0.0032965430142595977,0.017085231745866836,0.001219679716608632,0.017085231745866836,0.001219679716608632,0.017085231745866836,0.0012210873187226232,0.017085231745866836,0.0012210873187226232,0.014089042633746038,0.0013365624261785138,0.014088298906808693,0.0013364102677571074,0.014604238743349374,0.0013365558006100994,0.014635508216224388,0.0013364129745575756,0.014230137565582222,0.0012155931526816694,0.014230137565582222,0.0012155931526816694,0.014230137565582222,0.0012161075302868595,0.014230137565582222,0.0012161075302868595,0.015720675750474564,0.0012816458500469732,0.015264431731455029,0.001281501541099421,0.015593810417943369,0.0013664581827941434,0.01469231147769124,0.0013665201765166324,0.01084891423598316,0.0011293101635721984,0.01144418510784407,0.0011292792443342635,0.010196515757872653,0.0011244868653012636,0.011208686283710108,0.001124449423979981,0.012203809669460263,0.0012161075302868595,0.012203809669460263,0.0012161075302868595,0.014230137565582222,0.0012161075302868595,0.014230137565582222,0.0012161075302868595,0.010196515757872653,0.0011234884190278712,0.011208686283710108,0.0011234235710139854,0.010196515757872653,0.0011244868653012636,0.011208686283710108,0.001124449423979981
EC000130,63.0,0.05297221679127629,0.0030012348128711386,0.01778680340568537,0.0011908084807653709,0.01778680340568537,0.0011908084807653709,0.015056358195743419,0.0011908254301228082,0.015056358195743419,0.0011908254301228082,0.004915050593753679,0.011305645946901437,0.0011840024813101853,0.011305645946901437,0.0011840024813101853,0.01225772090449034,0.001183989591868249,0.01225772090449034,0.001183989591868249,0.0034569815934586893,0.010727658213838285,0.001111614023308912,0.010939385200454111,0.0011114883074500553,0.00957753660714138,0.0011068402669192614,0.00959612192326313,0.001106797323517097,0.018084571475348685,0.0012680805776246306,0.01796039690645859,0.001268095349451672,0.01510543597522349,0.0012688675934581176,0.015078826982159631,0.001268925009523163,0.0030012348128711386,0.015056358195743419,0.0011889936070881696,0.015056358195743419,0.0011889936070881696,0.015056358195743419,0.0011908254301228082,0.015056358195743419,0.0011908254301228082,0.011796903830952986,0.0012702965344842936,0.011796376094384501,0.0012703591479127662,0.012387897275774643,0.0012702936148252058,0.01237139863521316,0.0012703526900663664,0.01225772090449034,0.0011837854944401962,0.01225772090449034,0.0011837854944401962,0.01225772090449034,0.001183989591868249,0.01225772090449034,0.001183989591868249,0.017703212443048556,0.0012673488725843624,0.017057105256435424,0.001267555027838429,0.014850627942064305,0.0012712392228487876,0.01468927521866508,0.0012712215735957001,0.010727658213838285,0.001111614023308912,0.010939385200454111,0.0011114883074500553,0.00957753660714138,0.0011068402669192614,0.00959612192326313,0.001106797323517097,0.011305645946901437,0.0011840024813101853,0.011305645946901437,0.0011840024813101853,0.01225772090449034,0.001183989591868249,0.01225772090449034,0.001183989591868249,0.00957753660714138,0.0011094463488236829,0.00959612192326313,0.0011095065879694198,0.00957753660714138,0.0011068402669192614,0.00959612192326313,0.001106797323517097
EC000131,64.0,0.03233613303591505,0.0022331928375849863,0.014432039953566322,0.0012209642715286734,0.014432039953566322,0.0012209642715286734,0.015627597659680637,0.0012210633462871499,0.015627597659680637,0.0012210633462871499,0.0039980004421446705,0.010481104872013858,0.0012162813514129268,0.010481104872013858,0.0012162813514129268,0.011544228469892009,0.0012162813514129268,0.011544228469892009,0.0012162813514129268,0.0031714636016101708,0.009210159893994797,0.0011283590485779366,0.00898581895668133,0.0011283279651506848,0.008547666227984991,0.0011250603930371258,0.008041048747095547,0.0011250277224662563,0.014616066637018525,0.0012894466055673643,0.01461424790592198,0.0012895106605786643,0.013830931511538427,0.0013662597809592093,0.013845457144258612,0.0013662504619929002,0.0022331928375849863,0.015627597659680637,0.001219368535938577,0.015627597659680637,0.001219368535938577,0.015627597659680637,0.0012210633462871499,0.015627597659680637,0.0012210633462871499,0.011603976330813694,0.0013567082084434041,0.01160447789130075,0.0013566296764230062,0.01256662139365172,0.001356710162925211,0.012560808511123154,0.0013566208673527654,0.011544228469892009,0.0012159665482512254,0.011544228469892009,0.0012159665482512254,0.011544228469892009,0.0012162813514129268,0.011544228469892009,0.0012162813514129268,0.014234245683569088,0.0012926112516373702,0.012648953736194452,0.0012925535307046466,0.013650522839859978,0.00137504001074774,0.011827254584515527,0.0013750522325956531,0.009210159893994797,0.0011283590485779366,0.00898581895668133,0.0011283279651506848,0.008547666227984991,0.0011250603930371258,0.008041048747095547,0.0011250277224662563,0.010481104872013858,0.0012162813514129268,0.010481104872013858,0.0012162813514129268,0.011544228469892009,0.0012162813514129268,0.011544228469892009,0.0012162813514129268,0.008547666227984991,0.0011255585313157267,0.008041048747095547,0.0011254949494102062,0.008547666227984991,0.0011250603930371258,0.008041048747095547,0.0011250277224662563
EC000136,64.0,0.12517835643916653,0.0029834395056129582,0.01637852443901411,0.0012193088342617438,0.01637852443901411,0.0012193088342617438,0.0165223024581708,0.001218469492058658,0.0165223024581708,0.001218469492058658,0.004949467794744386,0.012253002917964908,0.0012147931008105934,0.012253002917964908,0.0012147931008105934,0.014054309300799242,0.00121479460926226,0.014054309300799242,0.00121479460926226,0.0031675029571209276,0.009562668356750929,0.0011288438254712773,0.009819744885291054,0.0011289751808982893,0.00929109623502627,0.0011228005213292783,0.009387272975322053,0.0011228050630249999,0.016703967473391833,0.0012774108619901577,0.0167021769383993,0.0012773786258630053,0.01499661750975557,0.0012980136186962717,0.015000210992229361,0.0012980496600491877,0.0029834395056129582,0.0165223024581708,0.0012174586641746418,0.0165223024581708,0.0012174586641746418,0.0165223024581708,0.001218469492058658,0.0165223024581708,0.001218469492058658,0.013391558731048131,0.001296477263876061,0.013372251000084417,0.001296484934609275,0.014544527946863168,0.0012964922166508626,0.014542279009070968,0.0012964880564735803,0.014054309300799242,0.0012142954473974572,0.014054309300799242,0.0012142954473974572,0.014054309300799242,0.00121479460926226,0.014054309300799242,0.00121479460926226,0.01569376912286469,0.0012661592074912195,0.014426427393524715,0.0012662261961614621,0.014148064975268448,0.0012933481795663533,0.013263291881084677,0.0012933030843061129,0.009562668356750929,0.0011288438254712773,0.009819744885291054,0.0011289751808982893,0.00929109623502627,0.0011228005213292783,0.009387272975322053,0.0011228050630249999,0.012253002917964908,0.0012147931008105934,0.012253002917964908,0.0012147931008105934,0.014054309300799242,0.00121479460926226,0.014054309300799242,0.00121479460926226,0.00929109623502627,0.0011229897984406923,0.009387272975322053,0.0011229650679508924,0.00929109623502627,0.0011228005213292783,0.009387272975322053,0.0011228050630249999
EC000142,64.0,0.06121947212914237,0.0027978664808981394,0.019784751190139983,0.0012204293391375853,0.019784751190139983,0.0012204293391375853,0.018448741888840253,0.0012209942286889785,0.018448741888840253,0.0012209942286889785,0.005871634375355975,0.016007837034507144,0.0012157558975717804,0.016007837034507144,0.0012157558975717804,0.01755048263808323,0.0012157660111222458,0.01755048263808323,0.0012157660111222458,0.004102061546405246,0.013373487032995145,0.0011298845570141133,0.014124880653012793,0.001129819501176982,0.011802184947377434,0.0011257112148692603,0.012919401417830828,0.0011257616701709288,0.019885683297435546,0.0012752516698405585,0.019899271954003112,0.0012753146625286284,0.01786060252365186,0.001348471725583989,0.01785960216830737,0.001348466317972726,0.0027978664808981394,0.018448741888840253,0.0012190373661036748,0.018448741888840253,0.0012190373661036748,0.018448741888840253,0.0012209942286889785,0.018448741888840253,0.0012209942286889785,0.016823821691618192,0.001363217339241463,0.016822361638124558,0.0013629740232361388,0.01744430533385496,0.001363194606975289,0.017440928170861736,0.001362975540674604,0.01755048263808323,0.0012151384132743138,0.01755048263808323,0.0012151384132743138,0.01755048263808323,0.0012157660111222458,0.01755048263808323,0.0012157660111222458,0.01956023349287832,0.0012735128855816927,0.01845530299282783,0.0012735892894412044,0.0171164728366801,0.0013473418154387592,0.01696052531956773,0.001347359074893037,0.013373487032995145,0.0011298845570141133,0.014124880653012793,0.001129819501176982,0.011802184947377434,0.0011257112148692603,0.012919401417830828,0.0011257616701709288,0.016007837034507144,0.0012157558975717804,0.016007837034507144,0.0012157558975717804,0.01755048263808323,0.0012157660111222458,0.01755048263808323,0.0012157660111222458,0.011802184947377434,0.0011252808409749123,0.012919401417830828,0.0011253436036200216,0.011802184947377434,0.0011257112148692603,0.012919401417830828,0.0011257616701709288
EC000145,64.0,0.05029638838891422,0.002431279302005392,0.015074533085101937,0.001221213113804825,0.015074533085101937,0.001221213113804825,0.015532767139827583,0.0012204990421751136,0.015532767139827583,0.0012204990421751136,0.0032312428516223382,0.010913087365385786,0.0012167912899509097,0.010913087365385786,0.0012167912899509097,0.011861855519918087,0.0012168008408028474,0.011861855519918087,0.0012168008408028474,0.0023238124239125134,0.00926078404547531,0.0011314364031449402,0.010301564463095304,0.0011314247152987705,0.008769129938209514,0.0011268125763029178,0.009492209782364043,0.0011267046243396968,0.016521555897122172,0.0012882573867052788,0.016511032797489753,0.0012880938871901249,0.015572788894531009,0.0013378687511124065,0.015566887949567287,0.0013379347176357115,0.002431279302005392,0.015532767139827583,0.0012191562915284985,0.015532767139827583,0.0012191562915284985,0.015532767139827583,0.0012204990421751136,0.015532767139827583,0.0012204990421751136,0.012840668881765344,0.0013220375225978672,0.01283172578718738,0.0013219328832269936,0.013581650237925092,0.0013220307335992218,0.013580276778790406,0.001321936611719553,0.011861855519918087,0.001216429694685962,0.011861855519918087,0.001216429694685962,0.011861855519918087,0.0012168008408028474,0.011861855519918087,0.0012168008408028474,0.015744974767274322,0.0012904172267834961,0.013877821742240188,0.0012905206262161571,0.014753152772380398,0.0013441398020583558,0.013150403762578436,0.001344190623358904,0.00926078404547531,0.0011314364031449402,0.010301564463095304,0.0011314247152987705,0.008769129938209514,0.0011268125763029178,0.009492209782364043,0.0011267046243396968,0.010913087365385786,0.0012167912899509097,0.010913087365385786,0.0012167912899509097,0.011861855519918087,0.0012168008408028474,0.011861855519918087,0.0012168008408028474,0.008769129938209514,0.0011244867441723527,0.009492209782364043,0.0011245600725526311,0.008769129938209514,0.0011268125763029178,0.009492209782364043,0.0011267046243396968
EC000154,64.0,0.03463923128237333,0.0021468613841339195,0.017060168031872578,0.0012202311391797424,0.017060168031872578,0.0012202311391797424,0.017809067687755226,0.0012206577415775867,0.017809067687755226,0.0012206577415775867,0.004060817071436326,0.011120788466350518,0.0012166463524234013,0.011120788466350518,0.0012166463524234013,0.013532170036217461,0.0012166259659213347,0.013532170036217461,0.0012166259659213347,0.0030029377161400997,0.008994104908163372,0.0011282572342375839,0.009649324815158363,0.001128218624052919,0.008492992015565927,0.0011296487994551588,0.00875978711302214,0.001129600179701885,0.017695297881431295,0.0012852912543999066,0.017696718737336074,0.001285372903751463,0.016227187505850085,0.0012946364863567045,0.016227475217332313,0.0012947514750429588,0.0021468613841339195,0.017809067687755226,0.0012191400843860431,0.017809067687755226,0.0012191400843860431,0.017809067687755226,0.0012206577415775867,0.017809067687755226,0.0012206577415775867,0.013038122764925608,0.0012722111365399994,0.01303568994445064,0.0012721899029661493,0.013339875161102514,0.0012722160404073674,0.013339881500174391,0.001272178242266352,0.013532170036217461,0.0012160207491401804,0.013532170036217461,0.0012160207491401804,0.013532170036217461,0.0012166259659213347,0.013532170036217461,0.0012166259659213347,0.016508771774170528,0.0012849578562542342,0.01489994478009398,0.0012850493344291453,0.015368526812385328,0.0013023846388661754,0.013674767398494434,0.0013023195186836862,0.008994104908163372,0.0011282572342375839,0.009649324815158363,0.001128218624052919,0.008492992015565927,0.0011296487994551588,0.00875978711302214,0.001129600179701885,0.011120788466350518,0.0012166463524234013,0.011120788466350518,0.0012166463524234013,0.013532170036217461,0.0012166259659213347,0.013532170036217461,0.0012166259659213347,0.008492992015565927,0.0011313184419711045,0.00875978711302214,0.0011312908584323563,0.008492992015565927,0.0011296487994551588,0.00875978711302214,0.001129600179701885
EC000155,64.0,0.037123700213198524,0.0024540106978013306,0.019008971350229796,0.0012200962193968008,0.019008971350229796,0.0012200962193968008,0.018687539285983185,0.0012202763912896695,0.018687539285983185,0.0012202763912896695,0.004683062588565913,0.015597794224937,0.0012154673616107264,0.015597794224937,0.0012154673616107264,0.01731608612939244,0.001215474050099175,0.01731608612939244,0.001215474050099175,0.003694013121998822,0.011858198949476484,0.001129299339898866,0.012137220101910989,0.001129328471667334,0.011255101039178409,0.0011248840187030578,0.011831251341252442,0.0011249039835193315,0.019139816246217866,0.0012865596909942354,0.01913700957233174,0.0012865659319485775,0.017572866527429603,0.001331593934919692,0.01756992922702865,0.0013316883356922023,0.0024540106978013306,0.018687539285983185,0.001218857790908656,0.018687539285983185,0.001218857790908656,0.018687539285983185,0.0012202763912896695,0.018687539285983185,0.0012202763912896695,0.016608815939631948,0.0013140587193696913,0.01660897310008444,0.0013140096879371288,0.017222477607159607,0.00131407753537155,0.01722564759380284,0.0013140232509302428,0.01731608612939244,0.0012148004674206792,0.01731608612939244,0.0012148004674206792,0.01731608612939244,0.001215474050099175,0.01731608612939244,0.001215474050099175,0.018935785650200897,0.0012890008710875246,0.018632357268364392,0.0012889262457841662,0.01689643980591194,0.0013410764535094232,0.016341192082991146,0.0013411133290999848,0.011858198949476484,0.001129299339898866,0.012137220101910989,0.001129328471667334,0.011255101039178409,0.0011248840187030578,0.011831251341252442,0.0011249039835193315,0.015597794224937,0.0012154673616107264,0.015597794224937,0.0012154673616107264,0.01731608612939244,0.001215474050099175,0.01731608612939244,0.001215474050099175,0.011255101039178409,0.0011256678891645117,0.011831251341252442,0.0011256765367864431,0.011255101039178409,0.0011248840187030578,0.011831251341252442,0.0011249039835193315
EC000158,64.0,0.03174814613317146,0.002559758186656193,0.017621551294463078,0.0012195372004181135,0.017621551294463078,0.0012195372004181135,0.01900643831166068,0.0012201212674248414,0.01900643831166068,0.0012201212674248414,0.004962787016228817,0.014840390275125844,0.0012155795289814607,0.014840390275125844,0.0012155795289814607,0.01578135900626778,0.0012155875828405243,0.01578135900626778,0.0012155875828405243,0.003456144008805092,0.01194866098078429,0.0011279222236001525,0.012048214379276475,0.0011279954806630934,0.011616361078609569,0.0011286709085683868,0.011989815388365873,0.0011286492729212943,0.017805800843341227,0.001275093028406366,0.017805830426855882,0.0012751274900167084,0.016809629805432873,0.0013243428700601822,0.016811774522626763,0.0013243843884924577,0.002559758186656193,0.01900643831166068,0.001217934603947282,0.01900643831166068,0.001217934603947282,0.01900643831166068,0.0012201212674248414,0.01900643831166068,0.0012201212674248414,0.01542335470119465,0.0013123193225623375,0.015437520966733082,0.0013122045294782347,0.01608421201856047,0.0013123228890476167,0.016086918264427846,0.0013121989283740552,0.01578135900626778,0.0012147645070452345,0.01578135900626778,0.0012147645070452345,0.01578135900626778,0.0012155875828405243,0.01578135900626778,0.0012155875828405243,0.017546595824029763,0.0012697698996232223,0.015892950967082944,0.0012698337270551025,0.016563423981025373,0.0013189084997349524,0.015251515954132249,0.0013188579998594883,0.01194866098078429,0.0011279222236001525,0.012048214379276475,0.0011279954806630934,0.011616361078609569,0.0011286709085683868,0.011989815388365873,0.0011286492729212943,0.014840390275125844,0.0012155795289814607,0.014840390275125844,0.0012155795289814607,0.01578135900626778,0.0012155875828405243,0.01578135900626778,0.0012155875828405243,0.011616361078609569,0.0011282191631905951,0.011989815388365873,0.0011282971792763363,0.011616361078609569,0.0011286709085683868,0.011989815388365873,0.0011286492729212943
EC000159,64.0,0.03873195456256221,0.0022887402889579566,0.014305818623189838,0.0012199938172388703,0.014305818623189838,0.0012199938172388703,0.014129526014836993,0.0012199371751139625,0.014129526014836993,0.0012199371751139625,0.004283857255268638,0.011488907392508727,0.0012146909944333937,0.011488907392508727,0.0012146909944333937,0.01264408947774252,0.0012146909944333937,0.01264408947774252,0.0012146909944333937,0.0030115777050791193,0.009767450002506308,0.0011309140311533763,0.010009496272460392,0.0011309227881266507,0.009610529142541901,0.0011244077721051992,0.009563329847771139,0.0011244812314658522,0.013955809142322122,0.0012869823062185701,0.013952392405693412,0.0012869700386579101,0.013195654838184238,0.0013168170585496316,0.013195294076672887,0.001316764231289615,0.0022887402889579566,0.014129526014836993,0.001218238793622203,0.014129526014836993,0.001218238793622203,0.014129526014836993,0.0012199371751139625,0.014129526014836993,0.0012199371751139625,0.011636636491608664,0.0013130991440274005,0.011638342569038363,0.0013129900490346654,0.01202468044904463,0.0013130946247119396,0.012025657741510834,0.0013129823897606605,0.01264408947774252,0.0012140091388615968,0.01264408947774252,0.0012140091388615968,0.01264408947774252,0.0012146909944333937,0.01264408947774252,0.0012146909944333937,0.013444298016310563,0.0012868557011626357,0.013076999973716344,0.0012869394589906824,0.012953624817592322,0.0013187952118334516,0.01271627355926019,0.0013187982586969186,0.009767450002506308,0.0011309140311533763,0.010009496272460392,0.0011309227881266507,0.009610529142541901,0.0011244077721051992,0.009563329847771139,0.0011244812314658522,0.011488907392508727,0.0012146909944333937,0.011488907392508727,0.0012146909944333937,0.01264408947774252,0.0012146909944333937,0.01264408947774252,0.0012146909944333937,0.009610529142541901,0.001124712254083358,0.009563329847771139,0.0011247149196914026,0.009610529142541901,0.0011244077721051992,0.009563329847771139,0.0011244812314658522
EC000162,64.0,0.032120802581789225,0.0021445706147600507,0.019070417083666653,0.0012213620465092879,0.019070417083666653,0.0012213620465092879,0.01636182673678354,0.0012206950856472058,0.01636182673678354,0.0012206950856472058,0.0036912068376216307,0.012813554277327669,0.0012157801669980565,0.012813554277327669,0.0012157801669980565,0.01414220521560783,0.001215780531517664,0.01414220521560783,0.001215780531517664,0.0027177546956799084,0.011863652023338455,0.0011308275686264602,0.013067309133886394,0.001130909632374426,0.010031431649182692,0.0011264106073312,0.010606208558576505,0.0011263301558359984,0.018113430300336155,0.0012924613771924203,0.01811805519908914,0.001292486748644784,0.015179587397881469,0.0013255832367982717,0.015173574958843914,0.0013256704047208254,0.0021445706147600507,0.01636182673678354,0.0012190339710114694,0.01636182673678354,0.0012190339710114694,0.01636182673678354,0.0012206950856472058,0.01636182673678354,0.0012206950856472058,0.013552341407013098,0.0013018402360388175,0.01356251747080804,0.0013017996308614234,0.014288693784663308,0.0013018339583961004,0.014294759842339268,0.0013018018062457915,0.01414220521560783,0.0012153971809936487,0.01414220521560783,0.0012153971809936487,0.01414220521560783,0.001215780531517664,0.01414220521560783,0.001215780531517664,0.017167875097751775,0.0012971937446431068,0.01769559494801365,0.0012972149188701912,0.014649592909716617,0.0013332460970064501,0.014160939372604188,0.0013334559102553332,0.011863652023338455,0.0011308275686264602,0.013067309133886394,0.001130909632374426,0.010031431649182692,0.0011264106073312,0.010606208558576505,0.0011263301558359984,0.012813554277327669,0.0012157801669980565,0.012813554277327669,0.0012157801669980565,0.01414220521560783,0.001215780531517664,0.01414220521560783,0.001215780531517664,0.010031431649182692,0.0011300494353685656,0.010606208558576505,0.0011300340573911782,0.010031431649182692,0.0011264106073312,0.010606208558576505,0.0011263301558359984
EC000171,64.0,0.04184898532883705,0.002943610446980926,0.01846518700584712,0.0012209039488873623,0.01846518700584712,0.0012209039488873623,0.01933684805717525,0.0012211521402221857,0.01933684805717525,0.0012211521402221857,0.005259331110772694,0.014494945676670612,0.0012165947376562556,0.014494945676670612,0.0012165947376562556,0.015903930357269034,0.0012166004466749078,0.015903930357269034,0.0012166004466749078,0.003770410077171369,0.012610404821174011,0.0011301321297513816,0.012743244536804995,0.0011302191298796515,0.011743209143487435,0.0011245693788124486,0.011796553183028795,0.0011245295216091816,0.01920063748815347,0.0012700406508384977,0.019198027405996923,0.0012700997277190179,0.01810914633407194,0.0013060390013031433,0.018112538507798957,0.0013060968211910582,0.002943610446980926,0.01933684805717525,0.001219295416921842,0.01933684805717525,0.001219295416921842,0.01933684805717525,0.0012211521402221857,0.01933684805717525,0.0012211521402221857,0.014989252126822953,0.0013000568265472215,0.014995985676187132,0.0013000382010952217,0.015461650801532823,0.0013000680241838218,0.01545956103944919,0.0013000386166200865,0.015903930357269034,0.0012158651740670954,0.015903930357269034,0.0012158651740670954,0.015903930357269034,0.0012166004466749078,0.015903930357269034,0.0012166004466749078,0.01866050247999603,0.0012669757331801878,0.016417046665493314,0.001267052288245382,0.017466419844902333,0.0013100025882603037,0.015410792652105158,0.0013100048302879237,0.012610404821174011,0.0011301321297513816,0.012743244536804995,0.0011302191298796515,0.011743209143487435,0.0011245693788124486,0.011796553183028795,0.0011245295216091816,0.014494945676670612,0.0012165947376562556,0.014494945676670612,0.0012165947376562556,0.015903930357269034,0.0012166004466749078,0.015903930357269034,0.0012166004466749078,0.011743209143487435,0.0011250417515620075,0.011796553183028795,0.001125021011021766,0.011743209143487435,0.0011245693788124486,0.011796553183028795,0.0011245295216091816
EC103-132DMSO1,384.0,0.3070414223069234,0.015205369002405772,0.008245898514199415,0.008218682752892075,0.008245898514199415,0.008218682752892075,0.008230758438894722,0.008209204616987152,0.008230758438894722,0.008209204616987152,0.020194182931145842,0.008227150810204911,0.00820752761419484,0.008227150810204911,0.00820752761419484,0.008226210694807043,0.008207542497253764,0.008226210694807043,0.008207542497253764,0.016341704548359114,0.007995706960622646,0.007991059952966291,0.008000499894642719,0.007991376025866106,0.00799929516089599,0.007994435701099138,0.008002092366847626,0.00799449961599966,0.0082377628652601,0.00821871807042284,0.008237610668131936,0.0082185467225689,0.008255372248948883,0.008240308363719239,0.008255325916220588,0.00824012873705156,0.015205369002405772,0.008230758438894722,0.008209904232916287,0.008230758438894722,0.008209904232916287,0.008230758438894722,0.008209204616987152,0.008230758438894722,0.008209204616987152,0.00824808348140051,0.008233037771357636,0.008248278648059984,0.008232936038838456,0.008247051933486883,0.00823298429592506,0.00824681972221224,0.008232968860391201,0.008226210694807043,0.008208117022953867,0.008226210694807043,0.008208117022953867,0.008226210694807043,0.008207542497253764,0.008226210694807043,0.008207542497253764,0.008010400576442483,0.007995557551643582,0.008001651992090013,0.007995703508194342,0.008014910020123972,0.008004584765821374,0.008006467218682109,0.00800460392906979,0.007995706960622646,0.007991059952966291,0.008000499894642719,0.007991376025866106,0.00799929516089599,0.007994435701099138,0.008002092366847626,0.00799449961599966,0.008227150810204911,0.00820752761419484,0.008227150810204911,0.00820752761419484,0.008226210694807043,0.008207542497253764,0.008226210694807043,0.008207542497253764,0.00799929516089599,0.007993055035217161,0.008002092366847626,0.007993348741392122,0.00799929516089599,0.007994435701099138,0.008002092366847626,0.00799449961599966
EC133-171DMSO1,384.0,0.4178170388005122,0.01045561167488599,0.008245317543318984,0.008212372465053493,0.008245317543318984,0.008212372465053493,0.008235128650522814,0.008202979901044839,0.008235128650522814,0.008202979901044839,0.010894282158408928,0.008232545134204383,0.008207107605474962,0.008232545134204383,0.008207107605474962,0.008232885007460179,0.008207108176560734,0.008232885007460179,0.008207108176560734,0.011071613094619388,0.007992466546800938,0.007984702115488289,0.007993283302688428,0.007985146380331048,0.007995462722973171,0.007990661746975266,0.00799405313848354,0.007990750793088908,0.008234666082817763,0.008209317788482553,0.008234404736210909,0.008209137598633528,0.008251187090415345,0.008231310276916677,0.008251267349049332,0.008231364127173091,0.01045561167488599,0.008235128650522814,0.008203102167860923,0.008235128650522814,0.008203102167860923,0.008235128650522814,0.008202979901044839,0.008235128650522814,0.008202979901044839,0.00825592921095829,0.00823445287083049,0.008255648945372715,0.008234341123681032,0.008254424899279566,0.00823446348010681,0.00825409469724229,0.008234358693443631,0.008232885007460179,0.00820771414285249,0.008232885007460179,0.00820771414285249,0.008232885007460179,0.008207108176560734,0.008232885007460179,0.008207108176560734,0.008013091854397249,0.007991596016467968,0.008002746049128885,0.007992056203958655,0.008019098237967504,0.008003283755232222,0.008006836312178373,0.00800325761661141,0.007992466546800938,0.007984702115488289,0.007993283302688428,0.007985146380331048,0.007995462722973171,0.007990661746975266,0.00799405313848354,0.007990750793088908,0.008232545134204383,0.008207107605474962,0.008232545134204383,0.008207107605474962,0.008232885007460179,0.008207108176560734,0.008232885007460179,0.008207108176560734,0.007995462722973171,0.007989383653867194,0.00799405313848354,0.007989107788624628,0.007995462722973171,0.007990661746975266,0.00799405313848354,0.007990750793088908
GR00003280,240.0,0.09502484231801725,0.010303360013253495,0.024098750555203875,0.005100610794009581,0.024098750555203875,0.005100610794009581,0.024430728214947375,0.005096613327338752,0.024430728214947375,0.005096613327338752,0.013495583798958415,0.021946760528269462,0.005096893838019716,0.021946760528269462,0.005096893838019716,0.022226953212589457,0.005096879824599719,0.022226953212589457,0.005096879824599719,0.011405499822716814,0.0191935515292444,0.004726030365101728,0.020854708388874703,0.004725894506019257,0.019381138527555197,0.004683180039628323,0.02137524458714115,0.004683337613829936,0.02374447981010934,0.004900887295316147,0.023738127877201302,0.004900966591128741,0.024020871450543456,0.004841265815565463,0.024025520515212468,0.004841288545636642,0.010303360013253495,0.024430728214947375,0.005095709506296393,0.024430728214947375,0.005095709506296393,0.024430728214947375,0.005096613327338752,0.024430728214947375,0.005096613327338752,0.02184144235556403,0.004889853371963843,0.0218432190976488,0.0048896840420041615,0.0219476832914162,0.004889848643516037,0.021948952871030717,0.004889669219137502,0.022226953212589457,0.005096300114833444,0.022226953212589457,0.005096300114833444,0.022226953212589457,0.005096879824599719,0.022226953212589457,0.005096879824599719,0.0235676672979533,0.0048735444533993455,0.02079999318481866,0.0048735231810732825,0.023769347027405057,0.00482673492316551,0.021058360956757793,0.004826605780545368,0.0191935515292444,0.004726030365101728,0.020854708388874703,0.004725894506019257,0.019381138527555197,0.004683180039628323,0.02137524458714115,0.004683337613829936,0.021946760528269462,0.005096893838019716,0.021946760528269462,0.005096893838019716,0.022226953212589457,0.005096879824599719,0.022226953212589457,0.005096879824599719,0.019381138527555197,0.004750684617456363,0.02137524458714115,0.004750590403129333,0.019381138527555197,0.004683180039628323,0.02137524458714115,0.004683337613829936
GR00003282,240.0,0.07554726052241463,0.00982943856679301,0.022415764311948007,0.005101923019483628,0.022415764311948007,0.005101923019483628,0.0229333598735671,0.005097570808687065,0.0229333598735671,0.005097570808687065,0.0121858218795346,0.01953601526681298,0.005097593908145567,0.01953601526681298,0.005097593908145567,0.019578488639092492,0.005097569814997985,0.019578488639092492,0.005097569814997985,0.0107038528434204,0.01785326092954786,0.004732048865005923,0.019189918646438105,0.00473188474592976,0.017941721921215723,0.004687656991001928,0.019196851323018918,0.004687741102887028,0.022178375515478743,0.00489686704583184,0.02218671212955672,0.004896861597035515,0.022283388444094495,0.004828557968376129,0.022281928028872394,0.004828460193091447,0.00982943856679301,0.0229333598735671,0.005096584941354034,0.0229333598735671,0.005096584941354034,0.0229333598735671,0.005097570808687065,0.0229333598735671,0.005097570808687065,0.01934526004287488,0.004907312699159895,0.019345162197971267,0.004907310449075034,0.01941602591948395,0.0049073039854813216,0.01941335844276604,0.004907301267016958,0.019578488639092492,0.005097478016907198,0.019578488639092492,0.005097478016907198,0.019578488639092492,0.005097569814997985,0.019578488639092492,0.005097569814997985,0.021883716362445443,0.004874019249825192,0.01944535851840941,0.004873874086218707,0.022064435615207344,0.00481293776468736,0.01943700277281917,0.0048128052376833165,0.01785326092954786,0.004732048865005923,0.019189918646438105,0.00473188474592976,0.017941721921215723,0.004687656991001928,0.019196851323018918,0.004687741102887028,0.01953601526681298,0.005097593908145567,0.01953601526681298,0.005097593908145567,0.019578488639092492,0.005097569814997985,0.019578488639092492,0.005097569814997985,0.017941721921215723,0.004754103599307141,0.019196851323018918,0.004754036714860964,0.017941721921215723,0.004687656991001928,0.019196851323018918,0.004687741102887028
GR00003287,240.0,0.035871313580863,0.009088944720090718,0.031003179886228097,0.005108634575517819,0.031003179886228097,0.005108634575517819,0.030870326471567778,0.0051044581059129695,0.030870326471567778,0.0051044581059129695,0.012396740171964375,0.02562297969061788,0.005107292011554381,0.02562297969061788,0.005107292011554381,0.025835995967951875,0.005107294152956999,0.025835995967951875,0.005107294152956999,0.011102822130231355,0.0242393805608994,0.004732920468682954,0.02602825565016239,0.004732816900226089,0.024224221845081956,0.004678924752509177,0.025568746878407187,0.004678865491271591,0.030991894884748666,0.004869240048736597,0.030988243354712522,0.004869193847577127,0.030871817457575564,0.004792827629331609,0.030872891533007533,0.004792762974850032,0.009088944720090718,0.030870326471567778,0.005103277750070934,0.030870326471567778,0.005103277750070934,0.030870326471567778,0.0051044581059129695,0.030870326471567778,0.0051044581059129695,0.025853857544175886,0.004866680752662573,0.025858078000684556,0.004866771506516693,0.025970182555133493,0.004866700634492154,0.02597627756329293,0.004866776977542956,0.025835995967951875,0.0051076754070660535,0.025835995967951875,0.0051076754070660535,0.025835995967951875,0.005107294152956999,0.025835995967951875,0.005107294152956999,0.03041299768698488,0.0048480737671830944,0.02846167069603184,0.004847967482351075,0.03045180206112937,0.00478117098402606,0.027734274104866154,0.004781176967913274,0.0242393805608994,0.004732920468682954,0.02602825565016239,0.004732816900226089,0.024224221845081956,0.004678924752509177,0.025568746878407187,0.004678865491271591,0.02562297969061788,0.005107292011554381,0.02562297969061788,0.005107292011554381,0.025835995967951875,0.005107294152956999,0.025835995967951875,0.005107294152956999,0.024224221845081956,0.00473773690307095,0.025568746878407187,0.004737793986293995,0.024224221845081956,0.004678924752509177,0.025568746878407187,0.004678865491271591
GR00003288,240.0,0.037651547926717294,0.008570053754611654,0.030360707144189276,0.005107761427886186,0.030360707144189276,0.005107761427886186,0.03070286038380252,0.005103992173969476,0.03070286038380252,0.005103992173969476,0.012070423444781101,0.025423867441007587,0.005107575842025948,0.025423867441007587,0.005107575842025948,0.025624964824766863,0.005107560423122871,0.025624964824766863,0.005107560423122871,0.010101163266945752,0.02364190977127591,0.004732301398514053,0.02684275004339372,0.004732394839512622,0.02379079539805551,0.004677215010224803,0.02688396392843584,0.004677122921052432,0.030581194280577054,0.004871050652491505,0.030582872537807844,0.004871032374766724,0.030646489138319483,0.004791372473164208,0.030649012763927844,0.004791410731638753,0.008570053754611654,0.03070286038380252,0.005103376173305358,0.03070286038380252,0.005103376173305358,0.03070286038380252,0.005103992173969476,0.03070286038380252,0.005103992173969476,0.025471863204946543,0.004870990677299934,0.025457950972886844,0.0048709374712013935,0.02546904231127931,0.004870981020651007,0.025466643755033307,0.0048709487960138425,0.025624964824766863,0.005107474185719675,0.025624964824766863,0.005107474185719675,0.025624964824766863,0.005107560423122871,0.025624964824766863,0.005107560423122871,0.030370033664337177,0.004850766967711686,0.02714140208137959,0.004850755544119683,0.030450293651793144,0.004780468324999366,0.027149395434260534,0.004780441266730091,0.02364190977127591,0.004732301398514053,0.02684275004339372,0.004732394839512622,0.02379079539805551,0.004677215010224803,0.02688396392843584,0.004677122921052432,0.025423867441007587,0.005107575842025948,0.025423867441007587,0.005107575842025948,0.025624964824766863,0.005107560423122871,0.025624964824766863,0.005107560423122871,0.02379079539805551,0.004737883527932127,0.02688396392843584,0.00473790669556686,0.02379079539805551,0.004677215010224803,0.02688396392843584,0.004677122921052432
GR00003296,240.0,0.08970835192472487,0.01110736912939056,0.03717263399882229,0.005107015643984876,0.03717263399882229,0.005107015643984876,0.04006655423017756,0.005102011810450082,0.04006655423017756,0.005102011810450082,0.016163177256692723,0.02751019395294936,0.005098278984148402,0.02751019395294936,0.005098278984148402,0.02724496407409961,0.00509825672710225,0.02724496407409961,0.00509825672710225,0.012723012794276262,0.028440019350578105,0.004732418611736593,0.041616338286970055,0.004732419630536961,0.028303676802793467,0.004668832910922388,0.04158718447960388,0.0046688291311816925,0.0379797860962,0.004897463291537128,0.03797108973165855,0.004897268746946807,0.03854966410098557,0.004816491495888706,0.038548656934851634,0.004816430873567158,0.01110736912939056,0.04006655423017756,0.005102080539465519,0.04006655423017756,0.005102080539465519,0.04006655423017756,0.005102011810450082,0.04006655423017756,0.005102011810450082,0.02647451907578928,0.004904473126992118,0.02647342946472342,0.004904407729158829,0.026341235351881917,0.004904491161563657,0.026340306339653445,0.004904398964122507,0.02724496407409961,0.0050983008291435915,0.02724496407409961,0.0050983008291435915,0.02724496407409961,0.00509825672710225,0.02724496407409961,0.00509825672710225,0.03708409428824534,0.0048729430806803515,0.03247204749946335,0.004872942378615072,0.037656882509195036,0.0048057641118762345,0.03289965796350264,0.0048056859650130925,0.028440019350578105,0.004732418611736593,0.041616338286970055,0.004732419630536961,0.028303676802793467,0.004668832910922388,0.04158718447960388,0.0046688291311816925,0.02751019395294936,0.005098278984148402,0.02751019395294936,0.005098278984148402,0.02724496407409961,0.00509825672710225,0.02724496407409961,0.00509825672710225,0.028303676802793467,0.004744699056467032,0.04158718447960388,0.004744669889910025,0.028303676802793467,0.004668832910922388,0.04158718447960388,0.0046688291311816925
GR00003298,240.0,0.0879147936047135,0.010924769150730183,0.03628095872435476,0.005103479838168828,0.03628095872435476,0.005103479838168828,0.03683624648939505,0.0051000377333353195,0.03683624648939505,0.0051000377333353195,0.016221059358544895,0.026639486340591094,0.005099999110056727,0.026639486340591094,0.005099999110056727,0.026530773885025553,0.005099994750685706,0.026530773885025553,0.005099994750685706,0.012167092749352031,0.02751043618206228,0.00473153722185678,0.04287896065724938,0.004731567908628725,0.027670811617358005,0.0046640654910017005,0.041018040651553296,0.004663984167049854,0.03658456937410515,0.004883126855649635,0.036587274785043165,0.004882950816458425,0.03698629780261124,0.00481350414961362,0.036986744040195495,0.004813595866043647,0.010924769150730183,0.03683624648939505,0.005099670095950435,0.03683624648939505,0.005099670095950435,0.03683624648939505,0.0051000377333353195,0.03683624648939505,0.0051000377333353195,0.02610708749923037,0.0049054131196008734,0.0261054747742809,0.004905269310218676,0.026077690393929653,0.0049054033236354076,0.026075614501245313,0.004905275024870886,0.026530773885025553,0.005100004581181838,0.026530773885025553,0.005100004581181838,0.026530773885025553,0.005099994750685706,0.026530773885025553,0.005099994750685706,0.03579685399978713,0.004862717370427929,0.0323370684387498,0.004862564102817126,0.03610384858785005,0.004802502926068508,0.03205028957143194,0.00480238950204378,0.02751043618206228,0.00473153722185678,0.04287896065724938,0.004731567908628725,0.027670811617358005,0.0046640654910017005,0.041018040651553296,0.004663984167049854,0.026639486340591094,0.005099999110056727,0.026639486340591094,0.005099999110056727,0.026530773885025553,0.005099994750685706,0.026530773885025553,0.005099994750685706,0.027670811617358005,0.004745232750833796,0.041018040651553296,0.004745326749261706,0.027670811617358005,0.0046640654910017005,0.041018040651553296,0.004663984167049854
GR00003299,240.0,0.06824304559762615,0.011665166213133595,0.03629493809903743,0.0051069812129041795,0.03629493809903743,0.0051069812129041795,0.03633463484891939,0.0051023912563616085,0.03633463484891939,0.0051023912563616085,0.015574129019756994,0.026303258524019314,0.0051021078061437315,0.026303258524019314,0.0051021078061437315,0.02629780052506068,0.005102120778941495,0.02629780052506068,0.005102120778941495,0.012567016561646617,0.028234107762242427,0.004730819962675933,0.03830933160170888,0.004730964551633564,0.02847600914261572,0.004673215099646939,0.03814350343308959,0.004673234196645727,0.03660546554857031,0.004891056397123285,0.036603769161381076,0.004891041233240503,0.03652609375332438,0.004816176562719672,0.036519747583874974,0.00481604091825548,0.011665166213133595,0.03633463484891939,0.005102512796808659,0.03633463484891939,0.005102512796808659,0.03633463484891939,0.0051023912563616085,0.03633463484891939,0.0051023912563616085,0.02609640990418075,0.00489152167148476,0.026087359610912384,0.004891401497121665,0.026176504205525246,0.0048915119182145975,0.026176164106904203,0.004891389478264777,0.02629780052506068,0.005102471079379435,0.02629780052506068,0.005102471079379435,0.02629780052506068,0.005102120778941495,0.02629780052506068,0.005102120778941495,0.03561960182547661,0.004868827296505471,0.03210155168815226,0.004868956517562398,0.03566594334854713,0.0048033867508546334,0.03197538916709885,0.004803400416747303,0.028234107762242427,0.004730819962675933,0.03830933160170888,0.004730964551633564,0.02847600914261572,0.004673215099646939,0.03814350343308959,0.004673234196645727,0.026303258524019314,0.0051021078061437315,0.026303258524019314,0.0051021078061437315,0.02629780052506068,0.005102120778941495,0.02629780052506068,0.005102120778941495,0.02847600914261572,0.004728908769370875,0.03814350343308959,0.004729042856724796,0.02847600914261572,0.004673215099646939,0.03814350343308959,0.004673234196645727
GR00003301,240.0,0.06198396028679633,0.011893182325582294,0.03541801679947552,0.005109967353485147,0.03541801679947552,0.005109967353485147,0.0365311794507739,0.005105232721566476,0.0365311794507739,0.005105232721566476,0.015196767409152956,0.024116845020842926,0.005105075971714374,0.024116845020842926,0.005105075971714374,0.024132998668965993,0.005105078218561561,0.024132998668965993,0.005105078218561561,0.012647465489987601,0.027869803234754888,0.00472934476576414,0.03217435036062515,0.0047292894173320745,0.028644120387994503,0.004669827568334187,0.0334800006942807,0.004669749739259036,0.03518541809446725,0.004883758301593605,0.035177720704743703,0.0048836342137078105,0.035901667802185115,0.004807828026807986,0.0359019763785608,0.004807891384638234,0.011893182325582294,0.0365311794507739,0.005104612326100274,0.0365311794507739,0.005104612326100274,0.0365311794507739,0.005105232721566476,0.0365311794507739,0.005105232721566476,0.02398241581905466,0.00489361657891985,0.02398105899883325,0.004893703769524421,0.02397755872657704,0.0048936208900201925,0.023972573287832526,0.004893708488532729,0.024132998668965993,0.005105399997828418,0.024132998668965993,0.005105399997828418,0.024132998668965993,0.005105078218561561,0.024132998668965993,0.005105078218561561,0.03462260127491866,0.004864427064356377,0.0309071007947609,0.0048644526201406645,0.035321487589276446,0.004797159303308739,0.03138791839124782,0.0047971598594185975,0.027869803234754888,0.00472934476576414,0.03217435036062515,0.0047292894173320745,0.028644120387994503,0.004669827568334187,0.0334800006942807,0.004669749739259036,0.024116845020842926,0.005105075971714374,0.024116845020842926,0.005105075971714374,0.024132998668965993,0.005105078218561561,0.024132998668965993,0.005105078218561561,0.028644120387994503,0.0047169692597091245,0.0334800006942807,0.004716954789500349,0.028644120387994503,0.004669827568334187,0.0334800006942807,0.004669749739259036
GR00003307,240.0,0.1125581746251367,0.010356742860357565,0.03181409032224005,0.005102470704877894,0.03181409032224005,0.005102470704877894,0.03231725504014935,0.005099222403681631,0.03231725504014935,0.005099222403681631,0.014936447247643547,0.025768144491803407,0.005101393594187479,0.025768144491803407,0.005101393594187479,0.025771158700140614,0.0051014181119263795,0.025771158700140614,0.0051014181119263795,0.01358337572839149,0.021710345223113835,0.004737025029103203,0.0236010167282034,0.004737069600658551,0.02147429066043847,0.0046852460742132255,0.023586815113900695,0.004685258621200543,0.031509583534172006,0.004899008511099071,0.03150923026106958,0.004898881098798869,0.030873810498499705,0.004822509606908178,0.030869885600680613,0.004822396758982502,0.010356742860357565,0.03231725504014935,0.005098001132592613,0.03231725504014935,0.005098001132592613,0.03231725504014935,0.005099222403681631,0.03231725504014935,0.005099222403681631,0.025304801697498734,0.00489607971149104,0.025302999444427064,0.004896120804259102,0.0253908939250329,0.004896101294767102,0.025392654811970197,0.004896113070964246,0.025771158700140614,0.005101518982675123,0.025771158700140614,0.005101518982675123,0.025771158700140614,0.0051014181119263795,0.025771158700140614,0.0051014181119263795,0.031072618590164355,0.004872925393374573,0.026098145547075815,0.004872840629152206,0.030318193945331744,0.004811254388079342,0.025696626738350128,0.004811241273575289,0.021710345223113835,0.004737025029103203,0.0236010167282034,0.004737069600658551,0.02147429066043847,0.0046852460742132255,0.023586815113900695,0.004685258621200543,0.025768144491803407,0.005101393594187479,0.025768144491803407,0.005101393594187479,0.025771158700140614,0.0051014181119263795,0.025771158700140614,0.0051014181119263795,0.02147429066043847,0.004741885502763985,0.023586815113900695,0.004741893158838409,0.02147429066043847,0.0046852460742132255,0.023586815113900695,0.004685258621200543
GR00003308,240.0,0.07137623560978829,0.009074497755532844,0.02716378267475726,0.005104102502500777,0.02716378267475726,0.005104102502500777,0.02928459435083083,0.005101345182491697,0.02928459435083083,0.005101345182491697,0.011508453908353752,0.021639297238679783,0.005104898362991212,0.021639297238679783,0.005104898362991212,0.02146208813903966,0.005104911836038575,0.02146208813903966,0.005104911836038575,0.010721339296584066,0.018872558230376167,0.004732119117928473,0.021783972670019965,0.004732341148476208,0.018851395472586872,0.004690355764771761,0.022043741849802553,0.004690478223411507,0.027534695105210266,0.0048920022872468456,0.027539044723776662,0.0048920568859059975,0.028058729448173645,0.004817905210926844,0.028060961399911898,0.00481789196372168,0.009074497755532844,0.02928459435083083,0.005100438394439683,0.02928459435083083,0.005100438394439683,0.02928459435083083,0.005101345182491697,0.02928459435083083,0.005101345182491697,0.020853012527404412,0.00487398480217689,0.020843644026092307,0.0048739318955390906,0.02073897002313588,0.00487398332549844,0.020743559648377038,0.004873932122364847,0.02146208813903966,0.005103266003544687,0.02146208813903966,0.005103266003544687,0.02146208813903966,0.005104911836038575,0.02146208813903966,0.005104911836038575,0.027104355296002032,0.004864905192223383,0.0226232077987291,0.0048649740843525946,0.027713972859109735,0.004805530008282947,0.022490524392868957,0.0048054539381677435,0.018872558230376167,0.004732119117928473,0.021783972670019965,0.004732341148476208,0.018851395472586872,0.004690355764771761,0.022043741849802553,0.004690478223411507,0.021639297238679783,0.005104898362991212,0.021639297238679783,0.005104898362991212,0.02146208813903966,0.005104911836038575,0.02146208813903966,0.005104911836038575,0.018851395472586872,0.004742427972554014,0.022043741849802553,0.004742360200243373,0.018851395472586872,0.004690355764771761,0.022043741849802553,0.004690478223411507
GR00003314,240.0,0.1796176990419503,0.0178080033541302,0.034089326433207924,0.005104267283579429,0.034089326433207924,0.005104267283579429,0.03585240688493218,0.00510020346136327,0.03585240688493218,0.00510020346136327,0.025215572279509442,0.02549775014506309,0.00509402373615586,0.02549775014506309,0.00509402373615586,0.025532958920050596,0.005094001598145297,0.025532958920050596,0.005094001598145297,0.020129509342697798,0.02538514331192602,0.004736529078773991,0.04461741700261931,0.004736506279716839,0.02522446029898508,0.004656817577644038,0.045834263139726376,0.00465664354620426,0.034351258626922884,0.0049171585180696606,0.034351313956112545,0.0049171339880103165,0.03455414050400715,0.004822050488009966,0.03456063348959522,0.004821821902057725,0.0178080033541302,0.03585240688493218,0.005098703859999371,0.03585240688493218,0.005098703859999371,0.03585240688493218,0.00510020346136327,0.03585240688493218,0.00510020346136327,0.024647191314644698,0.004877470770845316,0.024645702972296173,0.004877438711693385,0.024687022131827115,0.004877476860258416,0.024684276314305816,0.0048774347512181735,0.025532958920050596,0.0050944602009726035,0.025532958920050596,0.0050944602009726035,0.025532958920050596,0.005094001598145297,0.025532958920050596,0.005094001598145297,0.033477070367130754,0.0048890170691671285,0.029055535999441752,0.004888998610467502,0.0336150806677035,0.004808193541338777,0.028286463808055547,0.0048081810783833145,0.02538514331192602,0.004736529078773991,0.04461741700261931,0.004736506279716839,0.02522446029898508,0.004656817577644038,0.045834263139726376,0.00465664354620426,0.02549775014506309,0.00509402373615586,0.02549775014506309,0.00509402373615586,0.025532958920050596,0.005094001598145297,0.025532958920050596,0.005094001598145297,0.02522446029898508,0.004745167434934289,0.045834263139726376,0.00474507050571517,0.02522446029898508,0.004656817577644038,0.045834263139726376,0.00465664354620426
GR00003315,240.0,0.14636453032389868,0.01417024217446851,0.03934290932640658,0.005102257164092434,0.03934290932640658,0.005102257164092434,0.03924839295413874,0.005100093847497286,0.03924839295413874,0.005100093847497286,0.021799039198773237,0.025100155877134846,0.005096241270554639,0.025100155877134846,0.005096241270554639,0.025306735988512557,0.005096233308856635,0.025306735988512557,0.005096233308856635,0.016386802000598628,0.026466930530819586,0.004731382774301897,0.04218619469428588,0.004731632263104496,0.026091156011862928,0.00466045320764313,0.03811966310175045,0.004660359905445392,0.03912458912155144,0.004905750043310192,0.03912427500633852,0.004905617450864026,0.03904730335411852,0.0048129797839016,0.03904750712979655,0.004812952865399875,0.01417024217446851,0.03924839295413874,0.005096516453101555,0.03924839295413874,0.005096516453101555,0.03924839295413874,0.005100093847497286,0.03924839295413874,0.005100093847497286,0.02465424410452228,0.004889977776186671,0.024654091798738665,0.004889925296333858,0.02481229812610072,0.0048899959050728485,0.024812952045070828,0.004889930859507044,0.025306735988512557,0.00509646615370822,0.025306735988512557,0.00509646615370822,0.025306735988512557,0.005096233308856635,0.025306735988512557,0.005096233308856635,0.03792651665937013,0.004876700486820617,0.029786528615123944,0.004876419628537031,0.0376838424536146,0.004800050867175863,0.02840255257691866,0.004800086725465475,0.026466930530819586,0.004731382774301897,0.04218619469428588,0.004731632263104496,0.026091156011862928,0.00466045320764313,0.03811966310175045,0.004660359905445392,0.025100155877134846,0.005096241270554639,0.025100155877134846,0.005096241270554639,0.025306735988512557,0.005096233308856635,0.025306735988512557,0.005096233308856635,0.026091156011862928,0.004740080532609562,0.03811966310175045,0.004739998470715085,0.026091156011862928,0.00466045320764313,0.03811966310175045,0.004660359905445392
GR00003316,240.0,0.0857830248004928,0.007920980418815228,0.02344693204867814,0.005105694843253547,0.02344693204867814,0.005105694843253547,0.02396802825156228,0.005101857649319778,0.02396802825156228,0.005101857649319778,0.010055470758056349,0.01951804134109196,0.0051067401131596,0.01951804134109196,0.0051067401131596,0.01941359530572389,0.00510674779966805,0.01941359530572389,0.00510674779966805,0.009235474381447924,0.017703490285676752,0.004735320397833017,0.01882871839065679,0.0047354457281061175,0.01741180568954938,0.004684555528273214,0.018455271918934774,0.0046844188302071176,0.02374463914202923,0.004890286881128468,0.02374174595817115,0.004890339183198924,0.02337701857050357,0.004816525485223221,0.023375726490195387,0.004816381012990302,0.007920980418815228,0.02396802825156228,0.005101162944570277,0.02396802825156228,0.005101162944570277,0.02396802825156228,0.005101857649319778,0.02396802825156228,0.005101857649319778,0.018897011025332703,0.004902001594991979,0.018900164751645954,0.004901759935699434,0.01885796354423819,0.004902019571041422,0.01885281790202064,0.004901742577909779,0.01941359530572389,0.005107191488746455,0.01941359530572389,0.005107191488746455,0.01941359530572389,0.00510674779966805,0.01941359530572389,0.00510674779966805,0.02351630321441233,0.00486839277642744,0.020685502980229163,0.004868446971691872,0.023298594848708717,0.0048006252191568595,0.02004872085671968,0.004800546828833557,0.017703490285676752,0.004735320397833017,0.01882871839065679,0.0047354457281061175,0.01741180568954938,0.004684555528273214,0.018455271918934774,0.0046844188302071176,0.01951804134109196,0.0051067401131596,0.01951804134109196,0.0051067401131596,0.01941359530572389,0.00510674779966805,0.01941359530572389,0.00510674779966805,0.01741180568954938,0.004751463859076708,0.018455271918934774,0.0047513457054740174,0.01741180568954938,0.004684555528273214,0.018455271918934774,0.0046844188302071176
GR00003317,240.0,0.09088174754494267,0.009040461107203237,0.027760318180093103,0.0051030274013795325,0.027760318180093103,0.0051030274013795325,0.027471320807226828,0.005100820355403457,0.027471320807226828,0.005100820355403457,0.011684149945101715,0.02208136806356751,0.005103683786777889,0.02208136806356751,0.005103683786777889,0.021968896989235362,0.005103653359491435,0.021968896989235362,0.005103653359491435,0.010665261404745347,0.019224017745387734,0.004732318281491694,0.021597269436427834,0.0047325594931412526,0.01856285351386511,0.004677560485969474,0.020552117173077776,0.004677432777251806,0.028462421130565907,0.004897709917040403,0.02845157778276701,0.004897769332747539,0.027082394688903978,0.0048144369615049885,0.027081620464685294,0.004814418336723719,0.009040461107203237,0.027471320807226828,0.005098830895527801,0.027471320807226828,0.005098830895527801,0.027471320807226828,0.005100820355403457,0.027471320807226828,0.005100820355403457,0.02130995329372718,0.004906200117528975,0.021314297679447723,0.004906090632504827,0.02120593365844319,0.004906189068834152,0.021207874211127766,0.004906104063437964,0.021968896989235362,0.005103448117707166,0.021968896989235362,0.005103448117707166,0.021968896989235362,0.005103653359491435,0.021968896989235362,0.005103653359491435,0.028024621083503433,0.0048735307082460495,0.023639981802788704,0.004873632089000291,0.026721903457322192,0.004803559993855187,0.02233814712510292,0.004803558144549375,0.019224017745387734,0.004732318281491694,0.021597269436427834,0.0047325594931412526,0.01856285351386511,0.004677560485969474,0.020552117173077776,0.004677432777251806,0.02208136806356751,0.005103683786777889,0.02208136806356751,0.005103683786777889,0.021968896989235362,0.005103653359491435,0.021968896989235362,0.005103653359491435,0.01856285351386511,0.004740021244519234,0.020552117173077776,0.00473988173968351,0.01856285351386511,0.004677560485969474,0.020552117173077776,0.004677432777251806
GR00003331,240.0,0.05317976002377904,0.008947809402844792,0.035899820606658604,0.005110694198169503,0.035899820606658604,0.005110694198169503,0.036598065726719246,0.005108224121739431,0.036598065726719246,0.005108224121739431,0.01667249652099844,0.024752421823367034,0.005110953307167761,0.024752421823367034,0.005110953307167761,0.024577299104756648,0.0051109455742978606,0.024577299104756648,0.0051109455742978606,0.01120999559563159,0.026521815901914617,0.0047345007126771395,0.030787861303251028,0.004734409990481174,0.026510112839011824,0.004679577815321295,0.030696833158386803,0.004679516128355484,0.0361492024097712,0.004872567674119504,0.03616936015257258,0.004872372366538357,0.03600277819487004,0.004796518040461754,0.03599948706092055,0.004796506694150937,0.008947809402844792,0.036598065726719246,0.0051056848578341085,0.036598065726719246,0.0051056848578341085,0.036598065726719246,0.005108224121739431,0.036598065726719246,0.005108224121739431,0.024619711546815196,0.004876359225590456,0.024624719097888027,0.004876223552751248,0.024464284511933707,0.004876355194340388,0.024466000156984836,0.004876220076215429,0.024577299104756648,0.005110755795574697,0.024577299104756648,0.005110755795574697,0.024577299104756648,0.0051109455742978606,0.024577299104756648,0.0051109455742978606,0.03546003402229308,0.004851379548732328,0.029972918756889646,0.004851616125297264,0.035200147235849064,0.004788315504816456,0.029843542562458563,0.004788221894255428,0.026521815901914617,0.0047345007126771395,0.030787861303251028,0.004734409990481174,0.026510112839011824,0.004679577815321295,0.030696833158386803,0.004679516128355484,0.024752421823367034,0.005110953307167761,0.024752421823367034,0.005110953307167761,0.024577299104756648,0.0051109455742978606,0.024577299104756648,0.0051109455742978606,0.026510112839011824,0.004759856381086373,0.030696833158386803,0.00475968372372767,0.026510112839011824,0.004679577815321295,0.030696833158386803,0.004679516128355484
GR00003336,240.0,0.04434176113159056,0.008557560870314035,0.030782890139706847,0.0051119235390826795,0.030782890139706847,0.0051119235390826795,0.03213568488544658,0.00510896427162011,0.03213568488544658,0.00510896427162011,0.013393001857467982,0.023627381099495224,0.005113924420762692,0.023627381099495224,0.005113924420762692,0.023627568818604668,0.005113926752487322,0.023627568818604668,0.005113926752487322,0.009714187557060373,0.024317270125030686,0.00473534876029663,0.029023683925165186,0.004735446324267922,0.024682940125422947,0.004670044744345389,0.029860709579318013,0.004670118608936755,0.03099295843323052,0.004872644914340554,0.030996439257166514,0.004872483971233856,0.03144366155514829,0.004778379374984325,0.03144446465467549,0.004778247518892909,0.008557560870314035,0.03213568488544658,0.005107710380006651,0.03213568488544658,0.005107710380006651,0.03213568488544658,0.00510896427162011,0.03213568488544658,0.00510896427162011,0.023777055127744695,0.004873608066084417,0.023780382137104237,0.004873423975946983,0.02371769118682759,0.004873619632388064,0.02371940017032111,0.004873433802011731,0.023627568818604668,0.005113953453120907,0.023627568818604668,0.005113953453120907,0.023627568818604668,0.005113926752487322,0.023627568818604668,0.005113926752487322,0.030243619394477717,0.004853185409362026,0.026752599387645275,0.0048531297598906065,0.03081575875131016,0.0047706391905229795,0.027618165388724625,0.004770520088651161,0.024317270125030686,0.00473534876029663,0.029023683925165186,0.004735446324267922,0.024682940125422947,0.004670044744345389,0.029860709579318013,0.004670118608936755,0.023627381099495224,0.005113924420762692,0.023627381099495224,0.005113924420762692,0.023627568818604668,0.005113926752487322,0.023627568818604668,0.005113926752487322,0.024682940125422947,0.004758621039439173,0.029860709579318013,0.004758842893383551,0.024682940125422947,0.004670044744345389,0.029860709579318013,0.004670118608936755
GR00003337,240.0,0.0371672483229304,0.008069605038298523,0.04076064955199936,0.005113076751873469,0.04076064955199936,0.005113076751873469,0.04296266945649984,0.005108428482149967,0.04296266945649984,0.005108428482149967,0.012197862972326343,0.027810607831093483,0.005115409443536736,0.027810607831093483,0.005115409443536736,0.027741026360963573,0.005115392869965264,0.027741026360963573,0.005115392869965264,0.009058252254463555,0.027187489874496297,0.0047361215669613314,0.04537220184270136,0.004736248533112829,0.027531975518095154,0.00466375900031158,0.04746676003465544,0.004663830712893294,0.04226399325187068,0.0048728921458002445,0.042261798063017615,0.004872806840122292,0.04257529896657101,0.00476020126792598,0.04257956271864173,0.00476024205435177,0.008069605038298523,0.04296266945649984,0.005107216141307959,0.04296266945649984,0.005107216141307959,0.04296266945649984,0.005108428482149967,0.04296266945649984,0.005108428482149967,0.02737247800883324,0.004839621350334744,0.0273696388309971,0.004839481941700239,0.0274624344367179,0.004839638228208269,0.027460499637579436,0.004839475577410097,0.027741026360963573,0.0051156026042333625,0.027741026360963573,0.0051156026042333625,0.027741026360963573,0.005115392869965264,0.027741026360963573,0.005115392869965264,0.040483353921601316,0.004849762481057335,0.03325589990793186,0.004849716343701484,0.040796199209606004,0.004751877829490964,0.03361207806235383,0.004751893277136826,0.027187489874496297,0.0047361215669613314,0.04537220184270136,0.004736248533112829,0.027531975518095154,0.00466375900031158,0.04746676003465544,0.004663830712893294,0.027810607831093483,0.005115409443536736,0.027810607831093483,0.005115409443536736,0.027741026360963573,0.005115392869965264,0.027741026360963573,0.005115392869965264,0.027531975518095154,0.004727157610186009,0.04746676003465544,0.004727259891102345,0.027531975518095154,0.00466375900031158,0.04746676003465544,0.004663830712893294
GR00003338,240.0,0.029894183855714882,0.008737515314807227,0.03374852872784479,0.005113689896053668,0.03374852872784479,0.005113689896053668,0.03502425807682252,0.005111887159327003,0.03502425807682252,0.005111887159327003,0.01493937947152443,0.026144191066455286,0.005122510300218902,0.026144191066455286,0.005122510300218902,0.02605667092514924,0.005122485345435589,0.02605667092514924,0.005122485345435589,0.01038829679933037,0.027263299122463894,0.004733868722490832,0.032279207492329515,0.004733848446409564,0.02717097152060514,0.004672532028799362,0.03184660963617875,0.004672590504762326,0.03401017561571873,0.004871410734261035,0.03400619268331672,0.004871348449908058,0.03407532441319811,0.00478823366577408,0.03407621595658557,0.004788110624156737,0.008737515314807227,0.03502425807682252,0.005109088936523156,0.03502425807682252,0.005109088936523156,0.03502425807682252,0.005111887159327003,0.03502425807682252,0.005111887159327003,0.02612452384263184,0.004859591112668458,0.026134036289276442,0.004859511312358632,0.02617569599385198,0.0048595862782774505,0.02617360916187146,0.004859503042672841,0.02605667092514924,0.0051229650112704335,0.02605667092514924,0.0051229650112704335,0.02605667092514924,0.005122485345435589,0.02605667092514924,0.005122485345435589,0.033719096253068785,0.004848527056245749,0.03104335854629312,0.004848610507707843,0.03380861470363979,0.00477746367412306,0.030723269660570842,0.00477750588011247,0.027263299122463894,0.004733868722490832,0.032279207492329515,0.004733848446409564,0.02717097152060514,0.004672532028799362,0.03184660963617875,0.004672590504762326,0.026144191066455286,0.005122510300218902,0.026144191066455286,0.005122510300218902,0.02605667092514924,0.005122485345435589,0.02605667092514924,0.005122485345435589,0.02717097152060514,0.004722560005388287,0.03184660963617875,0.004722673372524698,0.02717097152060514,0.004672532028799362,0.03184660963617875,0.004672590504762326
GR00003341,240.0,0.09079338281334552,0.012523631988303923,0.042308485559350004,0.005108182461199663,0.042308485559350004,0.005108182461199663,0.04280103453097954,0.005105778635436014,0.04280103453097954,0.005105778635436014,0.019326576307003424,0.027562385066173756,0.005104475784290368,0.027562385066173756,0.005104475784290368,0.027059449755421693,0.00510447838582573,0.027059449755421693,0.00510447838582573,0.014810637425550012,0.025968071343761386,0.004737285185154694,0.05587945008611936,0.004737208894552535,0.02582621423264089,0.0046641469647703,0.0507719818502005,0.004664040138575425,0.04293455535967502,0.004911789919945407,0.04293484979435554,0.004911717088344631,0.04231632293928505,0.004811910092849961,0.04231588563598797,0.004811798085370469,0.012523631988303923,0.04280103453097954,0.005102855161938894,0.04280103453097954,0.005102855161938894,0.04280103453097954,0.005105778635436014,0.04280103453097954,0.005105778635436014,0.02715934094365891,0.004872681036524468,0.027163634745758485,0.004872560531433304,0.026991530409744172,0.004872687540414056,0.026991168843486475,0.0048725612285337614,0.027059449755421693,0.005103827673442658,0.027059449755421693,0.005103827673442658,0.027059449755421693,0.00510447838582573,0.027059449755421693,0.00510447838582573,0.04141578395430563,0.004883217039026334,0.03091569189549864,0.004883165455910708,0.04076269846868021,0.004798377762424553,0.03027255099621123,0.004798224851645155,0.025968071343761386,0.004737285185154694,0.05587945008611936,0.004737208894552535,0.02582621423264089,0.0046641469647703,0.0507719818502005,0.004664040138575425,0.027562385066173756,0.005104475784290368,0.027562385066173756,0.005104475784290368,0.027059449755421693,0.00510447838582573,0.027059449755421693,0.00510447838582573,0.02582621423264089,0.00475041322464433,0.0507719818502005,0.004750364595791806,0.02582621423264089,0.0046641469647703,0.0507719818502005,0.004664040138575425
GR00003344,240.0,0.054706310738209335,0.012141403128399618,0.030952382738747484,0.005109481351431701,0.030952382738747484,0.005109481351431701,0.03295888812547616,0.005104656527879303,0.03295888812547616,0.005104656527879303,0.01740080635633576,0.022387303309225427,0.005104782148416738,0.022387303309225427,0.005104782148416738,0.022411854984749784,0.005104699471425531,0.022411854984749784,0.005104699471425531,0.013497762283654726,0.02240990720116261,0.004738452482671964,0.02670374781558724,0.004738554954575925,0.02274544931718277,0.004667950701413907,0.02675885245668386,0.0046680098211704275,0.031049624507238117,0.004901476306022405,0.03105227152090043,0.004901314736770291,0.031632972715184796,0.004803827006343237,0.03163774611547629,0.004803852642444733,0.012141403128399618,0.03295888812547616,0.00510199859946791,0.03295888812547616,0.00510199859946791,0.03295888812547616,0.005104656527879303,0.03295888812547616,0.005104656527879303,0.021928958156579918,0.004863700681992459,0.02193230631504289,0.004863432956682176,0.021939713760055952,0.004863688461054902,0.021939247985256965,0.004863413829175529,0.022411854984749784,0.005105370847976138,0.022411854984749784,0.005105370847976138,0.022411854984749784,0.005104699471425531,0.022411854984749784,0.005104699471425531,0.030909119598438745,0.004875892464427739,0.02625362009405987,0.004875807838281791,0.03125326414751993,0.004790901300945754,0.026233008297101103,0.004790844446603547,0.02240990720116261,0.004738452482671964,0.02670374781558724,0.004738554954575925,0.02274544931718277,0.004667950701413907,0.02675885245668386,0.0046680098211704275,0.022387303309225427,0.005104782148416738,0.022387303309225427,0.005104782148416738,0.022411854984749784,0.005104699471425531,0.022411854984749784,0.005104699471425531,0.02274544931718277,0.004732000475524115,0.02675885245668386,0.004731816607392568,0.02274544931718277,0.004667950701413907,0.02675885245668386,0.0046680098211704275
GR00003382,240.0,0.044511001775295475,0.008752496249995427,0.02311743153371116,0.0051102937678274875,0.02311743153371116,0.0051102937678274875,0.023925894617981277,0.0051059730764291275,0.023925894617981277,0.0051059730764291275,0.010911070080413,0.018573092723710175,0.005110556808381499,0.018573092723710175,0.005110556808381499,0.018685142301480485,0.005110540799725564,0.018685142301480485,0.005110540799725564,0.009801311268593934,0.017994880857383055,0.004735582459890397,0.019193138224888197,0.0047354742234315215,0.018096724380478924,0.004692255886509994,0.01929687085581945,0.004692388491404394,0.023274384483051247,0.004895391782978655,0.023276280781509992,0.004895285885612393,0.023404964705676115,0.0048115178590915735,0.023404846025506378,0.00481151645359287,0.008752496249995427,0.023925894617981277,0.00510482036278412,0.023925894617981277,0.00510482036278412,0.023925894617981277,0.0051059730764291275,0.023925894617981277,0.0051059730764291275,0.018370454643036726,0.004895360384453819,0.01836949385867702,0.004895359953115707,0.018476643186667602,0.0048953776039835665,0.018481036010194636,0.004895384081165632,0.018685142301480485,0.005110578908410502,0.018685142301480485,0.005110578908410502,0.018685142301480485,0.005110540799725564,0.018685142301480485,0.005110540799725564,0.023027588714212965,0.004871269046368998,0.020117467730646606,0.004871302792164728,0.023196070027749385,0.004799983303867496,0.020303196427735266,0.004800000442424523,0.017994880857383055,0.004735582459890397,0.019193138224888197,0.0047354742234315215,0.018096724380478924,0.004692255886509994,0.01929687085581945,0.004692388491404394,0.018573092723710175,0.005110556808381499,0.018573092723710175,0.005110556808381499,0.018685142301480485,0.005110540799725564,0.018685142301480485,0.005110540799725564,0.018096724380478924,0.004747494571134203,0.01929687085581945,0.004747646024513696,0.018096724380478924,0.004692255886509994,0.01929687085581945,0.004692388491404394
GR00003383,240.0,0.04209745734334562,0.008428754945545147,0.02484266358241234,0.005109138251953143,0.02484266358241234,0.005109138251953143,0.026219960406982726,0.005106654881582645,0.026219960406982726,0.005106654881582645,0.010173026163633248,0.019130860545816777,0.005110873664818587,0.019130860545816777,0.005110873664818587,0.01940345594359603,0.0051108867072393515,0.01940345594359603,0.0051108867072393515,0.008913634921178911,0.01817950613102888,0.004734152232580379,0.018855098946558582,0.004734046438091098,0.018334449466089968,0.004686261893535699,0.01887580922037203,0.004686262902959342,0.02446174269413904,0.004890069457482924,0.024454061332872465,0.004890122085387897,0.02519795598884873,0.004824230221403231,0.025204821797180938,0.004824178185692568,0.008428754945545147,0.026219960406982726,0.005105866767161718,0.026219960406982726,0.005105866767161718,0.026219960406982726,0.005106654881582645,0.026219960406982726,0.005106654881582645,0.01888536455127461,0.004896557489514209,0.01888488170588125,0.0048964615213936665,0.01901136281906516,0.004896555994045312,0.01901389756203957,0.004896463722113432,0.01940345594359603,0.005110339659162659,0.01940345594359603,0.005110339659162659,0.01940345594359603,0.0051108867072393515,0.01940345594359603,0.0051108867072393515,0.024084821766477218,0.004866651877078154,0.021105452444514696,0.004866566730399759,0.024782736254622895,0.004807715255594361,0.020984492326690352,0.0048076597416473075,0.01817950613102888,0.004734152232580379,0.018855098946558582,0.004734046438091098,0.018334449466089968,0.004686261893535699,0.01887580922037203,0.004686262902959342,0.019130860545816777,0.005110873664818587,0.019130860545816777,0.005110873664818587,0.01940345594359603,0.0051108867072393515,0.01940345594359603,0.0051108867072393515,0.018334449466089968,0.00472936045800534,0.01887580922037203,0.004729432893489788,0.018334449466089968,0.004686261893535699,0.01887580922037203,0.004686262902959342
GR00003386,240.0,0.04191420845834851,0.00900936923329087,0.02382293375368664,0.005110137327202233,0.02382293375368664,0.005110137327202233,0.025042623288138187,0.00510700134986788,0.025042623288138187,0.00510700134986788,0.010438897342566833,0.01941139370994095,0.005113993171008256,0.01941139370994095,0.005113993171008256,0.019440425758932324,0.005113993572634518,0.019440425758932324,0.005113993572634518,0.009688297935038758,0.01776702816718481,0.004735970027838405,0.01905569507028075,0.0047359154961161875,0.017945554511147502,0.004685277893788461,0.019280929992541756,0.004685343111293216,0.023584892622006196,0.004887599075473392,0.023591363607305856,0.004887464913433668,0.024331655551012184,0.004824060755993384,0.02432982046301065,0.0048239809777221735,0.00900936923329087,0.025042623288138187,0.005106280705662957,0.025042623288138187,0.005106280705662957,0.025042623288138187,0.00510700134986788,0.025042623288138187,0.00510700134986788,0.01949909894277192,0.004887171327164279,0.01950267751373226,0.004886866134706237,0.019551663045594924,0.004887154206687543,0.01955601639738806,0.004886842476423104,0.019440425758932324,0.005114508271126667,0.019440425758932324,0.005114508271126667,0.019440425758932324,0.005113993572634518,0.019440425758932324,0.005113993572634518,0.023486835990748176,0.004866441133466971,0.020533488603907742,0.004866316019857835,0.024204526271187354,0.004808460035611548,0.021060894829039157,0.004808311482115273,0.01776702816718481,0.004735970027838405,0.01905569507028075,0.0047359154961161875,0.017945554511147502,0.004685277893788461,0.019280929992541756,0.004685343111293216,0.01941139370994095,0.005113993171008256,0.01941139370994095,0.005113993171008256,0.019440425758932324,0.005113993572634518,0.019440425758932324,0.005113993572634518,0.017945554511147502,0.004702451530261131,0.019280929992541756,0.004702509529042757,0.017945554511147502,0.004685277893788461,0.019280929992541756,0.004685343111293216
GR00003387,240.0,0.04478671258909442,0.00861065964241475,0.02121918159221107,0.005108747052807166,0.02121918159221107,0.005108747052807166,0.02195970685880367,0.005107804084794107,0.02195970685880367,0.005107804084794107,0.00968430737032735,0.016266672265717656,0.0051166317508683215,0.016266672265717656,0.0051166317508683215,0.0163532965896088,0.005116646391702671,0.0163532965896088,0.005116646391702671,0.00898861596835699,0.017279730802659644,0.004734472858436603,0.017407986860651092,0.0047346037433319615,0.0171398848149836,0.004685032495841376,0.0173285643686375,0.004685196955358823,0.021022849288774202,0.0049066141091647355,0.021021839277112278,0.004906594543757147,0.02122585125490174,0.004828376438308804,0.02122039976006927,0.004828454118056786,0.00861065964241475,0.02195970685880367,0.0051079453861690586,0.02195970685880367,0.0051079453861690586,0.02195970685880367,0.005107804084794107,0.02195970685880367,0.005107804084794107,0.016002456574197785,0.004896227878442782,0.015996428909898688,0.004896148858277701,0.016023421124944804,0.0048962198394972255,0.01602420867309809,0.004896154813017569,0.0163532965896088,0.005116940923220508,0.0163532965896088,0.005116940923220508,0.0163532965896088,0.005116646391702671,0.0163532965896088,0.005116646391702671,0.020733149608957436,0.004881853343093473,0.01870276196303811,0.004881915626926262,0.020852973296250805,0.004814186494844245,0.018726612689493962,0.004814194261506314,0.017279730802659644,0.004734472858436603,0.017407986860651092,0.0047346037433319615,0.0171398848149836,0.004685032495841376,0.0173285643686375,0.004685196955358823,0.016266672265717656,0.0051166317508683215,0.016266672265717656,0.0051166317508683215,0.0163532965896088,0.005116646391702671,0.0163532965896088,0.005116646391702671,0.0171398848149836,0.004694474462225296,0.0173285643686375,0.004694386559120635,0.0171398848149836,0.004685032495841376,0.0173285643686375,0.004685196955358823
GR00003390,240.0,0.03751042608936625,0.009043805230437086,0.023452120462838663,0.005110428992595613,0.023452120462838663,0.005110428992595613,0.025465632173723052,0.005108404204764569,0.025465632173723052,0.005108404204764569,0.011274085199929451,0.019765198860168687,0.005115872876268494,0.019765198860168687,0.005115872876268494,0.019920396204911105,0.0051158459640657196,0.019920396204911105,0.0051158459640657196,0.009253676868075749,0.01764403471481528,0.004733556604116742,0.018479473532742912,0.004733419459427091,0.01790577582160614,0.004684180750194936,0.018849743295205383,0.0046841112560020515,0.02317611347121321,0.004895028955424428,0.023183545055418472,0.004894969713789362,0.024038979725141067,0.004834598601551181,0.024029927713862264,0.004834620318681855,0.009043805230437086,0.025465632173723052,0.005108814854449024,0.025465632173723052,0.005108814854449024,0.025465632173723052,0.005108404204764569,0.025465632173723052,0.005108404204764569,0.019164847183572167,0.004900476239440768,0.019166904728457668,0.004900149365526423,0.019306307199155263,0.004900474505080029,0.019302371529498926,0.004900161973738804,0.019920396204911105,0.005115946047377902,0.019920396204911105,0.005115946047377902,0.019920396204911105,0.0051158459640657196,0.019920396204911105,0.0051158459640657196,0.023009374449159358,0.0048754414164799515,0.01991478781469931,0.004875392227369994,0.023743512573927393,0.0048256398357709165,0.020291608838673102,0.004825538488499735,0.01764403471481528,0.004733556604116742,0.018479473532742912,0.004733419459427091,0.01790577582160614,0.004684180750194936,0.018849743295205383,0.0046841112560020515,0.019765198860168687,0.005115872876268494,0.019765198860168687,0.005115872876268494,0.019920396204911105,0.0051158459640657196,0.019920396204911105,0.0051158459640657196,0.01790577582160614,0.004683230355102397,0.018849743295205383,0.00468335604144557,0.01790577582160614,0.004684180750194936,0.018849743295205383,0.0046841112560020515
GR00003391,240.0,0.0487593952011,0.008748132436325346,0.028598881448295553,0.0051065084097175655,0.028598881448295553,0.0051065084097175655,0.030698954231346116,0.00510435704072754,0.030698954231346116,0.00510435704072754,0.013565802876376206,0.02412293582720503,0.005107695454934021,0.02412293582720503,0.005107695454934021,0.02425636225669877,0.0051076637621036095,0.02425636225669877,0.0051076637621036095,0.011406336367410444,0.01929711582829306,0.0047349643776013845,0.021493454485701013,0.004734956568430187,0.01936709370945785,0.004684661738884893,0.021770158806276,0.004684698742466784,0.028920363051536942,0.004892637906874195,0.02892030772566301,0.004892508004586038,0.02970889976502621,0.004817524975317303,0.029706655281611438,0.004817452531996267,0.008748132436325346,0.030698954231346116,0.005103699853003661,0.030698954231346116,0.005103699853003661,0.030698954231346116,0.00510435704072754,0.030698954231346116,0.00510435704072754,0.02389917323042465,0.004900303841296327,0.023900505572340917,0.004900263326955505,0.024064654103180077,0.004900292733987318,0.02406277073182529,0.0049002624840078,0.02425636225669877,0.005107025705864485,0.02425636225669877,0.005107025705864485,0.02425636225669877,0.0051076637621036095,0.02425636225669877,0.0051076637621036095,0.02861210659164093,0.004868101813670923,0.02378578077370708,0.00486789527855117,0.029400746418904732,0.004806802837876091,0.024135743175127802,0.0048066623276784145,0.01929711582829306,0.0047349643776013845,0.021493454485701013,0.004734956568430187,0.01936709370945785,0.004684661738884893,0.021770158806276,0.004684698742466784,0.02412293582720503,0.005107695454934021,0.02412293582720503,0.005107695454934021,0.02425636225669877,0.0051076637621036095,0.02425636225669877,0.0051076637621036095,0.01936709370945785,0.004731516456092733,0.021770158806276,0.004731653181105613,0.01936709370945785,0.004684661738884893,0.021770158806276,0.004684698742466784
GR00003393,240.0,0.037892834074258926,0.00883117380664202,0.024918956304348903,0.005109672668844689,0.024918956304348903,0.005109672668844689,0.02618991007716952,0.005106584521007447,0.02618991007716952,0.005106584521007447,0.011026963412885444,0.0197270113061031,0.0051107837109776455,0.0197270113061031,0.0051107837109776455,0.019898945227869853,0.005110761419028434,0.019898945227869853,0.005110761419028434,0.009977928055231457,0.018405250617459734,0.004733109825638388,0.020058466444963795,0.004733108956171351,0.018248540793289525,0.0046882147444724425,0.019971099436332906,0.004688221148487152,0.025033073370453063,0.004884575708643784,0.02503919109252225,0.004884457917809915,0.02503575260267261,0.004815184495467861,0.025023846251221397,0.004815210550609687,0.00883117380664202,0.02618991007716952,0.005104704385771476,0.02618991007716952,0.005104704385771476,0.02618991007716952,0.005106584521007447,0.02618991007716952,0.005106584521007447,0.019141363645401623,0.004901650444198971,0.01914662745026554,0.004901328652181441,0.01935199747041325,0.004901659532741115,0.019341666441034834,0.004901344140588376,0.019898945227869853,0.00511072676214414,0.019898945227869853,0.00511072676214414,0.019898945227869853,0.005110761419028434,0.019898945227869853,0.005110761419028434,0.024684068479315528,0.0048618070744590415,0.021342464393882002,0.004861953246430955,0.02465880610623217,0.004802318567160711,0.021149688236862585,0.004802386782919128,0.018405250617459734,0.004733109825638388,0.020058466444963795,0.004733108956171351,0.018248540793289525,0.0046882147444724425,0.019971099436332906,0.004688221148487152,0.0197270113061031,0.0051107837109776455,0.0197270113061031,0.0051107837109776455,0.019898945227869853,0.005110761419028434,0.019898945227869853,0.005110761419028434,0.018248540793289525,0.004736681231818949,0.019971099436332906,0.004736736737712107,0.018248540793289525,0.0046882147444724425,0.019971099436332906,0.004688221148487152
GR00003396,240.0,0.043019943008367006,0.00816806197808467,0.02322499138620364,0.005109135737931005,0.02322499138620364,0.005109135737931005,0.023954534908980116,0.005107152875988374,0.023954534908980116,0.005107152875988374,0.00970579638076668,0.017859417411522287,0.005110772823701271,0.017859417411522287,0.005110772823701271,0.017930278028410542,0.005110757446863106,0.017930278028410542,0.005110757446863106,0.008917066489249436,0.018537180103603494,0.004735903161048259,0.01905474281224161,0.004735858000695673,0.01868278125311533,0.004688668678838128,0.019280919901611685,0.004688682034193404,0.023315936979438418,0.004893891493244329,0.023318142281859366,0.004893697129849683,0.023401736941815025,0.00482666458564442,0.023403555848391048,0.004826712131364454,0.00816806197808467,0.023954534908980116,0.005106506530509893,0.023954534908980116,0.005106506530509893,0.023954534908980116,0.005107152875988374,0.023954534908980116,0.005107152875988374,0.017528064519486228,0.004896333423808408,0.017526165752030674,0.004896223963162641,0.01756442960665921,0.004896323828225884,0.01756248858913561,0.004896229543578763,0.017930278028410542,0.005111068205304725,0.017930278028410542,0.005111068205304725,0.017930278028410542,0.005110757446863106,0.017930278028410542,0.005110757446863106,0.023063024770767295,0.004870128885052529,0.020879416219853293,0.0048700421277869214,0.023207149637759845,0.004813086284174999,0.02106652016268841,0.004813191933053612,0.018537180103603494,0.004735903161048259,0.01905474281224161,0.004735858000695673,0.01868278125311533,0.004688668678838128,0.019280919901611685,0.004688682034193404,0.017859417411522287,0.005110772823701271,0.017859417411522287,0.005110772823701271,0.017930278028410542,0.005110757446863106,0.017930278028410542,0.005110757446863106,0.01868278125311533,0.004721655357958694,0.019280919901611685,0.00472160694936225,0.01868278125311533,0.004688668678838128,0.019280919901611685,0.004688682034193404
GR00004367,240.0,0.07100365432753221,0.008905807996457188,0.03443850952962562,0.005110173203753583,0.03443850952962562,0.005110173203753583,0.03640162612523233,0.005108813992824307,0.03640162612523233,0.005108813992824307,0.013794898977366474,0.027594620521753214,0.005111742925190047,0.027594620521753214,0.005111742925190047,0.027109227579503025,0.0051117397491948855,0.027109227579503025,0.0051117397491948855,0.010826313595278475,0.025734766536621354,0.004738055202910803,0.031172670499274118,0.004738181325276467,0.02593100879693082,0.004669927888292394,0.031854598676746206,0.004670096731509445,0.034855110478928135,0.004872889397086026,0.0348548363915814,0.00487278092797908,0.035347098146989976,0.004788426844388993,0.03534111897677296,0.004788387999192823,0.008905807996457188,0.03640162612523233,0.005105425567273148,0.03640162612523233,0.005105425567273148,0.03640162612523233,0.005108813992824307,0.03640162612523233,0.005108813992824307,0.026637327700820893,0.004858847340081225,0.02663801060776196,0.004858701677098958,0.02654987934492238,0.0048588681040946415,0.02655304587316576,0.0048586806181708676,0.027109227579503025,0.0051113948718338855,0.027109227579503025,0.0051113948718338855,0.027109227579503025,0.0051117397491948855,0.027109227579503025,0.0051117397491948855,0.03440228315878402,0.004851367071015967,0.030156694200157767,0.004851318309105557,0.034738795687442654,0.004781151222324636,0.03046262961467637,0.004781101590331187,0.025734766536621354,0.004738055202910803,0.031172670499274118,0.004738181325276467,0.02593100879693082,0.004669927888292394,0.031854598676746206,0.004670096731509445,0.027594620521753214,0.005111742925190047,0.027594620521753214,0.005111742925190047,0.027109227579503025,0.0051117397491948855,0.027109227579503025,0.0051117397491948855,0.02593100879693082,0.004739622577545929,0.031854598676746206,0.004739537649878098,0.02593100879693082,0.004669927888292394,0.031854598676746206,0.004670096731509445
GR00004372,240.0,0.04678401885561397,0.008016477007474558,0.03412936789752348,0.005110741977248471,0.03412936789752348,0.005110741977248471,0.033575014088100666,0.005108528372851979,0.033575014088100666,0.005108528372851979,0.011003535759021176,0.0264706782210357,0.0051149757575007565,0.0264706782210357,0.0051149757575007565,0.026206867551801336,0.005115005853242109,0.026206867551801336,0.005115005853242109,0.008905548186394231,0.024002487842439673,0.004732651139264799,0.0261669297779088,0.004732729592635048,0.024287014546445343,0.004665819851889978,0.026900053496179643,0.004665853099255821,0.033390298063671595,0.004890167492730277,0.03338468201307821,0.004890123708654756,0.03318441909304669,0.004788892704759128,0.03317505474596017,0.004788901542248158,0.008016477007474558,0.033575014088100666,0.005107909394254052,0.033575014088100666,0.005107909394254052,0.033575014088100666,0.005108528372851979,0.033575014088100666,0.005108528372851979,0.025582267487613386,0.004849540292296636,0.025577493074015807,0.00484934676270844,0.025644131006924815,0.004849522292284949,0.025639920432654832,0.004849349915351919,0.026206867551801336,0.005115362939929374,0.026206867551801336,0.005115362939929374,0.026206867551801336,0.005115005853242109,0.026206867551801336,0.005115005853242109,0.0329778239679146,0.004863991240136248,0.028663727704009687,0.00486394705461632,0.032820013749783,0.00477645830894843,0.028638615302865895,0.004776539082750398,0.024002487842439673,0.004732651139264799,0.0261669297779088,0.004732729592635048,0.024287014546445343,0.004665819851889978,0.026900053496179643,0.004665853099255821,0.0264706782210357,0.0051149757575007565,0.0264706782210357,0.0051149757575007565,0.026206867551801336,0.005115005853242109,0.026206867551801336,0.005115005853242109,0.024287014546445343,0.004698962875724523,0.026900053496179643,0.004698938679151946,0.024287014546445343,0.004665819851889978,0.026900053496179643,0.004665853099255821
GR00004374,240.0,0.048424173595540514,0.008495590731879398,0.027198358548095367,0.00511173318196782,0.027198358548095367,0.00511173318196782,0.02910557850861057,0.0051093679732738635,0.02910557850861057,0.0051093679732738635,0.010444651858618812,0.024647797292178347,0.00511840447366405,0.024647797292178347,0.00511840447366405,0.024665072176560734,0.005118414403924937,0.024665072176560734,0.005118414403924937,0.009271125661783852,0.02144251815345247,0.004737269630868992,0.022963388459413744,0.004737447787230894,0.02224829880962923,0.004670285452859009,0.023628060378674945,0.004670215656292163,0.027684040547867328,0.004876726672723925,0.027685525736086534,0.0048767532991688825,0.028587825702884966,0.004779859324554945,0.028590186182306035,0.004780031080599055,0.008495590731879398,0.02910557850861057,0.0051085185296881625,0.02910557850861057,0.0051085185296881625,0.02910557850861057,0.0051093679732738635,0.02910557850861057,0.0051093679732738635,0.02455191840686073,0.004855386623195649,0.024550871113756614,0.0048552228898659875,0.02461372705491601,0.004855387723051882,0.024614880440400316,0.004855215379543349,0.024665072176560734,0.005119041117756264,0.024665072176560734,0.005119041117756264,0.024665072176560734,0.005118414403924937,0.024665072176560734,0.005118414403924937,0.027365930719330526,0.004855489259973258,0.024327879247116324,0.0048554779666032276,0.028402952340118845,0.00477112749255965,0.02517974127823391,0.0047712550510294275,0.02144251815345247,0.004737269630868992,0.022963388459413744,0.004737447787230894,0.02224829880962923,0.004670285452859009,0.023628060378674945,0.004670215656292163,0.024647797292178347,0.00511840447366405,0.024647797292178347,0.00511840447366405,0.024665072176560734,0.005118414403924937,0.024665072176560734,0.005118414403924937,0.02224829880962923,0.0046864268024103175,0.023628060378674945,0.004686566240607364,0.02224829880962923,0.004670285452859009,0.023628060378674945,0.004670215656292163
GR00004375,240.0,0.07033452776905363,0.009345619173616143,0.026602043855111893,0.005112965615141551,0.026602043855111893,0.005112965615141551,0.02663652534262356,0.005110621102667026,0.02663652534262356,0.005110621102667026,0.01202839728447944,0.023865705886579273,0.0051196058081935175,0.023865705886579273,0.0051196058081935175,0.024056296460954467,0.005119622387499692,0.024056296460954467,0.005119622387499692,0.010681913038882282,0.01948721235280386,0.0047340899420004945,0.020709161332361097,0.004734140957223739,0.01906336493851383,0.004658325761002345,0.020351945987658125,0.004658384750769399,0.02648742782211595,0.004886441010949791,0.026483510427371317,0.004886354389963523,0.026155353384718603,0.004775860839669853,0.02616054276943706,0.004776009124801581,0.009345619173616143,0.02663652534262356,0.005109583292271697,0.02663652534262356,0.005109583292271697,0.02663652534262356,0.005110621102667026,0.02663652534262356,0.005110621102667026,0.023590147162675778,0.004851684568372113,0.02358651127901319,0.004851703514960356,0.023563248235288603,0.004851680832131932,0.023561745276382332,0.004851722638255883,0.024056296460954467,0.00512036199711066,0.024056296460954467,0.00512036199711066,0.024056296460954467,0.005119622387499692,0.024056296460954467,0.005119622387499692,0.026370749774569956,0.00485993612837274,0.024097462041079123,0.004859910379101615,0.02604759248768503,0.004767310568019939,0.02346298211196921,0.00476707912616302,0.01948721235280386,0.0047340899420004945,0.020709161332361097,0.004734140957223739,0.01906336493851383,0.004658325761002345,0.020351945987658125,0.004658384750769399,0.023865705886579273,0.0051196058081935175,0.023865705886579273,0.0051196058081935175,0.024056296460954467,0.005119622387499692,0.024056296460954467,0.005119622387499692,0.01906336493851383,0.004678846384205812,0.020351945987658125,0.0046788958028882496,0.01906336493851383,0.004658325761002345,0.020351945987658125,0.004658384750769399
GR00004377,240.0,0.09049118102063149,0.011341474979257119,0.03975224198721809,0.005109444224580364,0.03975224198721809,0.005109444224580364,0.04020558603933043,0.005105205065448385,0.04020558603933043,0.005105205065448385,0.018212753590458337,0.029719710095354505,0.005105463752553123,0.029719710095354505,0.005105463752553123,0.029713487412628217,0.005105500481383775,0.029713487412628217,0.005105500481383775,0.013672268503532042,0.029555033912459696,0.004734971248705895,0.04473004665703841,0.00473510489473529,0.03012800039779775,0.004661756449221539,0.043608099906305965,0.004661759107289771,0.0394139656925842,0.0049102669311827385,0.039413232378103,0.00491014866854273,0.03961528882637979,0.004821276755124597,0.03961465476918942,0.00482108310447928,0.011341474979257119,0.04020558603933043,0.005104780667226162,0.04020558603933043,0.005104780667226162,0.04020558603933043,0.005105205065448385,0.04020558603933043,0.005105205065448385,0.02969302754281009,0.0049148353345585954,0.029692836115298236,0.004914647866262391,0.029712079203700115,0.0049148488988862765,0.02971280662801423,0.004914636078908365,0.029713487412628217,0.005105331323365942,0.029713487412628217,0.005105331323365942,0.029713487412628217,0.005105500481383775,0.029713487412628217,0.005105500481383775,0.03827013685077082,0.004884914115136752,0.03294110429789423,0.004885061442428864,0.038694313963439246,0.004812361374785412,0.03300362392394115,0.004812325822099702,0.029555033912459696,0.004734971248705895,0.04473004665703841,0.00473510489473529,0.03012800039779775,0.004661756449221539,0.043608099906305965,0.004661759107289771,0.029719710095354505,0.005105463752553123,0.029719710095354505,0.005105463752553123,0.029713487412628217,0.005105500481383775,0.029713487412628217,0.005105500481383775,0.03012800039779775,0.004749646552743161,0.043608099906305965,0.0047496084403349905,0.03012800039779775,0.004661756449221539,0.043608099906305965,0.004661759107289771
GR00004379,240.0,0.049736462343116315,0.010803434478240727,0.024381038885195497,0.005111708504331397,0.024381038885195497,0.005111708504331397,0.025885467343649004,0.005107910057979394,0.025885467343649004,0.005107910057979394,0.014596100929109762,0.01914852428118095,0.005112029851147968,0.01914852428118095,0.005112029851147968,0.01935006565441427,0.005112036918538783,0.01935006565441427,0.005112036918538783,0.011343546909103561,0.019043570439077027,0.004735537232416148,0.019877627796528918,0.004735574350079421,0.01974169065963295,0.004657766089637189,0.020807886510413844,0.004657844461701011,0.02419052293378583,0.004909478436405745,0.024190661356276993,0.004909586623763228,0.02479716004578179,0.004822270460786962,0.024803809830206223,0.004822337393245334,0.010803434478240727,0.025885467343649004,0.005108162343241831,0.025885467343649004,0.005108162343241831,0.025885467343649004,0.005107910057979394,0.025885467343649004,0.005107910057979394,0.019053702640955728,0.004924619233078923,0.01904703121500086,0.004924605758529737,0.019157201097412497,0.004924633846874198,0.019161798886437875,0.004924606962054683,0.01935006565441427,0.005112130773118464,0.01935006565441427,0.005112130773118464,0.01935006565441427,0.005112036918538783,0.01935006565441427,0.005112036918538783,0.02388455935376537,0.004885016065740679,0.021541106559956006,0.004885042697759833,0.02452927558885012,0.00481052183302003,0.02252421237330291,0.004810518784924542,0.019043570439077027,0.004735537232416148,0.019877627796528918,0.004735574350079421,0.01974169065963295,0.004657766089637189,0.020807886510413844,0.004657844461701011,0.01914852428118095,0.005112029851147968,0.01914852428118095,0.005112029851147968,0.01935006565441427,0.005112036918538783,0.01935006565441427,0.005112036918538783,0.01974169065963295,0.004667055279325132,0.020807886510413844,0.004667069796978374,0.01974169065963295,0.004657766089637189,0.020807886510413844,0.004657844461701011
GR00004383,240.0,0.05945327075514415,0.01068033272659995,0.03233624214361896,0.0051087268253164585,0.03233624214361896,0.0051087268253164585,0.03281291393885777,0.005104260389973484,0.03281291393885777,0.005104260389973484,0.014441007903917912,0.02535145788563853,0.005105034066060195,0.02535145788563853,0.005105034066060195,0.02519224831369379,0.0051049779722795365,0.02519224831369379,0.0051049779722795365,0.011408816077548092,0.023592317560756734,0.004729548842621832,0.026409385171344262,0.004729714590479021,0.02349011503851977,0.004662995927474267,0.025992717475310956,0.004663124824745784,0.03229133798781943,0.00489907050861281,0.0322895730299741,0.0048990942127649295,0.032777885343941576,0.004808319363710729,0.03277776925969174,0.004808274983019106,0.01068033272659995,0.03281291393885777,0.005105441674641667,0.03281291393885777,0.005105441674641667,0.03281291393885777,0.005104260389973484,0.03281291393885777,0.005104260389973484,0.024863022442254173,0.0049085016255090465,0.02485307547422371,0.0049083025355117355,0.024839697360896074,0.004908499379577747,0.02484457358102767,0.004908294527497327,0.02519224831369379,0.005104197799466023,0.02519224831369379,0.005104197799466023,0.02519224831369379,0.0051049779722795365,0.02519224831369379,0.0051049779722795365,0.03196169201241013,0.00487652138306382,0.028285259893650584,0.004876573475269644,0.03254078314180685,0.0048008763486700025,0.02786983811847388,0.004800705640241447,0.023592317560756734,0.004729548842621832,0.026409385171344262,0.004729714590479021,0.02349011503851977,0.004662995927474267,0.025992717475310956,0.004663124824745784,0.02535145788563853,0.005105034066060195,0.02535145788563853,0.005105034066060195,0.02519224831369379,0.0051049779722795365,0.02519224831369379,0.0051049779722795365,0.02349011503851977,0.00470161098678086,0.025992717475310956,0.004701619583170806,0.02349011503851977,0.004662995927474267,0.025992717475310956,0.004663124824745784
GR00004385,240.0,0.11574090664360678,0.013201999664122494,0.031562181866539044,0.0051068786082185775,0.031562181866539044,0.0051068786082185775,0.032185882367721956,0.005104856214629569,0.032185882367721956,0.005104856214629569,0.018353573770483547,0.024546401429424998,0.005105183912089988,0.024546401429424998,0.005105183912089988,0.02461923841397743,0.005105193785417431,0.02461923841397743,0.005105193785417431,0.015115225279936561,0.02520930847821893,0.00472967048680872,0.027773293255086443,0.0047299720330715245,0.025712141292324183,0.00466417030374736,0.028655070043728508,0.004664202797310307,0.031467253647185806,0.004901885903833619,0.03145344941848262,0.004901945259492076,0.032151555053279886,0.004838983529535589,0.032152974914367256,0.0048387897422999425,0.013201999664122494,0.032185882367721956,0.005103670538703469,0.032185882367721956,0.005103670538703469,0.032185882367721956,0.005104856214629569,0.032185882367721956,0.005104856214629569,0.02562455175959925,0.004910561469471577,0.02562456815071247,0.004910366487145257,0.025530072519183374,0.004910546067087288,0.02554137890330145,0.004910356936228302,0.02461923841397743,0.005105274992794195,0.02461923841397743,0.005105274992794195,0.02461923841397743,0.005105193785417431,0.02461923841397743,0.005105193785417431,0.031173541068565114,0.004879791742980718,0.027941811923647867,0.004879709643981083,0.03181502167129211,0.004827064279787367,0.028500039481905166,0.0048271084610714285,0.02520930847821893,0.00472967048680872,0.027773293255086443,0.0047299720330715245,0.025712141292324183,0.00466417030374736,0.028655070043728508,0.004664202797310307,0.024546401429424998,0.005105183912089988,0.024546401429424998,0.005105183912089988,0.02461923841397743,0.005105193785417431,0.02461923841397743,0.005105193785417431,0.025712141292324183,0.004708352060775989,0.028655070043728508,0.004708394602866118,0.025712141292324183,0.00466417030374736,0.028655070043728508,0.004664202797310307
GR00004394,240.0,0.063721449837445,0.009530964265624135,0.025981812283481693,0.005112953095846568,0.025981812283481693,0.005112953095846568,0.02700188100557995,0.005111301823365882,0.02700188100557995,0.005111301823365882,0.012709870195245153,0.022423732246167696,0.0051183355926124495,0.022423732246167696,0.0051183355926124495,0.022346133342562507,0.005118352351845728,0.022346133342562507,0.005118352351845728,0.010566846465133953,0.022587713850201967,0.004739626394556101,0.026339779809317634,0.004739432558445971,0.022967247711098718,0.004660776744318834,0.026889335394150192,0.004660766605574968,0.02583166366581691,0.0048705961604614935,0.025831359578634285,0.004870643076897149,0.02614829031871416,0.004754693829382724,0.02614432951185102,0.004754582023593755,0.009530964265624135,0.02700188100557995,0.005108751126199118,0.02700188100557995,0.005108751126199118,0.02700188100557995,0.005111301823365882,0.02700188100557995,0.005111301823365882,0.021814974474871535,0.004844582193460792,0.021810201732343514,0.004844439981611085,0.021809999950941347,0.004844568415496017,0.021808720197435297,0.00484442180382565,0.022346133342562507,0.005118433744673454,0.022346133342562507,0.005118433744673454,0.022346133342562507,0.005118352351845728,0.022346133342562507,0.005118352351845728,0.02576437124335502,0.004850303552122765,0.024119213623196297,0.004850243044772764,0.026152334769910208,0.004744007787570273,0.024510860560180814,0.004744109684209912,0.022587713850201967,0.004739626394556101,0.026339779809317634,0.004739432558445971,0.022967247711098718,0.004660776744318834,0.026889335394150192,0.004660766605574968,0.022423732246167696,0.0051183355926124495,0.022423732246167696,0.0051183355926124495,0.022346133342562507,0.005118352351845728,0.022346133342562507,0.005118352351845728,0.022967247711098718,0.004730910651913797,0.026889335394150192,0.00473083726228064,0.022967247711098718,0.004660776744318834,0.026889335394150192,0.004660766605574968
GR00004399,240.0,0.03931365175803494,0.008828250527151268,0.026892059179345434,0.005114879536455044,0.026892059179345434,0.005114879536455044,0.028435598949077583,0.0051123811580981665,0.028435598949077583,0.0051123811580981665,0.010894177487573256,0.020254178964757605,0.0051231545203455275,0.020254178964757605,0.0051231545203455275,0.02019436449837855,0.005123129451535675,0.02019436449837855,0.005123129451535675,0.00951303108668694,0.020463086582645,0.004736770844098711,0.024121154734842207,0.004737064237696905,0.02053457300895186,0.00465552816918628,0.024113010429039388,0.004655590755630134,0.02695528198565842,0.0048809672870729045,0.026968768771067474,0.004880978592249948,0.027442851097241983,0.00476295331105801,0.027442131239849257,0.004762784570228633,0.008828250527151268,0.028435598949077583,0.0051122323158301584,0.028435598949077583,0.0051122323158301584,0.028435598949077583,0.0051123811580981665,0.028435598949077583,0.0051123811580981665,0.020269022552426845,0.00485713953641514,0.020269800421485927,0.004856958005673202,0.020226620933667352,0.004857122308984511,0.02022778451571728,0.0048569585411497715,0.02019436449837855,0.005123513048210027,0.02019436449837855,0.005123513048210027,0.02019436449837855,0.005123129451535675,0.02019436449837855,0.005123129451535675,0.026583836705942606,0.004857752815928962,0.023055276782443464,0.004857667854791916,0.027061899331804546,0.004753503513824471,0.023028793352434997,0.004753579213866864,0.020463086582645,0.004736770844098711,0.024121154734842207,0.004737064237696905,0.02053457300895186,0.00465552816918628,0.024113010429039388,0.004655590755630134,0.020254178964757605,0.0051231545203455275,0.020254178964757605,0.0051231545203455275,0.02019436449837855,0.005123129451535675,0.02019436449837855,0.005123129451535675,0.02053457300895186,0.004702379309293704,0.024113010429039388,0.004702457270238364,0.02053457300895186,0.00465552816918628,0.024113010429039388,0.004655590755630134
GR00004400,240.0,0.05043247798949825,0.008293441598112536,0.03128655486947331,0.005114476227907195,0.03128655486947331,0.005114476227907195,0.03189606702474039,0.005112832095746935,0.03189606702474039,0.005112832095746935,0.010678119006304766,0.021969925088012193,0.005122411489346456,0.021969925088012193,0.005122411489346456,0.022032678112510428,0.005122413192188031,0.022032678112510428,0.005122413192188031,0.009262007266670496,0.023357868277528945,0.004733107004641417,0.027305817387256685,0.004733080630233081,0.023082489435226807,0.0046600544083360285,0.027194442820824463,0.004660085160627266,0.03152044522041301,0.004874633528461316,0.031521143108177316,0.0048747235867174525,0.03127340651460041,0.0047690728300325055,0.031269596923179134,0.0047690516130053815,0.008293441598112536,0.03189606702474039,0.0051116807293731395,0.03189606702474039,0.0051116807293731395,0.03189606702474039,0.005112832095746935,0.03189606702474039,0.005112832095746935,0.021649730670075806,0.00486627262515476,0.02166198444735957,0.004866213079086759,0.021689014199711365,0.0048662806445288215,0.021688129042124565,0.004866207493256771,0.022032678112510428,0.005121716746931793,0.022032678112510428,0.005121716746931793,0.022032678112510428,0.005122413192188031,0.022032678112510428,0.005122413192188031,0.030713801034973877,0.004851800125444404,0.02600224469068984,0.004851701880685506,0.030556478576482162,0.004760352440860432,0.025745974597014627,0.004760568693745534,0.023357868277528945,0.004733107004641417,0.027305817387256685,0.004733080630233081,0.023082489435226807,0.0046600544083360285,0.027194442820824463,0.004660085160627266,0.021969925088012193,0.005122411489346456,0.021969925088012193,0.005122411489346456,0.022032678112510428,0.005122413192188031,0.022032678112510428,0.005122413192188031,0.023082489435226807,0.004724136589002257,0.027194442820824463,0.004724100168115557,0.023082489435226807,0.0046600544083360285,0.027194442820824463,0.004660085160627266
GR00004401,240.0,0.03805586980921169,0.008856292987156478,0.025369179398767705,0.005116502046791673,0.025369179398767705,0.005116502046791673,0.025585263319818828,0.0051125825181236005,0.025585263319818828,0.0051125825181236005,0.010313195383172715,0.018714039894166014,0.005120655805528133,0.018714039894166014,0.005120655805528133,0.01896872074946915,0.005120677008511649,0.01896872074946915,0.005120677008511649,0.009160848756951787,0.02079353964581586,0.004735397799805502,0.022810596848728725,0.004735499655508708,0.020833666822499295,0.004657931934462648,0.023349564297367193,0.004658021249813641,0.025327147278508596,0.004862420804075831,0.02533176377435825,0.004862406702226945,0.025285842357379018,0.0047645192302300165,0.02529118372119592,0.00476451315309324,0.008856292987156478,0.025585263319818828,0.005112646698947712,0.025585263319818828,0.005112646698947712,0.025585263319818828,0.0051125825181236005,0.025585263319818828,0.0051125825181236005,0.018365258587036675,0.00483403909310058,0.01836068856610723,0.004833854873166201,0.01854155130731547,0.004834040749781981,0.018543922051425688,0.0048338178292845315,0.01896872074946915,0.0051207625280604374,0.01896872074946915,0.0051207625280604374,0.01896872074946915,0.005120677008511649,0.01896872074946915,0.005120677008511649,0.02519524402326185,0.004842082136050267,0.02268465813388772,0.00484201236884135,0.024996784904277865,0.004754958730389446,0.02259260713620018,0.004755136362464934,0.02079353964581586,0.004735397799805502,0.022810596848728725,0.004735499655508708,0.020833666822499295,0.004657931934462648,0.023349564297367193,0.004658021249813641,0.018714039894166014,0.005120655805528133,0.018714039894166014,0.005120655805528133,0.01896872074946915,0.005120677008511649,0.01896872074946915,0.005120677008511649,0.020833666822499295,0.004701443002565866,0.023349564297367193,0.004701369318969284,0.020833666822499295,0.004657931934462648,0.023349564297367193,0.004658021249813641
GR00004405,240.0,0.12941144681912467,0.012636228091915292,0.04080758396774485,0.005105348209746975,0.04080758396774485,0.005105348209746975,0.041758864705664485,0.005103257551999764,0.041758864705664485,0.005103257551999764,0.020082256421792913,0.02860144949746866,0.005103079681006771,0.02860144949746866,0.005103079681006771,0.02855990056958252,0.005103053409375452,0.02855990056958252,0.005103053409375452,0.014553068663906975,0.029014964153002323,0.0047346455226593654,0.05517605824302134,0.0047343776056486845,0.028589938310080106,0.004662642260841567,0.050459837518997935,0.004662581435318561,0.04119956519555932,0.004902664476978806,0.04120670107094522,0.0049023824419998,0.040937572944832246,0.004806771390561915,0.0409369161570031,0.004806778509090033,0.012636228091915292,0.041758864705664485,0.005099781386112292,0.041758864705664485,0.005099781386112292,0.041758864705664485,0.005103257551999764,0.041758864705664485,0.005103257551999764,0.02839167066651053,0.004882059146604318,0.02838936161840265,0.00488191361496602,0.02839859607882429,0.004882076308020581,0.0283985712580192,0.004881912880300951,0.02855990056958252,0.0051030778403170435,0.02855990056958252,0.0051030778403170435,0.02855990056958252,0.005103053409375452,0.02855990056958252,0.005103053409375452,0.03958761646711754,0.004874916894243687,0.032789169384078456,0.004874924442987579,0.03904418379419365,0.00479658020492578,0.03192621061040667,0.004796608689420254,0.029014964153002323,0.0047346455226593654,0.05517605824302134,0.0047343776056486845,0.028589938310080106,0.004662642260841567,0.050459837518997935,0.004662581435318561,0.02860144949746866,0.005103079681006771,0.02860144949746866,0.005103079681006771,0.02855990056958252,0.005103053409375452,0.02855990056958252,0.005103053409375452,0.028589938310080106,0.004747652454157573,0.050459837518997935,0.004747568605244448,0.028589938310080106,0.004662642260841567,0.050459837518997935,0.004662581435318561
GR00004410,240.0,0.06752739820762746,0.009932397870287895,0.03120799462881714,0.005109425917773474,0.03120799462881714,0.005109425917773474,0.032408685858590296,0.005107045706686243,0.032408685858590296,0.005107045706686243,0.015821029720839673,0.024493684647295774,0.005108202710225739,0.024493684647295774,0.005108202710225739,0.02434914262998555,0.00510823462697973,0.02434914262998555,0.00510823462697973,0.011712649246292176,0.024944590846650905,0.004737475388148147,0.030948974186572328,0.004737568428154395,0.02498253153613549,0.004661575965575894,0.030861032746120547,0.004661617101088067,0.031480079505240496,0.004894146077361325,0.031481106097500905,0.004894270118419608,0.032048593802495716,0.004785141725039553,0.03204155597507723,0.004785116515806566,0.009932397870287895,0.032408685858590296,0.005104806905158551,0.032408685858590296,0.005104806905158551,0.032408685858590296,0.005107045706686243,0.032408685858590296,0.005107045706686243,0.024056181988574166,0.004882964356766829,0.02406015429874976,0.004882842195513856,0.02400599890999868,0.004882959521273365,0.024004239498176427,0.004882841917319151,0.02434914262998555,0.005108256514227563,0.02434914262998555,0.005108256514227563,0.02434914262998555,0.00510823462697973,0.02434914262998555,0.00510823462697973,0.031077658530037043,0.004866796473283134,0.02641362207127947,0.0048668491337950604,0.0314643631400715,0.004774463218651545,0.026623043977124155,0.0047745296966500705,0.024944590846650905,0.004737475388148147,0.030948974186572328,0.004737568428154395,0.02498253153613549,0.004661575965575894,0.030861032746120547,0.004661617101088067,0.024493684647295774,0.005108202710225739,0.024493684647295774,0.005108202710225739,0.02434914262998555,0.00510823462697973,0.02434914262998555,0.00510823462697973,0.02498253153613549,0.004760156099196888,0.030861032746120547,0.00476029521979378,0.02498253153613549,0.004661575965575894,0.030861032746120547,0.004661617101088067
GR00004416,240.0,0.11835828012940658,0.009458854973848213,0.03290588029208245,0.00511553709919636,0.03290588029208245,0.00511553709919636,0.03300603735819609,0.0051133573920989295,0.03300603735819609,0.0051133573920989295,0.015446978488715336,0.027556685511125605,0.0051210417710556575,0.027556685511125605,0.0051210417710556575,0.027673878333857697,0.0051210538151667765,0.027673878333857697,0.0051210538151667765,0.011735780747731652,0.025393620740820123,0.004733107946435614,0.029286248999920567,0.004733044268798847,0.025027050738936484,0.004664641709250268,0.028835604287717295,0.004664534328627861,0.03344018984462456,0.004878063324571085,0.03343817484147165,0.004878195954241235,0.033352206592974346,0.004778618787691249,0.03335694510580905,0.004778660441930275,0.009458854973848213,0.03300603735819609,0.005111900767889477,0.03300603735819609,0.005111900767889477,0.03300603735819609,0.0051133573920989295,0.03300603735819609,0.0051133573920989295,0.02771727836755343,0.004865116708010526,0.02772082904631753,0.004865063641856729,0.027789366882617954,0.004865115272836396,0.027788007064622068,0.0048650667029636625,0.027673878333857697,0.005121111278713208,0.027673878333857697,0.005121111278713208,0.027673878333857697,0.0051210538151667765,0.027673878333857697,0.0051210538151667765,0.033115814447161135,0.004858981663725844,0.02963108285812508,0.004858958906428402,0.0330776621657224,0.0047673399892751095,0.02951672182546668,0.004767429465602906,0.025393620740820123,0.004733107946435614,0.029286248999920567,0.004733044268798847,0.025027050738936484,0.004664641709250268,0.028835604287717295,0.004664534328627861,0.027556685511125605,0.0051210417710556575,0.027556685511125605,0.0051210417710556575,0.027673878333857697,0.0051210538151667765,0.027673878333857697,0.0051210538151667765,0.025027050738936484,0.004704775170360422,0.028835604287717295,0.004704823426868188,0.025027050738936484,0.004664641709250268,0.028835604287717295,0.004664534328627861
GR00004418,240.0,0.11043801980037302,0.01072430848596,0.02207780515621616,0.005114541633352019,0.02207780515621616,0.005114541633352019,0.025706498048307967,0.005111604885613577,0.025706498048307967,0.005111604885613577,0.015949046373949675,0.018948150647961657,0.005123954416326643,0.018948150647961657,0.005123954416326643,0.01919381779894546,0.005123918736204097,0.01919381779894546,0.005123918736204097,0.011465326124228119,0.017255501697329638,0.004734116199319372,0.017100640834387303,0.004734130252614762,0.01795455343331914,0.004666550675095277,0.018010086411951568,0.004666583357120107,0.0222052338916133,0.004892551486939304,0.022203681889061726,0.004892502578166541,0.023232169298051088,0.0048016859531550965,0.023228406105441506,0.004801592627417849,0.01072430848596,0.025706498048307967,0.005111480043703227,0.025706498048307967,0.005111480043703227,0.025706498048307967,0.005111604885613577,0.025706498048307967,0.005111604885613577,0.018847061849202474,0.004867792769910922,0.01885062024790614,0.004867814112186068,0.0189652795040698,0.004867795593804753,0.018965737044266722,0.004867823181611352,0.01919381779894546,0.005123159507397543,0.01919381779894546,0.005123159507397543,0.01919381779894546,0.005123918736204097,0.01919381779894546,0.005123918736204097,0.021831971564241444,0.004870505986277056,0.01981400565801573,0.004870691559917456,0.022965262267366133,0.0047903269643732975,0.02103582807323632,0.004790353835007493,0.017255501697329638,0.004734116199319372,0.017100640834387303,0.004734130252614762,0.01795455343331914,0.004666550675095277,0.018010086411951568,0.004666583357120107,0.018948150647961657,0.005123954416326643,0.018948150647961657,0.005123954416326643,0.01919381779894546,0.005123918736204097,0.01919381779894546,0.005123918736204097,0.01795455343331914,0.004661861353005345,0.018010086411951568,0.004661774951490031,0.01795455343331914,0.004666550675095277,0.018010086411951568,0.004666583357120107
J12424c,64.0,0.04912075511853917,0.0023041251011096876,0.01142791963201073,0.0012204496963698595,0.01142791963201073,0.0012204496963698595,0.012670328338334948,0.0012187573451166748,0.012670328338334948,0.0012187573451166748,0.00362409239476243,0.008515375685988156,0.0012154633444814102,0.008515375685988156,0.0012154633444814102,0.009245462999724176,0.001215502607714806,0.009245462999724176,0.001215502607714806,0.002511469264906882,0.009871367991834485,0.0011275626122035974,0.010136719899055475,0.001127492447275998,0.009673434362961683,0.0011316849612617772,0.01028112605177703,0.0011316912208132867,0.012071404845663438,0.0012903630719624654,0.012072520489353186,0.0012904182810461206,0.011850328811755673,0.0013282864618049867,0.011851699497645354,0.0013283728174395255,0.0023041251011096876,0.012670328338334948,0.0012180953466214544,0.012670328338334948,0.0012180953466214544,0.012670328338334948,0.0012187573451166748,0.012670328338334948,0.0012187573451166748,0.008606732450636284,0.0013325143338769273,0.00860678004849792,0.001332442970913968,0.009019955117739155,0.0013325400573114383,0.009020157403434727,0.0013324401511356596,0.009245462999724176,0.0012151798863408716,0.009245462999724176,0.0012151798863408716,0.009245462999724176,0.001215502607714806,0.009245462999724176,0.001215502607714806,0.011516955585003909,0.001291005544461849,0.011364252625196488,0.0012911398629945096,0.011222039414279735,0.0013400961556722243,0.011307472604823223,0.0013401049555013809,0.009871367991834485,0.0011275626122035974,0.010136719899055475,0.001127492447275998,0.009673434362961683,0.0011316849612617772,0.01028112605177703,0.0011316912208132867,0.008515375685988156,0.0012154633444814102,0.008515375685988156,0.0012154633444814102,0.009245462999724176,0.001215502607714806,0.009245462999724176,0.001215502607714806,0.009673434362961683,0.0011272293788838481,0.01028112605177703,0.001127224450189171,0.009673434362961683,0.0011316849612617772,0.01028112605177703,0.0011316912208132867
J12432c,64.0,0.03179527406909017,0.0033232533314454843,0.019393608279277347,0.0012209757824149159,0.019393608279277347,0.0012209757824149159,0.018730089995095255,0.001219329660868825,0.018730089995095255,0.001219329660868825,0.005108893551360988,0.012331056470268114,0.0012150859709286791,0.012331056470268114,0.0012150859709286791,0.012903109598789157,0.0012150723437120607,0.012903109598789157,0.0012150723437120607,0.003960455305093248,0.011441416828610875,0.0011302353809171618,0.012722309052188305,0.001130175793005286,0.010852842828445602,0.0011355079653322848,0.012148313048807135,0.0011356028407670006,0.019427920827034026,0.001291119146188261,0.01942585069889183,0.001291288278671537,0.01890696450058456,0.0013414362604675422,0.018909277880471136,0.0013415637696418947,0.0033232533314454843,0.018730089995095255,0.0012183928304957744,0.018730089995095255,0.0012183928304957744,0.018730089995095255,0.001219329660868825,0.018730089995095255,0.001219329660868825,0.013356797142280268,0.0013368794204024247,0.013367930560583543,0.0013367320680124067,0.014172134384312198,0.0013368562661422298,0.014173661103436598,0.0013367328996030912,0.012903109598789157,0.0012146478194698179,0.012903109598789157,0.0012146478194698179,0.012903109598789157,0.0012150723437120607,0.012903109598789157,0.0012150723437120607,0.018298112256320977,0.0012912120444791108,0.0171128638585211,0.0012913924966686887,0.017592622149080018,0.0013424741857811266,0.01666353044020922,0.0013424861443826228,0.011441416828610875,0.0011302353809171618,0.012722309052188305,0.001130175793005286,0.010852842828445602,0.0011355079653322848,0.012148313048807135,0.0011356028407670006,0.012331056470268114,0.0012150859709286791,0.012331056470268114,0.0012150859709286791,0.012903109598789157,0.0012150723437120607,0.012903109598789157,0.0012150723437120607,0.010852842828445602,0.001125374240278792,0.012148313048807135,0.0011253794220630682,0.010852842828445602,0.0011355079653322848,0.012148313048807135,0.0011356028407670006
J12436d,64.0,0.031234766683917708,0.003051296285675157,0.017625118308080105,0.001220964660729573,0.017625118308080105,0.001220964660729573,0.019601086525490807,0.0012204063246051364,0.019601086525490807,0.0012204063246051364,0.006653020225788523,0.0123558439010892,0.0012156861825337148,0.0123558439010892,0.0012156861825337148,0.013367702949729771,0.0012156862172473977,0.013367702949729771,0.0012156862172473977,0.004601445752221987,0.010346683215549733,0.0011295287679374253,0.011628242748710254,0.0011295636098149204,0.010546653586281589,0.0011384984469819286,0.011111520264455138,0.0011384984272482719,0.018979380525150698,0.0013000481235658239,0.018979157202059473,0.001300040588261519,0.01901130647488382,0.0013881909467470335,0.01900297304291857,0.0013882023148627947,0.003051296285675157,0.019601086525490807,0.0012193390648151203,0.019601086525490807,0.0012193390648151203,0.019601086525490807,0.0012204063246051364,0.019601086525490807,0.0012204063246051364,0.013147689783379747,0.0013339483264283496,0.013140560631550731,0.001334017902586585,0.013722361431546716,0.0013339554605141548,0.01359472937066339,0.0013340181192290667,0.013367702949729771,0.0012155310306530614,0.013367702949729771,0.0012155310306530614,0.013367702949729771,0.0012156862172473977,0.013367702949729771,0.0012156862172473977,0.018278193980933277,0.0013041243071888556,0.01664082852885697,0.001304159469924476,0.01788041189576855,0.0013958127738455887,0.01646475592318987,0.0013958765010567615,0.010346683215549733,0.0011295287679374253,0.011628242748710254,0.0011295636098149204,0.010546653586281589,0.0011384984469819286,0.011111520264455138,0.0011384984272482719,0.0123558439010892,0.0012156861825337148,0.0123558439010892,0.0012156861825337148,0.013367702949729771,0.0012156862172473977,0.013367702949729771,0.0012156862172473977,0.010546653586281589,0.0011267888065362357,0.011111520264455138,0.0011267378474963893,0.010546653586281589,0.0011384984469819286,0.011111520264455138,0.0011384984272482719
J12440a,64.0,0.04588993093490916,0.0028952021473331977,0.01153800212330183,0.0012210252890791768,0.01153800212330183,0.0012210252890791768,0.01231354122094689,0.0012205483822395266,0.01231354122094689,0.0012205483822395266,0.0037579365119035603,0.010298563661887552,0.00121566075769632,0.010298563661887552,0.00121566075769632,0.011274213698129353,0.00121566075769632,0.011274213698129353,0.00121566075769632,0.0033450852854517766,0.008413316314182928,0.001129675920133338,0.008912511016217334,0.001129714582083147,0.008711660178864489,0.0011305898753627421,0.009230665238006914,0.0011305178652248197,0.012238660855544793,0.0013099615975013987,0.012237364098742353,0.0013099016160855101,0.012511630950202576,0.0013623703675789294,0.01252497535285234,0.0013623139460429625,0.0028952021473331977,0.01231354122094689,0.0012193099084376329,0.01231354122094689,0.0012193099084376329,0.01231354122094689,0.0012205483822395266,0.01231354122094689,0.0012205483822395266,0.011869234829176947,0.0013759072893992949,0.011893747845880103,0.0013757723218716443,0.012033607571347839,0.0013759020327492664,0.012024989078331055,0.001375792837669441,0.011274213698129353,0.0012153071644718598,0.011274213698129353,0.0012153071644718598,0.011274213698129353,0.00121566075769632,0.011274213698129353,0.00121566075769632,0.011792940843639474,0.0013027797773286461,0.011186969476927055,0.0013028867147640345,0.01185361597251538,0.0013658702773784528,0.01166448857179952,0.0013657821839819007,0.008413316314182928,0.001129675920133338,0.008912511016217334,0.001129714582083147,0.008711660178864489,0.0011305898753627421,0.009230665238006914,0.0011305178652248197,0.010298563661887552,0.00121566075769632,0.010298563661887552,0.00121566075769632,0.011274213698129353,0.00121566075769632,0.011274213698129353,0.00121566075769632,0.008711660178864489,0.0011309621427116401,0.009230665238006914,0.0011309671542648774,0.008711660178864489,0.0011305898753627421,0.009230665238006914,0.0011305178652248197
J12446a,64.0,0.059580815802089064,0.0028388648152620545,0.01827566570446114,0.001219540924421736,0.01827566570446114,0.001219540924421736,0.018677864893809123,0.0012189956247798468,0.018677864893809123,0.0012189956247798468,0.006562572572637242,0.013295563653847512,0.0012146075418249201,0.013295563653847512,0.0012146075418249201,0.014340202769394964,0.0012146075120742347,0.014340202769394964,0.0012146075120742347,0.00393695287006448,0.014013607089174407,0.0011282986446384073,0.01406086205743158,0.0011282356972997052,0.014201977466455054,0.0011348376397521368,0.014019969794453024,0.001134894572466743,0.018681806011965427,0.0013004694559681316,0.018684819108673804,0.0013004585138187447,0.01848128023480425,0.0013757095185963533,0.01847637348657835,0.001375732424648618,0.0028388648152620545,0.018677864893809123,0.0012183092103464398,0.018677864893809123,0.0012183092103464398,0.018677864893809123,0.0012189956247798468,0.018677864893809123,0.0012189956247798468,0.014847541382545201,0.0014013847838624113,0.014858293507613467,0.0014011848589285324,0.01495230298181091,0.001401400011545832,0.014962961083954139,0.0014011867522863981,0.014340202769394964,0.0012135984349583454,0.014340202769394964,0.0012135984349583454,0.014340202769394964,0.0012146075120742347,0.014340202769394964,0.0012146075120742347,0.01800336291542659,0.0012973446029525219,0.017689257137768626,0.0012974125004602305,0.017936196121926175,0.001379652863764042,0.01684675214238799,0.0013797078887709496,0.014013607089174407,0.0011282986446384073,0.01406086205743158,0.0011282356972997052,0.014201977466455054,0.0011348376397521368,0.014019969794453024,0.001134894572466743,0.013295563653847512,0.0012146075418249201,0.013295563653847512,0.0012146075418249201,0.014340202769394964,0.0012146075120742347,0.014340202769394964,0.0012146075120742347,0.014201977466455054,0.0011256417236433088,0.014019969794453024,0.0011255918965253262,0.014201977466455054,0.0011348376397521368,0.014019969794453024,0.001134894572466743
J12459c,64.0,0.053755500615326315,0.0026012117230446775,0.012661480344468373,0.0012195393523869308,0.012661480344468373,0.0012195393523869308,0.012995735965745693,0.0012189809377478819,0.012995735965745693,0.0012189809377478819,0.0038977686663958827,0.009065313206853942,0.0012147228435117822,0.009065313206853942,0.0012147228435117822,0.010007355165060156,0.001214712251297967,0.010007355165060156,0.001214712251297967,0.002583421287752696,0.008631853343923225,0.0011290873784729897,0.008860870962139696,0.0011291408813162162,0.008074509350704195,0.001135210728410726,0.008401286440345533,0.0011352176801972928,0.013026959708374027,0.0012950805348732523,0.013026626283670682,0.001295065037810691,0.012481515275081843,0.0013618332801783874,0.012482595364468076,0.0013618223316041167,0.0026012117230446775,0.012995735965745693,0.0012172956016924664,0.012995735965745693,0.0012172956016924664,0.012995735965745693,0.0012189809377478819,0.012995735965745693,0.0012189809377478819,0.009276831549497079,0.0013212877700249628,0.00927622739091801,0.0013211763680109428,0.009779780934540487,0.001321289953442179,0.009779983423995076,0.0013211786563349331,0.010007355165060156,0.001214070911152732,0.010007355165060156,0.001214070911152732,0.010007355165060156,0.001214712251297967,0.010007355165060156,0.001214712251297967,0.012733102831268923,0.0012978881398849169,0.011624896097511384,0.0012981380498605951,0.012326481213859479,0.001367664908432302,0.01104498296045528,0.0013677111624899583,0.008631853343923225,0.0011290873784729897,0.008860870962139696,0.0011291408813162162,0.008074509350704195,0.001135210728410726,0.008401286440345533,0.0011352176801972928,0.009065313206853942,0.0012147228435117822,0.009065313206853942,0.0012147228435117822,0.010007355165060156,0.001214712251297967,0.010007355165060156,0.001214712251297967,0.008074509350704195,0.0011290164871429129,0.008401286440345533,0.001128993386015136,0.008074509350704195,0.001135210728410726,0.008401286440345533,0.0011352176801972928
P24P27cW,64.0,0.10256611433765667,0.0017347171488462491,0.0043597941681889334,0.0012133532158369307,0.0043597941681889334,0.0012133532158369307,0.0057582547230688634,0.0012131603641824182,0.0057582547230688634,0.0012131603641824182,0.0020419342653532993,0.005578460952011972,0.001207367672040553,0.005578460952011972,0.001207367672040553,0.006596061078290773,0.001207367672040553,0.006596061078290773,0.001207367672040553,0.0021881901910817776,0.0025230196501679902,0.001124958010614867,0.002795049337232024,0.0011249772533770278,0.002499065510188647,0.0011213125673650126,0.002615082517230054,0.0011212784280081275,0.004864163895938097,0.0013216111317580423,0.004861546430784051,0.0013215350373811437,0.004494370941356755,0.0013192494917730108,0.0044940176588423655,0.001319218474857136,0.0017347171488462491,0.0057582547230688634,0.001212025358730247,0.0057582547230688634,0.001212025358730247,0.0057582547230688634,0.0012131603641824182,0.0057582547230688634,0.0012131603641824182,0.0054679240289520654,0.0013225737327158696,0.005464717178699162,0.001322685991263938,0.005594159751621504,0.0013225686582078768,0.005638756708981249,0.0013226849703491111,0.006596061078290773,0.0012066882103103328,0.006596061078290773,0.0012066882103103328,0.006596061078290773,0.001207367672040553,0.006596061078290773,0.001207367672040553,0.004660169835021108,0.0013200333049352066,0.0044284451752091844,0.0013201788998334766,0.004107716747801375,0.0013202040072545643,0.00386446446741372,0.0013202336733390589,0.0025230196501679902,0.001124958010614867,0.002795049337232024,0.0011249772533770278,0.002499065510188647,0.0011213125673650126,0.002615082517230054,0.0011212784280081275,0.005578460952011972,0.001207367672040553,0.005578460952011972,0.001207367672040553,0.006596061078290773,0.001207367672040553,0.006596061078290773,0.001207367672040553,0.002499065510188647,0.0011235053795566332,0.002615082517230054,0.0011235454480062574,0.002499065510188647,0.0011213125673650126,0.002615082517230054,0.0011212784280081275
P24P27dW,45.0,0.07582340891042984,0.0011796603298602707,0.0017363926559226257,0.0008046959188363229,0.0017363926559226257,0.0008046959188363229,0.002510600889263667,0.0008037316587415706,0.002510600889263667,0.0008037316587415706,0.0014741446998433167,0.002160612511737222,0.0007992195913314402,0.002160612511737222,0.0007992195913314402,0.002488804721797611,0.0007992195913314402,0.002488804721797611,0.0007992195913314402,0.0014063959688830098,0.0009707589366227687,0.0007490487255804618,0.0010229845028166735,0.0007490603864694838,0.0009945467031943005,0.0007524234958406773,0.001032735694335776,0.0007523565195832178,0.0020414232258603583,0.00098094593544201,0.002041206711256873,0.0009810558169620917,0.002087689728299441,0.0009656799472157626,0.0020874225223395664,0.0009657667847134959,0.0011796603298602707,0.002510600889263667,0.0008029889917878452,0.002510600889263667,0.0008029889917878452,0.002510600889263667,0.0008037316587415706,0.002510600889263667,0.0008037316587415706,0.0022184592199257073,0.0009739662798437877,0.002216774575751261,0.0009740558275111309,0.0021786828425060037,0.0009739708398494244,0.0021797574462319533,0.0009740636482407795,0.002488804721797611,0.0007987572500814188,0.002488804721797611,0.0007987572500814188,0.002488804721797611,0.0007992195913314402,0.002488804721797611,0.0007992195913314402,0.0018132118489294065,0.0009659374343778821,0.0018608886119346908,0.0009661303285522034,0.001884087596163134,0.0009599678942138924,0.0018553733578817332,0.000959888529303853,0.0009707589366227687,0.0007490487255804618,0.0010229845028166735,0.0007490603864694838,0.0009945467031943005,0.0007524234958406773,0.001032735694335776,0.0007523565195832178,0.002160612511737222,0.0007992195913314402,0.002160612511737222,0.0007992195913314402,0.002488804721797611,0.0007992195913314402,0.002488804721797611,0.0007992195913314402,0.0009945467031943005,0.0007528238432958309,0.001032735694335776,0.000752884814538078,0.0009945467031943005,0.0007524234958406773,0.001032735694335776,0.0007523565195832178
SP01P04b,61.0,0.016981867029891958,0.002504653868172896,0.011039058060918561,0.0011548486594872606,0.011039058060918561,0.0011548486594872606,0.011593699880264815,0.001154604408670931,0.011593699880264815,0.001154604408670931,0.00366604746824755,0.007503312244019802,0.0011493796828452708,0.007503312244019802,0.0011493796828452708,0.007559191837132269,0.0011493864602472004,0.007559191837132269,0.0011493864602472004,0.0026581659495149884,0.007676686527883264,0.001070466958420752,0.008658634614443612,0.0010704053445520052,0.007161116317043873,0.0010842560098740129,0.008064491726676979,0.0010842780770637063,0.011506192676476082,0.001219907307380107,0.011506190892149064,0.0012199436152256302,0.011061251602063912,0.0012847370706884614,0.011061109673857657,0.0012847526670242348,0.002504653868172896,0.011593699880264815,0.0011532031279209037,0.011593699880264815,0.0011532031279209037,0.011593699880264815,0.001154604408670931,0.011593699880264815,0.001154604408670931,0.006843134609878654,0.0012469427776407782,0.00684150527539626,0.001246947513384351,0.006795998507338662,0.0012469465078169973,0.006790874508295986,0.0012469693353685566,0.007559191837132269,0.0011488244459596996,0.007559191837132269,0.0011488244459596996,0.007559191837132269,0.0011493864602472004,0.007559191837132269,0.0011493864602472004,0.011068771252513328,0.0012138386480092704,0.01044118988733359,0.0012139876677779403,0.010374818859790837,0.0012843280378572461,0.01020364814568005,0.0012842965709878708,0.007676686527883264,0.001070466958420752,0.008658634614443612,0.0010704053445520052,0.007161116317043873,0.0010842560098740129,0.008064491726676979,0.0010842780770637063,0.007503312244019802,0.0011493796828452708,0.007503312244019802,0.0011493796828452708,0.007559191837132269,0.0011493864602472004,0.007559191837132269,0.0011493864602472004,0.007161116317043873,0.0010746588753274627,0.008064491726676979,0.0010747385671187589,0.007161116317043873,0.0010842560098740129,0.008064491726676979,0.0010842780770637063
SP13P16c,64.0,0.021754273242804833,0.002961142433153657,0.019592451901806595,0.001221207036584878,0.019592451901806595,0.001221207036584878,0.022386986116950298,0.001220581967188008,0.022386986116950298,0.001220581967188008,0.00448494281095662,0.013546474746946726,0.0012154268335542971,0.013546474746946726,0.0012154268335542971,0.014173057471159885,0.0012154334005778317,0.014173057471159885,0.0012154334005778317,0.003456050544425575,0.01121194646786258,0.0011305425342586636,0.01217440737337742,0.0011304534333820685,0.009777961007135775,0.0011403537686290083,0.011413404852318202,0.0011403224139401522,0.021581152328187372,0.0013006580961987787,0.021567265608865627,0.001300800240247578,0.020729983600255675,0.0014516048466174296,0.02073040988055612,0.0014517152187081858,0.002961142433153657,0.022386986116950298,0.0012193285789026617,0.022386986116950298,0.0012193285789026617,0.022386986116950298,0.001220581967188008,0.022386986116950298,0.001220581967188008,0.01425228314910272,0.0013582814164157372,0.014286628266886606,0.0013581495962532158,0.01404758724927884,0.0013582685460604362,0.014047563625443429,0.0013581563283821595,0.014173057471159885,0.0012150631087091911,0.014173057471159885,0.0012150631087091911,0.014173057471159885,0.0012154334005778317,0.014173057471159885,0.0012154334005778317,0.02048012662574239,0.0013022177239325778,0.018758794447263537,0.0013024470972149537,0.019568036947150414,0.001455905198893607,0.017691911846684137,0.0014559086767238453,0.01121194646786258,0.0011305425342586636,0.01217440737337742,0.0011304534333820685,0.009777961007135775,0.0011403537686290083,0.011413404852318202,0.0011403224139401522,0.013546474746946726,0.0012154268335542971,0.013546474746946726,0.0012154268335542971,0.014173057471159885,0.0012154334005778317,0.014173057471159885,0.0012154334005778317,0.009777961007135775,0.0011274024433477366,0.011413404852318202,0.0011273652936553207,0.009777961007135775,0.0011403537686290083,0.011413404852318202,0.0011403224139401522
SP16P19d,64.0,0.07218292371945775,0.0027795817207005233,0.016005542010887032,0.0012218745616926951,0.016005542010887032,0.0012218745616926951,0.016970741406712828,0.001221812347479774,0.016970741406712828,0.001221812347479774,0.004558019664012468,0.010029440420855172,0.0012150606147327972,0.010029440420855172,0.0012150606147327972,0.010961894744739418,0.0012150688196244344,0.010961894744739418,0.0012150688196244344,0.0032432063469533074,0.010128972931934486,0.0011291104204544922,0.011034240683247409,0.0011291125352418214,0.009570687547172111,0.0011351083415145284,0.010034463045285736,0.0011351246179628891,0.016721229252605014,0.0012863880121080993,0.01671771096683995,0.001286488710615358,0.015839141301916496,0.001354537894916463,0.015807698678555086,0.001354647773090368,0.0027795817207005233,0.016970741406712828,0.001220360729708918,0.016970741406712828,0.001220360729708918,0.016970741406712828,0.001221812347479774,0.016970741406712828,0.001221812347479774,0.01099512740981678,0.0013263542244708964,0.010995129535200408,0.0013264080996734,0.011339343831959624,0.0013263623082658306,0.011337264423664598,0.0013263820806482425,0.010961894744739418,0.0012144586138984046,0.010961894744739418,0.0012144586138984046,0.010961894744739418,0.0012150688196244344,0.010961894744739418,0.0012150688196244344,0.016192456733298964,0.0012813311088115406,0.01413648514721816,0.0012812765784033654,0.01564853911199657,0.0013553008837449182,0.013914436030287658,0.0013551574498065582,0.010128972931934486,0.0011291104204544922,0.011034240683247409,0.0011291125352418214,0.009570687547172111,0.0011351083415145284,0.010034463045285736,0.0011351246179628891,0.010029440420855172,0.0012150606147327972,0.010029440420855172,0.0012150606147327972,0.010961894744739418,0.0012150688196244344,0.010961894744739418,0.0012150688196244344,0.009570687547172111,0.0011263723667880668,0.010034463045285736,0.0011262913011442287,0.009570687547172111,0.0011351083415145284,0.010034463045285736,0.0011351246179628891
SP24P27b,64.0,0.045452896615780614,0.003273138786381647,0.015944690902107934,0.0012200452365456983,0.015944690902107934,0.0012200452365456983,0.0174483365270483,0.00121984881936675,0.0174483365270483,0.00121984881936675,0.005782169726944775,0.01351999912491061,0.0012147894492955437,0.01351999912491061,0.0012147894492955437,0.014842058443369152,0.0012147873801667145,0.014842058443369152,0.0012147873801667145,0.004344211537820585,0.01252217090802588,0.001130555191110875,0.012773995785792538,0.0011305513025194436,0.012067364584743166,0.001136201296389171,0.012472183169994013,0.0011362153088100716,0.016339493364042786,0.0012971333918677579,0.016339839458204716,0.0012971617836009773,0.01612534182339569,0.0013627948870259157,0.01612856727169218,0.0013629287573110956,0.003273138786381647,0.0174483365270483,0.0012182714579857638,0.0174483365270483,0.0012182714579857638,0.0174483365270483,0.00121984881936675,0.0174483365270483,0.00121984881936675,0.013842748228276244,0.0013186246118610733,0.013879722847156974,0.0013185511444153274,0.014026979197077035,0.0013186273386428236,0.014013382153081913,0.0013185587681354839,0.014842058443369152,0.001213987220957606,0.014842058443369152,0.001213987220957606,0.014842058443369152,0.0012147873801667145,0.014842058443369152,0.0012147873801667145,0.015948243989107262,0.0012927507432140524,0.01524966806925979,0.001292782650766792,0.01588529952856198,0.0013681286014058068,0.015304526243872005,0.001368271318698803,0.01252217090802588,0.001130555191110875,0.012773995785792538,0.0011305513025194436,0.012067364584743166,0.001136201296389171,0.012472183169994013,0.0011362153088100716,0.01351999912491061,0.0012147894492955437,0.01351999912491061,0.0012147894492955437,0.014842058443369152,0.0012147873801667145,0.014842058443369152,0.0012147873801667145,0.012067364584743166,0.0011312282549559211,0.012472183169994013,0.0011312656308214708,0.012067364584743166,0.001136201296389171,0.012472183169994013,0.0011362153088100716
SP28P31c,64.0,0.03769587059811207,0.002779867077249742,0.019189098712791307,0.0012214583524485147,0.019189098712791307,0.0012214583524485147,0.021135643183824254,0.0012205518587582991,0.021135643183824254,0.0012205518587582991,0.0064121061642086604,0.014169598838060756,0.001215188134745443,0.014169598838060756,0.001215188134745443,0.014510469332806308,0.001215187937223419,0.014510469332806308,0.001215187937223419,0.0037504684960768466,0.012731184538517046,0.0011312110731585563,0.012936451064260083,0.0011312750545704074,0.011313841470504571,0.0011354541608065293,0.011315529211265635,0.0011353938245804614,0.020363220793347892,0.0013147197676063333,0.020323934476522913,0.001314984618859779,0.019644725382500776,0.0013487533555885424,0.01964759120306873,0.0013487648921536959,0.002779867077249742,0.021135643183824254,0.00121989457161919,0.021135643183824254,0.00121989457161919,0.021135643183824254,0.0012205518587582991,0.021135643183824254,0.0012205518587582991,0.01390750615471291,0.0012800747906549308,0.013933132803422624,0.0012801716788617867,0.013908323238236955,0.0012800822820271639,0.013884510932159262,0.0012801844671005847,0.014510469332806308,0.0012146290403823724,0.014510469332806308,0.0012146290403823724,0.014510469332806308,0.001215187937223419,0.014510469332806308,0.001215187937223419,0.019106363511311154,0.0013091044195175175,0.01743842169032098,0.0013091368789205024,0.01879251461862216,0.0013483006578157352,0.01616726348859372,0.0013483666918925833,0.012731184538517046,0.0011312110731585563,0.012936451064260083,0.0011312750545704074,0.011313841470504571,0.0011354541608065293,0.011315529211265635,0.0011353938245804614,0.014169598838060756,0.001215188134745443,0.014169598838060756,0.001215188134745443,0.014510469332806308,0.001215187937223419,0.014510469332806308,0.001215187937223419,0.011313841470504571,0.001123385705121932,0.011315529211265635,0.00112333721807494,0.011313841470504571,0.0011354541608065293,0.011315529211265635,0.0011353938245804614
SP36P38b,64.0,0.027903614609824302,0.002606160779127317,0.014895341703406922,0.0012217999726818248,0.014895341703406922,0.0012217999726818248,0.015529095265682167,0.0012205018176487533,0.015529095265682167,0.0012205018176487533,0.005711558277320573,0.012459502340793049,0.0012156227514747327,0.012459502340793049,0.0012156227514747327,0.012952586677903256,0.0012156561088544479,0.012952586677903256,0.0012156561088544479,0.0030777323600514376,0.012464310974235358,0.0011318182767541306,0.012778321025310365,0.001131778887221252,0.012533950991870319,0.0011385863613253165,0.0128277659459198,0.001138551973293486,0.015133577649416913,0.0012943091172037075,0.01512516722530246,0.001294456214395018,0.015168336092613113,0.0013380702246223904,0.015168527138868277,0.0013379859025416877,0.002606160779127317,0.015529095265682167,0.0012204457382547931,0.015529095265682167,0.0012204457382547931,0.015529095265682167,0.0012205018176487533,0.015529095265682167,0.0012205018176487533,0.012307597258890164,0.0013185883447385416,0.01230708624965627,0.0013186192595731948,0.012581395702749444,0.0013185866440519856,0.012578693887714362,0.0013186156019163178,0.012952586677903256,0.0012152265680687815,0.012952586677903256,0.0012152265680687815,0.012952586677903256,0.0012156561088544479,0.012952586677903256,0.0012156561088544479,0.01478247755640102,0.00129007917502795,0.014155743539561458,0.001290143433171005,0.014774601550777231,0.0013407938702079706,0.014325628385722447,0.0013408334682179434,0.012464310974235358,0.0011318182767541306,0.012778321025310365,0.001131778887221252,0.012533950991870319,0.0011385863613253165,0.0128277659459198,0.001138551973293486,0.012459502340793049,0.0012156227514747327,0.012459502340793049,0.0012156227514747327,0.012952586677903256,0.0012156561088544479,0.012952586677903256,0.0012156561088544479,0.012533950991870319,0.00112507548247658,0.0128277659459198,0.0011250616255486553,0.012533950991870319,0.0011385863613253165,0.0128277659459198,0.001138551973293486
UL000081,193.0,0.023103297116739,0.00564480222213868,0.010987502850186319,0.004074245188476869,0.010987502850186319,0.004074245188476869,0.011200562187294958,0.004073919709412808,0.011200562187294958,0.004073919709412808,0.005756468270450256,0.009499811715321159,0.00407973092998712,0.009499811715321159,0.00407973092998712,0.009529155530558367,0.004079719872062464,0.009529155530558367,0.004079719872062464,0.005556877281162907,0.010162513780705422,0.0037578575317876086,0.010292312039214803,0.003757976888171661,0.010231776774027194,0.003697170324676271,0.010368596556435312,0.0036970156572960744,0.010910427896055128,0.0038345820875001096,0.010914517497119941,0.003834618309601198,0.010983451479105932,0.0037502360172102654,0.010986024788737643,0.0037502563168421666,0.00564480222213868,0.011200562187294958,0.004071651570961764,0.011200562187294958,0.004071651570961764,0.011200562187294958,0.004073919709412808,0.011200562187294958,0.004073919709412808,0.009155101828581404,0.0037923143439911114,0.00915367343885082,0.0037922551431633002,0.009148817637620533,0.0037923067813095046,0.009153363894073438,0.0037922297342431505,0.009529155530558367,0.004079245231618376,0.009529155530558367,0.004079245231618376,0.009529155530558367,0.004079719872062464,0.009529155530558367,0.004079719872062464,0.010883372968866743,0.0038171940609950305,0.010382893885075824,0.0038172555149046405,0.01097108001415901,0.003744123797755988,0.010459148491993845,0.003744224888252209,0.010162513780705422,0.0037578575317876086,0.010292312039214803,0.003757976888171661,0.010231776774027194,0.003697170324676271,0.010368596556435312,0.0036970156572960744,0.009499811715321159,0.00407973092998712,0.009499811715321159,0.00407973092998712,0.009529155530558367,0.004079719872062464,0.009529155530558367,0.004079719872062464,0.010231776774027194,0.0036939699454073462,0.010368596556435312,0.0036942540175196985,0.010231776774027194,0.003697170324676271,0.010368596556435312,0.0036970156572960744
UL000083,176.0,0.0659241963135603,0.09726312393137748,0.007110536939999864,0.0036723490781800216,0.007110536939999864,0.0036723490781800216,0.008415278497284,0.003666549502055524,0.008415278497284,0.003666549502055524,0.23967538165001834,0.0069397837771061534,0.0036636569300761645,0.0069397837771061534,0.0036636569300761645,0.007020266133314596,0.0036636517364203717,0.007020266133314596,0.0036636517364203717,0.10503237704634766,0.006117994293651691,0.003406864668733152,0.005869042499394242,0.003406869593080569,0.006362114860881008,0.0033322534726511616,0.006046450595067291,0.003332264653012984,0.007139702949946507,0.003506492507342657,0.007144194776887233,0.0035066156123178065,0.007310653095304115,0.003415983235953102,0.007302299962663388,0.003416076935384899,0.09726312393137748,0.008415278497284,0.0036633086858988678,0.008415278497284,0.0036633086858988678,0.008415278497284,0.003666549502055524,0.008415278497284,0.003666549502055524,0.006838553037668035,0.0034657186644613492,0.0068383266748686285,0.0034658997684468007,0.0069028311515654,0.003465722300554973,0.006901819777630641,0.0034659123846540766,0.007020266133314596,0.0036631177106826243,0.007020266133314596,0.0036631177106826243,0.007020266133314596,0.0036636517364203717,0.007020266133314596,0.0036636517364203717,0.007015739553970638,0.0034917181023786897,0.006384741134082522,0.0034916171366058627,0.007233975558725578,0.00341378904391017,0.006588013644675858,0.003413985632286798,0.006117994293651691,0.003406864668733152,0.005869042499394242,0.003406869593080569,0.006362114860881008,0.0033322534726511616,0.006046450595067291,0.003332264653012984,0.0069397837771061534,0.0036636569300761645,0.0069397837771061534,0.0036636569300761645,0.007020266133314596,0.0036636517364203717,0.007020266133314596,0.0036636517364203717,0.006362114860881008,0.003328375192653804,0.006046450595067291,0.0033284558033790964,0.006362114860881008,0.0033322534726511616,0.006046450595067291,0.003332264653012984
UL000087,192.0,0.015699446111198428,0.005658268219982245,0.010746737870638201,0.004053450763724867,0.010746737870638201,0.004053450763724867,0.011154534543250027,0.004052538323485796,0.011154534543250027,0.004052538323485796,0.006086170023522466,0.008825315229405722,0.0040599729061545796,0.008825315229405722,0.0040599729061545796,0.008868423143024702,0.004060003519849341,0.008868423143024702,0.004060003519849341,0.0058924504170421235,0.009015183102367067,0.003741226460170728,0.009254495087702666,0.003741134102098779,0.009317390815683018,0.0036738968626451383,0.009295473759888904,0.003673805100740611,0.010575377907510902,0.003807905729669082,0.010575540207057301,0.003807840632821967,0.010800592753222349,0.003720442002769639,0.010805853773458185,0.0037204529084142557,0.005658268219982245,0.011154534543250027,0.00405160991755523,0.011154534543250027,0.00405160991755523,0.011154534543250027,0.004052538323485796,0.011154534543250027,0.004052538323485796,0.008917363532606248,0.003788097084285909,0.008916869885700594,0.003788009282530961,0.008931751888115128,0.0037880979467547083,0.008936957645127799,0.0037880109024820475,0.008868423143024702,0.0040607512126870264,0.008868423143024702,0.0040607512126870264,0.008868423143024702,0.004060003519849341,0.008868423143024702,0.004060003519849341,0.01047617722146713,0.0037910437568386655,0.009776508840384288,0.0037911211215824136,0.01070084623805919,0.003713679991775973,0.009815173567776425,0.003713798479415649,0.009015183102367067,0.003741226460170728,0.009254495087702666,0.003741134102098779,0.009317390815683018,0.0036738968626451383,0.009295473759888904,0.003673805100740611,0.008825315229405722,0.0040599729061545796,0.008825315229405722,0.0040599729061545796,0.008868423143024702,0.004060003519849341,0.008868423143024702,0.004060003519849341,0.009317390815683018,0.0036875381978776684,0.009295473759888904,0.003687662557278929,0.009317390815683018,0.0036738968626451383,0.009295473759888904,0.003673805100740611
UL000089,777.0,0.11803172023383686,0.01966083234426705,0.01626237306000134,0.015586196154962643,0.01626237306000134,0.015586196154962643,0.01625729774642688,0.015581052636830956,0.01625729774642688,0.015581052636830956,0.0205541652137085,0.016226470467640586,0.015601794595401468,0.016226470467640586,0.015601794595401468,0.016227654718235267,0.015601819820230133,0.016227654718235267,0.015601819820230133,0.020198433152599303,0.01620691568266876,0.015580783001196502,0.016168708546371938,0.0155818663858725,0.016194845158373737,0.015595794851818046,0.016160327796230528,0.015597007843474092,0.016248770002424473,0.015551862979551483,0.016257263188839063,0.015553800330188026,0.01623149567724937,0.015558664280513163,0.016239973416186857,0.015561279264770295,0.01966083234426705,0.01625729774642688,0.015582435184144885,0.01625729774642688,0.015582435184144885,0.01625729774642688,0.015581052636830956,0.01625729774642688,0.015581052636830956,0.016227054572977018,0.015584226930822532,0.016221548279353334,0.015576671821391939,0.01622305322363886,0.015584222650547009,0.01621744766419617,0.015576667250560542,0.016227654718235267,0.015602633248615843,0.016227654718235267,0.015602633248615843,0.016227654718235267,0.015601819820230133,0.016227654718235267,0.015601819820230133,0.01625202156654736,0.015554251307526242,0.016211277204819855,0.015556349603509106,0.016232696808310073,0.01556145970325882,0.01620177422926792,0.015563973219827987,0.01620691568266876,0.015580783001196502,0.016168708546371938,0.0155818663858725,0.016194845158373737,0.015595794851818046,0.016160327796230528,0.015597007843474092,0.016226470467640586,0.015601794595401468,0.016226470467640586,0.015601794595401468,0.016227654718235267,0.015601819820230133,0.016227654718235267,0.015601819820230133,0.016194845158373737,0.015589171377090963,0.016160327796230528,0.01559072896396914,0.016194845158373737,0.015595794851818046,0.016160327796230528,0.015597007843474092
UL000091,193.0,0.0292984216750891,0.0056080081902918875,0.00774948391088362,0.004072257127659241,0.00774948391088362,0.004072257127659241,0.008033304297557102,0.004072154871208171,0.008033304297557102,0.004072154871208171,0.005780250016228976,0.006825782110717457,0.004077008561408387,0.006825782110717457,0.004077008561408387,0.006858268195613826,0.004077034430066326,0.006858268195613826,0.004077034430066326,0.005594815438149624,0.006929535910509336,0.0037602370632306994,0.006699591409975201,0.0037603002746264573,0.007007082222269165,0.003694919206146271,0.006809800101980971,0.003694950473301075,0.0075598186682915855,0.0038453667012532176,0.007571285776851802,0.00384530246290257,0.007668682921609394,0.0037569524720776283,0.0076675654728752055,0.00375704753012006,0.0056080081902918875,0.008033304297557102,0.004070692184108399,0.008033304297557102,0.004070692184108399,0.008033304297557102,0.004072154871208171,0.008033304297557102,0.004072154871208171,0.006561886691105227,0.0037905314857785556,0.006560912669636311,0.0037903727059981937,0.006590055092738231,0.0037905300116473626,0.006589893117159594,0.0037903587685270607,0.006858268195613826,0.00407681376199038,0.006858268195613826,0.00407681376199038,0.006858268195613826,0.004077034430066326,0.006858268195613826,0.004077034430066326,0.007490055052626228,0.0038298452452209925,0.006926122837103254,0.003829862791902387,0.007686985002925029,0.00375251364694092,0.007130224214868344,0.003752515368092708,0.006929535910509336,0.0037602370632306994,0.006699591409975201,0.0037603002746264573,0.007007082222269165,0.003694919206146271,0.006809800101980971,0.003694950473301075,0.006825782110717457,0.004077008561408387,0.006825782110717457,0.004077008561408387,0.006858268195613826,0.004077034430066326,0.006858268195613826,0.004077034430066326,0.007007082222269165,0.003698583906153381,0.006809800101980971,0.0036985399722351156,0.007007082222269165,0.003694919206146271,0.006809800101980971,0.003694950473301075
UL000093,194.0,0.017270535864271186,0.00770469968241568,0.010362480658555322,0.004093776400205484,0.010362480658555322,0.004093776400205484,0.01113575008681691,0.004093110909713972,0.01113575008681691,0.004093110909713972,0.008528314900360328,0.009403710026439445,0.004091962127397174,0.009403710026439445,0.004091962127397174,0.009445957370265086,0.004091964655511366,0.009445957370265086,0.004091964655511366,0.007786179387722384,0.009114303728893589,0.0037812275925252345,0.009278345805318774,0.0037812451315936972,0.009305297418426138,0.003729727386036935,0.009536207601471284,0.0037296770383534053,0.010307555537506638,0.0038587343931033215,0.010320653418294265,0.0038588166998037646,0.010467151653146602,0.0037778659005480346,0.01046586934389199,0.0037780108303220204,0.00770469968241568,0.01113575008681691,0.004091838008601993,0.01113575008681691,0.004091838008601993,0.01113575008681691,0.004093110909713972,0.01113575008681691,0.004093110909713972,0.009190126583158917,0.0038025426821767217,0.009188193666054981,0.003802560905598246,0.009166773397704029,0.003802545371636015,0.009169986601441865,0.0038025636460909023,0.009445957370265086,0.004091856630291663,0.009445957370265086,0.004091856630291663,0.009445957370265086,0.004091964655511366,0.009445957370265086,0.004091964655511366,0.01027700264043142,0.003839313234986776,0.009685175988463128,0.0038393470893032812,0.010445089070043486,0.003772020424629913,0.010012298103479509,0.0037720821260355964,0.009114303728893589,0.0037812275925252345,0.009278345805318774,0.0037812451315936972,0.009305297418426138,0.003729727386036935,0.009536207601471284,0.0037296770383534053,0.009403710026439445,0.004091962127397174,0.009403710026439445,0.004091962127397174,0.009445957370265086,0.004091964655511366,0.009445957370265086,0.004091964655511366,0.009305297418426138,0.0037273080859770214,0.009536207601471284,0.003727192586503927,0.009305297418426138,0.003729727386036935,0.009536207601471284,0.0037296770383534053
UL000095,192.0,0.018123795035963435,0.005819778986270698,0.01105911541173215,0.004050661653504836,0.01105911541173215,0.004050661653504836,0.01144482739953108,0.004049633499693222,0.01144482739953108,0.004049633499693222,0.006148040788275115,0.010007042204244202,0.004054343559464141,0.010007042204244202,0.004054343559464141,0.009982707753844657,0.0040543604027794495,0.009982707753844657,0.0040543604027794495,0.0059762761552759405,0.009549298545231052,0.003738518540649999,0.00940761432068642,0.003738614541519553,0.009670710521362832,0.003681655307393079,0.009507151898188375,0.003681752374298405,0.010906196405348784,0.0038212039492112842,0.010907547904526171,0.003821234346225647,0.011063958235227203,0.003738597588757986,0.011066578710673793,0.0037386605532082544,0.005819778986270698,0.01144482739953108,0.004049197726234409,0.01144482739953108,0.004049197726234409,0.01144482739953108,0.004049633499693222,0.01144482739953108,0.004049633499693222,0.009889844308259272,0.003779522735265047,0.00989207329042634,0.003779442652452315,0.009899134069781573,0.0037795140258295025,0.009900019281104427,0.003779448415499265,0.009982707753844657,0.004054111941874884,0.009982707753844657,0.004054111941874884,0.009982707753844657,0.0040543604027794495,0.009982707753844657,0.0040543604027794495,0.010831705006436808,0.003804920606908615,0.00981470462381384,0.003804954021887871,0.01100382741794425,0.003734785626492126,0.009989890612172243,0.0037347727162559043,0.009549298545231052,0.003738518540649999,0.00940761432068642,0.003738614541519553,0.009670710521362832,0.003681655307393079,0.009507151898188375,0.003681752374298405,0.010007042204244202,0.004054343559464141,0.010007042204244202,0.004054343559464141,0.009982707753844657,0.0040543604027794495,0.009982707753844657,0.0040543604027794495,0.009670710521362832,0.003689556156737639,0.009507151898188375,0.0036894632349280913,0.009670710521362832,0.003681655307393079,0.009507151898188375,0.003681752374298405
UL000097,192.0,0.020177837506416694,0.005803242265192978,0.01442337042515667,0.004049810976656221,0.01442337042515667,0.004049810976656221,0.01398490627746801,0.004049276842603295,0.01398490627746801,0.004049276842603295,0.006229211705656872,0.011487762367861023,0.004053846023520067,0.011487762367861023,0.004053846023520067,0.011543335450191051,0.004053853354140701,0.011543335450191051,0.004053853354140701,0.005980529005154042,0.011128645417269418,0.003738241572857903,0.011158200766709661,0.003738270929083433,0.01116701141351382,0.0036859426787862262,0.010972564311298462,0.003685848078277973,0.014232411045318675,0.00381625047410878,0.014226083799746492,0.0038161226427749152,0.01421725964898679,0.0037375268675526557,0.014221263683241192,0.0037375073736157158,0.005803242265192978,0.01398490627746801,0.004049452357620588,0.01398490627746801,0.004049452357620588,0.01398490627746801,0.004049276842603295,0.01398490627746801,0.004049276842603295,0.01139297018289098,0.003783222127315961,0.011390058835458017,0.0037831172588130425,0.01144493521212672,0.003783210581558002,0.011446934130763335,0.0037831057936441683,0.011543335450191051,0.004053691541841933,0.011543335450191051,0.004053691541841933,0.011543335450191051,0.004053853354140701,0.011543335450191051,0.004053853354140701,0.014173310177532338,0.0037968384046617714,0.012148741374889147,0.0037968335101443216,0.014200684792927723,0.0037325467298894403,0.01181000886101259,0.0037325884388738225,0.011128645417269418,0.003738241572857903,0.011158200766709661,0.003738270929083433,0.01116701141351382,0.0036859426787862262,0.010972564311298462,0.003685848078277973,0.011487762367861023,0.004053846023520067,0.011487762367861023,0.004053846023520067,0.011543335450191051,0.004053853354140701,0.011543335450191051,0.004053853354140701,0.01116701141351382,0.003689134320296194,0.010972564311298462,0.003689199905434912,0.01116701141351382,0.0036859426787862262,0.010972564311298462,0.003685848078277973
UL000579,226.0,0.07728427016975159,0.008214968116224238,0.006448550356884145,0.0047534296070985095,0.006448550356884145,0.0047534296070985095,0.0071021269397541584,0.004751872834854069,0.0071021269397541584,0.004751872834854069,0.011809626064097394,0.006220305803202651,0.004750549262306038,0.006220305803202651,0.004750549262306038,0.006203257488771206,0.004750569132421503,0.006203257488771206,0.004750569132421503,0.008988617650206686,0.0056323118771874825,0.004434819790138122,0.005617106621991698,0.004434778983940915,0.005752014310347605,0.0043743886416821014,0.005549770637547116,0.004374499335825448,0.0061536259079417455,0.004528636231804921,0.006146532676979355,0.004528493342025548,0.0063646992766882736,0.004455026325810238,0.0063601554980626555,0.004454876683958542,0.008214968116224238,0.0071021269397541584,0.004751539343764572,0.0071021269397541584,0.004751539343764572,0.0071021269397541584,0.004751872834854069,0.0071021269397541584,0.004751872834854069,0.00591386988212197,0.004465637525477957,0.005911767271839699,0.004465700148676502,0.0059059325776555545,0.0044656150767892555,0.00588986803065191,0.0044656979170745225,0.006203257488771206,0.004750450882962142,0.006203257488771206,0.004750450882962142,0.006203257488771206,0.004750569132421503,0.006203257488771206,0.004750569132421503,0.006129608489995143,0.004510369385522376,0.0059116970579805575,0.004510272046904235,0.006333019346225298,0.004445998383350551,0.0058769154871596,0.004445925445907223,0.0056323118771874825,0.004434819790138122,0.005617106621991698,0.004434778983940915,0.005752014310347605,0.0043743886416821014,0.005549770637547116,0.004374499335825448,0.006220305803202651,0.004750549262306038,0.006220305803202651,0.004750549262306038,0.006203257488771206,0.004750569132421503,0.006203257488771206,0.004750569132421503,0.005752014310347605,0.004380372111878293,0.005549770637547116,0.004380537246558094,0.005752014310347605,0.0043743886416821014,0.005549770637547116,0.004374499335825448
UL000581,228.0,0.07477514782390642,0.00988854024334606,0.007456158256297461,0.004802478507379693,0.007456158256297461,0.004802478507379693,0.007704127113909665,0.004793479937382592,0.007704127113909665,0.004793479937382592,0.01152365391851145,0.006426686270429887,0.004793228571989873,0.006426686270429887,0.004793228571989873,0.0064082638277465935,0.004793200309835427,0.0064082638277465935,0.004793200309835427,0.01061552229439038,0.006154912638440196,0.004477967879638867,0.005918745222839524,0.004478163293693075,0.006432426318253004,0.004413195941164356,0.006013326619897787,0.0044131325239365506,0.006949782727316462,0.0045618552663925695,0.006948315566298025,0.004561895985745453,0.007272223138400153,0.004489919283672896,0.00727113129607061,0.0044900586879217195,0.00988854024334606,0.007704127113909665,0.0047929866148631725,0.007704127113909665,0.0047929866148631725,0.007704127113909665,0.004793479937382592,0.007704127113909665,0.004793479937382592,0.0059112663831781655,0.004511472402678579,0.005907769915627558,0.004511493227041488,0.005901762884069132,0.004511463281542094,0.00589606093156925,0.004511495123698424,0.0064082638277465935,0.004792946049506549,0.0064082638277465935,0.004792946049506549,0.0064082638277465935,0.004793200309835427,0.0064082638277465935,0.004793200309835427,0.006925871116725262,0.004541583204223868,0.006308826327318322,0.004541509290045878,0.007257126442443948,0.004481253778826125,0.00644609394677594,0.004481343261214389,0.006154912638440196,0.004477967879638867,0.005918745222839524,0.004478163293693075,0.006432426318253004,0.004413195941164356,0.006013326619897787,0.0044131325239365506,0.006426686270429887,0.004793228571989873,0.006426686270429887,0.004793228571989873,0.0064082638277465935,0.004793200309835427,0.0064082638277465935,0.004793200309835427,0.006432426318253004,0.004421956864110461,0.006013326619897787,0.0044219563910761275,0.006432426318253004,0.004413195941164356,0.006013326619897787,0.0044131325239365506
UL000583,489.0,0.13419806072543825,0.013201580278287346,0.014070065948331496,0.009576786533704569,0.014070065948331496,0.009576786533704569,0.014028631409792634,0.009574235219255033,0.014028631409792634,0.009574235219255033,0.014785825184486992,0.013452979479493303,0.009586978530845013,0.013452979479493303,0.009586978530845013,0.013445845252466193,0.00958698092862272,0.013445845252466193,0.00958698092862272,0.014229956239930668,0.013346332890377045,0.009570355057467268,0.012676250398918029,0.00957038920899648,0.013302886242175335,0.009576769950699452,0.01253368302765665,0.009577196547514969,0.013861430234295681,0.009586570416046037,0.013868965738628463,0.0095872005865942,0.013790587816411817,0.00959026725810833,0.013795403076516359,0.009590346346831093,0.013201580278287346,0.014028631409792634,0.009574266613895925,0.014028631409792634,0.009574266613895925,0.014028631409792634,0.009574235219255033,0.014028631409792634,0.009574235219255033,0.013249018493423812,0.00959914726977673,0.013254822343914452,0.009597307314301057,0.013245106635956166,0.00959914406519183,0.013249821935311564,0.009597303315401588,0.013445845252466193,0.009587353753146621,0.013445845252466193,0.009587353753146621,0.013445845252466193,0.00958698092862272,0.013445845252466193,0.00958698092862272,0.013724270181721145,0.009583478724593506,0.01289723629056683,0.009584466808186599,0.013679710558045842,0.009586234475485561,0.012756281604672225,0.00958658294126053,0.013346332890377045,0.009570355057467268,0.012676250398918029,0.00957038920899648,0.013302886242175335,0.009576769950699452,0.01253368302765665,0.009577196547514969,0.013452979479493303,0.009586978530845013,0.013452979479493303,0.009586978530845013,0.013445845252466193,0.00958698092862272,0.013445845252466193,0.00958698092862272,0.013302886242175335,0.00957425247318525,0.01253368302765665,0.009574297053125888,0.013302886242175335,0.009576769950699452,0.01253368302765665,0.009577196547514969
UL000587,551.0,0.152894539192235,0.01436189115524882,0.012469673309707588,0.010811591245050491,0.012469673309707588,0.010811591245050491,0.012485699065313806,0.010807065205745712,0.012485699065313806,0.010807065205745712,0.015378484806039396,0.01229283222581126,0.010822669904213659,0.01229283222581126,0.010822669904213659,0.012284779854789263,0.010822662067167728,0.012284779854789263,0.010822662067167728,0.015213741934469569,0.012176008840942588,0.01080717891714279,0.011921169247856496,0.010807427387052523,0.012171106008231028,0.010813496209955595,0.011896429944425755,0.010813794493629096,0.012381325143364739,0.010806735620191655,0.01238719324116147,0.010806466811580446,0.012371597541973582,0.010808890260138482,0.012375697612767658,0.01080763068564182,0.01436189115524882,0.012485699065313806,0.01080769881405736,0.012485699065313806,0.01080769881405736,0.012485699065313806,0.010807065205745712,0.012485699065313806,0.010807065205745712,0.012182144611676719,0.010823961130228356,0.012185159957079729,0.010820581887025057,0.01217706787727587,0.01082395416392471,0.01218132349458985,0.010820591172948146,0.012284779854789263,0.010823186354199738,0.012284779854789263,0.010823186354199738,0.012284779854789263,0.010822662067167728,0.012284779854789263,0.010822662067167728,0.012344615062245911,0.0108064210518505,0.012050967899039512,0.010805640671886151,0.012346912308708189,0.010808118176190358,0.01203711136344747,0.01080695984854298,0.012176008840942588,0.01080717891714279,0.011921169247856496,0.010807427387052523,0.012171106008231028,0.010813496209955595,0.011896429944425755,0.010813794493629096,0.01229283222581126,0.010822669904213659,0.01229283222581126,0.010822669904213659,0.012284779854789263,0.010822662067167728,0.012284779854789263,0.010822662067167728,0.012171106008231028,0.010810796573855787,0.011896429944425755,0.010810873821982099,0.012171106008231028,0.010813496209955595,0.011896429944425755,0.010813794493629096
UL000593,192.0,0.030615425235938753,0.006540030100464721,0.006536167750203854,0.004051577025271316,0.006536167750203854,0.004051577025271316,0.007465170291552786,0.004049999419274718,0.007465170291552786,0.004049999419274718,0.007841002006129149,0.0060888095162234005,0.004049338835058634,0.0060888095162234005,0.004049338835058634,0.0061483745049085445,0.0040493640004447004,0.0061483745049085445,0.0040493640004447004,0.006755355566197185,0.005513061726670827,0.0037389407570424717,0.005485021779512431,0.003738936399058921,0.005860049918987976,0.0036700543305454923,0.0055983068146955904,0.0036700835478434986,0.006512267693454872,0.0038478755523841603,0.006510128452237174,0.003847892391809571,0.006846612641514785,0.0037636268178044773,0.006847745652041625,0.0037637292705758243,0.006540030100464721,0.007465170291552786,0.004048937966660574,0.007465170291552786,0.004048937966660574,0.007465170291552786,0.004049999419274718,0.007465170291552786,0.004049999419274718,0.00578504838405525,0.003792662641340842,0.005785053369976419,0.003792587619719793,0.005806944378754908,0.003792657986135295,0.005804092173075436,0.00379257802047289,0.0061483745049085445,0.004048977476304403,0.0061483745049085445,0.004048977476304403,0.0061483745049085445,0.0040493640004447004,0.0061483745049085445,0.0040493640004447004,0.006489851467372489,0.0038319905356067126,0.005960034370653754,0.0038320400791934314,0.006836976646080104,0.0037581798394961275,0.006127959757731761,0.003758351587278178,0.005513061726670827,0.0037389407570424717,0.005485021779512431,0.003738936399058921,0.005860049918987976,0.0036700543305454923,0.0055983068146955904,0.0036700835478434986,0.0060888095162234005,0.004049338835058634,0.0060888095162234005,0.004049338835058634,0.0061483745049085445,0.0040493640004447004,0.0061483745049085445,0.0040493640004447004,0.005860049918987976,0.0036685878193652623,0.0055983068146955904,0.003668588050887829,0.005860049918987976,0.0036700543305454923,0.0055983068146955904,0.0036700835478434986
UL000597,192.0,0.8193359983023208,0.0610177742614847,0.007654560079887401,0.004030308566923355,0.007654560079887401,0.004030308566923355,0.00904512186296473,0.004023563474992284,0.00904512186296473,0.004023563474992284,0.10850164512446742,0.009212267488794031,0.004018361365350997,0.009212267488794031,0.004018361365350997,0.0092180130743232,0.004018351941599676,0.0092180130743232,0.004018351941599676,0.05964638184616819,0.0058816760146973126,0.0037316310960428555,0.0056653028402443165,0.0037315546651716237,0.006254191812777843,0.003666521616025818,0.005971160095608372,0.0036663907758627823,0.0073089484767388455,0.0038270251926449984,0.007315052429050642,0.003827126887158787,0.007816597757859004,0.003750404279413621,0.007810851400958556,0.0037503244682395766,0.0610177742614847,0.00904512186296473,0.0040219102265617234,0.00904512186296473,0.0040219102265617234,0.00904512186296473,0.004023563474992284,0.00904512186296473,0.004023563474992284,0.009160932938876673,0.0038201162000219284,0.009168668644530658,0.0038201158246310095,0.009174626432455632,0.0038201152084824017,0.009175760973068074,0.003820113407109835,0.0092180130743232,0.004017536805900356,0.0092180130743232,0.004017536805900356,0.0092180130743232,0.004018351941599676,0.0092180130743232,0.004018351941599676,0.007357617452513623,0.0038094237942740174,0.00636755212559906,0.0038092847633255066,0.007794588137354894,0.003741647662131307,0.006728692530181654,0.0037416884547280815,0.0058816760146973126,0.0037316310960428555,0.0056653028402443165,0.0037315546651716237,0.006254191812777843,0.003666521616025818,0.005971160095608372,0.0036663907758627823,0.009212267488794031,0.004018361365350997,0.009212267488794031,0.004018361365350997,0.0092180130743232,0.004018351941599676,0.0092180130743232,0.004018351941599676,0.006254191812777843,0.0036600123563310283,0.005971160095608372,0.003660010676115003,0.006254191812777843,0.003666521616025818,0.005971160095608372,0.0036663907758627823
UL000599,524.0,0.12262319559923597,0.014749327282520496,0.012761711585437227,0.010267930852942699,0.012761711585437227,0.010267930852942699,0.012778853417533815,0.010265116371888575,0.012778853417533815,0.010265116371888575,0.016127805896244088,0.012534041385128442,0.010282190638021015,0.012534041385128442,0.010282190638021015,0.012530441051112284,0.010282177840765178,0.012530441051112284,0.010282177840765178,0.015545036995113143,0.012211223973731367,0.010262705456065144,0.011743394654783284,0.010262720703166904,0.012234027131924124,0.010270842654139774,0.011758692716176208,0.010270825196403125,0.012636615450052985,0.010267032719763095,0.012635365080950655,0.010267452733470479,0.012616654079904014,0.01027373328754284,0.012618573757451478,0.010273926835551964,0.014749327282520496,0.012778853417533815,0.010264579571153367,0.012778853417533815,0.010264579571153367,0.012778853417533815,0.010265116371888575,0.012778853417533815,0.010265116371888575,0.0124017393469864,0.010283184783951075,0.012403113335854376,0.01028065348432238,0.012402678255893309,0.010283205840461199,0.012400486873621814,0.01028065958883415,0.012530441051112284,0.01028258195702369,0.012530441051112284,0.01028258195702369,0.012530441051112284,0.010282177840765178,0.012530441051112284,0.010282177840765178,0.012560071202513668,0.010265478728366818,0.011974613520376948,0.010265474223848927,0.012573167885195347,0.01027198923380582,0.012012139337822202,0.01027231021292462,0.012211223973731367,0.010262705456065144,0.011743394654783284,0.010262720703166904,0.012234027131924124,0.010270842654139774,0.011758692716176208,0.010270825196403125,0.012534041385128442,0.010282190638021015,0.012534041385128442,0.010282190638021015,0.012530441051112284,0.010282177840765178,0.012530441051112284,0.010282177840765178,0.012234027131924124,0.010267421938053906,0.011758692716176208,0.0102673458241371,0.012234027131924124,0.010270842654139774,0.011758692716176208,0.010270825196403125
UL001641,192.0,0.01757272162667227,0.005434503787383256,0.011533559603837775,0.004051419194271352,0.011533559603837775,0.004051419194271352,0.01183841993023955,0.004052143039785472,0.01183841993023955,0.004052143039785472,0.005628635611636196,0.009958791120205335,0.004058546225646592,0.009958791120205335,0.004058546225646592,0.009911861125621637,0.004058580564887314,0.009911861125621637,0.004058580564887314,0.005421639185792969,0.010071300370695693,0.003739658479763278,0.009842326825042302,0.0037396667226176224,0.010072737910832736,0.0036809673413789757,0.009854373282142307,0.0036810596052475413,0.011522214350539522,0.003815897860032656,0.01151725981806987,0.003816119103782,0.011514843724829015,0.0037410451986088066,0.011515364387215232,0.0037411578665732807,0.005434503787383256,0.01183841993023955,0.004050925561061495,0.01183841993023955,0.004050925561061495,0.01183841993023955,0.004052143039785472,0.01183841993023955,0.004052143039785472,0.009899144279018708,0.0037754922301510446,0.009893809620716544,0.0037754760997463894,0.009872531673970212,0.003775497684866552,0.00987124037498033,0.0037754747616584217,0.009911861125621637,0.004058393015351682,0.009911861125621637,0.004058393015351682,0.009911861125621637,0.004058580564887314,0.009911861125621637,0.004058580564887314,0.011478416872316847,0.0038002282213218564,0.010377747984880479,0.0038004561311986776,0.01149078596177197,0.003735089472104486,0.010438006731983829,0.003735239370149407,0.010071300370695693,0.003739658479763278,0.009842326825042302,0.0037396667226176224,0.010072737910832736,0.0036809673413789757,0.009854373282142307,0.0036810596052475413,0.009958791120205335,0.004058546225646592,0.009958791120205335,0.004058546225646592,0.009911861125621637,0.004058580564887314,0.009911861125621637,0.004058580564887314,0.010072737910832736,0.0036864700657559656,0.009854373282142307,0.00368640132054982,0.010072737910832736,0.0036809673413789757,0.009854373282142307,0.0036810596052475413
UL001643,192.0,0.019270119859534373,0.005568741542711694,0.010917084706569062,0.004054133626365739,0.010917084706569062,0.004054133626365739,0.011334089615369318,0.004053029022002496,0.011334089615369318,0.004053029022002496,0.005956140021465009,0.009750498642569898,0.004056764015587581,0.009750498642569898,0.004056764015587581,0.009787882639106588,0.004056778307113963,0.009787882639106588,0.004056778307113963,0.005648205791850633,0.009824071479227007,0.0037408721540350474,0.009906570804838546,0.0037407693745782123,0.009961264758830007,0.0036809674667720106,0.010079638870726368,0.003681028977346308,0.010723750972116716,0.003814773871300187,0.010725233219046117,0.003814771407873129,0.010890253934326048,0.0037313444307741843,0.010890458515608945,0.0037314413988985135,0.005568741542711694,0.011334089615369318,0.004051936035993508,0.011334089615369318,0.004051936035993508,0.011334089615369318,0.004053029022002496,0.011334089615369318,0.004053029022002496,0.00955024437686962,0.003783009111491428,0.009557376278240442,0.003782900100309805,0.009582562578722127,0.003783013223186356,0.00957969447185789,0.003782904107631626,0.009787882639106588,0.0040570317184720015,0.009787882639106588,0.0040570317184720015,0.009787882639106588,0.004056778307113963,0.009787882639106588,0.004056778307113963,0.010700985532872713,0.0037975908256406934,0.010114512955444585,0.0037976742809348782,0.010933132718424622,0.0037246428871761336,0.010313750253662745,0.0037245917590711555,0.009824071479227007,0.0037408721540350474,0.009906570804838546,0.0037407693745782123,0.009961264758830007,0.0036809674667720106,0.010079638870726368,0.003681028977346308,0.009750498642569898,0.004056764015587581,0.009750498642569898,0.004056764015587581,0.009787882639106588,0.004056778307113963,0.009787882639106588,0.004056778307113963,0.009961264758830007,0.003690543134740314,0.010079638870726368,0.0036905951502258384,0.009961264758830007,0.0036809674667720106,0.010079638870726368,0.003681028977346308
UL001645,192.0,0.01961635625678258,0.005472068693425283,0.010297097257023246,0.004052517671861211,0.010297097257023246,0.004052517671861211,0.010706503734326472,0.004051352381829733,0.010706503734326472,0.004051352381829733,0.005931683749705786,0.009643056169650641,0.004056467964784235,0.009643056169650641,0.004056467964784235,0.009645053888086938,0.0040564718410234435,0.009645053888086938,0.0040564718410234435,0.005692058147438279,0.009351606759205522,0.0037361891202093898,0.009546065750874027,0.003736068943660524,0.009547163346604904,0.0036754925480981314,0.009646046036947973,0.0036754074572136488,0.010176024741252508,0.00381470675756008,0.010171745938820856,0.0038147688861896417,0.010433565026526212,0.0037338239374754664,0.01043360992543572,0.0037338669018447475,0.005472068693425283,0.010706503734326472,0.00405012329873882,0.010706503734326472,0.00405012329873882,0.010706503734326472,0.004051352381829733,0.010706503734326472,0.004051352381829733,0.00934214223247753,0.003761962701404274,0.009343117547735669,0.003761966440632616,0.009378954183223494,0.0037619576556862824,0.009367569850905299,0.0037619556954330544,0.009645053888086938,0.004056740991878687,0.009645053888086938,0.004056740991878687,0.009645053888086938,0.0040564718410234435,0.009645053888086938,0.0040564718410234435,0.010106265515936514,0.003798219670773662,0.009604480577321382,0.0037983681805200445,0.010419000922585535,0.0037319747073260062,0.00969249497330067,0.00373182377402753,0.009351606759205522,0.0037361891202093898,0.009546065750874027,0.003736068943660524,0.009547163346604904,0.0036754925480981314,0.009646046036947973,0.0036754074572136488,0.009643056169650641,0.004056467964784235,0.009643056169650641,0.004056467964784235,0.009645053888086938,0.0040564718410234435,0.009645053888086938,0.0040564718410234435,0.009547163346604904,0.0036877718701553252,0.009646046036947973,0.003687766994647925,0.009547163346604904,0.0036754925480981314,0.009646046036947973,0.0036754074572136488
UL001647,192.0,0.017227493468285986,0.005279972119617495,0.011146444165281663,0.004053821367889091,0.011146444165281663,0.004053821367889091,0.011610325594211683,0.004054047962303612,0.011610325594211683,0.004054047962303612,0.005636359617822307,0.009879182925210794,0.004057219967498265,0.009879182925210794,0.004057219967498265,0.009951667053957863,0.0040571817208120906,0.009951667053957863,0.0040571817208120906,0.005422068537680703,0.009969553987163197,0.0037362340432032285,0.010023985719312654,0.0037360950395423664,0.010126883688240136,0.0036806140104672373,0.010138755144590958,0.003680632912012515,0.010891871173391368,0.0038092530906706254,0.01089801886982448,0.003809453891323826,0.01129538072317294,0.003731817846268132,0.011300151354230625,0.00373188969766769,0.005279972119617495,0.011610325594211683,0.004051443752579814,0.011610325594211683,0.004051443752579814,0.011610325594211683,0.004054047962303612,0.011610325594211683,0.004054047962303612,0.009850178576013854,0.003781081435886246,0.009851705224906132,0.003780989350835428,0.009912027583265684,0.003781099409796844,0.00991388251715821,0.0037809897022717787,0.009951667053957863,0.004057862890964323,0.009951667053957863,0.004057862890964323,0.009951667053957863,0.0040571817208120906,0.009951667053957863,0.0040571817208120906,0.01086983163708128,0.0037919210515385457,0.01029645993560274,0.0037918910711102916,0.011288404729220693,0.0037258555812954793,0.01045666140523336,0.00372574434410441,0.009969553987163197,0.0037362340432032285,0.010023985719312654,0.0037360950395423664,0.010126883688240136,0.0036806140104672373,0.010138755144590958,0.003680632912012515,0.009879182925210794,0.004057219967498265,0.009879182925210794,0.004057219967498265,0.009951667053957863,0.0040571817208120906,0.009951667053957863,0.0040571817208120906,0.010126883688240136,0.003695075576264702,0.010138755144590958,0.0036950820729630567,0.010126883688240136,0.0036806140104672373,0.010138755144590958,0.003680632912012515
UL001649,192.0,0.018553520486388104,0.005117683129422458,0.011588403456918717,0.004052002124919796,0.011588403456918717,0.004052002124919796,0.012228636012750616,0.0040523614936186295,0.012228636012750616,0.0040523614936186295,0.005415614912099349,0.01035893787539183,0.004055896199195801,0.01035893787539183,0.004055896199195801,0.010379235730950932,0.004055876783811305,0.010379235730950932,0.004055876783811305,0.005184448726152092,0.009921142792449938,0.003740210435321377,0.009873574508178601,0.003740209546432439,0.010252746234095854,0.0036847577788240225,0.01024512703629057,0.003684807595936215,0.01152813583125697,0.0038142932895005813,0.011536543778296824,0.0038142847026359675,0.011913536610943196,0.0037390360325133924,0.01190887320735274,0.003739191565993756,0.005117683129422458,0.012228636012750616,0.004051232404112325,0.012228636012750616,0.004051232404112325,0.012228636012750616,0.0040523614936186295,0.012228636012750616,0.0040523614936186295,0.01020279143343687,0.003779909933162025,0.010203492741806451,0.0037800047461093653,0.010199482560476147,0.0037798947367468096,0.010199112378421483,0.003779998701226733,0.010379235730950932,0.004055982804713853,0.010379235730950932,0.004055982804713853,0.010379235730950932,0.004055876783811305,0.010379235730950932,0.004055876783811305,0.011467709369501951,0.003795590155191613,0.010354180117754883,0.003795715904356543,0.011811926159242874,0.003732692734982736,0.010737882935803427,0.003732639727539918,0.009921142792449938,0.003740210435321377,0.009873574508178601,0.003740209546432439,0.010252746234095854,0.0036847577788240225,0.01024512703629057,0.003684807595936215,0.01035893787539183,0.004055896199195801,0.01035893787539183,0.004055896199195801,0.010379235730950932,0.004055876783811305,0.010379235730950932,0.004055876783811305,0.010252746234095854,0.0036936472306076345,0.01024512703629057,0.0036937413345017878,0.010252746234095854,0.0036847577788240225,0.01024512703629057,0.003684807595936215
UL001651,192.0,0.01720187642765274,0.00514076162289276,0.011148217340378587,0.004053899805341049,0.011148217340378587,0.004053899805341049,0.01150482887566278,0.004054113893672856,0.01150482887566278,0.004054113893672856,0.005373794152027049,0.009263593898758955,0.004058802807599574,0.009263593898758955,0.004058802807599574,0.009285958796633704,0.004058786250074071,0.009285958796633704,0.004058786250074071,0.0052564871686064584,0.0096077051898502,0.003735704667633472,0.009429178407295805,0.00373589357243472,0.009822273865939974,0.0036764733360250055,0.009542695190279062,0.0036764386261109705,0.01105813849972956,0.003804230546602925,0.011057368135537404,0.003804138012214239,0.011116614113518235,0.0037242753615713644,0.011120159379662835,0.003724205178744946,0.00514076162289276,0.01150482887566278,0.004053151866271241,0.01150482887566278,0.004053151866271241,0.01150482887566278,0.004054113893672856,0.01150482887566278,0.004054113893672856,0.009301873976247856,0.0037705864070965065,0.009302925620551895,0.0037704959473625365,0.009282266462416247,0.003770579158234569,0.009287196498143501,0.003770501453684374,0.009285958796633704,0.004058165421808896,0.009285958796633704,0.004058165421808896,0.009285958796633704,0.004058786250074071,0.009285958796633704,0.004058786250074071,0.011022729850815047,0.003787957918833656,0.00989568797267989,0.0037878446676340495,0.011149180950017615,0.0037209805770878775,0.009977231688499368,0.003721055860918115,0.0096077051898502,0.003735704667633472,0.009429178407295805,0.00373589357243472,0.009822273865939974,0.0036764733360250055,0.009542695190279062,0.0036764386261109705,0.009263593898758955,0.004058802807599574,0.009263593898758955,0.004058802807599574,0.009285958796633704,0.004058786250074071,0.009285958796633704,0.004058786250074071,0.009822273865939974,0.0036929431822605046,0.009542695190279062,0.003693022705573123,0.009822273865939974,0.0036764733360250055,0.009542695190279062,0.0036764386261109705
UL001653,192.0,0.017453382471304825,0.005155375175327374,0.014111404912588783,0.004054380437902005,0.014111404912588783,0.004054380437902005,0.013824785845540975,0.004053206039232814,0.013824785845540975,0.004053206039232814,0.005484611336443435,0.011259388422972881,0.004058869004202479,0.011259388422972881,0.004058869004202479,0.011355642131716569,0.004058871535051494,0.011355642131716569,0.004058871535051494,0.005328643562523658,0.010715972013090132,0.003738837622179586,0.010787131291654576,0.00373870258482917,0.0105848366228897,0.0036827316075681072,0.010613659811281975,0.0036828101371990094,0.013944952266627572,0.0038219817263480116,0.01393758990131831,0.0038219823637533697,0.013840082126686247,0.0037333946625119525,0.013845985646811344,0.0037335043428798256,0.005155375175327374,0.013824785845540975,0.0040527801284366925,0.013824785845540975,0.0040527801284366925,0.013824785845540975,0.004053206039232814,0.013824785845540975,0.004053206039232814,0.011480986733947362,0.003792833977144387,0.011480202105495328,0.0037926876574804424,0.011546708236057983,0.0037928278175103944,0.011549170903761093,0.0037926828072911926,0.011355642131716569,0.004059219625615768,0.011355642131716569,0.004059219625615768,0.011355642131716569,0.004058871535051494,0.011355642131716569,0.004058871535051494,0.01387164908032712,0.0038022377473059346,0.011689449720498386,0.003802248011167608,0.013634366184920034,0.003727954042174518,0.011469484451880958,0.003728005329418221,0.010715972013090132,0.003738837622179586,0.010787131291654576,0.00373870258482917,0.0105848366228897,0.0036827316075681072,0.010613659811281975,0.0036828101371990094,0.011259388422972881,0.004058869004202479,0.011259388422972881,0.004058869004202479,0.011355642131716569,0.004058871535051494,0.011355642131716569,0.004058871535051494,0.0105848366228897,0.00369488057124904,0.010613659811281975,0.0036949247209439543,0.0105848366228897,0.0036827316075681072,0.010613659811281975,0.0036828101371990094
UL001655,192.0,0.01724408107048782,0.0052893605399205006,0.012524711138509413,0.004053367573533503,0.012524711138509413,0.004053367573533503,0.013466755273690923,0.004052273681206875,0.013466755273690923,0.004052273681206875,0.005636474857245675,0.011044206242462296,0.004057891990527792,0.011044206242462296,0.004057891990527792,0.011023489042951517,0.0040578836788991825,0.011023489042951517,0.0040578836788991825,0.005366560717174103,0.010157530207088702,0.003741823672561455,0.010050758022770317,0.003741671352024906,0.010462128696617673,0.0036776603972975192,0.01042556144708149,0.003677765130653316,0.01253347386226456,0.0038216755709707,0.012534733018018072,0.0038217030480223757,0.013008894656351128,0.0037273840543705548,0.013009426149299787,0.00372745174556444,0.0052893605399205006,0.013466755273690923,0.0040520298853694,0.013466755273690923,0.0040520298853694,0.013466755273690923,0.004052273681206875,0.013466755273690923,0.004052273681206875,0.011153462751129252,0.0037781631337451224,0.011161645018254574,0.003777886230731421,0.011188051115902686,0.00377818732357075,0.011184205790974115,0.0037778914088805707,0.011023489042951517,0.004057426532902098,0.011023489042951517,0.004057426532902098,0.011023489042951517,0.0040578836788991825,0.011023489042951517,0.0040578836788991825,0.012418148252064188,0.0038039321279270334,0.01095186976288468,0.0038039003364659543,0.012918276241775406,0.0037234280292508435,0.011189874158275263,0.003723438874726583,0.010157530207088702,0.003741823672561455,0.010050758022770317,0.003741671352024906,0.010462128696617673,0.0036776603972975192,0.01042556144708149,0.003677765130653316,0.011044206242462296,0.004057891990527792,0.011044206242462296,0.004057891990527792,0.011023489042951517,0.0040578836788991825,0.011023489042951517,0.0040578836788991825,0.010462128696617673,0.0036891647538316364,0.01042556144708149,0.0036892593486746897,0.010462128696617673,0.0036776603972975192,0.01042556144708149,0.003677765130653316
UL001665,192.0,0.016682804304318614,0.005480041381169069,0.011839040384623986,0.00405250242366549,0.011839040384623986,0.00405250242366549,0.012440573354491368,0.004052832318171417,0.012440573354491368,0.004052832318171417,0.005617945774586171,0.010093546642020904,0.004055265716650264,0.010093546642020904,0.004055265716650264,0.010051649637470973,0.00405524444019166,0.010051649637470973,0.00405524444019166,0.005497238457694551,0.009883410803688854,0.0037385807277228156,0.009783361744696177,0.0037385089416982317,0.010066085795685433,0.003678450428108699,0.009934831520316703,0.003678493903706654,0.011537962964885691,0.0038125200811965597,0.011540286824753887,0.0038124004079349463,0.011814103809795432,0.0037332356044464886,0.011813177797765863,0.0037332456247271295,0.005480041381169069,0.012440573354491368,0.004051671975054602,0.012440573354491368,0.004051671975054602,0.012440573354491368,0.004052832318171417,0.012440573354491368,0.004052832318171417,0.009788160006074843,0.0037550238328066415,0.009798293888851046,0.003755045060739716,0.009757103774223575,0.003755034976860593,0.009772889927231477,0.003755058503096135,0.010051649637470973,0.004055212902895271,0.010051649637470973,0.004055212902895271,0.010051649637470973,0.00405524444019166,0.010051649637470973,0.00405524444019166,0.011354332821610864,0.0037966653974337767,0.01018321722822115,0.003796701927545688,0.011680916287068127,0.0037267878416600807,0.010338944015454793,0.003726964935110582,0.009883410803688854,0.0037385807277228156,0.009783361744696177,0.0037385089416982317,0.010066085795685433,0.003678450428108699,0.009934831520316703,0.003678493903706654,0.010093546642020904,0.004055265716650264,0.010093546642020904,0.004055265716650264,0.010051649637470973,0.00405524444019166,0.010051649637470973,0.00405524444019166,0.010066085795685433,0.003682614716576837,0.009934831520316703,0.0036826752208307637,0.010066085795685433,0.003678450428108699,0.009934831520316703,0.003678493903706654
UL001667,194.0,0.022467530420351187,0.005292027625039539,0.011017470183947636,0.004091542789789751,0.011017470183947636,0.004091542789789751,0.011634905962568685,0.0040904754261146875,0.011634905962568685,0.0040904754261146875,0.005376624534473726,0.008986939470884189,0.004095091142053515,0.008986939470884189,0.004095091142053515,0.009043402499163257,0.004095130631116109,0.009043402499163257,0.004095130631116109,0.005319208141645012,0.008664547467813581,0.0037792685156219853,0.008585593552258753,0.0037792479827578325,0.008871508784769541,0.003719295948167574,0.008721395733381205,0.0037192800350406767,0.010790752273408925,0.0038619043974306134,0.01078969398822771,0.003861888523137905,0.011069279838154781,0.0037751929472950732,0.01106964492287816,0.0037752901180958974,0.005292027625039539,0.011634905962568685,0.004089307640843338,0.011634905962568685,0.004089307640843338,0.011634905962568685,0.0040904754261146875,0.011634905962568685,0.0040904754261146875,0.008747235521479295,0.003807537019521618,0.008742753022141406,0.0038076010597862427,0.008762774412027321,0.0038075287037980634,0.008759556080265695,0.003807594975413055,0.009043402499163257,0.00409515921182185,0.009043402499163257,0.00409515921182185,0.009043402499163257,0.004095130631116109,0.009043402499163257,0.004095130631116109,0.010665806127422052,0.0038454820122823547,0.009241501518818649,0.0038456810427050193,0.011024805471038573,0.003771730749308162,0.009563340289294366,0.003771814366823014,0.008664547467813581,0.0037792685156219853,0.008585593552258753,0.0037792479827578325,0.008871508784769541,0.003719295948167574,0.008721395733381205,0.0037192800350406767,0.008986939470884189,0.004095091142053515,0.008986939470884189,0.004095091142053515,0.009043402499163257,0.004095130631116109,0.009043402499163257,0.004095130631116109,0.008871508784769541,0.003726571518458686,0.008721395733381205,0.0037266118766500845,0.008871508784769541,0.003719295948167574,0.008721395733381205,0.0037192800350406767
UL001669,192.0,0.028742971479521123,0.005125313586046688,0.012862395730976082,0.00405282516009903,0.012862395730976082,0.00405282516009903,0.013092453907248438,0.004052268238737915,0.013092453907248438,0.004052268238737915,0.005537919947669997,0.009791386956404555,0.004057276157186426,0.009791386956404555,0.004057276157186426,0.00979390558920726,0.004057271191175132,0.00979390558920726,0.004057271191175132,0.005247291395929138,0.010898328642962226,0.003740842039943709,0.010740587808789547,0.003740953438768404,0.01092702108014742,0.0036831771315228422,0.01084226691790456,0.003683178851770752,0.012751657336728854,0.0038149065373465282,0.01275847296426534,0.0038150937950751297,0.012728719545833017,0.0037337190250956724,0.012733175755914082,0.0037337933640755826,0.005125313586046688,0.013092453907248438,0.004051283822053632,0.013092453907248438,0.004051283822053632,0.013092453907248438,0.004052268238737915,0.013092453907248438,0.004052268238737915,0.009625917242670168,0.003768585817830468,0.00962517976709055,0.0037683748160036237,0.009597512699411705,0.003768558110307142,0.00959856152739704,0.00376838278659941,0.00979390558920726,0.00405719684561335,0.00979390558920726,0.00405719684561335,0.00979390558920726,0.004057271191175132,0.00979390558920726,0.004057271191175132,0.012741445226300023,0.003796555374285367,0.011547528446713603,0.003796542012515318,0.01272227530068575,0.0037270344063318373,0.011740387277319459,0.003727142627638957,0.010898328642962226,0.003740842039943709,0.010740587808789547,0.003740953438768404,0.01092702108014742,0.0036831771315228422,0.01084226691790456,0.003683178851770752,0.009791386956404555,0.004057276157186426,0.009791386956404555,0.004057276157186426,0.00979390558920726,0.004057271191175132,0.00979390558920726,0.004057271191175132,0.01092702108014742,0.0036904464374811273,0.01084226691790456,0.0036904757006674996,0.01092702108014742,0.0036831771315228422,0.01084226691790456,0.003683178851770752
UL001671,192.0,0.019679600886072287,0.005531333475131091,0.012640481041884638,0.004052680483561989,0.012640481041884638,0.004052680483561989,0.012702989990140238,0.004051323014829752,0.012702989990140238,0.004051323014829752,0.00598580434062657,0.010724935251799494,0.004057443758999472,0.010724935251799494,0.004057443758999472,0.010678378572889844,0.00405747277401691,0.010678378572889844,0.00405747277401691,0.005642030480038439,0.01040222202050106,0.003737029940340818,0.01044562543628056,0.003737076186491542,0.010429136133762515,0.003684614670343676,0.010422673597437123,0.003684644807570619,0.01239227630481858,0.0038077335483651,0.01239486630262597,0.0038077708633952622,0.012559462389651528,0.0037318604172047825,0.012558142320479552,0.0037318375749008505,0.005531333475131091,0.012702989990140238,0.004050257778083683,0.012702989990140238,0.004050257778083683,0.012702989990140238,0.004051323014829752,0.012702989990140238,0.004051323014829752,0.01086542379093018,0.003786179658642267,0.010860959744048824,0.0037860363619637402,0.010804110251645327,0.003786193980456693,0.010809236886566412,0.0037860462981381612,0.010678378572889844,0.004058339979230692,0.010678378572889844,0.004058339979230692,0.010678378572889844,0.00405747277401691,0.010678378572889844,0.00405747277401691,0.012344644068735365,0.003790429643413541,0.011048872872995276,0.0037904248374323927,0.012467271678598119,0.0037251578551472375,0.01117501582927827,0.0037251870185699538,0.01040222202050106,0.003737029940340818,0.01044562543628056,0.003737076186491542,0.010429136133762515,0.003684614670343676,0.010422673597437123,0.003684644807570619,0.010724935251799494,0.004057443758999472,0.010724935251799494,0.004057443758999472,0.010678378572889844,0.00405747277401691,0.010678378572889844,0.00405747277401691,0.010429136133762515,0.0036991997302750733,0.010422673597437123,0.003699134427505784,0.010429136133762515,0.003684614670343676,0.010422673597437123,0.003684644807570619
UL001673,192.0,0.01664916920037236,0.005301265041199578,0.01203655378157494,0.004050519867558623,0.01203655378157494,0.004050519867558623,0.012576065431928974,0.004049746019391659,0.012576065431928974,0.004049746019391659,0.005675009669451691,0.010215095507470098,0.004056453142764738,0.010215095507470098,0.004056453142764738,0.010212688801919051,0.00405647224511795,0.010212688801919051,0.00405647224511795,0.005527763507340258,0.010336510115188704,0.0037392763601376317,0.010366805389773191,0.003739355088716869,0.010450435883821316,0.0036856169150648395,0.010528626387062616,0.0036857137746222884,0.01207808206659615,0.0038223902512168665,0.012078217360957917,0.003822490896077805,0.012081932027195317,0.0037362352896619633,0.01207569944162725,0.0037362604384671688,0.005301265041199578,0.012576065431928974,0.004049085317580335,0.012576065431928974,0.004049085317580335,0.012576065431928974,0.004049746019391659,0.012576065431928974,0.004049746019391659,0.010054219784782301,0.0037866659672650634,0.010057176453608343,0.0037866920346254717,0.010078649830504004,0.00378665888805029,0.010079643174918053,0.003786697357131517,0.010212688801919051,0.004056805056912963,0.010212688801919051,0.004056805056912963,0.010212688801919051,0.00405647224511795,0.010212688801919051,0.00405647224511795,0.01198747418618757,0.003804344229233769,0.010806820827431549,0.003804487589627002,0.012040095333415978,0.0037335368509382252,0.010901635678944565,0.0037334467869032527,0.010336510115188704,0.0037392763601376317,0.010366805389773191,0.003739355088716869,0.010450435883821316,0.0036856169150648395,0.010528626387062616,0.0036857137746222884,0.010215095507470098,0.004056453142764738,0.010215095507470098,0.004056453142764738,0.010212688801919051,0.00405647224511795,0.010212688801919051,0.00405647224511795,0.010450435883821316,0.003686575898900455,0.010528626387062616,0.0036865910945021855,0.010450435883821316,0.0036856169150648395,0.010528626387062616,0.0036857137746222884
UL001675,192.0,0.019111946084576784,0.005635025538664903,0.010838829008269412,0.004051813953873625,0.010838829008269412,0.004051813953873625,0.011100966390104933,0.004052096727300486,0.011100966390104933,0.004052096727300486,0.00583278809620543,0.00914750723676441,0.004057239031289253,0.00914750723676441,0.004057239031289253,0.00915056348919247,0.004057241257242074,0.00915056348919247,0.004057241257242074,0.005626967265611117,0.009429487180994919,0.0037384914673888746,0.009603016314797094,0.0037386635319437977,0.009520249725899927,0.003683248308010575,0.009714911631725854,0.0036831651156074945,0.010714716385673846,0.0037977057646154627,0.010715448544918267,0.0037978925152019473,0.010689681220671368,0.0037311705691246643,0.010686878990407373,0.00373114853976469,0.005635025538664903,0.011100966390104933,0.00405049561836206,0.011100966390104933,0.00405049561836206,0.011100966390104933,0.004052096727300486,0.011100966390104933,0.004052096727300486,0.008794625032088391,0.003767796477445263,0.008801169262596121,0.0037679051060547377,0.008825646220317026,0.0037678034367292505,0.00883406829009003,0.0037679211092687816,0.00915056348919247,0.004056818372784114,0.00915056348919247,0.004056818372784114,0.00915056348919247,0.004057241257242074,0.00915056348919247,0.004057241257242074,0.010626487513727032,0.0037856382719290327,0.009878024701140757,0.003785418958957922,0.010597673758570958,0.003726709573113609,0.009861661129487985,0.0037266802818906246,0.009429487180994919,0.0037384914673888746,0.009603016314797094,0.0037386635319437977,0.009520249725899927,0.003683248308010575,0.009714911631725854,0.0036831651156074945,0.00914750723676441,0.004057239031289253,0.00914750723676441,0.004057239031289253,0.00915056348919247,0.004057241257242074,0.00915056348919247,0.004057241257242074,0.009520249725899927,0.003691172454698658,0.009714911631725854,0.003691207069600657,0.009520249725899927,0.003683248308010575,0.009714911631725854,0.0036831651156074945
UL001677,192.0,0.016611082343684812,0.0053411607252661685,0.010911503874660123,0.004054578668973451,0.010911503874660123,0.004054578668973451,0.011120989474922764,0.00405337972491769,0.011120989474922764,0.00405337972491769,0.005616459452189411,0.00900223254376503,0.004058285996319946,0.00900223254376503,0.004058285996319946,0.009006384268358753,0.004058274689594076,0.009006384268358753,0.004058274689594076,0.0054386463919793805,0.009758016994564576,0.0037393462875885825,0.00961435639768468,0.0037393747009062893,0.009794694588470243,0.003681261819553613,0.009682967743581914,0.0036813523706105446,0.010859892867894627,0.0038077998464177885,0.010869628824384267,0.003807968737598169,0.010759003126945525,0.0037367943864713717,0.010758929835228769,0.00373684550980514,0.0053411607252661685,0.011120989474922764,0.004051722772358858,0.011120989474922764,0.004051722772358858,0.011120989474922764,0.00405337972491769,0.011120989474922764,0.00405337972491769,0.008841170198533322,0.003772706768469855,0.008836055663161322,0.003772692167291067,0.008864679613411716,0.003772663563747461,0.008868343825283289,0.0037727060576460674,0.009006384268358753,0.004058540436274744,0.009006384268358753,0.004058540436274744,0.009006384268358753,0.004058274689594076,0.009006384268358753,0.004058274689594076,0.01088206666964505,0.003793856648944738,0.010039834134211166,0.0037938626301335624,0.01079132124885498,0.0037313324644822547,0.009984540604805367,0.003731301343628778,0.009758016994564576,0.0037393462875885825,0.00961435639768468,0.0037393747009062893,0.009794694588470243,0.003681261819553613,0.009682967743581914,0.0036813523706105446,0.00900223254376503,0.004058285996319946,0.00900223254376503,0.004058285996319946,0.009006384268358753,0.004058274689594076,0.009006384268358753,0.004058274689594076,0.009794694588470243,0.0036925411875820056,0.009682967743581914,0.003692428602209689,0.009794694588470243,0.003681261819553613,0.009682967743581914,0.0036813523706105446
UL001679,992.0,0.16899803127840388,0.024488924083335223,0.020598181709536947,0.020285584461654075,0.020598181709536947,0.020285584461654075,0.020591670856837233,0.020280128618227117,0.020591670856837233,0.020280128618227117,0.025436148814161626,0.020632788503371732,0.020290224394719142,0.020632788503371732,0.020290224394719142,0.02063298945101554,0.020290229485871263,0.02063298945101554,0.020290229485871263,0.025200089289049942,0.020581974046560682,0.020277694458472894,0.020517280529745614,0.020280533381775618,0.02058034906240245,0.0202950663776984,0.02051690406461886,0.0202978197848083,0.02056474619992719,0.020248486051293098,0.020583177848346762,0.020253779875566338,0.020572361943331834,0.02026389994777944,0.020590621364779543,0.020269854649146116,0.024488924083335223,0.020591670856837233,0.020281224953323736,0.020591670856837233,0.020281224953323736,0.020591670856837233,0.020280128618227117,0.020591670856837233,0.020280128618227117,0.020645810727675774,0.020267385425329132,0.02064842192789209,0.0202614060607102,0.020641140359898728,0.020267376341223737,0.020643988618833653,0.020261406583578893,0.02063298945101554,0.020290365435197293,0.02063298945101554,0.020290365435197293,0.02063298945101554,0.020290229485871263,0.02063298945101554,0.020290229485871263,0.020564740376383662,0.020250631626344752,0.02057089927632332,0.020255965261038452,0.020567301194173243,0.02026626140649357,0.02057444536479169,0.020272153649868292,0.020581974046560682,0.020277694458472894,0.020517280529745614,0.020280533381775618,0.02058034906240245,0.0202950663776984,0.02051690406461886,0.0202978197848083,0.020632788503371732,0.020290224394719142,0.020632788503371732,0.020290224394719142,0.02063298945101554,0.020290229485871263,0.02063298945101554,0.020290229485871263,0.02058034906240245,0.020286425950091582,0.02051690406461886,0.02028947738598018,0.02058034906240245,0.0202950663776984,0.02051690406461886,0.0202978197848083
UL001713,228.0,0.1390711361867815,0.007009476154539413,0.010263709179572016,0.004806838928308079,0.010263709179572016,0.004806838928308079,0.010740190263653226,0.004797765051528232,0.010740190263653226,0.004797765051528232,0.007321042976415623,0.008817121537543264,0.0048027747068905636,0.008817121537543264,0.0048027747068905636,0.008829950881323689,0.0048028090975024045,0.008829950881323689,0.0048028090975024045,0.007021162006082338,0.009126961809848354,0.0044755070774345216,0.008951331659133083,0.004475472174327393,0.009255046995869442,0.004416792109683208,0.009004209268154525,0.004416853795919849,0.01008615677903885,0.004538733385312998,0.01007512395053109,0.004538687792307744,0.010317629156751537,0.004459075054651112,0.010323084244157376,0.004459073678739305,0.007009476154539413,0.010740190263653226,0.004796549236539914,0.010740190263653226,0.004796549236539914,0.010740190263653226,0.004797765051528232,0.010740190263653226,0.004797765051528232,0.008677873817215874,0.0045286966871807815,0.008676390950769004,0.004528611248020406,0.008718351840585205,0.0045287141019383845,0.008716978005648033,0.004528620353054056,0.008829950881323689,0.004802520293709132,0.008829950881323689,0.004802520293709132,0.008829950881323689,0.0048028090975024045,0.008829950881323689,0.0048028090975024045,0.010065297059545907,0.004518792392617608,0.00931462625648824,0.004518923905046182,0.01032649537045757,0.00444980672212697,0.00946990218668182,0.004449699553022401,0.009126961809848354,0.0044755070774345216,0.008951331659133083,0.004475472174327393,0.009255046995869442,0.004416792109683208,0.009004209268154525,0.004416853795919849,0.008817121537543264,0.0048027747068905636,0.008817121537543264,0.0048027747068905636,0.008829950881323689,0.0048028090975024045,0.008829950881323689,0.0048028090975024045,0.009255046995869442,0.004420292502981899,0.009004209268154525,0.004420119187933836,0.009255046995869442,0.004416792109683208,0.009004209268154525,0.004416853795919849
UL001719,207.0,0.12670160566781383,0.0058613914269866445,0.010874561116674215,0.0043606430782290794,0.010874561116674215,0.0043606430782290794,0.011871621402179197,0.004359072865828861,0.011871621402179197,0.004359072865828861,0.006769699563520085,0.009538898022644727,0.004363898234690779,0.009538898022644727,0.004363898234690779,0.00958469008913464,0.004363892044500876,0.00958469008913464,0.004363892044500876,0.005946669800040761,0.009097273318172047,0.004041592963031095,0.008887711267005926,0.004041770832768771,0.009453229610326788,0.003985543627940928,0.009157402878540444,0.003985591265547162,0.010839271153951403,0.0041135335402235325,0.010841287834141504,0.004113635103878151,0.011342318170208813,0.0040299116796163196,0.011336921272914729,0.0040299751099517585,0.0058613914269866445,0.011871621402179197,0.004358463019418226,0.011871621402179197,0.004358463019418226,0.011871621402179197,0.004359072865828861,0.011871621402179197,0.004359072865828861,0.009546357627854149,0.004078271269178524,0.009544195580395353,0.004078251463306454,0.0095653861907541,0.0040782744608046885,0.009559548786415285,0.004078253117288816,0.00958469008913464,0.004363850796116867,0.00958469008913464,0.004363850796116867,0.00958469008913464,0.004363892044500876,0.00958469008913464,0.004363892044500876,0.010699498109713108,0.0040968978085322814,0.009501475910173396,0.00409696913725951,0.011180405457621079,0.004022284978819368,0.009730587591257308,0.004022153611617551,0.009097273318172047,0.004041592963031095,0.008887711267005926,0.004041770832768771,0.009453229610326788,0.003985543627940928,0.009157402878540444,0.003985591265547162,0.009538898022644727,0.004363898234690779,0.009538898022644727,0.004363898234690779,0.00958469008913464,0.004363892044500876,0.00958469008913464,0.004363892044500876,0.009453229610326788,0.003989455589084538,0.009157402878540444,0.0039895402870879365,0.009453229610326788,0.003985543627940928,0.009157402878540444,0.003985591265547162
UL001765,193.0,0.01598784962000218,0.005566367469133142,0.01133347586361298,0.0040723383506656476,0.01133347586361298,0.0040723383506656476,0.01195155853741891,0.004072217629896778,0.01195155853741891,0.004072217629896778,0.0059335208448731275,0.009404913506259133,0.004078614863078375,0.009404913506259133,0.004078614863078375,0.009420555457820818,0.004078629737501683,0.009420555457820818,0.004078629737501683,0.005757944911934057,0.009595395550696157,0.0037585811907621183,0.009388458020878001,0.0037586450517613913,0.009794180778563682,0.00369671690416801,0.009450902107247569,0.003696781325949177,0.011123700316904187,0.0038278199603534843,0.01112135532483963,0.0038278462065739,0.011509099944603708,0.003749412179344531,0.01151145807583142,0.0037495137654461864,0.005566367469133142,0.01195155853741891,0.004071568739556448,0.01195155853741891,0.004071568739556448,0.01195155853741891,0.004072217629896778,0.01195155853741891,0.004072217629896778,0.009397420162974344,0.0037882594076756363,0.009399390361433838,0.0037881072354399806,0.009381997078003785,0.0037882640650800385,0.009379584305818072,0.003788094619585812,0.009420555457820818,0.004078376014594762,0.009420555457820818,0.004078376014594762,0.009420555457820818,0.004078629737501683,0.009420555457820818,0.004078629737501683,0.01096704903508684,0.003812897625507516,0.009689093519771184,0.003812885087852468,0.01135323094389992,0.0037449421954048982,0.009893970702707056,0.003744987881258379,0.009595395550696157,0.0037585811907621183,0.009388458020878001,0.0037586450517613913,0.009794180778563682,0.00369671690416801,0.009450902107247569,0.003696781325949177,0.009404913506259133,0.004078614863078375,0.009404913506259133,0.004078614863078375,0.009420555457820818,0.004078629737501683,0.009420555457820818,0.004078629737501683,0.009794180778563682,0.0037062348410580844,0.009450902107247569,0.0037062898044438776,0.009794180778563682,0.00369671690416801,0.009450902107247569,0.003696781325949177
UL001769,194.0,0.02230299067641635,0.005714620319949376,0.011995566420278459,0.004092294896997057,0.011995566420278459,0.004092294896997057,0.01231063048044626,0.004092667702120074,0.01231063048044626,0.004092667702120074,0.005809021529047061,0.009827989673727139,0.004096018576598735,0.009827989673727139,0.004096018576598735,0.009902071353345147,0.004096000439596204,0.009902071353345147,0.004096000439596204,0.005683189560982769,0.009939598299201179,0.003780948337434413,0.009865433449710321,0.0037809322442284832,0.010127437104123276,0.0037261856518449998,0.010073839195011059,0.0037261032177699207,0.011741967234263646,0.0038547598100528977,0.011737330460665035,0.0038548393412418925,0.011988455261462118,0.0037798985263920015,0.011989602076480463,0.0037798145550942425,0.005714620319949376,0.01231063048044626,0.0040917997069819375,0.01231063048044626,0.0040917997069819375,0.01231063048044626,0.004092667702120074,0.01231063048044626,0.004092667702120074,0.009583795053063494,0.003813271219359557,0.009583691836195193,0.003813111523741156,0.009672785476338963,0.0038132840035801988,0.009661267252972007,0.003813112630486728,0.009902071353345147,0.0040957561295230475,0.009902071353345147,0.0040957561295230475,0.009902071353345147,0.004096000439596204,0.009902071353345147,0.004096000439596204,0.01170213196359346,0.0038406723242097375,0.010367719649375842,0.0038407713629519543,0.011914095875773516,0.0037741276915912733,0.010553846243851868,0.0037741365796674898,0.009939598299201179,0.003780948337434413,0.009865433449710321,0.0037809322442284832,0.010127437104123276,0.0037261856518449998,0.010073839195011059,0.0037261032177699207,0.009827989673727139,0.004096018576598735,0.009827989673727139,0.004096018576598735,0.009902071353345147,0.004096000439596204,0.009902071353345147,0.004096000439596204,0.010127437104123276,0.0037282471937001814,0.010073839195011059,0.0037281707000132573,0.010127437104123276,0.0037261856518449998,0.010073839195011059,0.0037261032177699207
UL001771,192.0,0.02349013446952986,0.005441428348247075,0.011771451992304678,0.004052638270995725,0.011771451992304678,0.004052638270995725,0.011967502149448668,0.0040510092744934405,0.011967502149448668,0.0040510092744934405,0.005974210991513597,0.009734207678391114,0.004057164115636176,0.009734207678391114,0.004057164115636176,0.009750532719500105,0.004057133031575329,0.009750532719500105,0.004057133031575329,0.005547043789834223,0.0098201310098011,0.0037378947510409706,0.009739282925714965,0.003737945561670073,0.009906587223362951,0.003682525733473354,0.009891034526491435,0.0036826949239094765,0.011394226488588366,0.0038237162121627383,0.01139255530900512,0.003823508760654005,0.011485945965301744,0.003740429206038585,0.011494649700397467,0.0037404469976857883,0.005441428348247075,0.011967502149448668,0.004050254632593853,0.011967502149448668,0.004050254632593853,0.011967502149448668,0.0040510092744934405,0.011967502149448668,0.0040510092744934405,0.009298942555505394,0.0037993233429315047,0.009293503594282012,0.0037992055938422084,0.009318260586928867,0.0037993365118352677,0.009319342106916671,0.003799217031698006,0.009750532719500105,0.004057217016944735,0.009750532719500105,0.004057217016944735,0.009750532719500105,0.004057133031575329,0.009750532719500105,0.004057133031575329,0.011347483428895062,0.0038042990748628253,0.010149984176782511,0.003804376369466325,0.011358298508194725,0.003733948431994103,0.010379846353225372,0.0037340412081647155,0.0098201310098011,0.0037378947510409706,0.009739282925714965,0.003737945561670073,0.009906587223362951,0.003682525733473354,0.009891034526491435,0.0036826949239094765,0.009734207678391114,0.004057164115636176,0.009734207678391114,0.004057164115636176,0.009750532719500105,0.004057133031575329,0.009750532719500105,0.004057133031575329,0.009906587223362951,0.003689342108142675,0.009891034526491435,0.0036894361118330766,0.009906587223362951,0.003682525733473354,0.009891034526491435,0.0036826949239094765
UL001773,206.0,0.0257531864786846,0.006014560852500499,0.008651662458834404,0.004342213368593736,0.008651662458834404,0.004342213368593736,0.00949228033731923,0.0043418284290658105,0.00949228033731923,0.0043418284290658105,0.0065366434788604565,0.008139997862441137,0.004350041393058745,0.008139997862441137,0.004350041393058745,0.008195098480641974,0.004350015127844693,0.008195098480641974,0.004350015127844693,0.006061990436311006,0.007742754854277888,0.004026973434959099,0.007479501697414831,0.0040271523186937806,0.007998571389457797,0.003959207057818866,0.007727343525842788,0.003959260306703304,0.00848255130494925,0.004097353704403898,0.00848351119878259,0.004097422962458314,0.008811889202503235,0.00401633673560159,0.008812294855889495,0.0040163715693577965,0.006014560852500499,0.00949228033731923,0.004339711030619588,0.00949228033731923,0.004339711030619588,0.00949228033731923,0.0043418284290658105,0.00949228033731923,0.0043418284290658105,0.008022902834970876,0.004076363696215319,0.008023109451374558,0.004076304910835407,0.008058095953282222,0.004076374587779474,0.008057433561942622,0.004076295050484852,0.008195098480641974,0.004349318907102626,0.008195098480641974,0.004349318907102626,0.008195098480641974,0.004350015127844693,0.008195098480641974,0.004350015127844693,0.008394408013418368,0.004080748843197436,0.007682735353270235,0.004080872398295767,0.008799187567116206,0.004011976279615311,0.008032334362567459,0.0040121895417139074,0.007742754854277888,0.004026973434959099,0.007479501697414831,0.0040271523186937806,0.007998571389457797,0.003959207057818866,0.007727343525842788,0.003959260306703304,0.008139997862441137,0.004350041393058745,0.008139997862441137,0.004350041393058745,0.008195098480641974,0.004350015127844693,0.008195098480641974,0.004350015127844693,0.007998571389457797,0.003951127411650899,0.007727343525842788,0.003950975370819842,0.007998571389457797,0.003959207057818866,0.007727343525842788,0.003959260306703304
UL001781,320.0,0.042412950098556,0.008345414859326676,0.010316367897104717,0.006878087216459781,0.010316367897104717,0.006878087216459781,0.010590279324203167,0.006874366591384931,0.010590279324203167,0.006874366591384931,0.008643603863333156,0.00905476812697654,0.006892683310535513,0.00905476812697654,0.006892683310535513,0.009048681456970485,0.006892714076950725,0.009048681456970485,0.006892714076950725,0.008474673135023777,0.009464156275266002,0.00642435730879454,0.009022062257866555,0.006424307896406525,0.009669635775672916,0.006424537982154949,0.009210380362156573,0.006424653571632763,0.009979067010393396,0.006470707014754077,0.009979220248315341,0.006470533986945079,0.010119023519931216,0.0064668822827780815,0.010119003873748101,0.006466861029515054,0.008345414859326676,0.010590279324203167,0.0068732760907545265,0.010590279324203167,0.0068732760907545265,0.010590279324203167,0.006874366591384931,0.010590279324203167,0.006874366591384931,0.008648155011810089,0.006544713391462331,0.008642271328145271,0.006544899293512739,0.00864067385903892,0.006544724690999031,0.008643124420832052,0.006544886733218953,0.009048681456970485,0.006893100743534818,0.009048681456970485,0.006893100743534818,0.009048681456970485,0.006892714076950725,0.009048681456970485,0.006892714076950725,0.009937630199381845,0.0064346229612517,0.009125728583412464,0.006434589895329103,0.010099410474710352,0.006430082427754837,0.009378219820607363,0.006429917980232109,0.009464156275266002,0.00642435730879454,0.009022062257866555,0.006424307896406525,0.009669635775672916,0.006424537982154949,0.009210380362156573,0.006424653571632763,0.00905476812697654,0.006892683310535513,0.00905476812697654,0.006892683310535513,0.009048681456970485,0.006892714076950725,0.009048681456970485,0.006892714076950725,0.009669635775672916,0.006430679984738519,0.009210380362156573,0.0064307824873290845,0.009669635775672916,0.006424537982154949,0.009210380362156573,0.006424653571632763
UL001783,192.0,0.03458475711762513,0.005407699618727346,0.01045020230929744,0.0040513055492181205,0.01045020230929744,0.0040513055492181205,0.010494404107962345,0.0040511234919057395,0.010494404107962345,0.0040511234919057395,0.005477933375936182,0.008714434092581444,0.004055972228862735,0.008714434092581444,0.004055972228862735,0.008703134949339051,0.004055910879508267,0.008703134949339051,0.004055910879508267,0.005472874713230917,0.008754374100384594,0.0037359815718073924,0.00867876807826977,0.0037360434651691698,0.008805448388977557,0.0036795074412946656,0.008747846297431456,0.0036794873073110307,0.01027276052858648,0.003819741029766776,0.010274951925230988,0.0038196570084858654,0.010284858296712697,0.003735228956349207,0.010284084478706131,0.0037352677345632163,0.005407699618727346,0.010494404107962345,0.004049538561842201,0.010494404107962345,0.004049538561842201,0.010494404107962345,0.0040511234919057395,0.010494404107962345,0.0040511234919057395,0.008323467289067752,0.003772488838605528,0.008323870603727492,0.0037722946936997667,0.008317621374565454,0.0037724963931581937,0.008315283828192096,0.00377229839302138,0.008703134949339051,0.004055381774733653,0.008703134949339051,0.004055381774733653,0.008703134949339051,0.004055910879508267,0.008703134949339051,0.004055910879508267,0.01020891602070669,0.0038017329666604634,0.009054034914012535,0.0038016039836735777,0.010316389118779985,0.0037293781007923413,0.00905513977283457,0.0037293587438521976,0.008754374100384594,0.0037359815718073924,0.00867876807826977,0.0037360434651691698,0.008805448388977557,0.0036795074412946656,0.008747846297431456,0.0036794873073110307,0.008714434092581444,0.004055972228862735,0.008714434092581444,0.004055972228862735,0.008703134949339051,0.004055910879508267,0.008703134949339051,0.004055910879508267,0.008805448388977557,0.0036802700609260834,0.008747846297431456,0.0036802058786263806,0.008805448388977557,0.0036795074412946656,0.008747846297431456,0.0036794873073110307
UL001785,187.0,0.019492708111134238,0.005242689168013112,0.01009442790846663,0.003909938296321297,0.01009442790846663,0.003909938296321297,0.010478624086350578,0.003898744350549587,0.010478624086350578,0.003898744350549587,0.006952725474550049,0.008504658147410362,0.0039030721326919113,0.008504658147410362,0.0039030721326919113,0.008515822214749735,0.003903052855099752,0.008515822214749735,0.003903052855099752,0.005196871309208917,0.00869939788550437,0.003634262617519553,0.008582583542693313,0.0036344140533632677,0.008894317041876286,0.0035779966046474124,0.008846687291034789,0.0035779454096512135,0.010009896498393438,0.0037147369919375553,0.0100102155711517,0.003714828534227352,0.01021347078299127,0.003639113239992629,0.010223575399573684,0.0036389491214467943,0.005242689168013112,0.010478624086350578,0.0038960135185798148,0.010478624086350578,0.0038960135185798148,0.010478624086350578,0.003898744350549587,0.010478624086350578,0.003898744350549587,0.008773619142765806,0.0036719165902161384,0.008772636662624346,0.0036719529976311223,0.008749603721646721,0.00367191684339177,0.008735927333584149,0.003671957076392764,0.008515822214749735,0.003902726441394293,0.008515822214749735,0.003902726441394293,0.008515822214749735,0.003903052855099752,0.008515822214749735,0.003903052855099752,0.009922383741750753,0.0036993479102069866,0.0090867629462325,0.003699335957177088,0.010242581901908408,0.003635270782996182,0.009260635443610268,0.003635262484100152,0.00869939788550437,0.003634262617519553,0.008582583542693313,0.0036344140533632677,0.008894317041876286,0.0035779966046474124,0.008846687291034789,0.0035779454096512135,0.008504658147410362,0.0039030721326919113,0.008504658147410362,0.0039030721326919113,0.008515822214749735,0.003903052855099752,0.008515822214749735,0.003903052855099752,0.008894317041876286,0.0035811985893771667,0.008846687291034789,0.003581243631582643,0.008894317041876286,0.0035779966046474124,0.008846687291034789,0.0035779454096512135
UL001787,190.0,0.019949851424890523,0.005126770774157351,0.013732762288090207,0.0040109844468272145,0.013732762288090207,0.0040109844468272145,0.014644595860214491,0.00401002843194001,0.014644595860214491,0.00401002843194001,0.0066643854905885334,0.010540109095901685,0.004017549147530493,0.010540109095901685,0.004017549147530493,0.01061796148828815,0.0040175277037938694,0.01061796148828815,0.0040175277037938694,0.005281905811215541,0.010631567002167058,0.0036994073374725634,0.010610920620062981,0.0036993256318763345,0.010680616152386437,0.003647413945078427,0.010739505922969962,0.0036475403924153154,0.013940195011907465,0.0037713748728225253,0.013949365208612088,0.0037714785803845225,0.014118967174955283,0.0037026879657476278,0.0141296851226966,0.003702703827709181,0.005126770774157351,0.014644595860214491,0.004007576229217864,0.014644595860214491,0.004007576229217864,0.014644595860214491,0.00401002843194001,0.014644595860214491,0.00401002843194001,0.011241110673494158,0.0037343877025286356,0.011245806812308237,0.0037343225303488915,0.01122251904211601,0.00373439055021198,0.01122486341032675,0.0037343264270277344,0.01061796148828815,0.00401708832200634,0.01061796148828815,0.00401708832200634,0.01061796148828815,0.0040175277037938694,0.01061796148828815,0.0040175277037938694,0.013830976766799861,0.0037550675185781812,0.011648231976537672,0.003755160493863028,0.013913456129148873,0.0036981220665331153,0.011792113470979389,0.0036983035660773265,0.010631567002167058,0.0036994073374725634,0.010610920620062981,0.0036993256318763345,0.010680616152386437,0.003647413945078427,0.010739505922969962,0.0036475403924153154,0.010540109095901685,0.004017549147530493,0.010540109095901685,0.004017549147530493,0.01061796148828815,0.0040175277037938694,0.01061796148828815,0.0040175277037938694,0.010680616152386437,0.0036552683197849252,0.010739505922969962,0.0036551859063558225,0.010680616152386437,0.003647413945078427,0.010739505922969962,0.0036475403924153154
UL001789,192.0,0.021477814608191342,0.005419779810569806,0.01049142964968734,0.004052892697515286,0.01049142964968734,0.004052892697515286,0.010505051414626786,0.004050801917833475,0.010505051414626786,0.004050801917833475,0.005659196953687249,0.008220322260306714,0.004055384278578309,0.008220322260306714,0.004055384278578309,0.008227446394032008,0.004055368925613898,0.008227446394032008,0.004055368925613898,0.0055111326057279905,0.008943281854242972,0.0037402552327728904,0.0087555555783153,0.0037404339801060224,0.009009252137833157,0.0036846139905446253,0.008859635438694525,0.0036846908037229324,0.010330215466551265,0.003829025818927448,0.010331695074021848,0.0038290004734820512,0.01023974390782978,0.003744169103391886,0.010230027974301151,0.0037441083567703206,0.005419779810569806,0.010505051414626786,0.004050320583263681,0.010505051414626786,0.004050320583263681,0.010505051414626786,0.004050801917833475,0.010505051414626786,0.004050801917833475,0.008062842917867985,0.0037743592855816084,0.008065108935634188,0.0037741580196350676,0.008044489768002108,0.0037743523825136873,0.008044956239795351,0.0037741555916919376,0.008227446394032008,0.004055208726500223,0.008227446394032008,0.004055208726500223,0.008227446394032008,0.004055368925613898,0.008227446394032008,0.004055368925613898,0.010222491023852911,0.0038126678413329257,0.009147434274116111,0.0038127421097032214,0.010193793347152447,0.0037382976164381143,0.009165156331453919,0.0037383880814448635,0.008943281854242972,0.0037402552327728904,0.0087555555783153,0.0037404339801060224,0.009009252137833157,0.0036846139905446253,0.008859635438694525,0.0036846908037229324,0.008220322260306714,0.004055384278578309,0.008220322260306714,0.004055384278578309,0.008227446394032008,0.004055368925613898,0.008227446394032008,0.004055368925613898,0.009009252137833157,0.0036849824989555083,0.008859635438694525,0.0036850744205078026,0.009009252137833157,0.0036846139905446253,0.008859635438694525,0.0036846908037229324
UL001791,192.0,0.02039447880756159,0.005504256340304966,0.012121101350501477,0.004051888881536027,0.012121101350501477,0.004051888881536027,0.01257527197041334,0.004050752891267841,0.01257527197041334,0.004050752891267841,0.005954395191467757,0.009970902739867771,0.004054540069300879,0.009970902739867771,0.004054540069300879,0.009925048845128561,0.0040545227985217735,0.009925048845128561,0.0040545227985217735,0.00576010318473242,0.010154110714222194,0.003737587198465826,0.01021076358323529,0.003737754595298443,0.010273155040496593,0.003682037110573652,0.010106875381654034,0.003682091821310523,0.012146409455455073,0.0038093289840723022,0.012129483219877162,0.003809456074236346,0.012192942569041154,0.003730998682382663,0.012191791514052275,0.0037309915254076405,0.005504256340304966,0.01257527197041334,0.00405064772644915,0.01257527197041334,0.00405064772644915,0.01257527197041334,0.004050752891267841,0.01257527197041334,0.004050752891267841,0.0096799700908627,0.0037509956787203386,0.00968080876111625,0.0037511081271291284,0.009646165384139885,0.00375099686117697,0.009646544319842952,0.0037510922457054583,0.009925048845128561,0.004055065690176393,0.009925048845128561,0.004055065690176393,0.009925048845128561,0.0040545227985217735,0.009925048845128561,0.0040545227985217735,0.011998414329632326,0.0037917279054151213,0.011067995705790411,0.0037919304791130966,0.012176726622053857,0.0037246569278851466,0.01101657541928662,0.0037247974633235707,0.010154110714222194,0.003737587198465826,0.01021076358323529,0.003737754595298443,0.010273155040496593,0.003682037110573652,0.010106875381654034,0.003682091821310523,0.009970902739867771,0.004054540069300879,0.009970902739867771,0.004054540069300879,0.009925048845128561,0.0040545227985217735,0.009925048845128561,0.0040545227985217735,0.010273155040496593,0.0036879371954244983,0.010106875381654034,0.003687938824925075,0.010273155040496593,0.003682037110573652,0.010106875381654034,0.003682091821310523
UL001793,192.0,0.02565624303700982,0.005449648269916919,0.009795940547426003,0.004053102804129095,0.009795940547426003,0.004053102804129095,0.0098974486498327,0.004051048181211953,0.0098974486498327,0.004051048181211953,0.0057275694747947435,0.008711924636347911,0.004054482482295909,0.008711924636347911,0.004054482482295909,0.008727874730991974,0.004054485203242283,0.008727874730991974,0.004054485203242283,0.00562220131035483,0.00891044940007792,0.0037379351069176375,0.008685527413434068,0.003737978395909627,0.0088986567577323,0.0036790533668389965,0.008699602593824395,0.003679065448266647,0.009753085223080443,0.003815844092112318,0.009753804769754834,0.0038158592695518062,0.009731034599636227,0.0037307328986799938,0.009729699517434982,0.003730788626242692,0.005449648269916919,0.0098974486498327,0.004050500731317842,0.0098974486498327,0.004050500731317842,0.0098974486498327,0.004051048181211953,0.0098974486498327,0.004051048181211953,0.008568529181811132,0.003758054007385001,0.008568631183349726,0.0037580388058996513,0.008565631029246746,0.0037580660609465542,0.008560597277975607,0.003758036055667172,0.008727874730991974,0.004054625547360667,0.008727874730991974,0.004054625547360667,0.008727874730991974,0.004054485203242283,0.008727874730991974,0.004054485203242283,0.009709307634010891,0.0037991925109829333,0.009107734472066904,0.0037993495190290945,0.009662755298357747,0.0037258093237802965,0.009081610730450761,0.003725741293095511,0.00891044940007792,0.0037379351069176375,0.008685527413434068,0.003737978395909627,0.0088986567577323,0.0036790533668389965,0.008699602593824395,0.003679065448266647,0.008711924636347911,0.004054482482295909,0.008711924636347911,0.004054482482295909,0.008727874730991974,0.004054485203242283,0.008727874730991974,0.004054485203242283,0.0088986567577323,0.003688280351514833,0.008699602593824395,0.0036886373100765667,0.0088986567577323,0.0036790533668389965,0.008699602593824395,0.003679065448266647
UL001795,191.0,0.021229345018446946,0.00605690349478616,0.011216845478968566,0.0040308291387391995,0.011216845478968566,0.0040308291387391995,0.011587380566306968,0.004031011349466303,0.011587380566306968,0.004031011349466303,0.0064137794429864605,0.009399295312325823,0.004034401242013779,0.009399295312325823,0.004034401242013779,0.009379700181704921,0.0040344274345129215,0.009379700181704921,0.0040344274345129215,0.006180535337760041,0.00944913440869153,0.00371793662490094,0.009287377676491416,0.003717851685991086,0.009455753940690271,0.0036587068285811853,0.009358440488998367,0.0036587405940646045,0.01107872298107934,0.0038053536527181075,0.011074125590365823,0.003805547460280239,0.011094700589848279,0.003717497041574317,0.01109688578691552,0.003717434316025634,0.00605690349478616,0.011587380566306968,0.0040299979486671305,0.011587380566306968,0.0040299979486671305,0.011587380566306968,0.004031011349466303,0.011587380566306968,0.004031011349466303,0.009444900478132477,0.0037573085637934356,0.009443404517905213,0.0037571346032593067,0.009470906995782926,0.0037573051074567387,0.009468946481768008,0.0037571235700113795,0.009379700181704921,0.004034113239183242,0.009379700181704921,0.004034113239183242,0.009379700181704921,0.0040344274345129215,0.009379700181704921,0.0040344274345129215,0.01094274444103959,0.0037908431658283405,0.009943551738042634,0.003790939932582161,0.01100130674887369,0.0037129338384198846,0.009916391096911932,0.003712823593292264,0.00944913440869153,0.00371793662490094,0.009287377676491416,0.003717851685991086,0.009455753940690271,0.0036587068285811853,0.009358440488998367,0.0036587405940646045,0.009399295312325823,0.004034401242013779,0.009399295312325823,0.004034401242013779,0.009379700181704921,0.0040344274345129215,0.009379700181704921,0.0040344274345129215,0.009455753940690271,0.003661338375500134,0.009358440488998367,0.0036613485637557058,0.009455753940690271,0.0036587068285811853,0.009358440488998367,0.0036587405940646045
Mean mAP,115.09536082474227,0.05167298100806104,0.004800220375229298,0.01843434818497039,0.0023306536828644722,0.01843434818497039,0.0023306536828644722,0.01906264129255531,0.0023294847192645084,0.01906264129255531,0.0023294847192645084,0.008125136653273472,0.013556412953925897,0.0023270098728705303,0.013556412953925897,0.0023270098728705303,0.01433883377332925,0.0023270091521927607,0.01433883377332925,0.0023270091521927607,0.005811117330245701,0.011890429199445711,0.002181998650960864,0.01321591440942362,0.0021820267176180254,0.011345296994558232,0.0021688123031133014,0.01259149349717682,0.0021688319731682825,0.018963717075320408,0.0023326278729759106,0.018963862217912474,0.0023326629678045475,0.01818402561338769,0.002375332451710587,0.01818525372694443,0.002375372685381105,0.004800220375229298,0.01906264129255531,0.002328185942429716,0.01906264129255531,0.002328185942429716,0.01906264129255531,0.0023294847192645084,0.01906264129255531,0.0023294847192645084,0.014196869599712352,0.002348550428098564,0.014196669525795482,0.002348431288114121,0.014475719672195343,0.002348551788197582,0.01447535921369741,0.0023484313348487943,0.01433883377332925,0.0023266655519157678,0.01433883377332925,0.0023266655519157678,0.01433883377332925,0.0023270091521927607,0.01433883377332925,0.0023270091521927607,0.018300283861117452,0.002320330364821298,0.016211436817694335,0.0023203756421228063,0.017464940415184236,0.0023673042606567997,0.015486145933756051,0.002367346137880949,0.011890429199445711,0.002181998650960864,0.01321591440942362,0.0021820267176180254,0.011345296994558232,0.0021688123031133014,0.01259149349717682,0.0021688319731682825,0.013556412953925897,0.0023270098728705303,0.013556412953925897,0.0023270098728705303,0.01433883377332925,0.0023270091521927607,0.01433883377332925,0.0023270091521927607,0.011345296994558232,0.002172883189465673,0.01259149349717682,0.0021728995301447365,0.011345296994558232,0.0021688123031133014,0.01259149349717682,0.0021688319731682825
