Label,Number of Queries,mAP (Embeddings_Raw),mAP (Embeddings_Raw__Int),mAP (Embeddings_Raw__ZCA_N_C),mAP (Embeddings_Raw__ZCA_N),mAP (Embeddings_Raw__ZCA_C),mAP (Embeddings_Raw__ZCA),mAP (Embeddings_Raw__ZCA-cor_N_C),mAP (Embeddings_Raw__ZCA-cor_N),mAP (Embeddings_Raw__ZCA-cor_C),mAP (Embeddings_Raw__ZCA-cor),mAP (Embeddings_Raw__rZMs_C),mAP (Embeddings_Raw__Int__ZCA_N_C),mAP (Embeddings_Raw__Int__ZCA_N),mAP (Embeddings_Raw__Int__ZCA_C),mAP (Embeddings_Raw__Int__ZCA),mAP (Embeddings_Raw__Int__ZCA-cor_N_C),mAP (Embeddings_Raw__Int__ZCA-cor_N),mAP (Embeddings_Raw__Int__ZCA-cor_C),mAP (Embeddings_Raw__Int__ZCA-cor),mAP (Embeddings_Raw__Int__rZMs_C),mAP (Embeddings_Raw__ZCA_N_C__Int),mAP (Embeddings_Raw__ZCA_N__Int),mAP (Embeddings_Raw__ZCA_C__Int),mAP (Embeddings_Raw__ZCA__Int),mAP (Embeddings_Raw__ZCA-cor_N_C__Int),mAP (Embeddings_Raw__ZCA-cor_N__Int),mAP (Embeddings_Raw__ZCA-cor_C__Int),mAP (Embeddings_Raw__ZCA-cor__Int),mAP (Embeddings_Raw__ZCA_N_C__rZMs_C),mAP (Embeddings_Raw__ZCA_N__rZMs_C),mAP (Embeddings_Raw__ZCA_C__rZMs_C),mAP (Embeddings_Raw__ZCA__rZMs_C),mAP (Embeddings_Raw__ZCA-cor_N_C__rZMs_C),mAP (Embeddings_Raw__ZCA-cor_N__rZMs_C),mAP (Embeddings_Raw__ZCA-cor_C__rZMs_C),mAP (Embeddings_Raw__ZCA-cor__rZMs_C),mAP (Embeddings_Raw__rZMs_C__Int),mAP (Embeddings_Raw__rZMs_C__ZCA_N_C),mAP (Embeddings_Raw__rZMs_C__ZCA_N),mAP (Embeddings_Raw__rZMs_C__ZCA_C),mAP (Embeddings_Raw__rZMs_C__ZCA),mAP (Embeddings_Raw__rZMs_C__ZCA-cor_N_C),mAP (Embeddings_Raw__rZMs_C__ZCA-cor_N),mAP (Embeddings_Raw__rZMs_C__ZCA-cor_C),mAP (Embeddings_Raw__rZMs_C__ZCA-cor),mAP (Embeddings_Raw__Int__ZCA_N_C__rZMs_C),mAP (Embeddings_Raw__Int__ZCA_N__rZMs_C),mAP (Embeddings_Raw__Int__ZCA_C__rZMs_C),mAP (Embeddings_Raw__Int__ZCA__rZMs_C),mAP (Embeddings_Raw__Int__ZCA-cor_N_C__rZMs_C),mAP (Embeddings_Raw__Int__ZCA-cor_N__rZMs_C),mAP (Embeddings_Raw__Int__ZCA-cor_C__rZMs_C),mAP (Embeddings_Raw__Int__ZCA-cor__rZMs_C),mAP (Embeddings_Raw__Int__rZMs_C__ZCA_N_C),mAP (Embeddings_Raw__Int__rZMs_C__ZCA_N),mAP (Embeddings_Raw__Int__rZMs_C__ZCA_C),mAP (Embeddings_Raw__Int__rZMs_C__ZCA),mAP (Embeddings_Raw__Int__rZMs_C__ZCA-cor_N_C),mAP (Embeddings_Raw__Int__rZMs_C__ZCA-cor_N),mAP (Embeddings_Raw__Int__rZMs_C__ZCA-cor_C),mAP (Embeddings_Raw__Int__rZMs_C__ZCA-cor),mAP (Embeddings_Raw__ZCA_N_C__Int__rZMs_C),mAP (Embeddings_Raw__ZCA_N__Int__rZMs_C),mAP (Embeddings_Raw__ZCA_C__Int__rZMs_C),mAP (Embeddings_Raw__ZCA__Int__rZMs_C),mAP (Embeddings_Raw__ZCA-cor_N_C__Int__rZMs_C),mAP (Embeddings_Raw__ZCA-cor_N__Int__rZMs_C),mAP (Embeddings_Raw__ZCA-cor_C__Int__rZMs_C),mAP (Embeddings_Raw__ZCA-cor__Int__rZMs_C),mAP (Embeddings_Raw__ZCA_N_C__rZMs_C__Int),mAP (Embeddings_Raw__ZCA_N__rZMs_C__Int),mAP (Embeddings_Raw__ZCA_C__rZMs_C__Int),mAP (Embeddings_Raw__ZCA__rZMs_C__Int),mAP (Embeddings_Raw__ZCA-cor_N_C__rZMs_C__Int),mAP (Embeddings_Raw__ZCA-cor_N__rZMs_C__Int),mAP (Embeddings_Raw__ZCA-cor_C__rZMs_C__Int),mAP (Embeddings_Raw__ZCA-cor__rZMs_C__Int),mAP (Embeddings_Raw__rZMs_C__Int__ZCA_N_C),mAP (Embeddings_Raw__rZMs_C__Int__ZCA_N),mAP (Embeddings_Raw__rZMs_C__Int__ZCA_C),mAP (Embeddings_Raw__rZMs_C__Int__ZCA),mAP (Embeddings_Raw__rZMs_C__Int__ZCA-cor_N_C),mAP (Embeddings_Raw__rZMs_C__Int__ZCA-cor_N),mAP (Embeddings_Raw__rZMs_C__Int__ZCA-cor_C),mAP (Embeddings_Raw__rZMs_C__Int__ZCA-cor),mAP (Embeddings_Raw__rZMs_C__ZCA_N_C__Int),mAP (Embeddings_Raw__rZMs_C__ZCA_N__Int),mAP (Embeddings_Raw__rZMs_C__ZCA_C__Int),mAP (Embeddings_Raw__rZMs_C__ZCA__Int),mAP (Embeddings_Raw__rZMs_C__ZCA-cor_N_C__Int),mAP (Embeddings_Raw__rZMs_C__ZCA-cor_N__Int),mAP (Embeddings_Raw__rZMs_C__ZCA-cor_C__Int),mAP (Embeddings_Raw__rZMs_C__ZCA-cor__Int)
1053597844,64.0,0.050581095093479106,0.004959083317157865,0.020471910459020908,0.001247561528325139,0.020471910459020908,0.001247561528325139,0.022019628710691564,0.0012463603630991577,0.022019628710691564,0.0012463603630991577,0.006434046617389734,0.016551038951264047,0.0012433077135998592,0.016551038951264047,0.0012433077135998592,0.016893029569570422,0.001243307385512173,0.016893029569570422,0.001243307385512173,0.005979258095599609,0.00968449027304005,0.001169635914700987,0.011116516053117993,0.0011696557925573465,0.01018856955750104,0.0011411718479720845,0.010361096704920475,0.0011411985919384524,0.02149663187500062,0.0013094084988164124,0.021476402709681243,0.0013102235190292572,0.022291663998756647,0.0013074096986284848,0.022305946081129343,0.0013082617463330655,0.004959083317157865,0.022019628710691564,0.001246499926392879,0.022019628710691564,0.001246499926392879,0.022019628710691564,0.0012463603630991577,0.022019628710691564,0.0012463603630991577,0.017661379106020787,0.001277113862315793,0.017672019411975343,0.0012779407804336422,0.017616917800923323,0.001277112178706404,0.01762962735946153,0.0012779378938526694,0.016893029569570422,0.0012432447221407065,0.016893029569570422,0.0012432447221407065,0.016893029569570422,0.001243307385512173,0.016893029569570422,0.001243307385512173,0.020924596344799918,0.001300598288349113,0.01596979002607084,0.0013013018379525636,0.021336000335290487,0.0013071637490762633,0.015392223574185238,0.0013081729728404623,0.00968449027304005,0.001169635914700987,0.011116516053117993,0.0011696557925573465,0.01018856955750104,0.0011411718479720845,0.010361096704920475,0.0011411985919384524,0.016551038951264047,0.0012433077135998592,0.016551038951264047,0.0012433077135998592,0.016893029569570422,0.001243307385512173,0.016893029569570422,0.001243307385512173,0.01018856955750104,0.001140120586742759,0.010361096704920475,0.00114012387869854,0.01018856955750104,0.0011411718479720845,0.010361096704920475,0.0011411985919384524
1053597981,64.0,0.10818684779787327,0.00528285832351004,0.018398996192141307,0.001246988955792874,0.018398996192141307,0.001246988955792874,0.020323863948532434,0.001245869069939118,0.020323863948532434,0.001245869069939118,0.006853731477522332,0.015821670406342695,0.0012428934076401939,0.015821670406342695,0.0012428934076401939,0.01678807514736284,0.0012428934076401939,0.01678807514736284,0.0012428934076401939,0.006429106240649749,0.010615888777025668,0.0011699760676754391,0.01127597872227562,0.001170015884276941,0.010561022489211522,0.001141549347325971,0.011420839517283241,0.0011415147456170732,0.019346330314282602,0.0013121624070006502,0.01931990072279304,0.0013126493961253458,0.019379875790842795,0.0012953974011523572,0.019416984428329565,0.0012959494035463958,0.00528285832351004,0.020323863948532434,0.0012463941188375024,0.020323863948532434,0.0012463941188375024,0.020323863948532434,0.001245869069939118,0.020323863948532434,0.001245869069939118,0.01578173042711792,0.001277230199388719,0.01577835083167909,0.0012776099519337788,0.015594446930527752,0.0012772248580600835,0.015589253342562455,0.001277614024990399,0.01678807514736284,0.0012424544505165093,0.01678807514736284,0.0012424544505165093,0.01678807514736284,0.0012428934076401939,0.01678807514736284,0.0012428934076401939,0.019195877428358824,0.0013018267534740113,0.014665251629296923,0.001302234019508553,0.018930561394712775,0.0012973260099561122,0.015492231075570581,0.0012978572641278857,0.010615888777025668,0.0011699760676754391,0.01127597872227562,0.001170015884276941,0.010561022489211522,0.001141549347325971,0.011420839517283241,0.0011415147456170732,0.015821670406342695,0.0012428934076401939,0.015821670406342695,0.0012428934076401939,0.01678807514736284,0.0012428934076401939,0.01678807514736284,0.0012428934076401939,0.010561022489211522,0.001141140257560056,0.011420839517283241,0.0011411889988408792,0.010561022489211522,0.001141549347325971,0.011420839517283241,0.0011415147456170732
1053597998,64.0,0.08505464258935044,0.0060720592789501706,0.022526930105492098,0.0012480234328103772,0.022526930105492098,0.0012480234328103772,0.023134156269642256,0.0012464639454142679,0.023134156269642256,0.0012464639454142679,0.009826609650041576,0.020796633168088767,0.001244178363193981,0.020796633168088767,0.001244178363193981,0.02207961093150855,0.0012441669355130517,0.02207961093150855,0.0012441669355130517,0.009336147866225194,0.010491866699823582,0.001170477398840194,0.010971051184452896,0.0011704776671213832,0.010835424811782865,0.0011409834924242276,0.01187933804218293,0.0011410119318449193,0.023218201670892568,0.0013154723917417623,0.023147616038227774,0.0013159304093329058,0.022865020718585285,0.0013193330162323408,0.022863434663556798,0.0013200317356784432,0.0060720592789501706,0.023134156269642256,0.0012461534502516457,0.023134156269642256,0.0012461534502516457,0.023134156269642256,0.0012464639454142679,0.023134156269642256,0.0012464639454142679,0.02200869885555192,0.001297221105042227,0.02200210139241531,0.0012978690797519426,0.022050032824015957,0.0012972174647562945,0.022069488216119183,0.001297858038624467,0.02207961093150855,0.0012439287973370367,0.02207961093150855,0.0012439287973370367,0.02207961093150855,0.0012441669355130517,0.02207961093150855,0.0012441669355130517,0.02146327087230991,0.001309772746855564,0.017571531545056748,0.001310281026022131,0.021365927787424188,0.001321260900697371,0.018388474454128428,0.0013219470071939114,0.010491866699823582,0.001170477398840194,0.010971051184452896,0.0011704776671213832,0.010835424811782865,0.0011409834924242276,0.01187933804218293,0.0011410119318449193,0.020796633168088767,0.001244178363193981,0.020796633168088767,0.001244178363193981,0.02207961093150855,0.0012441669355130517,0.02207961093150855,0.0012441669355130517,0.010835424811782865,0.0011398077881237722,0.01187933804218293,0.0011398841258549142,0.010835424811782865,0.0011409834924242276,0.01187933804218293,0.0011410119318449193
1053599558,64.0,0.19517964549577982,0.0114979243414568,0.020267923524886985,0.0012439579320066229,0.020267923524886985,0.0012439579320066229,0.021468741480448486,0.0012425882764722067,0.021468741480448486,0.0012425882764722067,0.016084690022568925,0.016641324455032244,0.0012393278881318397,0.016641324455032244,0.0012393278881318397,0.01854149400359753,0.0012393278881318397,0.01854149400359753,0.0012393278881318397,0.014738193605808757,0.00956547726831566,0.0011670537256530554,0.009633802181479677,0.0011670532310535824,0.009680799111478062,0.0011380423158325438,0.010626850475472353,0.0011380884388191592,0.019674867764376897,0.0013067680879701512,0.019656130879814458,0.0013074853304439217,0.019730346342508438,0.0013233876716953793,0.019699183318385362,0.0013241735470480797,0.0114979243414568,0.021468741480448486,0.00124276854109529,0.021468741480448486,0.00124276854109529,0.021468741480448486,0.0012425882764722067,0.021468741480448486,0.0012425882764722067,0.018198054925875427,0.0013025344164481582,0.018220311155344126,0.0013030994911185571,0.018926646141731715,0.0013025377642783174,0.01880195093808095,0.0013030998484632541,0.01854149400359753,0.0012392365349136213,0.01854149400359753,0.0012392365349136213,0.01854149400359753,0.0012393278881318397,0.01854149400359753,0.0012393278881318397,0.018836113944050496,0.0012958582350195008,0.016471871693084346,0.0012963713293884837,0.019167784948393787,0.0013263108477739,0.017914987426812072,0.0013271676542809929,0.00956547726831566,0.0011670537256530554,0.009633802181479677,0.0011670532310535824,0.009680799111478062,0.0011380423158325438,0.010626850475472353,0.0011380884388191592,0.016641324455032244,0.0012393278881318397,0.016641324455032244,0.0012393278881318397,0.01854149400359753,0.0012393278881318397,0.01854149400359753,0.0012393278881318397,0.009680799111478062,0.0011394453001248354,0.010626850475472353,0.0011394318619047967,0.009680799111478062,0.0011380423158325438,0.010626850475472353,0.0011380884388191592
1053599657,64.0,0.20119497390444552,0.008599869718323177,0.016928913680448812,0.001244363697681221,0.016928913680448812,0.001244363697681221,0.01768401244067073,0.0012422971795032949,0.01768401244067073,0.0012422971795032949,0.011468337812634545,0.014777065710264681,0.0012395713418101274,0.014777065710264681,0.0012395713418101274,0.015182710661696464,0.0012395713418101274,0.015182710661696464,0.0012395713418101274,0.01110784083480936,0.009532020632560508,0.0011670778940251036,0.010282014696328747,0.0011669659049435544,0.009954267074463041,0.0011406029714748568,0.010062105757235783,0.0011406322354149006,0.01781354227465633,0.0013183547528325059,0.017843917403362525,0.0013189424729784444,0.01773903222458686,0.0013150864886954463,0.017738382220473338,0.0013156996881650445,0.008599869718323177,0.01768401244067073,0.0012429263611904863,0.01768401244067073,0.0012429263611904863,0.01768401244067073,0.0012422971795032949,0.01768401244067073,0.0012422971795032949,0.015912318506524276,0.0012992154591038568,0.015907162700231493,0.0012996646068557224,0.016260095492478897,0.0012992163179882516,0.016284310170582034,0.001299661766352891,0.015182710661696464,0.001239500173519022,0.015182710661696464,0.001239500173519022,0.015182710661696464,0.0012395713418101274,0.015182710661696464,0.0012395713418101274,0.016921760115239597,0.0013098886677144074,0.013021245369309197,0.0013103735954644417,0.016646243708658977,0.0013173213367014666,0.01269391253429275,0.0013177726921533924,0.009532020632560508,0.0011670778940251036,0.010282014696328747,0.0011669659049435544,0.009954267074463041,0.0011406029714748568,0.010062105757235783,0.0011406322354149006,0.014777065710264681,0.0012395713418101274,0.014777065710264681,0.0012395713418101274,0.015182710661696464,0.0012395713418101274,0.015182710661696464,0.0012395713418101274,0.009954267074463041,0.001140874283413637,0.010062105757235783,0.0011409605659006132,0.009954267074463041,0.0011406029714748568,0.010062105757235783,0.0011406322354149006
1053599695,64.0,0.26629056023591635,0.009184931286000245,0.016417764279508744,0.0012442707567460226,0.016417764279508744,0.0012442707567460226,0.018254918928917178,0.0012429128718050855,0.018254918928917178,0.0012429128718050855,0.011107279539588755,0.014689599548765215,0.0012401876310847674,0.014689599548765215,0.0012401876310847674,0.015229326539111188,0.0012401876310847674,0.015229326539111188,0.0012401876310847674,0.010826723039387491,0.010842446414650932,0.001167259972264747,0.010712317410360217,0.0011672506239833332,0.010584161781195067,0.0011414299207516184,0.0103232660169526,0.0011414285951047885,0.017629764713219746,0.001314002031831805,0.017634581259147887,0.0013142227540479624,0.017194614314974783,0.0013061839385819878,0.017195011104944802,0.001306369309463302,0.009184931286000245,0.018254918928917178,0.001242722500694224,0.018254918928917178,0.001242722500694224,0.018254918928917178,0.0012429128718050855,0.018254918928917178,0.0012429128718050855,0.014389981011395154,0.0013104414320507468,0.014386589184649079,0.0013108227344461529,0.014562084240441841,0.0013104401340687023,0.014550801692124141,0.0013108229191791127,0.015229326539111188,0.0012400251028337722,0.015229326539111188,0.0012400251028337722,0.015229326539111188,0.0012401876310847674,0.015229326539111188,0.0012401876310847674,0.016514009984292713,0.0013085190684443665,0.013752403013745803,0.0013088002114772725,0.0167767637237427,0.0013133346500740818,0.013724814763875959,0.001313549049682428,0.010842446414650932,0.001167259972264747,0.010712317410360217,0.0011672506239833332,0.010584161781195067,0.0011414299207516184,0.0103232660169526,0.0011414285951047885,0.014689599548765215,0.0012401876310847674,0.014689599548765215,0.0012401876310847674,0.015229326539111188,0.0012401876310847674,0.015229326539111188,0.0012401876310847674,0.010584161781195067,0.0011415350486639881,0.0103232660169526,0.0011415840972315852,0.010584161781195067,0.0011414299207516184,0.0103232660169526,0.0011414285951047885
1053600704,64.0,0.09959489136880198,0.007047246311275016,0.019410914779024346,0.0012477587144165403,0.019410914779024346,0.0012477587144165403,0.02102202904700117,0.0012461472818720552,0.02102202904700117,0.0012461472818720552,0.010311973547872024,0.01605772346853082,0.0012428832450752086,0.01605772346853082,0.0012428832450752086,0.016992937390326916,0.0012428835074107481,0.016992937390326916,0.0012428835074107481,0.008518432981878907,0.012365763756753839,0.0011718798692954432,0.013708386174651853,0.0011718087899778744,0.012799277351619624,0.0011424768606317847,0.014055171376605856,0.0011424800744665121,0.020286477680821778,0.0013197100027257753,0.020289103085243253,0.0013205980322440751,0.019776125182340912,0.0013258227163576264,0.019779373517453964,0.001326938724895121,0.007047246311275016,0.02102202904700117,0.0012463685945245206,0.02102202904700117,0.0012463685945245206,0.02102202904700117,0.0012461472818720552,0.02102202904700117,0.0012461472818720552,0.016242913792270896,0.0012912563912687543,0.01623318726027426,0.0012919707832106107,0.016366568069430428,0.0012912429853965662,0.016361426020030802,0.00129197277840747,0.016992937390326916,0.0012423742881168725,0.016992937390326916,0.0012423742881168725,0.016992937390326916,0.0012428835074107481,0.016992937390326916,0.0012428835074107481,0.01941742851978929,0.0013095246505336726,0.016613455715977467,0.0013103623085870876,0.018801457292275198,0.001329947584740742,0.016811443925253428,0.001330929446411604,0.012365763756753839,0.0011718798692954432,0.013708386174651853,0.0011718087899778744,0.012799277351619624,0.0011424768606317847,0.014055171376605856,0.0011424800744665121,0.01605772346853082,0.0012428832450752086,0.01605772346853082,0.0012428832450752086,0.016992937390326916,0.0012428835074107481,0.016992937390326916,0.0012428835074107481,0.012799277351619624,0.0011427045039209944,0.014055171376605856,0.0011427757234973703,0.012799277351619624,0.0011424768606317847,0.014055171376605856,0.0011424800744665121
1053600735,64.0,0.0683771266793935,0.00576232781968333,0.020860034375513408,0.0012475182158759395,0.020860034375513408,0.0012475182158759395,0.022043178593612784,0.0012456057437583725,0.022043178593612784,0.0012456057437583725,0.010039215629984723,0.018193498915020843,0.0012426738033959096,0.018193498915020843,0.0012426738033959096,0.018920019910044356,0.0012426806135033943,0.018920019910044356,0.0012426806135033943,0.00791292521854994,0.010300417357225082,0.0011685157267485131,0.01273288789246703,0.001168586110714178,0.010631342886653407,0.0011425628673912515,0.013245963286773922,0.0011425540715919193,0.021297373604799347,0.0013148619258848517,0.0212958610690549,0.001316080778716999,0.021685552183819165,0.0013321792542914368,0.021679665658321107,0.0013337856513826734,0.00576232781968333,0.022043178593612784,0.0012459074823930848,0.022043178593612784,0.0012459074823930848,0.022043178593612784,0.0012456057437583725,0.022043178593612784,0.0012456057437583725,0.017441106950684147,0.0012957937971267797,0.017454331885282653,0.001296542381747322,0.017489789277150242,0.0012957957445861687,0.01749568467963775,0.001296543107550077,0.018920019910044356,0.0012425322867279712,0.018920019910044356,0.0012425322867279712,0.018920019910044356,0.0012426806135033943,0.018920019910044356,0.0012426806135033943,0.02061194857493648,0.0013105203361414152,0.016296720997482604,0.001311786339398789,0.02078165265658053,0.0013357077731184267,0.016902141416200573,0.0013370620628567677,0.010300417357225082,0.0011685157267485131,0.01273288789246703,0.001168586110714178,0.010631342886653407,0.0011425628673912515,0.013245963286773922,0.0011425540715919193,0.018193498915020843,0.0012426738033959096,0.018193498915020843,0.0012426738033959096,0.018920019910044356,0.0012426806135033943,0.018920019910044356,0.0012426806135033943,0.010631342886653407,0.0011400728185730204,0.013245963286773922,0.0011400138522016754,0.010631342886653407,0.0011425628673912515,0.013245963286773922,0.0011425540715919193
1053600841,64.0,0.08075126243730564,0.006701169201809295,0.02536478263147475,0.0012473994384375052,0.02536478263147475,0.0012473994384375052,0.027905559230625383,0.0012458713731868425,0.027905559230625383,0.0012458713731868425,0.012176995695810336,0.022815507144852618,0.001242857688480811,0.022815507144852618,0.001242857688480811,0.02381737263911215,0.001242868419790869,0.02381737263911215,0.001242868419790869,0.010845681687627784,0.01384195542523922,0.0011712189327263746,0.01456723356991726,0.0011712488461498446,0.014114736951306635,0.001142799657850981,0.015563119789935496,0.0011428382107285103,0.026050495337654682,0.0013160082123134637,0.026017299883768493,0.0013172097350157073,0.028032018840759582,0.001331632107738909,0.028012594953404676,0.0013332644971212517,0.006701169201809295,0.027905559230625383,0.0012456496195792817,0.027905559230625383,0.0012456496195792817,0.027905559230625383,0.0012458713731868425,0.027905559230625383,0.0012458713731868425,0.024767113080164327,0.0013142480545079106,0.02476623444112542,0.001315161631715495,0.02492053773509353,0.0013142492856547923,0.024920107965539277,0.0013151633743008762,0.02381737263911215,0.0012430131295779888,0.02381737263911215,0.0012430131295779888,0.02381737263911215,0.001242868419790869,0.02381737263911215,0.001242868419790869,0.02518488547904013,0.0013110543042945616,0.020757231385922763,0.0013122967736228874,0.027068038542205075,0.0013410283683198498,0.021501547342404385,0.001342345072702139,0.01384195542523922,0.0011712189327263746,0.01456723356991726,0.0011712488461498446,0.014114736951306635,0.001142799657850981,0.015563119789935496,0.0011428382107285103,0.022815507144852618,0.001242857688480811,0.022815507144852618,0.001242857688480811,0.02381737263911215,0.001242868419790869,0.02381737263911215,0.001242868419790869,0.014114736951306635,0.001142564394505482,0.015563119789935496,0.0011426642871035012,0.014114736951306635,0.001142799657850981,0.015563119789935496,0.0011428382107285103
1053601770,64.0,0.10695391278441092,0.007602765599046661,0.023338644298589215,0.001247166378802718,0.023338644298589215,0.001247166378802718,0.02564446544704343,0.00124586805164909,0.02564446544704343,0.00124586805164909,0.014924761499952078,0.020105434611444144,0.0012419197757131155,0.020105434611444144,0.0012419197757131155,0.02086905999417791,0.001241909692904512,0.02086905999417791,0.001241909692904512,0.011319800210166644,0.013600955228313475,0.0011710258108063793,0.01491493545655777,0.0011710028839018783,0.014500824096745114,0.0011400442074061886,0.014519168721478242,0.0011401901394245684,0.02430338007604972,0.001323489898304317,0.02429844407975724,0.0013243683052779442,0.025558326646075755,0.001362425754503255,0.02555972902480817,0.001363734474400834,0.007602765599046661,0.02564446544704343,0.0012463611150646638,0.02564446544704343,0.0012463611150646638,0.02564446544704343,0.00124586805164909,0.02564446544704343,0.00124586805164909,0.02008769054858511,0.0013191050128458063,0.02009471378304649,0.001319706323670936,0.019853156059621256,0.001319096795710954,0.019728980919078133,0.0013197076652138684,0.02086905999417791,0.0012423827834877217,0.02086905999417791,0.0012423827834877217,0.02086905999417791,0.001241909692904512,0.02086905999417791,0.001241909692904512,0.02354589810571742,0.0013227575200372864,0.020099541785712317,0.0013234909087470688,0.02477880316337959,0.0013612760318232398,0.01926066122597566,0.001362478432296024,0.013600955228313475,0.0011710258108063793,0.01491493545655777,0.0011710028839018783,0.014500824096745114,0.0011400442074061886,0.014519168721478242,0.0011401901394245684,0.020105434611444144,0.0012419197757131155,0.020105434611444144,0.0012419197757131155,0.02086905999417791,0.001241909692904512,0.02086905999417791,0.001241909692904512,0.014500824096745114,0.0011419708178607468,0.014519168721478242,0.001142063108160611,0.014500824096745114,0.0011400442074061886,0.014519168721478242,0.0011401901394245684
1053601855,64.0,0.0666070683377437,0.0068672604947739475,0.02091364955463734,0.001249059188296086,0.02091364955463734,0.001249059188296086,0.022543616184928936,0.0012472278246929151,0.022543616184928936,0.0012472278246929151,0.010064581711711922,0.018898709253665557,0.0012430477807701063,0.018898709253665557,0.0012430477807701063,0.019780213775508235,0.0012430569500474628,0.019780213775508235,0.0012430569500474628,0.00839709285772696,0.013007757077973473,0.0011715867342591828,0.014516751982197505,0.0011716725139669718,0.013714834452118121,0.0011410447301024292,0.013775319468104008,0.00114115578425443,0.022483117975981876,0.0013100537061338853,0.02247362919172796,0.0013107998754454866,0.022384172643311752,0.001325133102554622,0.02238434559113317,0.0013261860518262423,0.0068672604947739475,0.022543616184928936,0.0012474210443364597,0.022543616184928936,0.0012474210443364597,0.022543616184928936,0.0012472278246929151,0.022543616184928936,0.0012472278246929151,0.020882322294276116,0.0012882486482664055,0.020917261226105367,0.0012888111519937344,0.021226516753222253,0.001288249804975447,0.02125181173310957,0.0012888119183719331,0.019780213775508235,0.0012432105777047157,0.019780213775508235,0.0012432105777047157,0.019780213775508235,0.0012430569500474628,0.019780213775508235,0.0012430569500474628,0.0211169213990366,0.0013137088055110327,0.016909502495236962,0.0013143732891268555,0.02160742159401762,0.0013442620764148648,0.017378842713504802,0.0013452556877947496,0.013007757077973473,0.0011715867342591828,0.014516751982197505,0.0011716725139669718,0.013714834452118121,0.0011410447301024292,0.013775319468104008,0.00114115578425443,0.018898709253665557,0.0012430477807701063,0.018898709253665557,0.0012430477807701063,0.019780213775508235,0.0012430569500474628,0.019780213775508235,0.0012430569500474628,0.013714834452118121,0.0011433030573271194,0.013775319468104008,0.0011434320603385232,0.013714834452118121,0.0011410447301024292,0.013775319468104008,0.00114115578425443
1053601862,64.0,0.08867796575754494,0.005523032200140895,0.015790680769419543,0.0012474472832070386,0.015790680769419543,0.0012474472832070386,0.015664633099858407,0.0012459289698766927,0.015664633099858407,0.0012459289698766927,0.007901524051667625,0.013472644542410655,0.0012429570020629722,0.013472644542410655,0.0012429570020629722,0.01423244965490866,0.0012429587628940632,0.01423244965490866,0.0012429587628940632,0.006515094596165163,0.012569124805480317,0.0011723746995404797,0.013216814745046096,0.0011723935856919417,0.012445664761364173,0.0011403924701567348,0.012907167319110218,0.0011404526648262183,0.016079587228157912,0.0013155797998094898,0.01608506990080608,0.001316589271832759,0.015586025197624023,0.0013473323039211419,0.015563777318110714,0.0013486627504454673,0.005523032200140895,0.015664633099858407,0.0012459129543612004,0.015664633099858407,0.0012459129543612004,0.015664633099858407,0.0012459289698766927,0.015664633099858407,0.0012459289698766927,0.014563474997012018,0.001313975763708135,0.014564409579505295,0.0013147427735980897,0.01457388137674971,0.0013139792608501766,0.014573891745387714,0.0013147379585871108,0.01423244965490866,0.0012425891263475367,0.01423244965490866,0.0012425891263475367,0.01423244965490866,0.0012429587628940632,0.01423244965490866,0.0012429587628940632,0.015851600291140876,0.001310830644983813,0.015228481692686407,0.0013117984038278584,0.01541418060657439,0.0013487532788666423,0.014640847397194295,0.0013499723548069827,0.012569124805480317,0.0011723746995404797,0.013216814745046096,0.0011723935856919417,0.012445664761364173,0.0011403924701567348,0.012907167319110218,0.0011404526648262183,0.013472644542410655,0.0012429570020629722,0.013472644542410655,0.0012429570020629722,0.01423244965490866,0.0012429587628940632,0.01423244965490866,0.0012429587628940632,0.012445664761364173,0.0011408735402051533,0.012907167319110218,0.0011409709161122083,0.012445664761364173,0.0011403924701567348,0.012907167319110218,0.0011404526648262183
1086289693,64.0,0.07699291933272084,0.009229333542536515,0.019856865422585166,0.001248883846679421,0.019856865422585166,0.001248883846679421,0.021860815043629335,0.0012470141977223828,0.021860815043629335,0.0012470141977223828,0.011663338655392678,0.01831838318538217,0.001242792170009038,0.01831838318538217,0.001242792170009038,0.01883004512227876,0.001242792170009038,0.01883004512227876,0.001242792170009038,0.009884620530102257,0.014107997868366669,0.0011714715444481362,0.01453494301128649,0.0011715415548746108,0.015047514774949061,0.0011402379413030348,0.015118756276392266,0.0011401723691210261,0.020622958650332035,0.0013187188478889181,0.020631492787423614,0.00131898229448522,0.020851146531503936,0.0013275626855117964,0.02079875379126696,0.0013281512337700978,0.009229333542536515,0.021860815043629335,0.001246652356061815,0.021860815043629335,0.001246652356061815,0.021860815043629335,0.0012470141977223828,0.021860815043629335,0.0012470141977223828,0.017522758290291415,0.0012691560773488392,0.01752454596943114,0.0012690726703065748,0.01784101167397715,0.0012691544174254037,0.01784114566616577,0.0012690767991980069,0.01883004512227876,0.0012427559159777157,0.01883004512227876,0.0012427559159777157,0.01883004512227876,0.001242792170009038,0.01883004512227876,0.001242792170009038,0.019606729450934744,0.0013109974518845918,0.017601856809357354,0.0013113267745699347,0.019634774455324636,0.0013273784768997013,0.01751589157024145,0.0013280060338829636,0.014107997868366669,0.0011714715444481362,0.01453494301128649,0.0011715415548746108,0.015047514774949061,0.0011402379413030348,0.015118756276392266,0.0011401723691210261,0.01831838318538217,0.001242792170009038,0.01831838318538217,0.001242792170009038,0.01883004512227876,0.001242792170009038,0.01883004512227876,0.001242792170009038,0.015047514774949061,0.001140484464093586,0.015118756276392266,0.0011405670580937812,0.015047514774949061,0.0011402379413030348,0.015118756276392266,0.0011401723691210261
1086289730,64.0,0.06770327972375947,0.007580239152681479,0.016514538457569228,0.0012496511000087698,0.016514538457569228,0.0012496511000087698,0.018991993451449144,0.001248234298502098,0.018991993451449144,0.001248234298502098,0.010454111207274878,0.014971706144630649,0.0012448090900903062,0.014971706144630649,0.0012448090900903062,0.015984706500687413,0.0012448059446517176,0.015984706500687413,0.0012448059446517176,0.009043049248153776,0.00879896194287205,0.0011693585264621453,0.010045130187259218,0.0011692808908763347,0.009688201357660717,0.0011435630547266236,0.010509168684882227,0.0011437130354470502,0.017039826324229065,0.0013371404450533923,0.01703916946680258,0.0013375747490192186,0.01801620688730203,0.001352311251391124,0.01800817757608341,0.0013529557601045647,0.007580239152681479,0.018991993451449144,0.0012480348685312893,0.018991993451449144,0.0012480348685312893,0.018991993451449144,0.001248234298502098,0.018991993451449144,0.001248234298502098,0.015194785368605641,0.0013077720151751947,0.015203035919909987,0.0013078201276793247,0.015993269729853637,0.001307771706413254,0.01598112387203372,0.0013078227562058863,0.015984706500687413,0.0012441026507529333,0.015984706500687413,0.0012441026507529333,0.015984706500687413,0.0012448059446517176,0.015984706500687413,0.0012448059446517176,0.016393227213294396,0.001331781929143007,0.014007536219615714,0.0013321591156212936,0.01721002664405483,0.0013615597867594627,0.01449217638597546,0.0013622925583101516,0.00879896194287205,0.0011693585264621453,0.010045130187259218,0.0011692808908763347,0.009688201357660717,0.0011435630547266236,0.010509168684882227,0.0011437130354470502,0.014971706144630649,0.0012448090900903062,0.014971706144630649,0.0012448090900903062,0.015984706500687413,0.0012448059446517176,0.015984706500687413,0.0012448059446517176,0.009688201357660717,0.0011420699004404285,0.010509168684882227,0.0011420624078899541,0.009688201357660717,0.0011435630547266236,0.010509168684882227,0.0011437130354470502
1086289785,64.0,0.054585399735812896,0.007277245760913821,0.0245159592375434,0.0012494938160623617,0.0245159592375434,0.0012494938160623617,0.02871280608969018,0.0012480409383442649,0.02871280608969018,0.0012480409383442649,0.016832906010180636,0.023107142608294638,0.001244477026686724,0.023107142608294638,0.001244477026686724,0.023866432759026272,0.001244477026686724,0.023866432759026272,0.001244477026686724,0.011807210139921911,0.011818398352122544,0.0011726634403434364,0.013314494215600122,0.0011726640896966966,0.012551786666034426,0.001143598345173876,0.013936891318936037,0.0011435697873563386,0.025612168261675516,0.0013192527639961696,0.025748899845182513,0.0013198296889576583,0.026288938484587278,0.0013475334540689649,0.02631131079035222,0.0013483443628421127,0.007277245760913821,0.02871280608969018,0.0012478936098775225,0.02871280608969018,0.0012478936098775225,0.02871280608969018,0.0012480409383442649,0.02871280608969018,0.0012480409383442649,0.026097709838721072,0.0013053751905687423,0.02611563402312299,0.0013056069003748966,0.025830011672783437,0.001305370958543761,0.025821796631409318,0.0013056022460334316,0.023866432759026272,0.0012446961533432097,0.023866432759026272,0.0012446961533432097,0.023866432759026272,0.001244477026686724,0.023866432759026272,0.001244477026686724,0.024049459811758885,0.0013099447461859654,0.019583974682936718,0.0013105093981241617,0.02398983478293942,0.0013402793751279088,0.019780837275354683,0.0013410473729141034,0.011818398352122544,0.0011726634403434364,0.013314494215600122,0.0011726640896966966,0.012551786666034426,0.001143598345173876,0.013936891318936037,0.0011435697873563386,0.023107142608294638,0.001244477026686724,0.023107142608294638,0.001244477026686724,0.023866432759026272,0.001244477026686724,0.023866432759026272,0.001244477026686724,0.012551786666034426,0.001141698863333912,0.013936891318936037,0.0011417568008641828,0.012551786666034426,0.001143598345173876,0.013936891318936037,0.0011435697873563386
1086290323,64.0,0.06312836299483325,0.008465344910514823,0.021577317821026728,0.0012481874972927454,0.021577317821026728,0.0012481874972927454,0.024304453161349403,0.00124689637343261,0.024304453161349403,0.00124689637343261,0.011710042065055732,0.02012959843712513,0.001243502250435948,0.02012959843712513,0.001243502250435948,0.020843817905759957,0.0012434906464168242,0.020843817905759957,0.0012434906464168242,0.00915068140684449,0.015872057524250482,0.0011685134224408275,0.01632972608239795,0.001168631679009965,0.016131410334599895,0.0011450659373544953,0.016756935583514904,0.001145115673790298,0.022000990722356086,0.0013179939544683396,0.021999974134728296,0.0013188555801209,0.02224081058712292,0.001338737424042084,0.022240541173005245,0.0013398548152374035,0.008465344910514823,0.024304453161349403,0.001246672949791292,0.024304453161349403,0.001246672949791292,0.024304453161349403,0.00124689637343261,0.024304453161349403,0.00124689637343261,0.01900680607652075,0.0012972382278885774,0.019013657093766626,0.0012976081027402059,0.019679640790661562,0.0012972381032404666,0.019691939078197853,0.001297613385348151,0.020843817905759957,0.0012437843541412883,0.020843817905759957,0.0012437843541412883,0.020843817905759957,0.0012434906464168242,0.020843817905759957,0.0012434906464168242,0.021490823632719376,0.0013056119801000987,0.020685949693763396,0.001306310375254835,0.021482365544882514,0.0013340360160128558,0.02089547757864405,0.0013349422289340009,0.015872057524250482,0.0011685134224408275,0.01632972608239795,0.001168631679009965,0.016131410334599895,0.0011450659373544953,0.016756935583514904,0.001145115673790298,0.02012959843712513,0.001243502250435948,0.02012959843712513,0.001243502250435948,0.020843817905759957,0.0012434906464168242,0.020843817905759957,0.0012434906464168242,0.016131410334599895,0.0011423574191740237,0.016756935583514904,0.0011423679100965227,0.016131410334599895,0.0011450659373544953,0.016756935583514904,0.001145115673790298
1086290361,64.0,0.050008621588932614,0.008064590640398247,0.01539815621002502,0.0012493773297393596,0.01539815621002502,0.0012493773297393596,0.01742116399436644,0.0012479040327877278,0.01742116399436644,0.0012479040327877278,0.01063691652455113,0.011147306484998976,0.001244994037644172,0.011147306484998976,0.001244994037644172,0.0117490482804607,0.001244994037644172,0.0117490482804607,0.001244994037644172,0.008217764490523537,0.009847236049732273,0.0011707454750228795,0.009598583237298819,0.0011707295843354738,0.01012196891096963,0.0011433126516687206,0.009648657305697058,0.0011433684355840624,0.016005321090779873,0.001324967838827904,0.016006111825891813,0.0013256369744385373,0.016239586889523105,0.0013469423935070837,0.01623980868515613,0.0013477824826488938,0.008064590640398247,0.01742116399436644,0.0012485246363156675,0.01742116399436644,0.0012485246363156675,0.01742116399436644,0.0012479040327877278,0.01742116399436644,0.0012479040327877278,0.011720932725478845,0.0012938996143827754,0.011709398607342252,0.0012940779186490419,0.011909187123583105,0.0012939001068979542,0.011912595774798453,0.0012940825334550687,0.0117490482804607,0.0012450729800417997,0.0117490482804607,0.0012450729800417997,0.0117490482804607,0.001244994037644172,0.0117490482804607,0.001244994037644172,0.01542893236884066,0.0013213364441929398,0.012391095563320274,0.0013222521106301458,0.0157581371123375,0.0013496109969883478,0.012917054541924104,0.0013500575081156672,0.009847236049732273,0.0011707454750228795,0.009598583237298819,0.0011707295843354738,0.01012196891096963,0.0011433126516687206,0.009648657305697058,0.0011433684355840624,0.011147306484998976,0.001244994037644172,0.011147306484998976,0.001244994037644172,0.0117490482804607,0.001244994037644172,0.0117490482804607,0.001244994037644172,0.01012196891096963,0.0011409051683289378,0.009648657305697058,0.0011410389294392916,0.01012196891096963,0.0011433126516687206,0.009648657305697058,0.0011433684355840624
1086290453,384.0,0.5099288048084745,0.027839909002496537,0.007684329683827319,0.007651698265877766,0.007684329683827319,0.007651698265877766,0.007677271680971252,0.007647990542873699,0.007677271680971252,0.007647990542873699,0.028610459135267382,0.00766942372843429,0.007644929283343138,0.00766942372843429,0.007644929283343138,0.007668702972251286,0.007644948101094073,0.007668702972251286,0.007644948101094073,0.028416988467415735,0.007660154565136132,0.0076520638869236835,0.007664628331400312,0.007654787795755794,0.007660485371340697,0.00765086302634662,0.0076642082940330085,0.0076534771195268725,0.007675181434566587,0.007657110627420736,0.007682753615057805,0.007663879749978565,0.007675250196897208,0.0076579724551667115,0.00768297590317691,0.007665530818491293,0.027839909002496537,0.007677271680971252,0.00764792922135316,0.007677271680971252,0.00764792922135316,0.007677271680971252,0.007647990542873699,0.007677271680971252,0.007647990542873699,0.007667976205967871,0.007651372272254831,0.007675645048373626,0.00765715854152146,0.007667060946958287,0.007651372453552217,0.007674602970327071,0.0076571451964777965,0.007668702972251286,0.007644905205381456,0.007668702972251286,0.007644905205381456,0.007668702972251286,0.007644948101094073,0.007668702972251286,0.007644948101094073,0.007676211846356604,0.007659685718136028,0.007673854067844272,0.007666312127936164,0.007676551503707256,0.007660247790425263,0.007674426034161869,0.007667188340293133,0.007660154565136132,0.0076520638869236835,0.007664628331400312,0.007654787795755794,0.007660485371340697,0.00765086302634662,0.0076642082940330085,0.0076534771195268725,0.00766942372843429,0.007644929283343138,0.00766942372843429,0.007644929283343138,0.007668702972251286,0.007644948101094073,0.007668702972251286,0.007644948101094073,0.007660485371340697,0.007650863925956759,0.0076642082940330085,0.007653594794680308,0.007660485371340697,0.00765086302634662,0.0076642082940330085,0.0076534771195268725
1086290477,384.0,0.4835088761539226,0.03467027309461375,0.007689442599570236,0.007654696122735426,0.007689442599570236,0.007654696122735426,0.007681591876334962,0.007651153548817811,0.007681591876334962,0.007651153548817811,0.03746327996214973,0.0076762435776280905,0.007650926601078851,0.0076762435776280905,0.007650926601078851,0.007676001236381288,0.007650923722149557,0.007676001236381288,0.007650923722149557,0.03547882375687471,0.00766633005806109,0.007655288561474717,0.007669573272527402,0.00765759015493143,0.007665641309788377,0.007654696966290928,0.007670589161308605,0.007657382888247208,0.007680577207002159,0.007659653025145919,0.007688169256069958,0.007666786961413972,0.0076799382826268974,0.007660658463405796,0.007686870985765515,0.007668087311792682,0.03467027309461375,0.007681591876334962,0.0076513556654324915,0.007681591876334962,0.0076513556654324915,0.007681591876334962,0.007651153540087677,0.007681591876334962,0.007651153540087677,0.007673686328081897,0.007657272172350565,0.007681847256069258,0.00766362042900597,0.007672881920350978,0.007657272010924873,0.007681102818532258,0.007663625028437975,0.007676001236381288,0.007651355354454278,0.007676001236381288,0.007651355354454278,0.007676001236381288,0.007650923722149557,0.007676001236381288,0.007650923722149557,0.007682510564844207,0.007663157985805187,0.007678165204382762,0.007669107328098013,0.007681799117518431,0.007663818277990862,0.0076782067954862185,0.007671204483970511,0.00766633005806109,0.007655288561474717,0.007669573272527402,0.00765759015493143,0.007665641309788377,0.007654696966290928,0.007670589161308605,0.007657382888247208,0.0076762435776280905,0.007650926601078851,0.0076762435776280905,0.007650926601078851,0.007676001236381288,0.007650923722149557,0.007676001236381288,0.007650923722149557,0.007665641309788377,0.007654918485652061,0.007670589161308605,0.0076574590764173665,0.007665641309788377,0.007654696966290928,0.007670589161308605,0.007657382888247208
1086290484,64.0,0.050488428160075656,0.010884214927499514,0.022365251649439144,0.00124759447613805,0.022365251649439144,0.00124759447613805,0.025115530138019464,0.0012455857495677744,0.025115530138019464,0.0012455857495677744,0.016772211059874437,0.019702369357211855,0.0012430468757875382,0.019702369357211855,0.0012430468757875382,0.02011962999492156,0.0012430468757875382,0.02011962999492156,0.0012430468757875382,0.013316790120576537,0.010683442311315816,0.0011717852712039342,0.012566350809413247,0.0011719083025772989,0.011837291771665908,0.0011401724987489933,0.013939825208036943,0.0011401377084983154,0.023349218567500732,0.0013295986684027032,0.023395360951176458,0.001329923342955957,0.02442020958207425,0.00135374318147573,0.02442137853144957,0.0013541780682565009,0.010884214927499514,0.025115530138019464,0.0012456116873817778,0.025115530138019464,0.0012456116873817778,0.025115530138019464,0.0012455857495677744,0.025115530138019464,0.0012455857495677744,0.01893570710226658,0.0012838523769535314,0.018951698155171275,0.0012838370074655342,0.01932707165665016,0.0012838488321858911,0.019323612939429545,0.0012838348098411858,0.02011962999492156,0.0012431762043300148,0.02011962999492156,0.0012431762043300148,0.02011962999492156,0.0012430468757875382,0.02011962999492156,0.0012430468757875382,0.023148184860310273,0.0013294641741589612,0.01764707852336722,0.0013298889219675557,0.023268188979431916,0.001364159038720795,0.01913795529736411,0.0013647946065530523,0.010683442311315816,0.0011717852712039342,0.012566350809413247,0.0011719083025772989,0.011837291771665908,0.0011401724987489933,0.013939825208036943,0.0011401377084983154,0.019702369357211855,0.0012430468757875382,0.019702369357211855,0.0012430468757875382,0.02011962999492156,0.0012430468757875382,0.02011962999492156,0.0012430468757875382,0.011837291771665908,0.0011408056642983472,0.013939825208036943,0.0011408395004026876,0.011837291771665908,0.0011401724987489933,0.013939825208036943,0.0011401377084983154
1086290521,64.0,0.053198727637661126,0.006321415150163333,0.016915891359385277,0.0012474533571709787,0.016915891359385277,0.0012474533571709787,0.019828450905589403,0.0012459504131317406,0.019828450905589403,0.0012459504131317406,0.013366110370474247,0.015604434167999216,0.0012428363625236925,0.015604434167999216,0.0012428363625236925,0.016041536213454173,0.0012428363625236925,0.016041536213454173,0.0012428363625236925,0.00925725723415986,0.01006324737199691,0.0011687929079106606,0.010115285962752678,0.0011687468709229887,0.010469452401074457,0.001141348555211911,0.010117067720935662,0.0011412167862253201,0.017502824298970453,0.0013265289959194931,0.01746540628336035,0.001327126745182225,0.01750256933927677,0.0013184351791259265,0.01748149249470424,0.001319030398595812,0.006321415150163333,0.019828450905589403,0.0012461211970577525,0.019828450905589403,0.0012461211970577525,0.019828450905589403,0.0012459504131317406,0.019828450905589403,0.0012459504131317406,0.01594892762640025,0.001293509874382807,0.01595259542159388,0.0012937628153093814,0.016413470396819733,0.001293492691588859,0.016396055462861863,0.001293761029388021,0.016041536213454173,0.0012426743062555572,0.016041536213454173,0.0012426743062555572,0.016041536213454173,0.0012428363625236925,0.016041536213454173,0.0012428363625236925,0.016520632863021974,0.001316091013437107,0.014098896481109966,0.001316408953770531,0.01688890957306877,0.0013121743237711327,0.013981100277093329,0.001312832101840512,0.01006324737199691,0.0011687929079106606,0.010115285962752678,0.0011687468709229887,0.010469452401074457,0.001141348555211911,0.010117067720935662,0.0011412167862253201,0.015604434167999216,0.0012428363625236925,0.015604434167999216,0.0012428363625236925,0.016041536213454173,0.0012428363625236925,0.016041536213454173,0.0012428363625236925,0.010469452401074457,0.0011411723464101675,0.010117067720935662,0.0011411505371318454,0.010469452401074457,0.001141348555211911,0.010117067720935662,0.0011412167862253201
1086291924,64.0,0.06481746593537022,0.005153105318338669,0.014867973155445307,0.0012490101867643373,0.014867973155445307,0.0012490101867643373,0.015563437088466086,0.0012479574154563064,0.015563437088466086,0.0012479574154563064,0.009562697193052461,0.013578004514077258,0.001244476974585305,0.013578004514077258,0.001244476974585305,0.014407747129141042,0.001244476974585305,0.014407747129141042,0.001244476974585305,0.00898851204313331,0.010221133734478952,0.0011724383781993829,0.010403037044705054,0.0011725043231026794,0.010916707042750662,0.0011426447156161182,0.010835010633060346,0.0011426259318928686,0.014947842274833738,0.0013080622332480728,0.014950643963591212,0.001308828567932561,0.01526004202724916,0.0013213157508480786,0.015260231609434903,0.0013224106442627905,0.005153105318338669,0.015563437088466086,0.0012478834063286554,0.015563437088466086,0.0012478834063286554,0.015563437088466086,0.0012479574154563064,0.015563437088466086,0.0012479574154563064,0.013833907919097362,0.001310964960754603,0.013833144457117284,0.001311633859879801,0.01417872913518969,0.0013109659131278926,0.01417932742665652,0.0013116392534149074,0.014407747129141042,0.0012446245669654559,0.014407747129141042,0.0012446245669654559,0.014407747129141042,0.001244476974585305,0.014407747129141042,0.001244476974585305,0.014374557176077888,0.0013061977273791027,0.012811910791287429,0.00130691535585791,0.014839081523242243,0.0013318252127014344,0.013436027701352955,0.0013327574384802406,0.010221133734478952,0.0011724383781993829,0.010403037044705054,0.0011725043231026794,0.010916707042750662,0.0011426447156161182,0.010835010633060346,0.0011426259318928686,0.013578004514077258,0.001244476974585305,0.013578004514077258,0.001244476974585305,0.014407747129141042,0.001244476974585305,0.014407747129141042,0.001244476974585305,0.010916707042750662,0.0011433520661625922,0.010835010633060346,0.001143437700331134,0.010916707042750662,0.0011426447156161182,0.010835010633060346,0.0011426259318928686
1086292082,64.0,0.054892803024523894,0.005450573420918908,0.016712857182519796,0.0012483654585646892,0.016712857182519796,0.0012483654585646892,0.01817644380328537,0.0012462426203816513,0.01817644380328537,0.0012462426203816513,0.00632931460365275,0.013688191361822748,0.0012427740670219835,0.013688191361822748,0.0012427740670219835,0.014097555503113068,0.0012427740670219835,0.014097555503113068,0.0012427740670219835,0.00553453499042286,0.010732571589597234,0.00117050202909648,0.01100803031271838,0.0011705295506664215,0.011164332224351464,0.0011410773784122133,0.011689329293131016,0.0011410689735473847,0.017493062020001927,0.0013217514570061542,0.01749327359370146,0.0013224358916270993,0.01822759259874479,0.0013314013914419163,0.018228809566110227,0.0013322873245958785,0.005450573420918908,0.01817644380328537,0.0012465165591086106,0.01817644380328537,0.0012465165591086106,0.01817644380328537,0.0012462426203816513,0.01817644380328537,0.0012462426203816513,0.014747421349864093,0.0012976314459655833,0.014747834145041555,0.0012985485446440554,0.014776424681454419,0.0012976278032291106,0.014767349176313787,0.0012985478888542469,0.014097555503113068,0.0012428092728414828,0.014097555503113068,0.0012428092728414828,0.014097555503113068,0.0012427740670219835,0.014097555503113068,0.0012427740670219835,0.01562828994318411,0.0013192286712779564,0.014703028361261973,0.0013198967630784198,0.016292086857861304,0.0013356939616037881,0.015475825977171499,0.0013363706074415115,0.010732571589597234,0.00117050202909648,0.01100803031271838,0.0011705295506664215,0.011164332224351464,0.0011410773784122133,0.011689329293131016,0.0011410689735473847,0.013688191361822748,0.0012427740670219835,0.013688191361822748,0.0012427740670219835,0.014097555503113068,0.0012427740670219835,0.014097555503113068,0.0012427740670219835,0.011164332224351464,0.0011430850132508616,0.011689329293131016,0.0011432118810813195,0.011164332224351464,0.0011410773784122133,0.011689329293131016,0.0011410689735473847
1086292143,62.0,0.09272523953707779,0.0038713635283025285,0.017761727644800773,0.0011996803659147948,0.017761727644800773,0.0011996803659147948,0.01907350906256722,0.0011981642300407495,0.01907350906256722,0.0011981642300407495,0.00729288445838309,0.015301100655150066,0.0011953843000211293,0.015301100655150066,0.0011953843000211293,0.016626162130746903,0.0011954583263854418,0.016626162130746903,0.0011954583263854418,0.006228902993821534,0.00879805317056999,0.0011286097592302802,0.009960536015352824,0.0011285939030082253,0.009007538025455106,0.0011031774146614938,0.010304410667825375,0.0011032630830700764,0.01829121381880795,0.0012680618983324065,0.01828565595961557,0.00126902995105147,0.018686448600304367,0.0012642855773603511,0.018683862606736965,0.0012651616003984188,0.0038713635283025285,0.01907350906256722,0.0011985584547575241,0.01907350906256722,0.0011985584547575241,0.01907350906256722,0.0011981642300407495,0.01907350906256722,0.0011981642300407495,0.015838915794164268,0.0012331419742355905,0.015828687062575186,0.0012337900473777526,0.016757721835549074,0.0012331611906337384,0.01671711919659783,0.0012337644630803738,0.016626162130746903,0.0011953839210663132,0.016626162130746903,0.0011953839210663132,0.016626162130746903,0.0011954583263854418,0.016626162130746903,0.0011954583263854418,0.017619497447359623,0.0012639544381640633,0.016001270848404674,0.001264860232356706,0.017711890586605473,0.0012693471475948139,0.015919427012743306,0.0012701603265205933,0.00879805317056999,0.0011286097592302802,0.009960536015352824,0.0011285939030082253,0.009007538025455106,0.0011031774146614938,0.010304410667825375,0.0011032630830700764,0.015301100655150066,0.0011953843000211293,0.015301100655150066,0.0011953843000211293,0.016626162130746903,0.0011954583263854418,0.016626162130746903,0.0011954583263854418,0.009007538025455106,0.0011020359705019324,0.010304410667825375,0.001102111151722281,0.009007538025455106,0.0011031774146614938,0.010304410667825375,0.0011032630830700764
1086292341,64.0,0.07692279776138197,0.00768961243957991,0.02134586444267984,0.0012482978217931199,0.02134586444267984,0.0012482978217931199,0.023076697194612188,0.0012468872177685915,0.023076697194612188,0.0012468872177685915,0.012382835113282519,0.021055709667931514,0.0012437269617864698,0.021055709667931514,0.0012437269617864698,0.020735567130586427,0.0012437182006507109,0.020735567130586427,0.0012437182006507109,0.0111988508279043,0.010923213270683248,0.0011698829997504984,0.012029227114197506,0.0011699673401746168,0.011456583617680514,0.0011422152737470541,0.012436823229986248,0.0011421829188840817,0.02222360912734734,0.0013203711864432836,0.022214378769942183,0.0013210803913058713,0.022772919944738606,0.0013540685103966713,0.022772218054262452,0.0013551940471919642,0.00768961243957991,0.023076697194612188,0.00124705434152507,0.023076697194612188,0.00124705434152507,0.023076697194612188,0.0012468872177685915,0.023076697194612188,0.0012468872177685915,0.020017870762155766,0.0013041639848860415,0.019998949459756332,0.0013048387067964233,0.01967187878698088,0.001304165237049394,0.019660373071168444,0.0013048402258253355,0.020735567130586427,0.0012434833196895156,0.020735567130586427,0.0012434833196895156,0.020735567130586427,0.0012437182006507109,0.020735567130586427,0.0012437182006507109,0.021350823426515918,0.001320386936497817,0.016853453633775328,0.001321011674447358,0.021087179865322492,0.0013586339212045826,0.017485821483447444,0.0013595649795556306,0.010923213270683248,0.0011698829997504984,0.012029227114197506,0.0011699673401746168,0.011456583617680514,0.0011422152737470541,0.012436823229986248,0.0011421829188840817,0.021055709667931514,0.0012437269617864698,0.021055709667931514,0.0012437269617864698,0.020735567130586427,0.0012437182006507109,0.020735567130586427,0.0012437182006507109,0.011456583617680514,0.00114580076047099,0.012436823229986248,0.001145868362956374,0.011456583617680514,0.0011422152737470541,0.012436823229986248,0.0011421829188840817
1086292433,64.0,0.11528048707219349,0.007159168365606352,0.019619433689044626,0.0012465190345591936,0.019619433689044626,0.0012465190345591936,0.022568255004649665,0.0012446674321347777,0.022568255004649665,0.0012446674321347777,0.010089718147559865,0.016723845691509906,0.0012418324646689268,0.016723845691509906,0.0012418324646689268,0.01765883720352053,0.0012418318615508195,0.01765883720352053,0.0012418318615508195,0.009676285320640294,0.010271030191030704,0.001166404036380875,0.010677174963107118,0.0011664593603838247,0.011422112224388326,0.0011417237328044832,0.01105223199250406,0.0011417462317683037,0.020411927049199,0.0013059151890963594,0.02042325059059266,0.0013067339657403284,0.022188414346762966,0.001345379130011029,0.022180372794901242,0.0013465380165832584,0.007159168365606352,0.022568255004649665,0.0012445535034047216,0.022568255004649665,0.0012445535034047216,0.022568255004649665,0.0012446674321347777,0.022568255004649665,0.0012446674321347777,0.017243097961078473,0.0013246341549286212,0.01726200060802744,0.001325256339068792,0.01742807413179527,0.0013246356887073097,0.017428994527185413,0.0013252632824768745,0.01765883720352053,0.0012419083994998441,0.01765883720352053,0.0012419083994998441,0.01765883720352053,0.0012418318615508195,0.01765883720352053,0.0012418318615508195,0.01996707997727887,0.0012999883512052456,0.013949976624692162,0.001300787680273965,0.021195723910861598,0.0013453868700935964,0.015547891058867386,0.0013463174060155255,0.010271030191030704,0.001166404036380875,0.010677174963107118,0.0011664593603838247,0.011422112224388326,0.0011417237328044832,0.01105223199250406,0.0011417462317683037,0.016723845691509906,0.0012418324646689268,0.016723845691509906,0.0012418324646689268,0.01765883720352053,0.0012418318615508195,0.01765883720352053,0.0012418318615508195,0.011422112224388326,0.0011416298881123796,0.01105223199250406,0.0011416422836763652,0.011422112224388326,0.0011417237328044832,0.01105223199250406,0.0011417462317683037
1086292440,64.0,0.08333174336278158,0.006184555371246554,0.023392464993082177,0.0012479365986094023,0.023392464993082177,0.0012479365986094023,0.026323075453377285,0.0012463622548169466,0.026323075453377285,0.0012463622548169466,0.011773720309107352,0.02054045018262255,0.0012431113158053453,0.02054045018262255,0.0012431113158053453,0.021071807742146988,0.0012431113158053453,0.021071807742146988,0.0012431113158053453,0.010685632209473401,0.00968027433649023,0.001171741825314151,0.012166975147880737,0.0011718150448828484,0.010396072631139999,0.0011427974069850811,0.013323617384874928,0.0011428655976039963,0.023875057563910323,0.0013060702061013937,0.02388927704648826,0.0013068277816763742,0.024395716029066653,0.001328794006850227,0.024358516152272122,0.001329922360665773,0.006184555371246554,0.026323075453377285,0.0012460705940410847,0.026323075453377285,0.0012460705940410847,0.026323075453377285,0.0012463622548169466,0.026323075453377285,0.0012463622548169466,0.0201934766876111,0.001294081058333206,0.020194918833892846,0.0012945961132920377,0.020489563566572284,0.0012940804068485429,0.020468573680708202,0.0012945946041522196,0.021071807742146988,0.0012432592560694075,0.021071807742146988,0.0012432592560694075,0.021071807742146988,0.0012431113158053453,0.021071807742146988,0.0012431113158053453,0.022806498883422732,0.0013006251348893323,0.018005245920114942,0.001301337567553013,0.023783176667093238,0.0013277860233135506,0.018620693095928655,0.0013286481715207715,0.00968027433649023,0.001171741825314151,0.012166975147880737,0.0011718150448828484,0.010396072631139999,0.0011427974069850811,0.013323617384874928,0.0011428655976039963,0.02054045018262255,0.0012431113158053453,0.02054045018262255,0.0012431113158053453,0.021071807742146988,0.0012431113158053453,0.021071807742146988,0.0012431113158053453,0.010396072631139999,0.0011410461263025766,0.013323617384874928,0.001141113708773196,0.010396072631139999,0.0011427974069850811,0.013323617384874928,0.0011428655976039963
1086292822,64.0,0.057241753033499015,0.007188805881876829,0.020192294258912204,0.0012488553563654997,0.020192294258912204,0.0012488553563654997,0.021109820101181738,0.0012467685749861092,0.021109820101181738,0.0012467685749861092,0.013467169899158249,0.018348883362927046,0.0012432857327152444,0.018348883362927046,0.0012432857327152444,0.01935429789043726,0.0012432855410983172,0.01935429789043726,0.0012432855410983172,0.012050997781678178,0.012692664776751643,0.0011718424147313666,0.01506817717082402,0.0011718514011304683,0.01263538098103838,0.0011401987776780327,0.014235462343999422,0.0011402024859483442,0.020537033156209486,0.0013134931073201577,0.02051532492410596,0.0013145340855480261,0.0196529706652922,0.0013459053197121507,0.01965720841288874,0.0013472534307221572,0.007188805881876829,0.021109820101181738,0.001247300364640127,0.021109820101181738,0.001247300364640127,0.021109820101181738,0.0012467685749861092,0.021109820101181738,0.0012467685749861092,0.019646583299085182,0.0013051342505886758,0.01966608817594539,0.0013059960745829124,0.019848491629840058,0.0013051343398444008,0.019855498453495674,0.0013059950810696628,0.01935429789043726,0.0012441747809551903,0.01935429789043726,0.0012441747809551903,0.01935429789043726,0.0012432855410983172,0.01935429789043726,0.0012432855410983172,0.020286448480980785,0.0013121878061074545,0.01761392483710008,0.0013131950577579211,0.019534641192914648,0.0013353951813942235,0.017603506416944817,0.0013366207518030642,0.012692664776751643,0.0011718424147313666,0.01506817717082402,0.0011718514011304683,0.01263538098103838,0.0011401987776780327,0.014235462343999422,0.0011402024859483442,0.018348883362927046,0.0012432857327152444,0.018348883362927046,0.0012432857327152444,0.01935429789043726,0.0012432855410983172,0.01935429789043726,0.0012432855410983172,0.01263538098103838,0.0011422341316684548,0.014235462343999422,0.0011422046848959856,0.01263538098103838,0.0011401987776780327,0.014235462343999422,0.0011402024859483442
1086292921,64.0,0.05703543979601157,0.006331019835124309,0.02268831634511406,0.0012497923059710387,0.02268831634511406,0.0012497923059710387,0.02322466945293761,0.001247728605830514,0.02322466945293761,0.001247728605830514,0.009705986103449457,0.02120441889415214,0.0012440386457450892,0.02120441889415214,0.0012440386457450892,0.021165123020866868,0.0012440386457450892,0.021165123020866868,0.0012440386457450892,0.007765590326082989,0.01319666105406645,0.0011729148370514225,0.0161861252324245,0.0011729672047584181,0.013443141213416722,0.0011423419254549506,0.016061201955652887,0.0011423896936367415,0.02428665645806721,0.0013236714354253232,0.024285680979699367,0.0013245739932737743,0.024132688705615007,0.0013348461372117806,0.024136980137616348,0.0013360544685942278,0.006331019835124309,0.02322466945293761,0.0012479226158051823,0.02322466945293761,0.0012479226158051823,0.02322466945293761,0.001247728605830514,0.02322466945293761,0.001247728605830514,0.02145138253025743,0.0013129551528301563,0.021455919971329854,0.0013137155929008875,0.02134864789365278,0.0013129537419617732,0.021316098170557046,0.0013137177574002769,0.021165123020866868,0.0012439729303257519,0.021165123020866868,0.0012439729303257519,0.021165123020866868,0.0012440386457450892,0.021165123020866868,0.0012440386457450892,0.023063835274632856,0.0013144113685335593,0.01826525949278404,0.001315416373220507,0.02285683790281916,0.0013334147123827268,0.01874103148055471,0.001334631238661755,0.01319666105406645,0.0011729148370514225,0.0161861252324245,0.0011729672047584181,0.013443141213416722,0.0011423419254549506,0.016061201955652887,0.0011423896936367415,0.02120441889415214,0.0012440386457450892,0.02120441889415214,0.0012440386457450892,0.021165123020866868,0.0012440386457450892,0.021165123020866868,0.0012440386457450892,0.013443141213416722,0.0011435411198367658,0.016061201955652887,0.001143635759136135,0.013443141213416722,0.0011423419254549506,0.016061201955652887,0.0011423896936367415
1086292976,64.0,0.05581246314992716,0.006461106188310416,0.02770522528623883,0.0012485933313639258,0.02770522528623883,0.0012485933313639258,0.02718932146441561,0.0012467127997119723,0.02718932146441561,0.0012467127997119723,0.009222121390946724,0.02246259847193452,0.0012432629870228217,0.02246259847193452,0.0012432629870228217,0.023829662604674045,0.0012432629870228217,0.023829662604674045,0.0012432629870228217,0.0077553015310491405,0.011630763501876735,0.0011714888008839681,0.014045561958522187,0.001171641812975078,0.011620247328901755,0.0011425783913790908,0.01450572491679752,0.0011426289684919478,0.029016486351952604,0.0013213465165728142,0.029007777257771938,0.0013225109791862317,0.028675636641609794,0.0013627711742218189,0.028669509289522707,0.0013645004026179024,0.006461106188310416,0.02718932146441561,0.001246935333606948,0.02718932146441561,0.001246935333606948,0.02718932146441561,0.0012467127997119723,0.02718932146441561,0.0012467127997119723,0.02325572826765669,0.0013089987679781594,0.023263551535197442,0.001309744422113404,0.023455627241503404,0.001308990040799558,0.023460474641652452,0.00130973770956521,0.023829662604674045,0.0012429482489781155,0.023829662604674045,0.0012429482489781155,0.023829662604674045,0.0012432629870228217,0.023829662604674045,0.0012432629870228217,0.02734188818097281,0.0013113768510921743,0.02188546230578169,0.0013126179084705582,0.02678895324122471,0.0013707301554879874,0.022014448413802158,0.001372284778885283,0.011630763501876735,0.0011714888008839681,0.014045561958522187,0.001171641812975078,0.011620247328901755,0.0011425783913790908,0.01450572491679752,0.0011426289684919478,0.02246259847193452,0.0012432629870228217,0.02246259847193452,0.0012432629870228217,0.023829662604674045,0.0012432629870228217,0.023829662604674045,0.0012432629870228217,0.011620247328901755,0.0011426595229643592,0.01450572491679752,0.001142732667524089,0.011620247328901755,0.0011425783913790908,0.01450572491679752,0.0011426289684919478
1086293034,64.0,0.06125348941753202,0.007478049753830201,0.016280787678818333,0.0012476844159752915,0.016280787678818333,0.0012476844159752915,0.01759422452707467,0.0012460726181272668,0.01759422452707467,0.0012460726181272668,0.011341231931226001,0.015830913826252044,0.0012433061919826596,0.015830913826252044,0.0012433061919826596,0.015679118538798883,0.001243310153192761,0.015679118538798883,0.001243310153192761,0.009352549535354748,0.011313297413761572,0.0011679172245138583,0.012749704663134869,0.0011677989446202933,0.011105215549174745,0.001141407389548835,0.01215898954710248,0.001141432912657531,0.01704850337108999,0.0013389535310282272,0.017051971337376494,0.0013397707441177296,0.017232588162963032,0.0013346308841087886,0.017234731507639628,0.0013355374093880598,0.007478049753830201,0.01759422452707467,0.0012465574434527128,0.01759422452707467,0.0012465574434527128,0.01759422452707467,0.0012460726181272668,0.01759422452707467,0.0012460726181272668,0.015204172248159046,0.0012850908363578252,0.015203181070397712,0.0012858333917094191,0.015117398826912196,0.0012850909983883134,0.01511709505286114,0.0012858304693989478,0.015679118538798883,0.0012433722967754893,0.015679118538798883,0.0012433722967754893,0.015679118538798883,0.001243310153192761,0.015679118538798883,0.001243310153192761,0.016802211744966773,0.0013289304643169634,0.015735192430071474,0.0013295529091854373,0.01668502684853091,0.0013383496149260267,0.014687019416513127,0.0013390129669843093,0.011313297413761572,0.0011679172245138583,0.012749704663134869,0.0011677989446202933,0.011105215549174745,0.001141407389548835,0.01215898954710248,0.001141432912657531,0.015830913826252044,0.0012433061919826596,0.015830913826252044,0.0012433061919826596,0.015679118538798883,0.001243310153192761,0.015679118538798883,0.001243310153192761,0.011105215549174745,0.001143286015403933,0.01215898954710248,0.0011433015758969556,0.011105215549174745,0.001141407389548835,0.01215898954710248,0.001141432912657531
1086293089,64.0,0.03471251096021675,0.0055717173629859975,0.014289702436019897,0.0012494414930632005,0.014289702436019897,0.0012494414930632005,0.01487235704613195,0.0012477766456314662,0.01487235704613195,0.0012477766456314662,0.006962560386947606,0.011529654311599285,0.0012445236024748612,0.011529654311599285,0.0012445236024748612,0.012714489343426498,0.0012445236024748612,0.012714489343426498,0.0012445236024748612,0.005843084371667797,0.00866378205719522,0.0011734332282793214,0.009168982860527117,0.0011734110033120072,0.008800663453957252,0.001141445332462246,0.009500496014202523,0.0011415181564302993,0.014431455610355656,0.0013208917041577309,0.014452529137118312,0.0013217280397208044,0.013973354266876155,0.0013100249963861445,0.01397653709654635,0.001311043489542346,0.0055717173629859975,0.01487235704613195,0.0012480389145550922,0.01487235704613195,0.0012480389145550922,0.01487235704613195,0.0012477766456314662,0.01487235704613195,0.0012477766456314662,0.011294427451530057,0.0012953415249913956,0.011297731082388239,0.0012960831490821838,0.01139328458486379,0.001295343532908831,0.011397304958817349,0.0012960758229754634,0.012714489343426498,0.0012443537087489956,0.012714489343426498,0.0012443537087489956,0.012714489343426498,0.0012445236024748612,0.012714489343426498,0.0012445236024748612,0.01427504654462524,0.0013178921304239288,0.012248028533856026,0.0013187443110353964,0.013222977977435373,0.0013148011964719843,0.011624528289964763,0.0013157172300574485,0.00866378205719522,0.0011734332282793214,0.009168982860527117,0.0011734110033120072,0.008800663453957252,0.001141445332462246,0.009500496014202523,0.0011415181564302993,0.011529654311599285,0.0012445236024748612,0.011529654311599285,0.0012445236024748612,0.012714489343426498,0.0012445236024748612,0.012714489343426498,0.0012445236024748612,0.008800663453957252,0.00114124283146067,0.009500496014202523,0.0011413131935182378,0.008800663453957252,0.001141445332462246,0.009500496014202523,0.0011415181564302993
1086293164,64.0,0.07086557687379307,0.00466245226566869,0.018672044493688623,0.0012496402534827877,0.018672044493688623,0.0012496402534827877,0.021134917013658102,0.0012486726844167715,0.021134917013658102,0.0012486726844167715,0.006871732306856072,0.014021464219452707,0.001245743487463761,0.014021464219452707,0.001245743487463761,0.015046542994159598,0.001245743487463761,0.015046542994159598,0.001245743487463761,0.0055375605386179545,0.010367989471463713,0.001172972461794234,0.011388446697318417,0.0011729134000400452,0.01136767569898003,0.0011423305768577612,0.011800924731365086,0.0011423924967180114,0.019717293811077015,0.0013164516426553813,0.01972095135318369,0.0013175632119862154,0.02001516909435763,0.0013175487779813798,0.019992290240506687,0.0013187941777697775,0.00466245226566869,0.021134917013658102,0.001248881457995565,0.021134917013658102,0.001248881457995565,0.021134917013658102,0.0012486726844167715,0.021134917013658102,0.0012486726844167715,0.014306960609786616,0.0012803338575046695,0.014311732340653189,0.0012809145806577747,0.01452479127693688,0.0012803306345241237,0.014528935733765333,0.0012809125961403011,0.015046542994159598,0.0012455767938237786,0.015046542994159598,0.0012455767938237786,0.015046542994159598,0.001245743487463761,0.015046542994159598,0.001245743487463761,0.018775684565532844,0.0013115609888386577,0.01454018733613595,0.0013125551885567318,0.019020976629478405,0.0013173542775733098,0.01576549424379628,0.001318500476434178,0.010367989471463713,0.001172972461794234,0.011388446697318417,0.0011729134000400452,0.01136767569898003,0.0011423305768577612,0.011800924731365086,0.0011423924967180114,0.014021464219452707,0.001245743487463761,0.014021464219452707,0.001245743487463761,0.015046542994159598,0.001245743487463761,0.015046542994159598,0.001245743487463761,0.01136767569898003,0.0011451994066439648,0.011800924731365086,0.001145306571769892,0.01136767569898003,0.0011423305768577612,0.011800924731365086,0.0011423924967180114
1086293386,384.0,0.4403231818103699,0.024248316596040848,0.007677075626643697,0.007643635035294242,0.007677075626643697,0.007643635035294242,0.007671334219339972,0.0076407357174090515,0.007671334219339972,0.0076407357174090515,0.025574184170357474,0.0076590805076365035,0.007635525149025065,0.0076590805076365035,0.007635525149025065,0.007658774464927055,0.007635524805188385,0.007658774464927055,0.007635524805188385,0.0255706574936789,0.007651561107215166,0.007644533903233255,0.00765002675823353,0.007645681449361996,0.007651164252058096,0.007644406336494397,0.007650737685800176,0.007645140779217501,0.00766832052987797,0.007649066705284807,0.007675654265347355,0.007652066888257424,0.007666986225620229,0.00764918851400422,0.007673982708506659,0.007652065625529597,0.024248316596040848,0.007671334219339972,0.007641000752400402,0.007671334219339972,0.007641000752400402,0.007671334219339972,0.007640735618152286,0.007671334219339972,0.007640735618152286,0.007657266600573205,0.007642029133569987,0.007663342012308092,0.007645339996257374,0.007656385022708861,0.007642032428222207,0.0076625270495690135,0.007645340541809833,0.007658774464927055,0.0076356855691195194,0.007658774464927055,0.0076356855691195194,0.007658774464927055,0.007635524805188385,0.007658774464927055,0.007635524805188385,0.007670237579710227,0.007651810015527792,0.007664011505027497,0.007654508570995442,0.007669160684181375,0.007652316467407428,0.007663126098419036,0.007654729454168595,0.007651561107215166,0.007644533903233255,0.00765002675823353,0.007645681449361996,0.007651164252058096,0.007644406336494397,0.007650737685800176,0.007645140779217501,0.0076590805076365035,0.007635525149025065,0.0076590805076365035,0.007635525149025065,0.007658774464927055,0.007635524805188385,0.007658774464927055,0.007635524805188385,0.007651164252058096,0.007644388427238241,0.007650737685800176,0.007645060846633953,0.007651164252058096,0.007644406336494397,0.007650737685800176,0.007645140779217501
1086293409,64.0,0.04768678829393041,0.007591710547240316,0.02368973666601681,0.0012487165885689462,0.02368973666601681,0.0012487165885689462,0.026227969058947004,0.00124671875343621,0.026227969058947004,0.00124671875343621,0.009377114594943435,0.020084524752376435,0.001244165296255375,0.020084524752376435,0.001244165296255375,0.020350047127769298,0.001244165296255375,0.020350047127769298,0.001244165296255375,0.00860805693772205,0.012609722517095518,0.0011725284302196528,0.012275223436997886,0.0011725753203208917,0.013287145612912346,0.0011409093327677483,0.013526168068731597,0.0011409735693526974,0.023545240723973085,0.0013154382157491327,0.023530508121853422,0.0013163520782196847,0.024397657693384738,0.0013088833847051816,0.02439806986210928,0.0013099423897087632,0.007591710547240316,0.026227969058947004,0.0012467431267776815,0.026227969058947004,0.0012467431267776815,0.026227969058947004,0.00124671875343621,0.026227969058947004,0.00124671875343621,0.019895355938509333,0.0012861901003056995,0.01988878902289591,0.0012869639065671628,0.01990586461556947,0.0012861928216395227,0.01991315646581186,0.0012869634432213053,0.020350047127769298,0.0012435964712750778,0.020350047127769298,0.0012435964712750778,0.020350047127769298,0.001244165296255375,0.020350047127769298,0.001244165296255375,0.021853015614369593,0.001307973689256588,0.017961397027061607,0.0013090142905310162,0.022539712881903998,0.0013065446913716717,0.01864581482553382,0.0013075536006040204,0.012609722517095518,0.0011725284302196528,0.012275223436997886,0.0011725753203208917,0.013287145612912346,0.0011409093327677483,0.013526168068731597,0.0011409735693526974,0.020084524752376435,0.001244165296255375,0.020084524752376435,0.001244165296255375,0.020350047127769298,0.001244165296255375,0.020350047127769298,0.001244165296255375,0.013287145612912346,0.0011417229236838477,0.013526168068731597,0.001141725084763402,0.013287145612912346,0.0011409093327677483,0.013526168068731597,0.0011409735693526974
1086293416,64.0,0.05309895939478358,0.0062803482577751995,0.01939891208135458,0.0012487957453393406,0.01939891208135458,0.0012487957453393406,0.022096099253311165,0.0012474421555502275,0.022096099253311165,0.0012474421555502275,0.01101192656564137,0.018173576038272892,0.0012448922876302953,0.018173576038272892,0.0012448922876302953,0.018690365128764142,0.0012448922876302953,0.018690365128764142,0.0012448922876302953,0.009787788521789662,0.011051345460573948,0.0011721028841168264,0.011951950092069162,0.0011719848675874587,0.011707617676305751,0.0011425560332135028,0.013033912131922369,0.0011426469452713015,0.02062616552071409,0.0013059786839843108,0.020625352217325886,0.0013070463315993808,0.021015930666225972,0.001331122873002795,0.021022617285396162,0.0013324157916816757,0.0062803482577751995,0.022096099253311165,0.0012478473826151235,0.022096099253311165,0.0012478473826151235,0.022096099253311165,0.0012474421555502275,0.022096099253311165,0.0012474421555502275,0.018961885861325436,0.0013148088856835339,0.018957389920336097,0.0013153944888438542,0.019062030610067258,0.001314811890441877,0.019064452157974126,0.0013153940989004624,0.018690365128764142,0.0012451698713704708,0.018690365128764142,0.0012451698713704708,0.018690365128764142,0.0012448922876302953,0.018690365128764142,0.0012448922876302953,0.01923201078533236,0.001303987294781319,0.01723640259003752,0.001305021455502368,0.019915881330525333,0.001334806917955974,0.018694257517014798,0.0013360095856975386,0.011051345460573948,0.0011721028841168264,0.011951950092069162,0.0011719848675874587,0.011707617676305751,0.0011425560332135028,0.013033912131922369,0.0011426469452713015,0.018173576038272892,0.0012448922876302953,0.018173576038272892,0.0012448922876302953,0.018690365128764142,0.0012448922876302953,0.018690365128764142,0.0012448922876302953,0.011707617676305751,0.0011447296130442791,0.013033912131922369,0.0011448280403080872,0.011707617676305751,0.0011425560332135028,0.013033912131922369,0.0011426469452713015
1086293935,64.0,0.0817850298976603,0.006081976125118747,0.018188088509185598,0.0012470708380173958,0.018188088509185598,0.0012470708380173958,0.020232664117026792,0.0012458027820339182,0.020232664117026792,0.0012458027820339182,0.009695257179041274,0.01569403190096537,0.0012431736350258576,0.01569403190096537,0.0012431736350258576,0.016934152271476464,0.0012431736350258576,0.016934152271476464,0.0012431736350258576,0.00744810319052229,0.011989777976505392,0.0011718470623745625,0.013047957913638438,0.001171799682328083,0.01264774641648749,0.0011409835941358492,0.013296345360245272,0.0011409518046205426,0.018979157933113347,0.001307614845912624,0.01898563573340362,0.001307929818279051,0.019930836673915306,0.0013142372357136856,0.019927522965153786,0.0013147757917396782,0.006081976125118747,0.020232664117026792,0.0012462160320820513,0.020232664117026792,0.0012462160320820513,0.020232664117026792,0.0012458027820339182,0.020232664117026792,0.0012458027820339182,0.01621447244991616,0.001287975305153283,0.01621626986497191,0.0012885032143514635,0.01625383064762673,0.0012879754281034243,0.016251564085704554,0.0012884960396426027,0.016934152271476464,0.001243305843597703,0.016934152271476464,0.001243305843597703,0.016934152271476464,0.0012431736350258576,0.016934152271476464,0.0012431736350258576,0.01875817720951797,0.001306755465897888,0.016072330845438375,0.0013072419667097808,0.019560747310811828,0.0013154376113863212,0.016415752689649007,0.0013158973067985984,0.011989777976505392,0.0011718470623745625,0.013047957913638438,0.001171799682328083,0.01264774641648749,0.0011409835941358492,0.013296345360245272,0.0011409518046205426,0.01569403190096537,0.0012431736350258576,0.01569403190096537,0.0012431736350258576,0.016934152271476464,0.0012431736350258576,0.016934152271476464,0.0012431736350258576,0.01264774641648749,0.0011425597312326409,0.013296345360245272,0.00114265957186835,0.01264774641648749,0.0011409835941358492,0.013296345360245272,0.0011409518046205426
1086294017,64.0,0.049995137216559744,0.005384173345748651,0.02343395223555435,0.0012478865968092558,0.02343395223555435,0.0012478865968092558,0.02524357344373123,0.0012464374970042903,0.02524357344373123,0.0012464374970042903,0.008311734995559653,0.019053212942307673,0.0012430004701327066,0.019053212942307673,0.0012430004701327066,0.019170743591627466,0.0012430004701327066,0.019170743591627466,0.0012430004701327066,0.007387687011979288,0.013007799254558656,0.0011672287337180798,0.015245756594222153,0.0011673005575458357,0.013498882848898767,0.00114086327644751,0.01675246566378041,0.0011409159294199329,0.025401477503926833,0.0013048162547508522,0.02540878357423446,0.0013056762372686955,0.02614027776451826,0.0013065779671442915,0.026081201500553167,0.0013074979217551487,0.005384173345748651,0.02524357344373123,0.0012463931687141034,0.02524357344373123,0.0012463931687141034,0.02524357344373123,0.0012464374970042903,0.02524357344373123,0.0012464374970042903,0.019482224272208547,0.0012926001628085575,0.019485292632161578,0.001293252500543304,0.01926705654738246,0.0012926016733002441,0.019291026662093487,0.0012932487441028814,0.019170743591627466,0.0012430847895033045,0.019170743591627466,0.0012430847895033045,0.019170743591627466,0.0012430004701327066,0.019170743591627466,0.0012430004701327066,0.02379449587181192,0.0012984243698041969,0.021604270557086823,0.001299155007505329,0.024266304214665572,0.0013061492448589568,0.022291619367251426,0.00130691183207026,0.013007799254558656,0.0011672287337180798,0.015245756594222153,0.0011673005575458357,0.013498882848898767,0.00114086327644751,0.01675246566378041,0.0011409159294199329,0.019053212942307673,0.0012430004701327066,0.019053212942307673,0.0012430004701327066,0.019170743591627466,0.0012430004701327066,0.019170743591627466,0.0012430004701327066,0.013498882848898767,0.0011441821231431694,0.01675246566378041,0.0011441741446346465,0.013498882848898767,0.00114086327644751,0.01675246566378041,0.0011409159294199329
1086294024,384.0,0.4668705958843571,0.021513253263573822,0.007680721619025537,0.007645908106869054,0.007680721619025537,0.007645908106869054,0.007674828888642048,0.007642548726811499,0.007674828888642048,0.007642548726811499,0.022280677963339105,0.007664980236088973,0.007640731187268963,0.007664980236088973,0.007640731187268963,0.007664678595294284,0.007640733362385896,0.007664678595294284,0.007640733362385896,0.022038180185871014,0.007654507550897299,0.0076456545209498405,0.007653585118617184,0.00764692688246123,0.007653622905325212,0.007645057945863506,0.00765245612209912,0.0076463652088082845,0.0076701920899315415,0.00765031851800985,0.007678992671507801,0.0076537625519772735,0.007669665005420281,0.007650909636430065,0.00767816694553032,0.0076547386307021055,0.021513253263573822,0.007674828888642048,0.007642782235439291,0.007674828888642048,0.007642782235439291,0.007674828888642048,0.007642548760017616,0.007674828888642048,0.007642548760017616,0.007662499577103808,0.007646234297179638,0.007669996524650931,0.007649755672325935,0.007661615734059366,0.007646231824959091,0.007669158001056984,0.007649754415555114,0.007664678595294284,0.00764085927842456,0.007664678595294284,0.00764085927842456,0.007664678595294284,0.007640733362385896,0.007664678595294284,0.007640733362385896,0.007671233896256308,0.007652146344411197,0.0076668683233107994,0.007655066950666343,0.007670717111996226,0.007653085175896361,0.007666470533309763,0.007656342226326663,0.007654507550897299,0.0076456545209498405,0.007653585118617184,0.00764692688246123,0.007653622905325212,0.007645057945863506,0.00765245612209912,0.0076463652088082845,0.007664980236088973,0.007640731187268963,0.007664980236088973,0.007640731187268963,0.007664678595294284,0.007640733362385896,0.007664678595294284,0.007640733362385896,0.007653622905325212,0.007645064712671954,0.00765245612209912,0.007646394830813593,0.007653622905325212,0.007645057945863506,0.00765245612209912,0.0076463652088082845
110000293085,64.0,0.019547163932787003,0.00508338307241171,0.013328130583605241,0.001250178613601993,0.013328130583605241,0.001250178613601993,0.014772945723669776,0.0012477521788582945,0.014772945723669776,0.0012477521788582945,0.008844487494948143,0.011770182607295454,0.0012448021029421237,0.011770182607295454,0.0012448021029421237,0.012245843213362737,0.0012448021029421237,0.012245843213362737,0.0012448021029421237,0.007801684394328495,0.010524236546198365,0.001171762596841893,0.00980978408394874,0.001171760419419414,0.009998130484700671,0.0011458973577573141,0.010050193876823845,0.001145937521025763,0.013425051215439403,0.0013197623924097977,0.013432600510078682,0.0013204808044027694,0.014102474152093057,0.0013987104727381633,0.0141291286454173,0.0013998888509311471,0.00508338307241171,0.014772945723669776,0.0012479201906681907,0.014772945723669776,0.0012479201906681907,0.014772945723669776,0.0012477521788582945,0.014772945723669776,0.0012477521788582945,0.011815728926311815,0.0013137732729239255,0.011772643322568955,0.0013142221745704216,0.011798496573711289,0.0013137733604870671,0.011797884482095487,0.0013142298563630997,0.012245843213362737,0.0012448418587928062,0.012245843213362737,0.0012448418587928062,0.012245843213362737,0.0012448021029421237,0.012245843213362737,0.0012448021029421237,0.013525858420305707,0.0013137095183703503,0.012142142589853517,0.0013143191503587452,0.014192633812888406,0.001393765082422984,0.01213657700116308,0.0013947300985478648,0.010524236546198365,0.001171762596841893,0.00980978408394874,0.001171760419419414,0.009998130484700671,0.0011458973577573141,0.010050193876823845,0.001145937521025763,0.011770182607295454,0.0012448021029421237,0.011770182607295454,0.0012448021029421237,0.012245843213362737,0.0012448021029421237,0.012245843213362737,0.0012448021029421237,0.009998130484700671,0.001142042569042233,0.010050193876823845,0.0011421285631396287,0.009998130484700671,0.0011458973577573141,0.010050193876823845,0.001145937521025763
110000293088,64.0,0.026309654725030343,0.004819892548755856,0.013499450616505822,0.0012485952009284186,0.013499450616505822,0.0012485952009284186,0.015166538903918336,0.0012474685847427682,0.015166538903918336,0.0012474685847427682,0.006154771211587896,0.011070534399442151,0.0012439181135072063,0.011070534399442151,0.0012439181135072063,0.011234645051622942,0.0012439181135072063,0.011234645051622942,0.0012439181135072063,0.004922784243372906,0.008762475805323213,0.0011703340839842008,0.008846942788028745,0.001170286866109176,0.00907490571750916,0.0011407956200928122,0.009519927365417081,0.0011409201699178557,0.014400195631430688,0.0013249159444285495,0.014405256005508026,0.0013254841076373708,0.014579096166010044,0.0013428269248397565,0.014585674828258897,0.0013435343041021631,0.004819892548755856,0.015166538903918336,0.0012477416256987297,0.015166538903918336,0.0012477416256987297,0.015166538903918336,0.0012474685847427682,0.015166538903918336,0.0012474685847427682,0.011983894415675612,0.0013140539460998202,0.011994314827154432,0.0013142456333825393,0.012333732737741094,0.0013140532543701343,0.012458670270842125,0.001314249287484466,0.011234645051622942,0.0012439719657898756,0.011234645051622942,0.0012439719657898756,0.011234645051622942,0.0012439181135072063,0.011234645051622942,0.0012439181135072063,0.01395273501573871,0.0013191345013312235,0.011480572725121856,0.0013196576542736764,0.013212144259659667,0.0013485850860472392,0.011649722854372152,0.0013492313463268828,0.008762475805323213,0.0011703340839842008,0.008846942788028745,0.001170286866109176,0.00907490571750916,0.0011407956200928122,0.009519927365417081,0.0011409201699178557,0.011070534399442151,0.0012439181135072063,0.011070534399442151,0.0012439181135072063,0.011234645051622942,0.0012439181135072063,0.011234645051622942,0.0012439181135072063,0.00907490571750916,0.0011422337591798083,0.009519927365417081,0.0011423493880167077,0.00907490571750916,0.0011407956200928122,0.009519927365417081,0.0011409201699178557
110000293089,64.0,0.033260677939729866,0.004576208975557853,0.014300954238763328,0.0012503353236249836,0.014300954238763328,0.0012503353236249836,0.015968347807082273,0.0012479849073147545,0.015968347807082273,0.0012479849073147545,0.006003049822750708,0.011448731491760298,0.001245452260267189,0.011448731491760298,0.001245452260267189,0.01181411569743617,0.001245458988072878,0.01181411569743617,0.001245458988072878,0.005245740259616223,0.009815789068274084,0.001171545897032131,0.010221412606188385,0.0011715336114022528,0.009895589316443644,0.00114344405887481,0.010366595356128987,0.0011434340380179408,0.015053672495006823,0.0013188176318061232,0.015054660070713132,0.0013194093854916637,0.014770535139036409,0.0013144047902071874,0.014758256561782722,0.0013150919649248783,0.004576208975557853,0.015968347807082273,0.0012482772453449164,0.015968347807082273,0.0012482772453449164,0.015968347807082273,0.0012479849073147545,0.015968347807082273,0.0012479849073147545,0.011549875596822806,0.0012747476929729285,0.0116984800535974,0.0012748223671399483,0.011532185718952837,0.0012747397580738704,0.011531621349708083,0.0012748186186549528,0.01181411569743617,0.0012452316339752086,0.01181411569743617,0.0012452316339752086,0.01181411569743617,0.001245458988072878,0.01181411569743617,0.001245458988072878,0.01413053996118643,0.0013147563805980642,0.012360912431655487,0.001315349953524558,0.01431050889584456,0.0013132283606493555,0.012479428962303599,0.0013137570751614526,0.009815789068274084,0.001171545897032131,0.010221412606188385,0.0011715336114022528,0.009895589316443644,0.00114344405887481,0.010366595356128987,0.0011434340380179408,0.011448731491760298,0.001245452260267189,0.011448731491760298,0.001245452260267189,0.01181411569743617,0.001245458988072878,0.01181411569743617,0.001245458988072878,0.009895589316443644,0.0011415350149006078,0.010366595356128987,0.0011416094348160907,0.009895589316443644,0.00114344405887481,0.010366595356128987,0.0011434340380179408
110000293091,384.0,0.2777475793430189,0.02312034008125713,0.007673642211852574,0.0076392532597425004,0.007673642211852574,0.0076392532597425004,0.007666098708976388,0.007635653151379175,0.007666098708976388,0.007635653151379175,0.023431674075659135,0.007657884157696054,0.00763229719777938,0.007657884157696054,0.00763229719777938,0.007657282130790644,0.007632297443020335,0.007657282130790644,0.007632297443020335,0.023543675120601088,0.007649115548115914,0.007640436464631307,0.007649576415702117,0.007642169155325472,0.007647345200424236,0.007639334112488737,0.007647354422999961,0.007640622636938456,0.00766659208263329,0.007647249801699754,0.007672617154142113,0.007652893285991763,0.007665525897062317,0.007648091447605696,0.007671807643391527,0.007654477293135843,0.02312034008125713,0.007666098708976388,0.007635865539537753,0.007666098708976388,0.007635865539537753,0.0076660986021776,0.007635653151379175,0.0076660986021776,0.007635653151379175,0.0076582381537453606,0.007639911456407624,0.007663818008794721,0.00764405833842682,0.007657280983389018,0.007639914769873056,0.007662961511555824,0.007644055499407887,0.007657282130790644,0.007632207808946517,0.007657282130790644,0.007632207808946517,0.007657282130790644,0.007632297443020335,0.007657282130790644,0.007632297443020335,0.007667901507798208,0.007649519400637993,0.007662377968108221,0.00765540810668265,0.007666762921185954,0.007650798477697286,0.007661211817498753,0.0076563330605769605,0.007649115548115914,0.007640436464631307,0.007649576415702117,0.007642169155325472,0.007647345200424236,0.007639334112488737,0.007647354422999961,0.007640622636938456,0.007657884157696054,0.00763229719777938,0.007657884157696054,0.00763229719777938,0.007657282130790644,0.007632297443020335,0.007657282130790644,0.007632297443020335,0.007647345200424236,0.00763896895288068,0.007647354422999961,0.0076403625562124385,0.007647345200424236,0.007639334112488737,0.007647354422999961,0.007640622636938456
110000293098,64.0,0.02476874611419376,0.005860976545220439,0.015279512624797062,0.0012493843000694316,0.015279512624797062,0.0012493843000694316,0.01731670083186077,0.0012481731382801191,0.01731670083186077,0.0012481731382801191,0.0061573872206258035,0.013965462350628904,0.0012452071238445099,0.013965462350628904,0.0012452071238445099,0.014569617554180365,0.0012452071238445099,0.014569617554180365,0.0012452071238445099,0.006000173506566135,0.009458700342950955,0.0011718238813700898,0.010384482363191824,0.0011719928251462495,0.009747954768603692,0.001144957774647625,0.010365484185417386,0.001144962566602484,0.015831834667828323,0.0013092208208011881,0.015837113120050553,0.0013098486916706016,0.016647536654169237,0.0013137901571177817,0.01665452559058216,0.0013145099250051904,0.005860976545220439,0.01731670083186077,0.0012477946181786632,0.01731670083186077,0.0012477946181786632,0.01731670083186077,0.0012481731382801191,0.01731670083186077,0.0012481731382801191,0.014963304960861424,0.0012908661855541691,0.014976869186284606,0.0012912202706838259,0.015252347958515421,0.0012908647865736086,0.01524344701134859,0.0012912211910897625,0.014569617554180365,0.0012446124125429596,0.014569617554180365,0.0012446124125429596,0.014569617554180365,0.0012452071238445099,0.014569617554180365,0.0012452071238445099,0.015165537557950666,0.0013027276305016882,0.014715276941773997,0.0013032724412538699,0.01605826226532068,0.0013143624475047088,0.01408830565044638,0.0013150209893518033,0.009458700342950955,0.0011718238813700898,0.010384482363191824,0.0011719928251462495,0.009747954768603692,0.001144957774647625,0.010365484185417386,0.001144962566602484,0.013965462350628904,0.0012452071238445099,0.013965462350628904,0.0012452071238445099,0.014569617554180365,0.0012452071238445099,0.014569617554180365,0.0012452071238445099,0.009747954768603692,0.0011505678045744619,0.010365484185417386,0.0011506713933182964,0.009747954768603692,0.001144957774647625,0.010365484185417386,0.001144962566602484
110000293236,64.0,0.02832665301350076,0.005061438494275516,0.012771295499586206,0.0012494661353091314,0.012771295499586206,0.0012494661353091314,0.013467855152364127,0.0012476376493193368,0.013467855152364127,0.0012476376493193368,0.006319047152552488,0.010583886209393194,0.0012443199238843714,0.010583886209393194,0.0012443199238843714,0.01105603080706136,0.0012443199238843714,0.01105603080706136,0.0012443199238843714,0.005867781170311435,0.009913752027916816,0.0011727889006417367,0.009585590804304156,0.0011728836174303905,0.010171759167297317,0.0011438410135172327,0.010478994528713748,0.001143840071958128,0.01295327048780225,0.001319040388830383,0.012955522903143377,0.001319781809125852,0.012753684499156676,0.0013292553744564013,0.012760381194712898,0.0013302564608768802,0.005061438494275516,0.013467855152364127,0.0012474182688581228,0.013467855152364127,0.0012474182688581228,0.013467855152364127,0.0012476376493193368,0.013467855152364127,0.0012476376493193368,0.01142329993051807,0.001287567878609926,0.011424157592824218,0.0012881729356399021,0.01142773059710067,0.0012875687399907091,0.011428608429527129,0.0012881725082864758,0.01105603080706136,0.00124433719080069,0.01105603080706136,0.00124433719080069,0.01105603080706136,0.0012443199238843714,0.01105603080706136,0.0012443199238843714,0.0129024319804376,0.0013145337096638508,0.011843181643615247,0.0013154767759710208,0.012833983266328399,0.0013327421618227753,0.011760369513291704,0.001333834391320186,0.009913752027916816,0.0011727889006417367,0.009585590804304156,0.0011728836174303905,0.010171759167297317,0.0011438410135172327,0.010478994528713748,0.001143840071958128,0.010583886209393194,0.0012443199238843714,0.010583886209393194,0.0012443199238843714,0.01105603080706136,0.0012443199238843714,0.01105603080706136,0.0012443199238843714,0.010171759167297317,0.0011451489437645812,0.010478994528713748,0.0011451502402596507,0.010171759167297317,0.0011438410135172327,0.010478994528713748,0.001143840071958128
110000294883,64.0,0.030984820788477092,0.0051725276058095905,0.01320507022228869,0.0012490530335204262,0.01320507022228869,0.0012490530335204262,0.014177057305296078,0.0012472789816672975,0.014177057305296078,0.0012472789816672975,0.007128653304632243,0.012419344549565767,0.0012443936622549162,0.012419344549565767,0.0012443936622549162,0.013134915340736063,0.001244392405394409,0.013134915340736063,0.001244392405394409,0.005914826815295454,0.010068117064832386,0.0011731706464848171,0.01022564526729739,0.0011732027149824321,0.01024644314299614,0.0011422635709304033,0.010340327452233376,0.001142376751274081,0.0134072383682573,0.0013109406758594344,0.013409043168705758,0.0013117818938656583,0.013760971415509957,0.0013297569145465037,0.013762987682248448,0.0013306608991889898,0.0051725276058095905,0.014177057305296078,0.001247456082481196,0.014177057305296078,0.001247456082481196,0.014177057305296078,0.0012472789816672975,0.014177057305296078,0.0012472789816672975,0.012788244607879704,0.0013042804086853595,0.012781463409727238,0.0013046866516976607,0.013110162725999278,0.0013042795374456158,0.013102506260844637,0.0013046863889509582,0.013134915340736063,0.001243807751324154,0.013134915340736063,0.001243807751324154,0.013134915340736063,0.001244392405394409,0.013134915340736063,0.001244392405394409,0.012630986740887301,0.001311529625878566,0.011362567324100317,0.0013122397436932999,0.013369736739837792,0.0013320621629988641,0.01124333419735191,0.0013331027645348532,0.010068117064832386,0.0011731706464848171,0.01022564526729739,0.0011732027149824321,0.01024644314299614,0.0011422635709304033,0.010340327452233376,0.001142376751274081,0.012419344549565767,0.0012443936622549162,0.012419344549565767,0.0012443936622549162,0.013134915340736063,0.001244392405394409,0.013134915340736063,0.001244392405394409,0.01024644314299614,0.0011428226037608511,0.010340327452233376,0.0011427848765974923,0.01024644314299614,0.0011422635709304033,0.010340327452233376,0.001142376751274081
110000294889,64.0,0.019745293668502834,0.0044290982374086485,0.01239983707518458,0.001250468403240885,0.01239983707518458,0.001250468403240885,0.015307587070232751,0.0012488320647363535,0.015307587070232751,0.0012488320647363535,0.006923058666854285,0.010859580480656132,0.001245696390945248,0.010859580480656132,0.001245696390945248,0.012398498500976974,0.0012456971685908971,0.012398498500976974,0.0012456971685908971,0.005226059745268999,0.007727982243085766,0.0011722499869383242,0.007035024774226094,0.0011721958824283418,0.008790568408467918,0.001142104154892335,0.008037974813550345,0.001142195742171251,0.013072931220496962,0.0013142542850230515,0.013075080355535292,0.0013148856736324441,0.013687050659500532,0.0013107702795908704,0.013688521266082165,0.001311204600240372,0.0044290982374086485,0.015307587070232751,0.001248118679979267,0.015307587070232751,0.001248118679979267,0.015307587070232751,0.0012488320647363535,0.015307587070232751,0.0012488320647363535,0.012120306234105191,0.0013107748156738915,0.0121212312363097,0.0013110030538958674,0.012255417808132971,0.0013107804271166284,0.012254769678216409,0.0013110040902230735,0.012398498500976974,0.0012450817637311474,0.012398498500976974,0.0012450817637311474,0.012398498500976974,0.0012456971685908971,0.012398498500976974,0.0012456971685908971,0.012994994107052779,0.0013078733842147908,0.01064993865900211,0.001308231230635267,0.013336865384065723,0.001315987004270317,0.010479959295924747,0.0013163519787837224,0.007727982243085766,0.0011722499869383242,0.007035024774226094,0.0011721958824283418,0.008790568408467918,0.001142104154892335,0.008037974813550345,0.001142195742171251,0.010859580480656132,0.001245696390945248,0.010859580480656132,0.001245696390945248,0.012398498500976974,0.0012456971685908971,0.012398498500976974,0.0012456971685908971,0.008790568408467918,0.0011428473368582598,0.008037974813550345,0.001142844348743686,0.008790568408467918,0.001142104154892335,0.008037974813550345,0.001142195742171251
110000294893,64.0,0.022464342542613983,0.005076392513950365,0.012447959559046883,0.001249468685810611,0.012447959559046883,0.001249468685810611,0.013477427849574777,0.0012478296640299762,0.013477427849574777,0.0012478296640299762,0.010589755798110953,0.010856405710579402,0.0012448417573401908,0.010856405710579402,0.0012448417573401908,0.011027998750265038,0.0012448407394393217,0.011027998750265038,0.0012448407394393217,0.0060054890221817574,0.009371197737247641,0.001172163094296424,0.00958338345777543,0.001172199159862912,0.009625988168469326,0.0011418936778944363,0.009860405004030714,0.0011418997355394963,0.012874104405790107,0.0013204242884442016,0.012879264613978165,0.001320769571699336,0.012608787660146548,0.0012959642294335686,0.012609437273908699,0.001296364698346273,0.005076392513950365,0.013477427849574777,0.0012472000745181661,0.013477427849574777,0.0012472000745181661,0.013477427849574777,0.0012478296640299762,0.013477427849574777,0.0012478296640299762,0.010884788475366945,0.001280762835281804,0.010882629278192342,0.001281115382297076,0.011141027819695521,0.0012807675504342172,0.011139879302103993,0.001281115601611167,0.011027998750265038,0.0012443413001469866,0.011027998750265038,0.0012443413001469866,0.011027998750265038,0.0012448407394393217,0.011027998750265038,0.0012448407394393217,0.012456199144431966,0.0013114482646117119,0.011651311789736198,0.0013118042363924156,0.01192494455346879,0.0013025194000323098,0.011408443171605115,0.001302819714445145,0.009371197737247641,0.001172163094296424,0.00958338345777543,0.001172199159862912,0.009625988168469326,0.0011418936778944363,0.009860405004030714,0.0011418997355394963,0.010856405710579402,0.0012448417573401908,0.010856405710579402,0.0012448417573401908,0.011027998750265038,0.0012448407394393217,0.011027998750265038,0.0012448407394393217,0.009625988168469326,0.0011409803169083281,0.009860405004030714,0.0011410447236692033,0.009625988168469326,0.0011418936778944363,0.009860405004030714,0.0011418997355394963
110000294899,384.0,0.32711486382468824,0.027330915591227314,0.007671869059143525,0.00763919494823536,0.007671869059143525,0.00763919494823536,0.007666025698686119,0.007635458581889059,0.007666025698686119,0.007635458581889059,0.026088440692682607,0.007658733377417323,0.007632628520344867,0.007658733377417323,0.007632628520344867,0.007658332657869184,0.00763262824146331,0.007658332657869184,0.00763262824146331,0.02577294025797021,0.00764940020668716,0.007640189758750638,0.007649944744698007,0.007641484862289549,0.0076489941320618616,0.00763959213295102,0.007647102491413201,0.00764085318298826,0.007663888123703648,0.007647154437035328,0.007670320022576543,0.007654859110285681,0.00766568930816687,0.007649126642571451,0.007673419117858846,0.00765836087191328,0.027330915591227314,0.007666025698686119,0.007635540753529047,0.007666025698686119,0.007635540753529047,0.007666025698686119,0.007635458581889059,0.007666025698686119,0.007635458581889059,0.007657002259712827,0.0076403400465614715,0.007662622758075998,0.007645130756466196,0.007656450509294845,0.007640341295785641,0.0076618120063137235,0.007645124559445708,0.007658332657869184,0.007632611891299237,0.007658332657869184,0.007632611891299237,0.007658332657869184,0.00763262824146331,0.007658332657869184,0.00763262824146331,0.007665658116201066,0.007649868452873992,0.0076618603170744365,0.007656970976544142,0.007667034498673939,0.0076517507793185426,0.007663550477748478,0.007660318952582425,0.00764940020668716,0.007640189758750638,0.007649944744698007,0.007641484862289549,0.0076489941320618616,0.00763959213295102,0.007647102491413201,0.00764085318298826,0.007658733377417323,0.007632628520344867,0.007658733377417323,0.007632628520344867,0.007658332657869184,0.00763262824146331,0.007658332657869184,0.00763262824146331,0.0076489941320618616,0.007639414174340405,0.007647102491413201,0.00764093922765453,0.0076489941320618616,0.00763959213295102,0.007647102491413201,0.00764085318298826
110000294902,64.0,0.019921385187205917,0.007571239690878276,0.01928579304912808,0.001249059957858238,0.01928579304912808,0.001249059957858238,0.02260280019573906,0.0012472419099287557,0.02260280019573906,0.0012472419099287557,0.013157900528814067,0.019163934321793544,0.0012432200676903797,0.019163934321793544,0.0012432200676903797,0.01959478763383876,0.0012432200676903797,0.01959478763383876,0.0012432200676903797,0.011877912625542658,0.011717524448565228,0.001171305266609161,0.013292852395966824,0.0011714714924072642,0.012374476485605412,0.0011408421642862465,0.013588754455943219,0.0011408311720226964,0.020343272279812922,0.0013151919356798505,0.02037345754576019,0.0013156404461583382,0.02023972576138847,0.0013388487152245206,0.02027738255277874,0.001339598006705253,0.007571239690878276,0.02260280019573906,0.0012471158009552425,0.02260280019573906,0.0012471158009552425,0.02260280019573906,0.0012472419099287557,0.02260280019573906,0.0012472419099287557,0.0204703878862142,0.001318014018687089,0.020463424203462116,0.0013181410633445842,0.02043666997547198,0.001318015241203519,0.020442406018139476,0.0013181415203955174,0.01959478763383876,0.001242995618029663,0.01959478763383876,0.001242995618029663,0.01959478763383876,0.0012432200676903797,0.01959478763383876,0.0012432200676903797,0.01890301465529159,0.0013013629144722272,0.01640223469059692,0.0013019972888172829,0.019595099212665373,0.00134452079018386,0.01608979284561472,0.0013450154600703076,0.011717524448565228,0.001171305266609161,0.013292852395966824,0.0011714714924072642,0.012374476485605412,0.0011408421642862465,0.013588754455943219,0.0011408311720226964,0.019163934321793544,0.0012432200676903797,0.019163934321793544,0.0012432200676903797,0.01959478763383876,0.0012432200676903797,0.01959478763383876,0.0012432200676903797,0.012374476485605412,0.0011397075152918001,0.013588754455943219,0.001139642927073404,0.012374476485605412,0.0011408421642862465,0.013588754455943219,0.0011408311720226964
110000294909,64.0,0.027196236975561804,0.005436251296872364,0.013242092098384851,0.0012500839982407842,0.013242092098384851,0.0012500839982407842,0.01619933931033927,0.0012481796449019522,0.01619933931033927,0.0012481796449019522,0.008273984936424466,0.01251059427659063,0.0012438629117791553,0.01251059427659063,0.0012438629117791553,0.01289755457831778,0.0012438629117791553,0.01289755457831778,0.0012438629117791553,0.007424584962536132,0.00989969215099877,0.001170166316920048,0.00976473351142137,0.0011702783462652175,0.010683714884071977,0.001141042478334883,0.011025182160783784,0.0011409785493391887,0.01342534584259097,0.0013069167998541237,0.01342434441127735,0.0013074464594674492,0.014773185980890342,0.0013140835581608896,0.014777199110106751,0.0013146736448109205,0.005436251296872364,0.01619933931033927,0.0012480243120513257,0.01619933931033927,0.0012480243120513257,0.01619933931033927,0.0012481796449019522,0.01619933931033927,0.0012481796449019522,0.013188111794085822,0.0012864678178581236,0.013175448265980097,0.0012866405545966125,0.012809083456921635,0.0012864680569330514,0.012799613320909885,0.0012866404943869421,0.01289755457831778,0.0012438598784902445,0.01289755457831778,0.0012438598784902445,0.01289755457831778,0.0012438629117791553,0.01289755457831778,0.0012438629117791553,0.012818548295577199,0.00130117173184426,0.011185189784257237,0.0013015552516471647,0.01365273207146807,0.0013189370303130581,0.01313708446743173,0.0013195103606221618,0.00989969215099877,0.001170166316920048,0.00976473351142137,0.0011702783462652175,0.010683714884071977,0.001141042478334883,0.011025182160783784,0.0011409785493391887,0.01251059427659063,0.0012438629117791553,0.01251059427659063,0.0012438629117791553,0.01289755457831778,0.0012438629117791553,0.01289755457831778,0.0012438629117791553,0.010683714884071977,0.0011409164445815808,0.011025182160783784,0.0011409417864622357,0.010683714884071977,0.001141042478334883,0.011025182160783784,0.0011409785493391887
110000295507,64.0,0.074479801460111,0.004125821125390981,0.01160977178356442,0.0012505832981185257,0.01160977178356442,0.0012505832981185257,0.013526281345269502,0.0012486400642552546,0.013526281345269502,0.0012486400642552546,0.005728934769891871,0.012658417635989874,0.001245554849144132,0.012658417635989874,0.001245554849144132,0.013506000958800696,0.0012455417381369589,0.013506000958800696,0.0012455417381369589,0.00555036320366765,0.007175067519525749,0.0011721836417574395,0.007440894325097425,0.0011722171471262007,0.007342093994088053,0.001142295690181625,0.007678016299703485,0.0011423435866276474,0.012212401838826,0.0013189707871078776,0.012198119317857694,0.0013195010661672425,0.012601908734686857,0.001318241186925228,0.012600003875943415,0.0013188513495900223,0.004125821125390981,0.013526281345269502,0.0012484208567554874,0.013526281345269502,0.0012484208567554874,0.013526281345269502,0.0012486400642552546,0.013526281345269502,0.0012486400642552546,0.013108329348525493,0.001304650989262331,0.013101280194145066,0.0013049673215823406,0.013159291223582788,0.001304650968937821,0.013162457625414443,0.001304970170928488,0.013506000958800696,0.001245517391008444,0.013506000958800696,0.001245517391008444,0.013506000958800696,0.0012455417381369589,0.013506000958800696,0.0012455417381369589,0.011341953371439655,0.0013167979291709262,0.009739169333659887,0.0013171460608839972,0.011415124918141352,0.0013300068208783814,0.010559129702263526,0.0013307649813427992,0.007175067519525749,0.0011721836417574395,0.007440894325097425,0.0011722171471262007,0.007342093994088053,0.001142295690181625,0.007678016299703485,0.0011423435866276474,0.012658417635989874,0.001245554849144132,0.012658417635989874,0.001245554849144132,0.013506000958800696,0.0012455417381369589,0.013506000958800696,0.0012455417381369589,0.007342093994088053,0.0011427071830479342,0.007678016299703485,0.001142769329027498,0.007342093994088053,0.001142295690181625,0.007678016299703485,0.0011423435866276474
110000295544,64.0,0.05152941616671205,0.005213938596742668,0.016148908278118927,0.0012485485384936192,0.016148908278118927,0.0012485485384936192,0.017930585913223194,0.0012466033602186758,0.017930585913223194,0.0012466033602186758,0.006682958000773803,0.014360159277387404,0.001243444433940971,0.014360159277387404,0.001243444433940971,0.014732088136216041,0.0012434570344572202,0.014732088136216041,0.0012434570344572202,0.00619502182232153,0.009286948865900205,0.0011707353914657862,0.009285941412700973,0.0011707482201335068,0.009804499392587072,0.0011430610211783769,0.009533101419170664,0.0011430518960463796,0.016973541949915676,0.0013100286956952878,0.016977440990519642,0.0013102659039496015,0.017470054218955672,0.0013458918945231451,0.017475467214998472,0.00134655317457056,0.005213938596742668,0.017930585913223194,0.0012463264530327737,0.017930585913223194,0.0012463264530327737,0.017930585913223194,0.0012466033602186758,0.017930585913223194,0.0012466033602186758,0.014749365019258111,0.0013133865869656457,0.014717302381734321,0.0013135861892745408,0.014022544264627743,0.00131338273552043,0.014024007826756203,0.0013135913999037106,0.014732088136216041,0.0012432487310931677,0.014732088136216041,0.0012432487310931677,0.014732088136216041,0.0012434570344572202,0.014732088136216041,0.0012434570344572202,0.01599702347453022,0.0013052148152374976,0.014769927895941885,0.0013054564129251068,0.01637058502199725,0.0013511152815806554,0.015568162855734969,0.0013517743730663693,0.009286948865900205,0.0011707353914657862,0.009285941412700973,0.0011707482201335068,0.009804499392587072,0.0011430610211783769,0.009533101419170664,0.0011430518960463796,0.014360159277387404,0.001243444433940971,0.014360159277387404,0.001243444433940971,0.014732088136216041,0.0012434570344572202,0.014732088136216041,0.0012434570344572202,0.009804499392587072,0.0011429505198444674,0.009533101419170664,0.0011430083323190374,0.009804499392587072,0.0011430610211783769,0.009533101419170664,0.0011430518960463796
110000295545,64.0,0.04066633967795068,0.004500979048239352,0.013889710806540466,0.0012502589961699965,0.013889710806540466,0.0012502589961699965,0.015504427834463945,0.0012488373767921472,0.015504427834463945,0.0012488373767921472,0.00701539061957159,0.013061506130203748,0.0012452665154961053,0.013061506130203748,0.0012452665154961053,0.013655104945955194,0.0012452713966011053,0.013655104945955194,0.0012452713966011053,0.0059989277773939125,0.010455826318898362,0.0011720170303448577,0.01131644100488298,0.0011720488150939298,0.010881484448165963,0.0011418719849267183,0.011300392112808439,0.0011419418239717377,0.01420838678597465,0.0013126718664298951,0.014203983756390091,0.0013134195435026757,0.013867256612763166,0.0013331852532917025,0.013870761568299835,0.0013340485837642735,0.004500979048239352,0.015504427834463945,0.0012487869291285742,0.015504427834463945,0.0012487869291285742,0.015504427834463945,0.0012488373767921472,0.015504427834463945,0.0012488373767921472,0.012741265424979418,0.0013114600374146133,0.01274035810613413,0.0013120859172222007,0.013011835168794509,0.0013114598788134541,0.013014735419753724,0.0013120856410486679,0.013655104945955194,0.001245460679578606,0.013655104945955194,0.001245460679578606,0.013655104945955194,0.0012452713966011053,0.013655104945955194,0.0012452713966011053,0.013526469843261226,0.0013066788870799673,0.012354915984969031,0.0013073049715405295,0.013624254522066398,0.0013350564057692297,0.012788275846522463,0.001335834833738415,0.010455826318898362,0.0011720170303448577,0.01131644100488298,0.0011720488150939298,0.010881484448165963,0.0011418719849267183,0.011300392112808439,0.0011419418239717377,0.013061506130203748,0.0012452665154961053,0.013061506130203748,0.0012452665154961053,0.013655104945955194,0.0012452713966011053,0.013655104945955194,0.0012452713966011053,0.010881484448165963,0.001143314698657151,0.011300392112808439,0.0011433786055294916,0.010881484448165963,0.0011418719849267183,0.011300392112808439,0.0011419418239717377
110000295566,64.0,0.031152462395766866,0.005643038589560921,0.01630995405220245,0.0012488171323640314,0.01630995405220245,0.0012488171323640314,0.015550264304704589,0.0012474945461152845,0.015550264304704589,0.0012474945461152845,0.008667772074466359,0.011838654727779374,0.0012443912512891894,0.011838654727779374,0.0012443912512891894,0.012475592108684418,0.0012443912512891894,0.012475592108684418,0.0012443912512891894,0.00621745277734792,0.009099318625503975,0.001168931425858259,0.009262196167243919,0.0011688781217565716,0.009387525568429474,0.0011426430954615588,0.009627260799269632,0.001142694534221522,0.01649382513866373,0.0013193831768008688,0.01654040555346966,0.0013200997273122004,0.01649133259528068,0.0013278242565171,0.016485273104515828,0.0013286119921320876,0.005643038589560921,0.015550264304704589,0.0012474979812863501,0.015550264304704589,0.0012474979812863501,0.015550264304704589,0.0012474945461152845,0.015550264304704589,0.0012474945461152845,0.012839416653943276,0.0012885047185843346,0.012847013044905,0.00128876577325991,0.013171174142080496,0.001288500583652048,0.013173351483409167,0.0012887641497680855,0.012475592108684418,0.0012438981441161784,0.012475592108684418,0.0012438981441161784,0.012475592108684418,0.0012443912512891894,0.012475592108684418,0.0012443912512891894,0.015971289469667596,0.0013087644270825991,0.013636431746050611,0.001309520228497153,0.015534589738463877,0.0013283229245646705,0.014297788624102213,0.001329135330787316,0.009099318625503975,0.001168931425858259,0.009262196167243919,0.0011688781217565716,0.009387525568429474,0.0011426430954615588,0.009627260799269632,0.001142694534221522,0.011838654727779374,0.0012443912512891894,0.011838654727779374,0.0012443912512891894,0.012475592108684418,0.0012443912512891894,0.012475592108684418,0.0012443912512891894,0.009387525568429474,0.0011408900667564355,0.009627260799269632,0.0011409339211717097,0.009387525568429474,0.0011426430954615588,0.009627260799269632,0.001142694534221522
110000295570,64.0,0.03316791404081146,0.0047251341481223934,0.00912712948493794,0.0012484232308255104,0.00912712948493794,0.0012484232308255104,0.009899196260797829,0.0012466780109026483,0.009899196260797829,0.0012466780109026483,0.006222602461976496,0.008476283778729471,0.001244682010703423,0.008476283778729471,0.001244682010703423,0.008682520138478136,0.0012446886320225843,0.008682520138478136,0.0012446886320225843,0.004879893979452683,0.006686098977026973,0.0011695054106915133,0.00560928799863835,0.0011695702734164,0.006951835166672596,0.001140154780398378,0.005835866944651239,0.0011401646534726212,0.009252030035112012,0.0013143232436792984,0.009265732440641376,0.0013150985997826196,0.009626650102810568,0.0013296596241039258,0.009630969977858332,0.0013307183751103252,0.0047251341481223934,0.009899196260797829,0.001247016124723473,0.009899196260797829,0.001247016124723473,0.009899196260797829,0.0012466780109026483,0.009899196260797829,0.0012466780109026483,0.00894556936617847,0.0013089703785536266,0.008948234906418238,0.0013092460718309663,0.009223433762216019,0.0013089726591293531,0.009246621609185506,0.0013092450363598321,0.008682520138478136,0.0012443989526526175,0.008682520138478136,0.0012443989526526175,0.008682520138478136,0.0012446886320225843,0.008682520138478136,0.0012446886320225843,0.008984308739376869,0.0013026856346826112,0.007427198829497085,0.0013034098717400126,0.009250844139452326,0.0013327507785534836,0.007704126331269014,0.0013335967324645034,0.006686098977026973,0.0011695054106915133,0.00560928799863835,0.0011695702734164,0.006951835166672596,0.001140154780398378,0.005835866944651239,0.0011401646534726212,0.008476283778729471,0.001244682010703423,0.008476283778729471,0.001244682010703423,0.008682520138478136,0.0012446886320225843,0.008682520138478136,0.0012446886320225843,0.006951835166672596,0.001140907801203787,0.005835866944651239,0.001140902544415355,0.006951835166672596,0.001140154780398378,0.005835866944651239,0.0011401646534726212
110000295573,64.0,0.037668786428034964,0.005786487666935159,0.015063093332531927,0.0012490480387781849,0.015063093332531927,0.0012490480387781849,0.015185614691043715,0.001247662223174415,0.015185614691043715,0.001247662223174415,0.01093458345751306,0.013604452291975844,0.0012444198425261362,0.013604452291975844,0.0012444198425261362,0.013622175073592627,0.0012444198425261362,0.013622175073592627,0.0012444198425261362,0.009069597724331333,0.011007972869680561,0.0011686575411396251,0.011336539903916863,0.0011687557847868543,0.012053617248924006,0.0011437010684226944,0.011628793708345646,0.0011436732676708473,0.015377517574231024,0.001309968230576736,0.015369519784305124,0.001310572944415553,0.01581118641484643,0.0013801044881797471,0.015811439208579862,0.0013810169871198046,0.005786487666935159,0.015185614691043715,0.001247803180671242,0.015185614691043715,0.001247803180671242,0.015185614691043715,0.001247662223174415,0.015185614691043715,0.001247662223174415,0.014079390865819353,0.001321992607975845,0.014074259964449096,0.0013222836554639687,0.014191404478010861,0.001321992362632733,0.01419161848565813,0.001322278667325251,0.013622175073592627,0.0012441777383659354,0.013622175073592627,0.0012441777383659354,0.013622175073592627,0.0012444198425261362,0.013622175073592627,0.0012444198425261362,0.01536410043125877,0.0013070557725640257,0.013807188791231148,0.0013077128694764613,0.015600673660259254,0.0013901752718287076,0.013709342925809675,0.001391055048003986,0.011007972869680561,0.0011686575411396251,0.011336539903916863,0.0011687557847868543,0.012053617248924006,0.0011437010684226944,0.011628793708345646,0.0011436732676708473,0.013604452291975844,0.0012444198425261362,0.013604452291975844,0.0012444198425261362,0.013622175073592627,0.0012444198425261362,0.013622175073592627,0.0012444198425261362,0.012053617248924006,0.0011422906002166323,0.011628793708345646,0.0011424608776297162,0.012053617248924006,0.0011437010684226944,0.011628793708345646,0.0011436732676708473
110000295602,64.0,0.018324071573687893,0.0062710667155541815,0.020990116953031882,0.0012489108486895047,0.020990116953031882,0.0012489108486895047,0.02436512253937863,0.001246979945649416,0.02436512253937863,0.001246979945649416,0.011527089312831442,0.018016991929133194,0.0012428025917179907,0.018016991929133194,0.0012428025917179907,0.01813767920001143,0.001242804684170339,0.01813767920001143,0.001242804684170339,0.008150890601466483,0.01289881071599095,0.0011693597789423625,0.014068393656830996,0.001169327497956197,0.013405816105666263,0.0011398050776743242,0.014386568441901957,0.0011398477335230407,0.021287457246365472,0.0013222007383653128,0.02128651481361558,0.0013228375284335442,0.022073859314695816,0.0013615004333532266,0.02209227992082165,0.001362400726635895,0.0062710667155541815,0.02436512253937863,0.001246074362044073,0.02436512253937863,0.001246074362044073,0.02436512253937863,0.001246979945649416,0.02436512253937863,0.001246979945649416,0.01831920839504047,0.00134485804382448,0.018318633735946024,0.0013448327900452718,0.01857249075156302,0.0013448594521081466,0.018572133646276356,0.0013448306556761282,0.01813767920001143,0.001242695697466248,0.01813767920001143,0.001242695697466248,0.01813767920001143,0.001242804684170339,0.01813767920001143,0.001242804684170339,0.020056548761362633,0.0013123085768414018,0.017245073891598937,0.0013129137484928608,0.020837554415215134,0.0013488967537332963,0.017859935069841675,0.0013496254330552203,0.01289881071599095,0.0011693597789423625,0.014068393656830996,0.001169327497956197,0.013405816105666263,0.0011398050776743242,0.014386568441901957,0.0011398477335230407,0.018016991929133194,0.0012428025917179907,0.018016991929133194,0.0012428025917179907,0.01813767920001143,0.001242804684170339,0.01813767920001143,0.001242804684170339,0.013405816105666263,0.0011384729362227393,0.014386568441901957,0.0011385278519316301,0.013405816105666263,0.0011398050776743242,0.014386568441901957,0.0011398477335230407
110000295613,64.0,0.0359003455188591,0.0048849777613032925,0.02240110287888991,0.0012494153198531115,0.02240110287888991,0.0012494153198531115,0.02205946536409428,0.0012469159519748793,0.02205946536409428,0.0012469159519748793,0.009390681827233977,0.014178786402449668,0.0012425362754401442,0.014178786402449668,0.0012425362754401442,0.014323325903530271,0.0012425425007385282,0.014323325903530271,0.0012425425007385282,0.006917729349097723,0.011496655902650576,0.0011690644533485551,0.012633151745299992,0.0011691476431611543,0.011526775140618088,0.0011432263615281427,0.012689868010937336,0.0011432515335929718,0.022167798857051137,0.0013142701453646203,0.02221349520666106,0.001314606678267461,0.022486535414403524,0.001378886115662297,0.02249294615201002,0.0013796474556474227,0.0048849777613032925,0.02205946536409428,0.0012471277025770952,0.02205946536409428,0.0012471277025770952,0.02205946536409428,0.0012469159519748793,0.02205946536409428,0.0012469159519748793,0.014281198130638455,0.0012984857208543491,0.014289090334419276,0.0012986697425147165,0.01451700096033658,0.0012984842912744175,0.014517266810382106,0.0012986697965700273,0.014323325903530271,0.0012430486000910802,0.014323325903530271,0.0012430486000910802,0.014323325903530271,0.0012425425007385282,0.014323325903530271,0.0012425425007385282,0.021868049217356474,0.0013062448320230269,0.017066017693647746,0.0013066725759093073,0.02187885032658311,0.0013874803702776457,0.01706065874936135,0.00138828158938401,0.011496655902650576,0.0011690644533485551,0.012633151745299992,0.0011691476431611543,0.011526775140618088,0.0011432263615281427,0.012689868010937336,0.0011432515335929718,0.014178786402449668,0.0012425362754401442,0.014178786402449668,0.0012425362754401442,0.014323325903530271,0.0012425425007385282,0.014323325903530271,0.0012425425007385282,0.011526775140618088,0.0011439539032235162,0.012689868010937336,0.001144015357116512,0.011526775140618088,0.0011432263615281427,0.012689868010937336,0.0011432515335929718
110000295616,64.0,0.02365856768082584,0.004415662010510517,0.00861609708722872,0.0012494283458914794,0.00861609708722872,0.0012494283458914794,0.01015047286871393,0.0012477679105734848,0.01015047286871393,0.0012477679105734848,0.005642936418741962,0.007375610426357637,0.0012440431327639138,0.007375610426357637,0.0012440431327639138,0.007525839522982429,0.0012440431406881868,0.007525839522982429,0.0012440431406881868,0.005338040545215823,0.005781848708762422,0.0011747201639630725,0.005721219837911017,0.00117478192673839,0.0059289655916924975,0.0011426442922100107,0.006422965575754437,0.0011427486027404898,0.009062305116902836,0.001301247546780329,0.00905287776860699,0.0013019479872164769,0.010106557933305721,0.0013586935111440427,0.010112321517891903,0.0013595539250461737,0.004415662010510517,0.01015047286871393,0.0012472070133224694,0.01015047286871393,0.0012472070133224694,0.01015047286871393,0.0012477679105734848,0.01015047286871393,0.0012477679105734848,0.00879454137838328,0.0013028890078218682,0.008789904679996435,0.0013031687035661153,0.00875509409124388,0.0013029006686855603,0.008761661815224196,0.0013031703349203193,0.007525839522982429,0.0012437024221522309,0.007525839522982429,0.0012437024221522309,0.007525839522982429,0.0012440431406881868,0.007525839522982429,0.0012440431406881868,0.008683670002174182,0.0012975549248453772,0.007944924595773563,0.0012983814641515706,0.00962910560462484,0.0013722216293036566,0.008856281688392,0.0013731869604668282,0.005781848708762422,0.0011747201639630725,0.005721219837911017,0.00117478192673839,0.0059289655916924975,0.0011426442922100107,0.006422965575754437,0.0011427486027404898,0.007375610426357637,0.0012440431327639138,0.007375610426357637,0.0012440431327639138,0.007525839522982429,0.0012440431406881868,0.007525839522982429,0.0012440431406881868,0.0059289655916924975,0.0011459725317311733,0.006422965575754437,0.001146092616803251,0.0059289655916924975,0.0011426442922100107,0.006422965575754437,0.0011427486027404898
110000296159,384.0,0.338039330085873,0.02281870882796913,0.007689001395130762,0.007648258979699463,0.007689001395130762,0.007648258979699463,0.0076807141517475615,0.0076445463756121546,0.0076807141517475615,0.0076445463756121546,0.023576084559488102,0.0076657582482137525,0.007640219493902166,0.0076657582482137525,0.007640219493902166,0.007665058147209439,0.007640219979487402,0.007665058147209439,0.007640219979487402,0.023267048684413472,0.007656831338877324,0.007648378672604722,0.0076548601847729455,0.007650739374398527,0.0076543175878665435,0.007646861602360988,0.0076523389809284225,0.00764941751310436,0.007675886388149564,0.007655413553561693,0.007687241175665729,0.00766443092156708,0.007672612202596958,0.007655423406356652,0.007684528731638231,0.007665127942605263,0.02281870882796913,0.0076807141517475615,0.007644742739843054,0.0076807141517475615,0.007644742739843054,0.0076807141517475615,0.0076445463756121546,0.0076807141517475615,0.0076445463756121546,0.007665043442655881,0.007647010065192764,0.007670864360051803,0.007650264395415854,0.007663824701268473,0.007647007583048996,0.007669876297645936,0.007650261663729057,0.007665058147209439,0.007640314107776228,0.007665058147209439,0.007640314107776228,0.007665058147209439,0.007640219979487402,0.007665058147209439,0.007640219979487402,0.007675752265332042,0.007657784170943913,0.007674999456348766,0.007666306633019585,0.007673855948198825,0.007658409999602013,0.007673230349052831,0.0076682625108844375,0.007656831338877324,0.007648378672604722,0.0076548601847729455,0.007650739374398527,0.0076543175878665435,0.007646861602360988,0.0076523389809284225,0.00764941751310436,0.0076657582482137525,0.007640219493902166,0.0076657582482137525,0.007640219493902166,0.007665058147209439,0.007640219979487402,0.007665058147209439,0.007640219979487402,0.0076543175878665435,0.007647260402398399,0.0076523389809284225,0.007649551801450037,0.0076543175878665435,0.007646861602360988,0.0076523389809284225,0.00764941751310436
110000296169,64.0,0.02218134342340608,0.005825791775211094,0.017101246286642127,0.0012499775182247244,0.017101246286642127,0.0012499775182247244,0.016855551447772576,0.00124768054315002,0.016855551447772576,0.00124768054315002,0.00804980369973313,0.01581085356168462,0.0012438644870038122,0.01581085356168462,0.0012438644870038122,0.01588846772456884,0.0012438525501237583,0.01588846772456884,0.0012438525501237583,0.006498057874093837,0.01328241281009682,0.0011705566333029833,0.014121474841900511,0.0011705820049928185,0.013609730175794907,0.0011445146929381536,0.014481589855793934,0.0011444708285819386,0.016630796470943274,0.0013165991939727045,0.01663918309421665,0.001317060605974551,0.01691134457068444,0.0013143362884997527,0.016951589280951387,0.0013148838059064444,0.005825791775211094,0.016855551447772576,0.0012475965687849186,0.016855551447772576,0.0012475965687849186,0.016855551447772576,0.00124768054315002,0.016855551447772576,0.00124768054315002,0.015244527909886924,0.0012926507353333769,0.015247292311081342,0.001292688383995084,0.015022694827507718,0.0012926528384225046,0.015022331476821311,0.0012926918363727795,0.01588846772456884,0.0012437432544941166,0.01588846772456884,0.0012437432544941166,0.01588846772456884,0.0012438525501237583,0.01588846772456884,0.0012438525501237583,0.01582117041006719,0.0013106363104436651,0.016558115853263434,0.0013110601273305662,0.015994083044605895,0.0013183266499464674,0.017365012465636466,0.0013189679234079604,0.01328241281009682,0.0011705566333029833,0.014121474841900511,0.0011705820049928185,0.013609730175794907,0.0011445146929381536,0.014481589855793934,0.0011444708285819386,0.01581085356168462,0.0012438644870038122,0.01581085356168462,0.0012438644870038122,0.01588846772456884,0.0012438525501237583,0.01588846772456884,0.0012438525501237583,0.013609730175794907,0.001145770426532599,0.014481589855793934,0.0011458548892033524,0.013609730175794907,0.0011445146929381536,0.014481589855793934,0.0011444708285819386
110000296172,64.0,0.04296781742334374,0.007168139352607685,0.010250741376603435,0.0012503216643347712,0.010250741376603435,0.0012503216643347712,0.010814421074757484,0.0012477893092158637,0.010814421074757484,0.0012477893092158637,0.007917316013311398,0.009115172075745309,0.0012448269599667511,0.009115172075745309,0.0012448269599667511,0.009367656388734404,0.0012448265198938277,0.009367656388734404,0.0012448265198938277,0.006507610152489282,0.007487558984435065,0.0011705309634319112,0.007855413134585317,0.0011705808146537215,0.008181546708291503,0.00114380962328152,0.008500569535904941,0.0011438509640185812,0.01063665157183496,0.0013195837077111766,0.010636541144066362,0.0013201585351419172,0.010731370364471169,0.00135501180011565,0.010734644967171157,0.0013557486111472011,0.007168139352607685,0.010814421074757484,0.0012478423487288738,0.010814421074757484,0.0012478423487288738,0.010814421074757484,0.0012477893092158637,0.010814421074757484,0.0012477893092158637,0.008981830076176606,0.0013104828727407735,0.008981992935396714,0.0013108378373697185,0.008996920812835546,0.0013104847220009386,0.008993602272591347,0.0013108354556830592,0.009367656388734404,0.0012451966713236662,0.009367656388734404,0.0012451966713236662,0.009367656388734404,0.0012448265198938277,0.009367656388734404,0.0012448265198938277,0.010229886564826991,0.0013084217693252777,0.00905858348164021,0.0013089692876155905,0.010834454466239637,0.0013549100891236043,0.009038838195096795,0.0013556258270777369,0.007487558984435065,0.0011705309634319112,0.007855413134585317,0.0011705808146537215,0.008181546708291503,0.00114380962328152,0.008500569535904941,0.0011438509640185812,0.009115172075745309,0.0012448269599667511,0.009115172075745309,0.0012448269599667511,0.009367656388734404,0.0012448265198938277,0.009367656388734404,0.0012448265198938277,0.008181546708291503,0.0011443346436370027,0.008500569535904941,0.0011444134547540252,0.008181546708291503,0.00114380962328152,0.008500569535904941,0.0011438509640185812
110000296303,64.0,0.04917738708594397,0.004540034747695902,0.018002890097919045,0.0012485121334328514,0.018002890097919045,0.0012485121334328514,0.01882393699731049,0.0012475019687567504,0.01882393699731049,0.0012475019687567504,0.0069607753301558495,0.013789885600157877,0.0012441688795104143,0.013789885600157877,0.0012441688795104143,0.014143241565400701,0.0012441704012754278,0.014143241565400701,0.0012441704012754278,0.006680020997219348,0.009754929975172119,0.0011696794117444446,0.010315814756297465,0.0011698094299735808,0.010511994028267177,0.0011412509702883019,0.011155616454165546,0.0011412271776151941,0.017495464055541695,0.0013108727449050491,0.01749434700366441,0.0013116602559591806,0.018194031728043018,0.0013659189385354777,0.018125756186620733,0.0013670132166648064,0.004540034747695902,0.01882393699731049,0.001246486948473604,0.01882393699731049,0.001246486948473604,0.01882393699731049,0.0012475019687567504,0.01882393699731049,0.0012475019687567504,0.01572604280342637,0.0013369137625269035,0.0157270997489532,0.0013373331279157364,0.015877515101177086,0.0013369184712712047,0.01589531939955685,0.0013373244063660562,0.014143241565400701,0.0012441861114164462,0.014143241565400701,0.0012441861114164462,0.014143241565400701,0.0012441704012754278,0.014143241565400701,0.0012441704012754278,0.01612635085424451,0.001305452992070885,0.014748173658417268,0.0013059747740285742,0.01722664778722322,0.0013647335679098534,0.01633232334163961,0.0013657610666602366,0.009754929975172119,0.0011696794117444446,0.010315814756297465,0.0011698094299735808,0.010511994028267177,0.0011412509702883019,0.011155616454165546,0.0011412271776151941,0.013789885600157877,0.0012441688795104143,0.013789885600157877,0.0012441688795104143,0.014143241565400701,0.0012441704012754278,0.014143241565400701,0.0012441704012754278,0.010511994028267177,0.0011397410573824897,0.011155616454165546,0.0011397285020772548,0.010511994028267177,0.0011412509702883019,0.011155616454165546,0.0011412271776151941
110000296308,64.0,0.06386758281877176,0.003646079159389088,0.016588004640823606,0.0012473417623436935,0.016588004640823606,0.0012473417623436935,0.019870917710154198,0.0012465095225799299,0.019870917710154198,0.0012465095225799299,0.004335347166839682,0.014892445903637459,0.0012430026999556735,0.014892445903637459,0.0012430026999556735,0.01600439596046317,0.0012430026999556735,0.01600439596046317,0.0012430026999556735,0.004198713663678895,0.010801440910137301,0.0011716392397742588,0.011133554793351012,0.0011717393124090494,0.010775449339745832,0.0011392755783828322,0.011239414132164737,0.0011392559772409642,0.01662892779371999,0.0013168848202697726,0.016635362514691797,0.001317391901077805,0.017075181775275113,0.001312262945988524,0.017075289148513563,0.0013129084533002905,0.003646079159389088,0.019870917710154198,0.0012469150128578232,0.019870917710154198,0.0012469150128578232,0.019870917710154198,0.0012465095225799299,0.019870917710154198,0.0012465095225799299,0.013970888889218326,0.0012866970699684612,0.013885502545964552,0.001287068274636258,0.014210489181474403,0.0012866969384071863,0.0142111140035098,0.0012870692558963834,0.01600439596046317,0.0012432297314464572,0.01600439596046317,0.0012432297314464572,0.01600439596046317,0.0012430026999556735,0.01600439596046317,0.0012430026999556735,0.01611069375868011,0.0013195974869282816,0.015138748509679388,0.0013201516953993172,0.01579969319676492,0.0013248282039663769,0.015571847838627995,0.0013253653081981265,0.010801440910137301,0.0011716392397742588,0.011133554793351012,0.0011717393124090494,0.010775449339745832,0.0011392755783828322,0.011239414132164737,0.0011392559772409642,0.014892445903637459,0.0012430026999556735,0.014892445903637459,0.0012430026999556735,0.01600439596046317,0.0012430026999556735,0.01600439596046317,0.0012430026999556735,0.010775449339745832,0.0011402700717482817,0.011239414132164737,0.001140283037537736,0.010775449339745832,0.0011392755783828322,0.011239414132164737,0.0011392559772409642
110000296327,64.0,0.044730244956901824,0.00553273578001481,0.02205081679704303,0.001248693635689338,0.02205081679704303,0.001248693635689338,0.021938290440403685,0.001246946380145419,0.021938290440403685,0.001246946380145419,0.00838919057812951,0.018515229720216006,0.0012442151300396916,0.018515229720216006,0.0012442151300396916,0.018328944340889514,0.0012442151300396916,0.018328944340889514,0.0012442151300396916,0.007697799669114262,0.008823734964668649,0.0011690603634703267,0.009540862478307282,0.00116906866566232,0.009715532402360887,0.0011431484543464035,0.010594252678294842,0.001143120678758839,0.021729928819422966,0.0013149277223866575,0.0217307318754336,0.0013156014474053472,0.02219436538313856,0.0013738919441672575,0.02217440915207075,0.001374864716655771,0.00553273578001481,0.021938290440403685,0.0012463107160386332,0.021938290440403685,0.0012463107160386332,0.021938290440403685,0.001246946380145419,0.021938290440403685,0.001246946380145419,0.017253119154901464,0.0013192770034435612,0.017272886226521286,0.0013197524368014878,0.017237919389187745,0.0013192760128656398,0.017221588542890697,0.0013197530497420778,0.018328944340889514,0.001243949898183857,0.018328944340889514,0.001243949898183857,0.018328944340889514,0.0012442151300396916,0.018328944340889514,0.0012442151300396916,0.02066085684179716,0.0013054971443446134,0.0179879959375629,0.0013061814642013573,0.021184915364774955,0.0013576779559265712,0.019982327742481213,0.0013585506086524718,0.008823734964668649,0.0011690603634703267,0.009540862478307282,0.00116906866566232,0.009715532402360887,0.0011431484543464035,0.010594252678294842,0.001143120678758839,0.018515229720216006,0.0012442151300396916,0.018515229720216006,0.0012442151300396916,0.018328944340889514,0.0012442151300396916,0.018328944340889514,0.0012442151300396916,0.009715532402360887,0.0011436133044426884,0.010594252678294842,0.0011436176476935349,0.009715532402360887,0.0011431484543464035,0.010594252678294842,0.001143120678758839
110000296342,64.0,0.028498284498752476,0.00615082489917901,0.01927954342830798,0.0012486769938122176,0.01927954342830798,0.0012486769938122176,0.020574311962046454,0.0012465026313618344,0.020574311962046454,0.0012465026313618344,0.008931859875832521,0.014043730907754938,0.0012419466907128028,0.014043730907754938,0.0012419466907128028,0.014329355895169083,0.0012419466907128028,0.014329355895169083,0.0012419466907128028,0.006799634382359585,0.011861131864658373,0.0011671999597246381,0.012154632793606594,0.0011672857736877496,0.01235290328115998,0.0011409240610642645,0.013022549103004688,0.001140944022305328,0.020019213147970644,0.0013209687196934282,0.019986233183359358,0.0013210770323060924,0.0197373624644368,0.0013592763932910546,0.019740751039623083,0.001359707635275008,0.00615082489917901,0.020574311962046454,0.0012468545550847184,0.020574311962046454,0.0012468545550847184,0.020574311962046454,0.0012465026313618344,0.020574311962046454,0.0012465026313618344,0.01608261450346836,0.0012963497019949412,0.016084154226323245,0.0012966248917581844,0.015791372643160818,0.0012963491058146414,0.015794598238534456,0.0012966254599162874,0.014329355895169083,0.001242329480537584,0.014329355895169083,0.001242329480537584,0.014329355895169083,0.0012419466907128028,0.014329355895169083,0.0012419466907128028,0.019134309003193333,0.0013194602067497577,0.015594936438004057,0.0013197072642201343,0.018709889422808875,0.001367741569665733,0.016040533626391937,0.0013681964397484385,0.011861131864658373,0.0011671999597246381,0.012154632793606594,0.0011672857736877496,0.01235290328115998,0.0011409240610642645,0.013022549103004688,0.001140944022305328,0.014043730907754938,0.0012419466907128028,0.014043730907754938,0.0012419466907128028,0.014329355895169083,0.0012419466907128028,0.014329355895169083,0.0012419466907128028,0.01235290328115998,0.0011382701161340176,0.013022549103004688,0.001138233071913516,0.01235290328115998,0.0011409240610642645,0.013022549103004688,0.001140944022305328
110000296351,64.0,0.030062633440319345,0.005885157125054136,0.020897103138567512,0.001249220185443558,0.020897103138567512,0.001249220185443558,0.021092134357793182,0.0012472472201315596,0.021092134357793182,0.0012472472201315596,0.008518171886471242,0.015587610409475042,0.0012427955697645833,0.015587610409475042,0.0012427955697645833,0.016766608886369064,0.0012428181792687534,0.016766608886369064,0.0012428181792687534,0.007547343019096022,0.01268310019857523,0.0011696297661291262,0.011624667502716223,0.0011696230624236095,0.012985226415590051,0.001139043797744559,0.011986011205540967,0.0011390919619649119,0.02167230431705388,0.0013195126873789408,0.021676643721814652,0.0013197724304698892,0.020800809178587412,0.0013340408584805634,0.0208176574161968,0.001334456997778018,0.005885157125054136,0.021092134357793182,0.0012470938270192418,0.021092134357793182,0.0012470938270192418,0.021092134357793182,0.0012472472201315596,0.021092134357793182,0.0012472472201315596,0.016982607458645885,0.001304226121885156,0.016980835973513908,0.0013043135412354107,0.017321241579066726,0.001304224110060335,0.01732075466250389,0.0013043126309562796,0.016766608886369064,0.0012428949803149267,0.016766608886369064,0.0012428949803149267,0.016766608886369064,0.0012428181792687534,0.016766608886369064,0.0012428181792687534,0.020747855845041335,0.001317020700274128,0.015327767303049281,0.001317278005679208,0.019868957560222805,0.001334794080668735,0.016419657500474763,0.00133518246569417,0.01268310019857523,0.0011696297661291262,0.011624667502716223,0.0011696230624236095,0.012985226415590051,0.001139043797744559,0.011986011205540967,0.0011390919619649119,0.015587610409475042,0.0012427955697645833,0.015587610409475042,0.0012427955697645833,0.016766608886369064,0.0012428181792687534,0.016766608886369064,0.0012428181792687534,0.012985226415590051,0.0011398248571299313,0.011986011205540967,0.0011398650365742763,0.012985226415590051,0.001139043797744559,0.011986011205540967,0.0011390919619649119
110000296353,64.0,0.028720103523379784,0.006286243264940854,0.01255544250755675,0.0012485490502801573,0.01255544250755675,0.0012485490502801573,0.014364275275974623,0.0012462554126386211,0.014364275275974623,0.0012462554126386211,0.007415979333950844,0.01160784106222171,0.0012421968234412645,0.01160784106222171,0.0012421968234412645,0.01238968019911485,0.0012421968234412645,0.01238968019911485,0.0012421968234412645,0.006301620553278729,0.009237940381591994,0.0011696590984004685,0.00850317876413211,0.0011698423412367586,0.010177170723552668,0.0011415071818939332,0.009895699763410518,0.0011414870326566851,0.013383208643757659,0.001313704487915609,0.013385172942222011,0.0013139513604071282,0.013992908014143083,0.001342337261635922,0.013991802145166042,0.0013428208447810706,0.006286243264940854,0.014364275275974623,0.0012464135832228396,0.014364275275974623,0.0012464135832228396,0.014364275275974623,0.0012462554126386211,0.014364275275974623,0.0012462554126386211,0.012082720736765983,0.001303042335849176,0.012082110832883181,0.0013033472747227635,0.012168531446422392,0.001303040480180177,0.01218478382717088,0.0013033472267496048,0.01238968019911485,0.0012418914065114354,0.01238968019911485,0.0012418914065114354,0.01238968019911485,0.0012421968234412645,0.01238968019911485,0.0012421968234412645,0.012896648159705168,0.0013087213554397435,0.01087287033545404,0.0013091406077424127,0.013427912459008179,0.001349383439326621,0.01124441718487879,0.0013499200131037441,0.009237940381591994,0.0011696590984004685,0.00850317876413211,0.0011698423412367586,0.010177170723552668,0.0011415071818939332,0.009895699763410518,0.0011414870326566851,0.01160784106222171,0.0012421968234412645,0.01160784106222171,0.0012421968234412645,0.01238968019911485,0.0012421968234412645,0.01238968019911485,0.0012421968234412645,0.010177170723552668,0.0011390204976087315,0.009895699763410518,0.001139150311678367,0.010177170723552668,0.0011415071818939332,0.009895699763410518,0.0011414870326566851
110000296368,64.0,0.03037120320996516,0.00641269198808634,0.014544912237385956,0.0012483524885203527,0.014544912237385956,0.0012483524885203527,0.01828322505357204,0.0012464037495210952,0.01828322505357204,0.0012464037495210952,0.009117304261690651,0.013528982026569623,0.0012420905762761713,0.013528982026569623,0.0012420905762761713,0.014438351673585979,0.0012420905762761713,0.014438351673585979,0.0012420905762761713,0.0067669722397499426,0.00859352790813427,0.0011686953924470015,0.00825851271125031,0.0011687231837617183,0.00968988959259669,0.0011390771016897062,0.009479611436177872,0.001139103808525054,0.01508577479153328,0.00131752221255235,0.015099104357407902,0.0013178693804344714,0.015303141644455667,0.0012847137582217114,0.015326771556334834,0.001285116230124167,0.00641269198808634,0.01828322505357204,0.0012455740322671704,0.01828322505357204,0.0012455740322671704,0.01828322505357204,0.0012464037495210952,0.01828322505357204,0.0012464037495210952,0.012796783706332325,0.0012807623954073763,0.012794332246112445,0.0012809116378003224,0.013054460894041733,0.0012807654462435327,0.013060033812593227,0.001280910442599756,0.014438351673585979,0.0012420533137338817,0.014438351673585979,0.0012420533137338817,0.014438351673585979,0.0012420905762761713,0.014438351673585979,0.0012420905762761713,0.014448671914232037,0.001309318917362947,0.012272681164166946,0.0013093796082803047,0.014741177395948551,0.0012876581733602685,0.012866003735039171,0.0012878840352652072,0.00859352790813427,0.0011686953924470015,0.00825851271125031,0.0011687231837617183,0.00968988959259669,0.0011390771016897062,0.009479611436177872,0.001139103808525054,0.013528982026569623,0.0012420905762761713,0.013528982026569623,0.0012420905762761713,0.014438351673585979,0.0012420905762761713,0.014438351673585979,0.0012420905762761713,0.00968988959259669,0.0011392977591900986,0.009479611436177872,0.0011393251748585446,0.00968988959259669,0.0011390771016897062,0.009479611436177872,0.001139103808525054
110000296371,64.0,0.03871734127732641,0.00630109011371463,0.012874843893378327,0.0012486228459677022,0.012874843893378327,0.0012486228459677022,0.014308962036654028,0.0012467651669971695,0.014308962036654028,0.0012467651669971695,0.008954550020363656,0.009042584661074464,0.0012426184186060747,0.009042584661074464,0.0012426184186060747,0.009977341422002975,0.0012426184186060747,0.009977341422002975,0.0012426184186060747,0.0077608253709628445,0.008554880425836993,0.0011682114345735808,0.008510585905479116,0.001168184552424111,0.008967841628814312,0.0011392761968896672,0.008788808111916685,0.0011392999785733951,0.013588819300344427,0.0013115239648518844,0.013585793059533464,0.0013118207015166564,0.01379784892118168,0.001328435394880546,0.013798173239196118,0.001328968123106009,0.00630109011371463,0.014308962036654028,0.0012468571633115191,0.014308962036654028,0.0012468571633115191,0.014308962036654028,0.0012467651669971695,0.014308962036654028,0.0012467651669971695,0.009859690012017155,0.0012959949296994738,0.009862661538467462,0.0012961450302921588,0.010185081022480684,0.00129600200083802,0.010204934511123996,0.0012961500553751914,0.009977341422002975,0.0012424852265209387,0.009977341422002975,0.0012424852265209387,0.009977341422002975,0.0012426184186060747,0.009977341422002975,0.0012426184186060747,0.012429616390818615,0.0013070895219610722,0.009652530018438025,0.0013073036141912169,0.012229081010952327,0.0013308483876441912,0.01036736934693051,0.0013312841349129446,0.008554880425836993,0.0011682114345735808,0.008510585905479116,0.001168184552424111,0.008967841628814312,0.0011392761968896672,0.008788808111916685,0.0011392999785733951,0.009042584661074464,0.0012426184186060747,0.009042584661074464,0.0012426184186060747,0.009977341422002975,0.0012426184186060747,0.009977341422002975,0.0012426184186060747,0.008967841628814312,0.0011412129216829899,0.008788808111916685,0.0011412403181189762,0.008967841628814312,0.0011392761968896672,0.008788808111916685,0.0011392999785733951
110000296380,64.0,0.030932811665666655,0.0059217821342421335,0.02059201826980186,0.0012490291614666981,0.02059201826980186,0.0012490291614666981,0.022381879682535424,0.001247278868422004,0.022381879682535424,0.001247278868422004,0.00843170332270598,0.016081006665964976,0.0012435920199570314,0.016081006665964976,0.0012435920199570314,0.016330841355565926,0.0012435900489925235,0.016330841355565926,0.0012435900489925235,0.00714692352073613,0.011154961888894404,0.0011718650234069279,0.013381541417074882,0.0011718990766884806,0.011042575631698342,0.00114079574322466,0.012904380652332568,0.0011407592234013106,0.02242433389718343,0.0013236827244386031,0.02242632830488659,0.0013241833282193873,0.021709713851348157,0.0013409435340579945,0.02170905698535728,0.0013415615821434478,0.0059217821342421335,0.022381879682535424,0.0012472239340873882,0.022381879682535424,0.0012472239340873882,0.022381879682535424,0.001247278868422004,0.022381879682535424,0.001247278868422004,0.016699886136132006,0.0012970802297739914,0.01669990190466163,0.001297255468278964,0.016741006929136666,0.001297081130329944,0.016765653358919448,0.0012972568103523537,0.016330841355565926,0.0012437018779708538,0.016330841355565926,0.0012437018779708538,0.016330841355565926,0.0012435900489925235,0.016330841355565926,0.0012435900489925235,0.020787982453623257,0.0013215216521591435,0.015531343501802207,0.0013219748007717517,0.020477099417785048,0.0013421618016699712,0.01567896954347001,0.0013427965786526458,0.011154961888894404,0.0011718650234069279,0.013381541417074882,0.0011718990766884806,0.011042575631698342,0.00114079574322466,0.012904380652332568,0.0011407592234013106,0.016081006665964976,0.0012435920199570314,0.016081006665964976,0.0012435920199570314,0.016330841355565926,0.0012435900489925235,0.016330841355565926,0.0012435900489925235,0.011042575631698342,0.0011396745625329287,0.012904380652332568,0.0011397888770679607,0.011042575631698342,0.00114079574322466,0.012904380652332568,0.0011407592234013106
110000296687,64.0,0.03153599515282172,0.004989477388175334,0.021854669478465438,0.0012494825271819803,0.021854669478465438,0.0012494825271819803,0.02280053363839653,0.0012478154058821133,0.02280053363839653,0.0012478154058821133,0.008899912440658775,0.01566514703585284,0.00124414881030914,0.01566514703585284,0.00124414881030914,0.018070055416019744,0.00124414881030914,0.018070055416019744,0.00124414881030914,0.008275857172108823,0.012014310883035834,0.001171800352457884,0.010211697494218647,0.0011719027213743262,0.01293111591965314,0.0011414015974288362,0.01127179449484352,0.0011414218348702358,0.02344134290525182,0.0013252250470565823,0.023479425765534554,0.0013254590038203262,0.022455395496931197,0.0013801907344306054,0.022510687888078966,0.0013807275886285396,0.004989477388175334,0.02280053363839653,0.0012476475491707498,0.02280053363839653,0.0012476475491707498,0.02280053363839653,0.0012478154058821133,0.02280053363839653,0.0012478154058821133,0.01843242632894895,0.0013205149816154875,0.018425658958091805,0.0013204692052643603,0.018126147204666914,0.0013205076406179487,0.018126576712807433,0.0013204837055558944,0.018070055416019744,0.0012440046023598503,0.018070055416019744,0.0012440046023598503,0.018070055416019744,0.00124414881030914,0.018070055416019744,0.00124414881030914,0.02240270342836556,0.0013253472729975006,0.01648298052980345,0.0013256390870288097,0.02128652634261793,0.0013942048085896885,0.018376547397433163,0.0013947401512233043,0.012014310883035834,0.001171800352457884,0.010211697494218647,0.0011719027213743262,0.01293111591965314,0.0011414015974288362,0.01127179449484352,0.0011414218348702358,0.01566514703585284,0.00124414881030914,0.01566514703585284,0.00124414881030914,0.018070055416019744,0.00124414881030914,0.018070055416019744,0.00124414881030914,0.01293111591965314,0.0011422145874262098,0.01127179449484352,0.0011422557596216486,0.01293111591965314,0.0011414015974288362,0.01127179449484352,0.0011414218348702358
110000296688,64.0,0.045347276613774204,0.004640760020133549,0.01467429374306815,0.0012488358817411176,0.01467429374306815,0.0012488358817411176,0.016566221979043054,0.0012471198123649447,0.016566221979043054,0.0012471198123649447,0.005289624104776543,0.01496979156796616,0.0012438868917993317,0.01496979156796616,0.0012438868917993317,0.015785702335025506,0.0012438868917993317,0.015785702335025506,0.0012438868917993317,0.005154851048598148,0.00988712922178461,0.0011707263962015132,0.010600186055567286,0.0011707621021709294,0.010049014196544704,0.001141463099987712,0.011343474949458227,0.0011415159476537754,0.015268772599177584,0.0013179163263610809,0.015273972518649015,0.001318243305298942,0.015669685888977505,0.0013073857894689287,0.015669046275074566,0.0013078268267451656,0.004640760020133549,0.016566221979043054,0.0012473105007012044,0.016566221979043054,0.0012473105007012044,0.016566221979043054,0.0012471198123649447,0.016566221979043054,0.0012471198123649447,0.015698077485104725,0.0012991680754444917,0.015788258622790357,0.0012995578907881145,0.015876439756627392,0.0012991679819709101,0.015810507053194426,0.001299555652285477,0.015785702335025506,0.0012438926949024291,0.015785702335025506,0.0012438926949024291,0.015785702335025506,0.0012438868917993317,0.015785702335025506,0.0012438868917993317,0.015228551103105491,0.0013182759584839554,0.013864624693773782,0.0013185343901119667,0.015333507138400046,0.001314901052409533,0.014386869303484208,0.001315140248650786,0.00988712922178461,0.0011707263962015132,0.010600186055567286,0.0011707621021709294,0.010049014196544704,0.001141463099987712,0.011343474949458227,0.0011415159476537754,0.01496979156796616,0.0012438868917993317,0.01496979156796616,0.0012438868917993317,0.015785702335025506,0.0012438868917993317,0.015785702335025506,0.0012438868917993317,0.010049014196544704,0.0011435310902726517,0.011343474949458227,0.0011434545386209871,0.010049014196544704,0.001141463099987712,0.011343474949458227,0.0011415159476537754
110000296690,64.0,0.04918269514598231,0.005292883994142581,0.0350739364760689,0.0012508141175229194,0.0350739364760689,0.0012508141175229194,0.038290419179883926,0.0012492866947728227,0.038290419179883926,0.0012492866947728227,0.010545676665860768,0.018716413266474132,0.0012446775985393162,0.018716413266474132,0.0012446775985393162,0.01869288343356816,0.001244678688068851,0.01869288343356816,0.001244678688068851,0.007497737241090481,0.012426786194258698,0.0011720438718380416,0.013854774821745677,0.0011720323219364846,0.011726499209416727,0.001143312595751831,0.013026565896948906,0.0011433356968967889,0.0372400202959794,0.0013226604464601965,0.0372702586874792,0.0013234140398945768,0.0365399587128711,0.0013861477235747786,0.036534589994853345,0.001387386301482352,0.005292883994142581,0.038290419179883926,0.0012489968862804018,0.038290419179883926,0.0012489968862804018,0.038290419179883926,0.0012492866947728227,0.038290419179883926,0.0012492866947728227,0.018452940548193183,0.0012962646394886926,0.01847654546685089,0.0012966879067323508,0.018326473024784587,0.0012962643980216064,0.018353468847028844,0.00129668552923766,0.01869288343356816,0.0012446900552869826,0.01869288343356816,0.0012446900552869826,0.01869288343356816,0.001244678688068851,0.01869288343356816,0.001244678688068851,0.035400865804334575,0.0013210209078270815,0.027790511645966652,0.0013217023688400255,0.03579334101755174,0.0014096373694152569,0.026552711610986036,0.0014108263608900752,0.012426786194258698,0.0011720438718380416,0.013854774821745677,0.0011720323219364846,0.011726499209416727,0.001143312595751831,0.013026565896948906,0.0011433356968967889,0.018716413266474132,0.0012446775985393162,0.018716413266474132,0.0012446775985393162,0.01869288343356816,0.001244678688068851,0.01869288343356816,0.001244678688068851,0.011726499209416727,0.0011430727978911787,0.013026565896948906,0.0011430904134026349,0.011726499209416727,0.001143312595751831,0.013026565896948906,0.0011433356968967889
110000297101,64.0,0.04622631613135481,0.007550022350975854,0.02491610066151028,0.001249979517587099,0.02491610066151028,0.001249979517587099,0.02556247528783137,0.0012485185549995907,0.02556247528783137,0.0012485185549995907,0.011766623331436757,0.015691362392258216,0.0012424552224962386,0.015691362392258216,0.0012424552224962386,0.016276794101855327,0.0012424552224962386,0.016276794101855327,0.0012424552224962386,0.01123289468303777,0.01175243579482775,0.0011718004663570558,0.014158964995732666,0.0011719589055776323,0.012211841417551992,0.0011386239177713592,0.01361608978751988,0.0011385614813622985,0.026684385651370157,0.0013246236295061974,0.026679856280980026,0.0013251570945918127,0.02623467320446674,0.0013686716460946937,0.026232203637284617,0.0013694838989677385,0.007550022350975854,0.02556247528783137,0.0012473091488836349,0.02556247528783137,0.0012473091488836349,0.02556247528783137,0.0012485185549995907,0.02556247528783137,0.0012485185549995907,0.01570131528569408,0.001307392595468015,0.015703974097192742,0.001307437079205646,0.01603858237505805,0.0013074012647931743,0.016035670399165144,0.001307433244457349,0.016276794101855327,0.0012425801449807029,0.016276794101855327,0.0012425801449807029,0.016276794101855327,0.0012424552224962386,0.016276794101855327,0.0012424552224962386,0.02470045005046752,0.0013207111435019805,0.015601249710319329,0.0013212601500829587,0.02402623653163704,0.0013759198349784113,0.015335561615748065,0.0013766486978186608,0.01175243579482775,0.0011718004663570558,0.014158964995732666,0.0011719589055776323,0.012211841417551992,0.0011386239177713592,0.01361608978751988,0.0011385614813622985,0.015691362392258216,0.0012424552224962386,0.015691362392258216,0.0012424552224962386,0.016276794101855327,0.0012424552224962386,0.016276794101855327,0.0012424552224962386,0.012211841417551992,0.001140979086558672,0.01361608978751988,0.0011409928506150321,0.012211841417551992,0.0011386239177713592,0.01361608978751988,0.0011385614813622985
110000297118,384.0,0.38764852637195624,0.033848312343480916,0.00768063764128929,0.007646568247948794,0.00768063764128929,0.007646568247948794,0.007672637632517729,0.007641902242336834,0.007672637632517729,0.007641902242336834,0.032429293512036286,0.007661970943508665,0.007636300842243582,0.007661970943508665,0.007636300842243582,0.007661244059820841,0.007636297644511149,0.007661244059820841,0.007636297644511149,0.03164975748056945,0.007655774058941553,0.007647206823994611,0.0076570576026198135,0.0076491204253212874,0.0076551188284594085,0.007646292767531372,0.007654677064984417,0.007648092647678015,0.0076714737092239025,0.007654371975074323,0.007679004156732879,0.007662760526356294,0.0076727746902320905,0.007656380230500955,0.007681260524666847,0.007665642761349257,0.033848312343480916,0.007672637632517729,0.007642417156189682,0.007672637632517729,0.007642417156189682,0.007672637632517729,0.007641902242336834,0.007672637632517729,0.007641902242336834,0.0076603752692908965,0.007643955385856445,0.007666883010068072,0.007649341044246396,0.007659345891036851,0.007643952650497952,0.007665810716768698,0.007649330547212038,0.007661244059820841,0.007636334532831542,0.007661244059820841,0.007636334532831542,0.007661244059820841,0.007636297644511149,0.007661244059820841,0.007636297644511149,0.007672847213931987,0.007656690354831928,0.00767037048882123,0.0076647171744789805,0.007674331492961953,0.0076586500864196895,0.007672006611104812,0.007667581750668915,0.007655774058941553,0.007647206823994611,0.0076570576026198135,0.0076491204253212874,0.0076551188284594085,0.007646292767531372,0.007654677064984417,0.007648092647678015,0.007661970943508665,0.007636300842243582,0.007661970943508665,0.007636300842243582,0.007661244059820841,0.007636297644511149,0.007661244059820841,0.007636297644511149,0.0076551188284594085,0.007646087894636388,0.007654677064984417,0.007648057602917115,0.0076551188284594085,0.007646292767531372,0.007654677064984417,0.007648092647678015
110000297123,64.0,0.03300620144958945,0.005422954207555126,0.02081660894683154,0.0012495983886470288,0.02081660894683154,0.0012495983886470288,0.02288413715358909,0.001247759743263622,0.02288413715358909,0.001247759743263622,0.011279601385371239,0.013560835128026688,0.0012442249863714526,0.013560835128026688,0.0012442249863714526,0.014493110089860402,0.0012442249863714526,0.014493110089860402,0.0012442249863714526,0.00794314515102672,0.012447587455016375,0.001170686352380725,0.014362168682899709,0.0011706432418085353,0.012266339640387765,0.0011403517053799003,0.01382422925085203,0.001140427097346487,0.022506258431706845,0.0013163670921888487,0.02246576128988078,0.0013166214129194005,0.021609662658476095,0.001333369973486235,0.021610198070721,0.0013337532537090998,0.005422954207555126,0.02288413715358909,0.0012474538466908224,0.02288413715358909,0.0012474538466908224,0.02288413715358909,0.001247759743263622,0.02288413715358909,0.001247759743263622,0.014653799266282179,0.0013074444780105405,0.014646734958894712,0.0013073715871508907,0.014772655995105414,0.0013074466577826821,0.014797629249594749,0.0013073734884887704,0.014493110089860402,0.0012438397398298656,0.014493110089860402,0.0012438397398298656,0.014493110089860402,0.0012442249863714526,0.014493110089860402,0.0012442249863714526,0.020968706430356258,0.0013176030002990486,0.016572702961286705,0.0013178548683047315,0.020079866887355167,0.0013308447610224875,0.016147762921707286,0.0013312628688106354,0.012447587455016375,0.001170686352380725,0.014362168682899709,0.0011706432418085353,0.012266339640387765,0.0011403517053799003,0.01382422925085203,0.001140427097346487,0.013560835128026688,0.0012442249863714526,0.013560835128026688,0.0012442249863714526,0.014493110089860402,0.0012442249863714526,0.014493110089860402,0.0012442249863714526,0.012266339640387765,0.0011430573788400627,0.01382422925085203,0.0011431196632431238,0.012266339640387765,0.0011403517053799003,0.01382422925085203,0.001140427097346487
A1166128,384.0,0.3649870393125841,0.024429307397079807,0.00768186425940334,0.007646483206313715,0.00768186425940334,0.007646483206313715,0.007674922904997147,0.007642135238271033,0.007674922904997147,0.007642135238271033,0.025160329315150387,0.007671185324457791,0.0076481823161229714,0.007671185324457791,0.0076481823161229714,0.00767101067694553,0.0076481803420673095,0.00767101067694553,0.0076481803420673095,0.024885267685680803,0.007657154217596646,0.007647246406032408,0.007655989804250369,0.007648270548626505,0.007655945764614373,0.007646594843611102,0.007655590480116097,0.0076475790221536945,0.007672322117250538,0.007653266622293413,0.007680378510062827,0.007660196006344995,0.0076712362060573245,0.007653818223281886,0.007679869614294545,0.00766177011153802,0.024429307397079807,0.007674922904997147,0.0076424334952407144,0.007674922904997147,0.0076424334952407144,0.007674922904997147,0.007642135238271033,0.007674922904997147,0.007642135238271033,0.007672591469704695,0.007655155018850738,0.007678167878924082,0.007659753899819777,0.007671554565526234,0.007655153779360827,0.007678237007019111,0.007659755203340988,0.00767101067694553,0.0076484188936136914,0.00767101067694553,0.0076484188936136914,0.00767101067694553,0.0076481803420673095,0.00767101067694553,0.0076481803420673095,0.007673820897773445,0.007655708622884359,0.007668515018922178,0.007661527032876948,0.0076725018518047665,0.00765655543941118,0.007668666246758478,0.007663241621717678,0.007657154217596646,0.007647246406032408,0.007655989804250369,0.007648270548626505,0.007655945764614373,0.007646594843611102,0.007655590480116097,0.0076475790221536945,0.007671185324457791,0.0076481823161229714,0.007671185324457791,0.0076481823161229714,0.00767101067694553,0.0076481803420673095,0.00767101067694553,0.0076481803420673095,0.007655945764614373,0.007646484281149943,0.007655590480116097,0.007647726158096773,0.007655945764614373,0.007646594843611102,0.007655590480116097,0.0076475790221536945
A1166131,64.0,0.08228480489962735,0.00710261251478378,0.027222617401524155,0.0012469039913709668,0.027222617401524155,0.0012469039913709668,0.029988991989377257,0.0012446723669492655,0.029988991989377257,0.0012446723669492655,0.011429970216747807,0.022431907453231658,0.0012422020014998174,0.022431907453231658,0.0012422020014998174,0.02456191417057685,0.0012422020014998174,0.02456191417057685,0.0012422020014998174,0.010461332564759758,0.010337925045791674,0.0011691674951909024,0.01583059167103546,0.0011692875787004072,0.009849490275614542,0.0011405432486980632,0.01470482751537593,0.0011405837430569373,0.027286060929101217,0.001300225365786363,0.02716003470601553,0.001301077814321129,0.02674994190882992,0.0013686910754815884,0.026729902114868233,0.0013700573044872957,0.00710261251478378,0.029988991989377257,0.001245670672486708,0.029988991989377257,0.001245670672486708,0.029988991989377257,0.0012446723669492655,0.029988991989377257,0.0012446723669492655,0.021587878807910098,0.0013331433111893351,0.02158373923450785,0.0013336525361613513,0.02226869593241525,0.0013331425998365292,0.022265000146312653,0.0013336485961908805,0.02456191417057685,0.0012423887256945102,0.02456191417057685,0.0012423887256945102,0.02456191417057685,0.0012422020014998174,0.02456191417057685,0.0012422020014998174,0.026413481934012363,0.001293168032785726,0.022055197145098848,0.0012940003947388692,0.02545681128171041,0.001365264461938565,0.019976258032944966,0.0013663959295420408,0.010337925045791674,0.0011691674951909024,0.01583059167103546,0.0011692875787004072,0.009849490275614542,0.0011405432486980632,0.01470482751537593,0.0011405837430569373,0.022431907453231658,0.0012422020014998174,0.022431907453231658,0.0012422020014998174,0.02456191417057685,0.0012422020014998174,0.02456191417057685,0.0012422020014998174,0.009849490275614542,0.0011418966742460326,0.01470482751537593,0.001141975088232319,0.009849490275614542,0.0011405432486980632,0.01470482751537593,0.0011405837430569373
A1166133,64.0,0.1288125782917921,0.0054541650779812885,0.019307654575961022,0.0012476987123683722,0.019307654575961022,0.0012476987123683722,0.021160967241612327,0.00124599374363325,0.021160967241612327,0.00124599374363325,0.008679782692953128,0.014555507438673215,0.0012440463338923105,0.014555507438673215,0.0012440463338923105,0.015417036502199112,0.0012440526917871174,0.015417036502199112,0.0012440526917871174,0.0056043844887360165,0.014358346622123496,0.0011708087997615371,0.014524053889006374,0.0011709628771828392,0.014188487444443926,0.0011407364617150454,0.014964452366959891,0.0011408382315539075,0.01978732132982725,0.0013057107487913105,0.01980146851771947,0.0013064112806995788,0.02005195833155129,0.001318890450763944,0.02009776592181274,0.0013198205952327288,0.0054541650779812885,0.021160967241612327,0.001246156993314362,0.021160967241612327,0.001246156993314362,0.021160967241612327,0.00124599374363325,0.021160967241612327,0.00124599374363325,0.01450045709858425,0.0012638785538053375,0.014501391247437757,0.0012644236799826732,0.014883999068575592,0.0012638781679560813,0.014888630325164838,0.001264424058560041,0.015417036502199112,0.0012436285225801537,0.015417036502199112,0.0012436285225801537,0.015417036502199112,0.0012440526917871174,0.015417036502199112,0.0012440526917871174,0.01934696234490705,0.001300357081600267,0.017913343272423887,0.0013010250328093055,0.01966762594641825,0.0013226718278680947,0.01821325350642984,0.0013234881144429877,0.014358346622123496,0.0011708087997615371,0.014524053889006374,0.0011709628771828392,0.014188487444443926,0.0011407364617150454,0.014964452366959891,0.0011408382315539075,0.014555507438673215,0.0012440463338923105,0.014555507438673215,0.0012440463338923105,0.015417036502199112,0.0012440526917871174,0.015417036502199112,0.0012440526917871174,0.014188487444443926,0.0011447223490976194,0.014964452366959891,0.0011447242660689928,0.014188487444443926,0.0011407364617150454,0.014964452366959891,0.0011408382315539075
A1166145,64.0,0.035898604339027404,0.0050024148201276205,0.01563214909468448,0.0012502928109662719,0.01563214909468448,0.0012502928109662719,0.01752967032258514,0.001248182051169712,0.01752967032258514,0.001248182051169712,0.006483721222883352,0.0105188208103845,0.0012459346352959185,0.0105188208103845,0.0012459346352959185,0.011163059636019912,0.0012459287677396111,0.011163059636019912,0.0012459287677396111,0.005134371724355931,0.00943842221361352,0.0011737031815321276,0.011563583029670924,0.0011738595275192943,0.010581854607588016,0.0011427696333641691,0.012012537482349003,0.001142882241864326,0.016102844096561694,0.0013082553547953686,0.016102957360585438,0.001309229113046481,0.016478121634452916,0.0013439098790404543,0.01643775548127159,0.0013454266591133705,0.0050024148201276205,0.01752967032258514,0.0012485932802192064,0.01752967032258514,0.0012485932802192064,0.01752967032258514,0.001248182051169712,0.01752967032258514,0.001248182051169712,0.011092825702795078,0.0013121849255440412,0.011092374185829583,0.0013127996271503706,0.011523310786324067,0.0013121880833587602,0.011522006860379064,0.0013128002400288198,0.011163059636019912,0.001246279490597154,0.011163059636019912,0.001246279490597154,0.011163059636019912,0.0012459287677396111,0.011163059636019912,0.0012459287677396111,0.015787267598783815,0.001303225516611373,0.014562777382491477,0.0013041522359631018,0.016095144954377624,0.0013481076187087367,0.014948182816450108,0.001349458735190601,0.00943842221361352,0.0011737031815321276,0.011563583029670924,0.0011738595275192943,0.010581854607588016,0.0011427696333641691,0.012012537482349003,0.001142882241864326,0.0105188208103845,0.0012459346352959185,0.0105188208103845,0.0012459346352959185,0.011163059636019912,0.0012459287677396111,0.011163059636019912,0.0012459287677396111,0.010581854607588016,0.0011435060129248587,0.012012537482349003,0.0011434819767103714,0.010581854607588016,0.0011427696333641691,0.012012537482349003,0.001142882241864326
A1166146,64.0,0.03514707595572115,0.003963859415207145,0.017996732823556693,0.0012490058178530152,0.017996732823556693,0.0012490058178530152,0.018947819541778096,0.0012477653337133513,0.018947819541778096,0.0012477653337133513,0.005793967871051624,0.010104469045423588,0.0012439570925961783,0.010104469045423588,0.0012439570925961783,0.011288645942978265,0.0012439570925961783,0.011288645942978265,0.0012439570925961783,0.004599557606298056,0.009945062241197808,0.001170287864169251,0.010304009736368117,0.0011702392223325417,0.010735598010022019,0.001140728689779929,0.011359665076290631,0.00114071444181332,0.018613182860227805,0.001312400488197962,0.01861834764789863,0.0013133316677826573,0.018683979411612563,0.0013307759349806235,0.01869903460916074,0.001331941593316829,0.003963859415207145,0.018947819541778096,0.0012473889933668695,0.018947819541778096,0.0012473889933668695,0.018947819541778096,0.0012477653337133513,0.018947819541778096,0.0012477653337133513,0.010889279827578431,0.0012834198590439005,0.010889884697211435,0.0012841640264710534,0.011205217816440247,0.0012834203333547105,0.011338591368632215,0.0012841708547000135,0.011288645942978265,0.0012435845677594933,0.011288645942978265,0.0012435845677594933,0.011288645942978265,0.0012439570925961783,0.011288645942978265,0.0012439570925961783,0.01820631650113186,0.0013111779491572658,0.015642384921643403,0.0013120332571685378,0.018157277891349015,0.0013299843837821,0.015441304750884354,0.0013311234652460654,0.009945062241197808,0.001170287864169251,0.010304009736368117,0.0011702392223325417,0.010735598010022019,0.001140728689779929,0.011359665076290631,0.00114071444181332,0.010104469045423588,0.0012439570925961783,0.010104469045423588,0.0012439570925961783,0.011288645942978265,0.0012439570925961783,0.011288645942978265,0.0012439570925961783,0.010735598010022019,0.001141950275855425,0.011359665076290631,0.0011419686975860414,0.010735598010022019,0.001140728689779929,0.011359665076290631,0.00114071444181332
A1166150,64.0,0.036996471221668124,0.006480972093488556,0.012421103674838627,0.001248939729037463,0.012421103674838627,0.001248939729037463,0.011631312854692022,0.0012479581112362222,0.011631312854692022,0.0012479581112362222,0.008479088322756866,0.009343373939878562,0.0012447244057194587,0.009343373939878562,0.0012447244057194587,0.009531427907367334,0.001244730307091325,0.009531427907367334,0.001244730307091325,0.007094532965376299,0.008400937921288943,0.0011685798318026234,0.009588260675606981,0.0011686079187038904,0.00829677354478925,0.0011437848475540455,0.008653180281566667,0.001143731264516814,0.012649717792119264,0.0013094326741586967,0.012607396392328028,0.0013101874447954266,0.012325599829377944,0.0013389375800513166,0.012326538217001417,0.0013397874565338746,0.006480972093488556,0.011631312854692022,0.0012478859233381703,0.011631312854692022,0.0012478859233381703,0.011631312854692022,0.0012479581112362222,0.011631312854692022,0.0012479581112362222,0.009501384115955757,0.0013109037697181653,0.009502719422590025,0.001311202840866591,0.009655805903522142,0.0013108974851512847,0.00965629961280057,0.0013112032969464407,0.009531427907367334,0.001244728599614223,0.009531427907367334,0.001244728599614223,0.009531427907367334,0.001244730307091325,0.009531427907367334,0.001244730307091325,0.01190965824718025,0.0013026035729861193,0.010315498212152904,0.0013032536730165946,0.011162256883823907,0.0013402492314166274,0.010034374302627278,0.001341053425484632,0.008400937921288943,0.0011685798318026234,0.009588260675606981,0.0011686079187038904,0.00829677354478925,0.0011437848475540455,0.008653180281566667,0.001143731264516814,0.009343373939878562,0.0012447244057194587,0.009343373939878562,0.0012447244057194587,0.009531427907367334,0.001244730307091325,0.009531427907367334,0.001244730307091325,0.00829677354478925,0.0011403389949692427,0.008653180281566667,0.001140451272877264,0.00829677354478925,0.0011437848475540455,0.008653180281566667,0.001143731264516814
A1166153,64.0,0.039857282284363006,0.004927926966779909,0.02463392318389792,0.0012490091791410745,0.02463392318389792,0.0012490091791410745,0.0264262858610363,0.00124786408797693,0.0264262858610363,0.00124786408797693,0.008824702092505899,0.016111238250112507,0.00124520050075517,0.016111238250112507,0.00124520050075517,0.01681667263451165,0.00124520050075517,0.01681667263451165,0.00124520050075517,0.006843079345926824,0.014220828630471674,0.0011742650045168908,0.015689365973780244,0.0011743405648107464,0.014434011785021857,0.0011417840570038989,0.01509827079176496,0.0011417764746394414,0.026241153444118353,0.0013075991753262297,0.026244397494332276,0.0013085283352493623,0.025776030244091832,0.001367370262944084,0.02577565024477518,0.001368638575231579,0.004927926966779909,0.0264262858610363,0.0012479812338685216,0.0264262858610363,0.0012479812338685216,0.0264262858610363,0.00124786408797693,0.0264262858610363,0.00124786408797693,0.016605409766852854,0.0012963248760356008,0.01660672351085268,0.001296796508921349,0.01732741262127367,0.0012963275121998558,0.01732567819942868,0.0012967923099326398,0.01681667263451165,0.0012450852718777921,0.01681667263451165,0.0012450852718777921,0.01681667263451165,0.00124520050075517,0.01681667263451165,0.00124520050075517,0.022983304674220963,0.001299655671173933,0.019929017958466775,0.0013004696772677378,0.02249169313120824,0.0013829366340022474,0.02043699752846356,0.0013842102332127185,0.014220828630471674,0.0011742650045168908,0.015689365973780244,0.0011743405648107464,0.014434011785021857,0.0011417840570038989,0.01509827079176496,0.0011417764746394414,0.016111238250112507,0.00124520050075517,0.016111238250112507,0.00124520050075517,0.01681667263451165,0.00124520050075517,0.01681667263451165,0.00124520050075517,0.014434011785021857,0.0011408954335209531,0.01509827079176496,0.0011409218574201527,0.014434011785021857,0.0011417840570038989,0.01509827079176496,0.0011417764746394414
A1166154,64.0,0.05461432379114187,0.004640174347406883,0.01580656922138284,0.0012487277228319345,0.01580656922138284,0.0012487277228319345,0.01749367960620117,0.001247054806668159,0.01749367960620117,0.001247054806668159,0.008239743325066622,0.013079331845901045,0.0012441149142710137,0.013079331845901045,0.0012441149142710137,0.013092457975909843,0.0012441149142710137,0.013092457975909843,0.0012441149142710137,0.005999996009272686,0.011704167882394152,0.0011703328000640415,0.012133781900589988,0.0011704637802218759,0.01141483459120473,0.0011410297414370819,0.012329227665375867,0.0011411019294367997,0.016529835491289915,0.0013165135307445321,0.0165264236425441,0.0013172343560382974,0.017047112382916292,0.0013472444873779846,0.017053315817070678,0.0013483939293271467,0.004640174347406883,0.01749367960620117,0.001247187644497235,0.01749367960620117,0.001247187644497235,0.01749367960620117,0.001247054806668159,0.01749367960620117,0.001247054806668159,0.014266397267082636,0.0012778161174890007,0.014266722428949467,0.0012780911116402963,0.014207839237894098,0.0012778140713310506,0.014209174759164533,0.001278089241625202,0.013092457975909843,0.0012439993636456286,0.013092457975909843,0.0012439993636456286,0.013092457975909843,0.0012441149142710137,0.013092457975909843,0.0012441149142710137,0.015535997076797899,0.0013040943063542215,0.01355963605494098,0.0013049026961087676,0.01596269172243109,0.0013431996553522779,0.013507422693413892,0.001344252648787336,0.011704167882394152,0.0011703328000640415,0.012133781900589988,0.0011704637802218759,0.01141483459120473,0.0011410297414370819,0.012329227665375867,0.0011411019294367997,0.013079331845901045,0.0012441149142710137,0.013079331845901045,0.0012441149142710137,0.013092457975909843,0.0012441149142710137,0.013092457975909843,0.0012441149142710137,0.01141483459120473,0.0011421074344289722,0.012329227665375867,0.0011420961106985122,0.01141483459120473,0.0011410297414370819,0.012329227665375867,0.0011411019294367997
A1166159,64.0,0.03545886518930314,0.006554165668144916,0.015394794597964341,0.0012495215944847947,0.015394794597964341,0.0012495215944847947,0.018342854862353476,0.0012482931957221428,0.018342854862353476,0.0012482931957221428,0.007900108621759267,0.01250422260275871,0.0012452305556129946,0.01250422260275871,0.0012452305556129946,0.012981316193307207,0.0012452301987735228,0.012981316193307207,0.0012452301987735228,0.0068095840640576746,0.009473634585231547,0.001170564260339359,0.010508970249645234,0.001170576724281978,0.009514790394889103,0.001141057588641555,0.010588795436872928,0.0011411182222840189,0.01585227506296701,0.0013196120619718503,0.015854509149835216,0.0013201831365905292,0.01591718080101122,0.00134441372458281,0.01590134417733881,0.001345240750351099,0.006554165668144916,0.018342854862353476,0.0012486210694701778,0.018342854862353476,0.0012486210694701778,0.018342854862353476,0.0012482931957221428,0.018342854862353476,0.0012482931957221428,0.012779820819346142,0.0013023142661389452,0.012794769133272692,0.0013027557612532823,0.012996874496210903,0.0013023199302011155,0.012984752127454669,0.0013027512455368589,0.012981316193307207,0.001245151356791901,0.012981316193307207,0.001245151356791901,0.012981316193307207,0.0012452301987735228,0.012981316193307207,0.0012452301987735228,0.015351965807011092,0.0013044614348715242,0.012989693288234268,0.0013050273521315304,0.01565246334564759,0.0013353418790563458,0.012987984194656335,0.0013361131981987774,0.009473634585231547,0.001170564260339359,0.010508970249645234,0.001170576724281978,0.009514790394889103,0.001141057588641555,0.010588795436872928,0.0011411182222840189,0.01250422260275871,0.0012452305556129946,0.01250422260275871,0.0012452305556129946,0.012981316193307207,0.0012452301987735228,0.012981316193307207,0.0012452301987735228,0.009514790394889103,0.001142153260657852,0.010588795436872928,0.0011422422132369282,0.009514790394889103,0.001141057588641555,0.010588795436872928,0.0011411182222840189
A1166160,64.0,0.03970420615749217,0.004764452381430188,0.02015415039503559,0.0012493307653582144,0.02015415039503559,0.0012493307653582144,0.019746381333949414,0.0012476207154628058,0.019746381333949414,0.0012476207154628058,0.014790766828574801,0.016920887742596202,0.0012451166914605326,0.016920887742596202,0.0012451166914605326,0.017348106669070707,0.0012451166914605326,0.017348106669070707,0.0012451166914605326,0.006798511718275913,0.013455144108326407,0.0011698073189818756,0.014941487349855915,0.0011698370851986606,0.013648835339637146,0.0011431730773928796,0.014439929610828196,0.0011432342244030588,0.020293346915347583,0.0013039485298536042,0.02029890662842269,0.0013047383226328715,0.019996856810995414,0.0013206237699575545,0.01999603184670579,0.0013216929574688806,0.004764452381430188,0.019746381333949414,0.0012472361072475215,0.019746381333949414,0.0012472361072475215,0.019746381333949414,0.0012476207154628058,0.019746381333949414,0.0012476207154628058,0.017096596741603753,0.0012960010895399267,0.017098330548909395,0.0012965756800569178,0.017108666914650083,0.0012960003892474238,0.01710418233498093,0.0012965744768614063,0.017348106669070707,0.0012445483239270846,0.017348106669070707,0.0012445483239270846,0.017348106669070707,0.0012451166914605326,0.017348106669070707,0.0012451166914605326,0.019776063703162906,0.0012963599650061826,0.017186580224724624,0.0012969443022154382,0.019274820093185836,0.0013269350196463557,0.017526114595898014,0.0013278211320683138,0.013455144108326407,0.0011698073189818756,0.014941487349855915,0.0011698370851986606,0.013648835339637146,0.0011431730773928796,0.014439929610828196,0.0011432342244030588,0.016920887742596202,0.0012451166914605326,0.016920887742596202,0.0012451166914605326,0.017348106669070707,0.0012451166914605326,0.017348106669070707,0.0012451166914605326,0.013648835339637146,0.0011403925701725208,0.014439929610828196,0.0011404493982432877,0.013648835339637146,0.0011431730773928796,0.014439929610828196,0.0011432342244030588
A1166161,64.0,0.03894697029339066,0.004055961903245417,0.015958572601527166,0.0012498665374009277,0.015958572601527166,0.0012498665374009277,0.016285655472503296,0.0012481882196845994,0.016285655472503296,0.0012481882196845994,0.00812423695275449,0.011704569186519964,0.00124610306457749,0.011704569186519964,0.00124610306457749,0.012287044053319205,0.00124610306457749,0.012287044053319205,0.00124610306457749,0.005390996481941301,0.011769273346394186,0.001173001449519728,0.011541581206386245,0.001173044357596668,0.010706748305697544,0.001141612663574729,0.012042439872228526,0.0011416696308282934,0.015985956164668757,0.001308023250330962,0.015982455890911223,0.0013090638171296394,0.015447470745578198,0.0013947557179773444,0.015450203154956117,0.0013964398310512814,0.004055961903245417,0.016285655472503296,0.0012486023863353918,0.016285655472503296,0.0012486023863353918,0.016285655472503296,0.0012481882196845994,0.016285655472503296,0.0012481882196845994,0.012619304694586183,0.0013161540088193991,0.012618160181371936,0.0013167479995943425,0.012624309185966631,0.0013161474596157313,0.012622273023217235,0.001316740300185901,0.012287044053319205,0.001245903682023541,0.012287044053319205,0.001245903682023541,0.012287044053319205,0.00124610306457749,0.012287044053319205,0.00124610306457749,0.015910711976790694,0.0013030413848961655,0.01490131319739196,0.0013038884924529627,0.015238907522817905,0.0013858421841040928,0.014689502125763476,0.0013874511725588702,0.011769273346394186,0.001173001449519728,0.011541581206386245,0.001173044357596668,0.010706748305697544,0.001141612663574729,0.012042439872228526,0.0011416696308282934,0.011704569186519964,0.00124610306457749,0.011704569186519964,0.00124610306457749,0.012287044053319205,0.00124610306457749,0.012287044053319205,0.00124610306457749,0.010706748305697544,0.0011437232620516067,0.012042439872228526,0.001143865237899693,0.010706748305697544,0.001141612663574729,0.012042439872228526,0.0011416696308282934
A1166167,64.0,0.03561526789163724,0.0057343706367893625,0.02076995944901094,0.0012495611333116188,0.02076995944901094,0.0012495611333116188,0.02226937819090468,0.001247523537154948,0.02226937819090468,0.001247523537154948,0.010336079621561845,0.017984343230720568,0.0012447970281339947,0.017984343230720568,0.0012447970281339947,0.018525854057723126,0.0012448104985992726,0.018525854057723126,0.0012448104985992726,0.007503133188656868,0.014018769634313344,0.001171398966866125,0.016308098035731848,0.001171441024969178,0.014638055178796603,0.001140708513073589,0.017237287530180327,0.0011407347911612227,0.02118598957262537,0.0013045932665629633,0.02118715091399724,0.0013053839041559285,0.021384090741563087,0.0013396938374157271,0.02137878182458983,0.0013408220579516157,0.0057343706367893625,0.02226937819090468,0.0012477910914720223,0.02226937819090468,0.0012477910914720223,0.02226937819090468,0.001247523537154948,0.02226937819090468,0.001247523537154948,0.017531696775961295,0.001271677814413112,0.017531466902732967,0.0012723064640772213,0.01770143623722704,0.0012716780347778764,0.01771823948171451,0.0012723070566031066,0.018525854057723126,0.0012450923741722606,0.018525854057723126,0.0012450923741722606,0.018525854057723126,0.0012448104985992726,0.018525854057723126,0.0012448104985992726,0.020983915405574965,0.0013001642940763856,0.01899237947743072,0.0013009867163748731,0.02052284808508223,0.0013467766594410274,0.01934105455050691,0.001347786221337727,0.014018769634313344,0.001171398966866125,0.016308098035731848,0.001171441024969178,0.014638055178796603,0.001140708513073589,0.017237287530180327,0.0011407347911612227,0.017984343230720568,0.0012447970281339947,0.017984343230720568,0.0012447970281339947,0.018525854057723126,0.0012448104985992726,0.018525854057723126,0.0012448104985992726,0.014638055178796603,0.0011406753591771154,0.017237287530180327,0.0011407617311256595,0.014638055178796603,0.001140708513073589,0.017237287530180327,0.0011407347911612227
A1166176,64.0,0.03476050062315224,0.005735652566341719,0.02244900841760723,0.001250759839818817,0.02244900841760723,0.001250759839818817,0.0250174202411195,0.0012489019926345767,0.0250174202411195,0.0012489019926345767,0.009783202120668386,0.014233228422583654,0.0012451186932391633,0.014233228422583654,0.0012451186932391633,0.015909840649743507,0.0012451186932391633,0.015909840649743507,0.0012451186932391633,0.006424825033519053,0.012432107014059827,0.0011706466191134621,0.014341458967287616,0.0011707507469016867,0.013685586076340723,0.0011438147322226494,0.015262269345754262,0.0011438171046990468,0.023252510942211757,0.0013107430173760805,0.02322917517137405,0.001311523873253374,0.024479949251319064,0.0013479052162464298,0.024471420977653004,0.001349052190707076,0.005735652566341719,0.0250174202411195,0.0012481712401724023,0.0250174202411195,0.0012481712401724023,0.0250174202411195,0.0012489019926345767,0.0250174202411195,0.0012489019926345767,0.016445854407483255,0.0013329714363014122,0.01644796880768658,0.001333388593339508,0.016959268889189815,0.001332975545197299,0.016966645952323278,0.0013333802500600513,0.015909840649743507,0.0012453188089503818,0.015909840649743507,0.0012453188089503818,0.015909840649743507,0.0012451186932391633,0.015909840649743507,0.0012451186932391633,0.02120476927068404,0.0013084122151180316,0.018367158563484788,0.001309232842445096,0.022135641929710473,0.001355070006252613,0.019527822013421313,0.001355965068155079,0.012432107014059827,0.0011706466191134621,0.014341458967287616,0.0011707507469016867,0.013685586076340723,0.0011438147322226494,0.015262269345754262,0.0011438171046990468,0.014233228422583654,0.0012451186932391633,0.014233228422583654,0.0012451186932391633,0.015909840649743507,0.0012451186932391633,0.015909840649743507,0.0012451186932391633,0.013685586076340723,0.001144405416300965,0.015262269345754262,0.0011444964811904734,0.013685586076340723,0.0011438147322226494,0.015262269345754262,0.0011438171046990468
A1170388,64.0,0.04928308317352954,0.005897214922723521,0.019119325060023763,0.0012492011074723443,0.019119325060023763,0.0012492011074723443,0.01946083966867761,0.0012469800988148027,0.01946083966867761,0.0012469800988148027,0.01286002548307001,0.015807598592437994,0.0012432211193858826,0.015807598592437994,0.0012432211193858826,0.01623587396784883,0.0012432211193858826,0.01623587396784883,0.0012432211193858826,0.007648570902802565,0.014817974582974677,0.0011695506067805148,0.015636150074384573,0.0011696813942766752,0.014368873283637826,0.0011398408910742333,0.014713649506560901,0.0011398365959041162,0.019627177586719145,0.0013126795497915137,0.019638893103174012,0.001313625817336042,0.019802785767822417,0.0013680622548000254,0.019802230884422813,0.0013692727652880867,0.005897214922723521,0.01946083966867761,0.0012477917952886616,0.01946083966867761,0.0012477917952886616,0.01946083966867761,0.0012469800988148027,0.01946083966867761,0.0012469800988148027,0.016560730225456653,0.0012665431595179416,0.016563786711796976,0.0012668192110598868,0.016735824429636937,0.0012665409094867483,0.01673409532617527,0.0012668166782619462,0.01623587396784883,0.0012433504836929085,0.01623587396784883,0.0012433504836929085,0.01623587396784883,0.0012432211193858826,0.01623587396784883,0.0012432211193858826,0.019307085014673306,0.0013024683344244586,0.01725379138327178,0.0013034502196945395,0.019414022460137924,0.0013608037256852155,0.01666848462664548,0.0013618937467238558,0.014817974582974677,0.0011695506067805148,0.015636150074384573,0.0011696813942766752,0.014368873283637826,0.0011398408910742333,0.014713649506560901,0.0011398365959041162,0.015807598592437994,0.0012432211193858826,0.015807598592437994,0.0012432211193858826,0.01623587396784883,0.0012432211193858826,0.01623587396784883,0.0012432211193858826,0.014368873283637826,0.0011394516286871571,0.014713649506560901,0.0011395839126134562,0.014368873283637826,0.0011398408910742333,0.014713649506560901,0.0011398365959041162
A1170394,64.0,0.06110182668628532,0.005320455048668938,0.017311448133465947,0.001248317547443989,0.017311448133465947,0.001248317547443989,0.019028829903686827,0.0012463988766246614,0.019028829903686827,0.0012463988766246614,0.009153874074599392,0.012037240342393037,0.0012430743651409611,0.012037240342393037,0.0012430743651409611,0.012703900158872785,0.0012430743651409611,0.012703900158872785,0.0012430743651409611,0.007284131086816356,0.012751271293309946,0.0011689799913293679,0.013204183344198135,0.0011689816880752434,0.013754865466741864,0.0011417097559030605,0.013639777304727384,0.0011416509941064444,0.017790609819242336,0.0013056620393131363,0.01780587128409892,0.0013065185432900872,0.01840061229172272,0.0013323109968043753,0.018382187384552752,0.0013335388761843378,0.005320455048668938,0.019028829903686827,0.0012471122051821196,0.019028829903686827,0.0012471122051821196,0.019028829903686827,0.0012463988766246614,0.019028829903686827,0.0012463988766246614,0.013405946007334971,0.0012679210850919834,0.013432411954324886,0.0012682663794527668,0.01333309053931948,0.001267923390563841,0.013330803747415807,0.0012682633836948608,0.012703900158872785,0.0012430452865606367,0.012703900158872785,0.0012430452865606367,0.012703900158872785,0.0012430743651409611,0.012703900158872785,0.0012430743651409611,0.017379125144926524,0.0013063341039281215,0.01552991158852868,0.0013073166325314632,0.018244967569967532,0.0013406089132708674,0.015727599711750043,0.0013417055812356214,0.012751271293309946,0.0011689799913293679,0.013204183344198135,0.0011689816880752434,0.013754865466741864,0.0011417097559030605,0.013639777304727384,0.0011416509941064444,0.012037240342393037,0.0012430743651409611,0.012037240342393037,0.0012430743651409611,0.012703900158872785,0.0012430743651409611,0.012703900158872785,0.0012430743651409611,0.013754865466741864,0.0011429967905725441,0.013639777304727384,0.001142975746619846,0.013754865466741864,0.0011417097559030605,0.013639777304727384,0.0011416509941064444
A1170400,64.0,0.03705818601352814,0.005574109811236602,0.022294259444417486,0.0012488856148585986,0.022294259444417486,0.0012488856148585986,0.0231780456581953,0.0012473561827231303,0.0231780456581953,0.0012473561827231303,0.01135248550131708,0.015372723746636681,0.001245017038367671,0.015372723746636681,0.001245017038367671,0.016184296868321877,0.0012450233473413625,0.016184296868321877,0.0012450233473413625,0.007518858492187396,0.013127576584254117,0.0011716216372836697,0.014289329067203609,0.0011717061556434645,0.012595065767910453,0.0011414477361349313,0.014042953805932977,0.0011414267395272164,0.022532872027400206,0.0013146893096549197,0.022506112229762724,0.0013152632702135149,0.021855581679798324,0.0013564974094725257,0.02185106956498632,0.0013575684159603115,0.005574109811236602,0.0231780456581953,0.0012478889540112718,0.0231780456581953,0.0012478889540112718,0.0231780456581953,0.0012473561827231303,0.0231780456581953,0.0012473561827231303,0.016191369247647042,0.0012858231668711434,0.016180668935726655,0.0012860914141712477,0.016426947483277495,0.001285824617884385,0.01643311022249758,0.001286094459374695,0.016184296868321877,0.0012444873396882912,0.016184296868321877,0.0012444873396882912,0.016184296868321877,0.0012450233473413625,0.016184296868321877,0.0012450233473413625,0.022368563937048495,0.001308620217895274,0.0185344588832502,0.0013091980046031901,0.022417112993367936,0.0013492417056803904,0.017741515313187847,0.0013501341876377788,0.013127576584254117,0.0011716216372836697,0.014289329067203609,0.0011717061556434645,0.012595065767910453,0.0011414477361349313,0.014042953805932977,0.0011414267395272164,0.015372723746636681,0.001245017038367671,0.015372723746636681,0.001245017038367671,0.016184296868321877,0.0012450233473413625,0.016184296868321877,0.0012450233473413625,0.012595065767910453,0.001141598418456187,0.014042953805932977,0.00114157333865365,0.012595065767910453,0.0011414477361349313,0.014042953805932977,0.0011414267395272164
A1170401,64.0,0.051856783776644634,0.007563722310791613,0.020864485216158375,0.0012498053518752185,0.020864485216158375,0.0012498053518752185,0.020289309780176165,0.0012478056127970187,0.020289309780176165,0.0012478056127970187,0.011327539075741643,0.016298056448335017,0.0012442989446743644,0.016298056448335017,0.0012442989446743644,0.017115392249171982,0.0012443066326255643,0.017115392249171982,0.0012443066326255643,0.008689149698359596,0.01300967914772003,0.0011707783893216551,0.01543860706329967,0.0011706446128502382,0.013315599738906888,0.0011428738677554371,0.01544156580865425,0.0011428908702504396,0.020900730264231226,0.0013025807757065225,0.02090012762190846,0.001303549556742002,0.020866187975850464,0.001344011393524003,0.02086940847616751,0.0013453023899581314,0.007563722310791613,0.020289309780176165,0.001247932315514027,0.020289309780176165,0.001247932315514027,0.020289309780176165,0.0012478056127970187,0.020289309780176165,0.0012478056127970187,0.01668961099353792,0.0013013812537394055,0.01669124833813414,0.0013019564037722664,0.017371540266845634,0.0013013805674661884,0.017369523894115082,0.001301957634351538,0.017115392249171982,0.001244175652879158,0.017115392249171982,0.001244175652879158,0.017115392249171982,0.0012443066326255643,0.017115392249171982,0.0012443066326255643,0.01972152699828376,0.0012963986407532174,0.01872644987375064,0.0012974103131134119,0.020189242407482266,0.0013462904988453936,0.018556704983121737,0.0013474980380363676,0.01300967914772003,0.0011707783893216551,0.01543860706329967,0.0011706446128502382,0.013315599738906888,0.0011428738677554371,0.01544156580865425,0.0011428908702504396,0.016298056448335017,0.0012442989446743644,0.016298056448335017,0.0012442989446743644,0.017115392249171982,0.0012443066326255643,0.017115392249171982,0.0012443066326255643,0.013315599738906888,0.0011427577926268226,0.01544156580865425,0.0011427938616729869,0.013315599738906888,0.0011428738677554371,0.01544156580865425,0.0011428908702504396
A1170413,64.0,0.04751113990033614,0.006301228654156295,0.017430511743456018,0.001251027554437805,0.017430511743456018,0.001251027554437805,0.018215250534298077,0.0012491225746004066,0.018215250534298077,0.0012491225746004066,0.009107483194999115,0.014034813602071827,0.0012469575973265094,0.014034813602071827,0.0012469575973265094,0.014844702589186817,0.0012469575973265094,0.014844702589186817,0.0012469575973265094,0.006857960354245477,0.011294265529062205,0.001173367704386762,0.011589352932088922,0.0011734603171141148,0.011318260882581055,0.0011427532329347848,0.012012965416671467,0.0011427835357836213,0.017832673938656805,0.0013084695193339576,0.017832432061353348,0.0013095096866097497,0.017677787117005076,0.0013581868563681957,0.01767393474927616,0.0013594885191710185,0.006301228654156295,0.018215250534298077,0.0012488821056349118,0.018215250534298077,0.0012488821056349118,0.018215250534298077,0.0012491225746004066,0.018215250534298077,0.0012491225746004066,0.014818604058988596,0.0013130920396407142,0.014819094356816774,0.001313676181720525,0.015055022178076267,0.0013130910382407256,0.01505793352520478,0.0013136795923843108,0.014844702589186817,0.0012469409820393962,0.014844702589186817,0.0012469409820393962,0.014844702589186817,0.0012469575973265094,0.014844702589186817,0.0012469575973265094,0.017045399132056042,0.0012995130472958304,0.013972640732775063,0.0013005531916040914,0.017055149922605366,0.0013618309560505565,0.014168632482646396,0.0013631336698726937,0.011294265529062205,0.001173367704386762,0.011589352932088922,0.0011734603171141148,0.011318260882581055,0.0011427532329347848,0.012012965416671467,0.0011427835357836213,0.014034813602071827,0.0012469575973265094,0.014034813602071827,0.0012469575973265094,0.014844702589186817,0.0012469575973265094,0.014844702589186817,0.0012469575973265094,0.011318260882581055,0.001142995025148006,0.012012965416671467,0.0011431724305524628,0.011318260882581055,0.0011427532329347848,0.012012965416671467,0.0011427835357836213
A1170414,64.0,0.03487011953456866,0.006573861613586673,0.023285266103745414,0.0012508081174844783,0.023285266103745414,0.0012508081174844783,0.022664583895216014,0.0012489269852790283,0.022664583895216014,0.0012489269852790283,0.011746719888273196,0.018295859852719223,0.0012448945536567377,0.018295859852719223,0.0012448945536567377,0.018184514511513615,0.0012448945536567377,0.018184514511513615,0.0012448945536567377,0.009364322958333927,0.012537994361419528,0.0011737038043694342,0.015540432541029254,0.001173782811449179,0.012736152832062687,0.0011417888437954735,0.015268844654348097,0.0011418017562535437,0.023129868539303357,0.0013016213055588824,0.02312894566721766,0.0013027677603515205,0.022485479232373123,0.0013472969692867327,0.022488253815441075,0.0013485803773176227,0.006573861613586673,0.022664583895216014,0.0012482372011201044,0.022664583895216014,0.0012482372011201044,0.022664583895216014,0.0012489269852790283,0.022664583895216014,0.0012489269852790283,0.01866955815465389,0.0012990528189389468,0.01866625583117263,0.0012994858879903514,0.018380724926821967,0.0012990564915044964,0.018373703436597815,0.0012994834292313362,0.018184514511513615,0.001244517976473874,0.018184514511513615,0.001244517976473874,0.018184514511513615,0.0012448945536567377,0.018184514511513615,0.0012448945536567377,0.022163465039516796,0.0012948893866742937,0.01828201697342897,0.0012958706157252219,0.021853974258071,0.0013496183722996554,0.016930288293409392,0.0013508267858031947,0.012537994361419528,0.0011737038043694342,0.015540432541029254,0.001173782811449179,0.012736152832062687,0.0011417888437954735,0.015268844654348097,0.0011418017562535437,0.018295859852719223,0.0012448945536567377,0.018295859852719223,0.0012448945536567377,0.018184514511513615,0.0012448945536567377,0.018184514511513615,0.0012448945536567377,0.012736152832062687,0.0011419867400114343,0.015268844654348097,0.001142068361810058,0.012736152832062687,0.0011417888437954735,0.015268844654348097,0.0011418017562535437
A1170417,64.0,0.04730547612583433,0.0066009916634581466,0.015271635141543994,0.0012510889535259887,0.015271635141543994,0.0012510889535259887,0.016292024816013922,0.0012495353188353697,0.016292024816013922,0.0012495353188353697,0.01095942327355345,0.011784546765889189,0.0012462122492252442,0.011784546765889189,0.0012462122492252442,0.012620592420894049,0.0012462122492252442,0.012620592420894049,0.0012462122492252442,0.007350610847000524,0.011136281200443429,0.0011746122654905213,0.012198964548888134,0.0011746974145565886,0.011679842085680323,0.0011436439820057447,0.013157953253815163,0.001143775837947316,0.015579080302117979,0.0013154245653080605,0.015578093447562606,0.0013162770430116535,0.015483605349830166,0.0013777054326530687,0.015484575480784834,0.0013788755796816832,0.0066009916634581466,0.016292024816013922,0.0012487713538386514,0.016292024816013922,0.0012487713538386514,0.016292024816013922,0.0012495353188353697,0.016292024816013922,0.0012495353188353697,0.011456212619002723,0.0012834269607804474,0.01145931265347162,0.001283755421191904,0.011470863689571505,0.0012834258234051916,0.01147182179113244,0.0012837495133422412,0.012620592420894049,0.0012459737640481314,0.012620592420894049,0.0012459737640481314,0.012620592420894049,0.0012462122492252442,0.012620592420894049,0.0012462122492252442,0.01546507066024854,0.0013077305777006282,0.01318815017091424,0.0013085754994890308,0.015182892895361223,0.0013698411781950946,0.013786669071013002,0.001370884444214608,0.011136281200443429,0.0011746122654905213,0.012198964548888134,0.0011746974145565886,0.011679842085680323,0.0011436439820057447,0.013157953253815163,0.001143775837947316,0.011784546765889189,0.0012462122492252442,0.011784546765889189,0.0012462122492252442,0.012620592420894049,0.0012462122492252442,0.012620592420894049,0.0012462122492252442,0.011679842085680323,0.0011417712522870276,0.013157953253815163,0.0011418620466115408,0.011679842085680323,0.0011436439820057447,0.013157953253815163,0.001143775837947316
A1170420,64.0,0.05181346575590495,0.005539869478480317,0.02309308286051662,0.0012497107420142554,0.02309308286051662,0.0012497107420142554,0.024320918424598287,0.001247873505630262,0.024320918424598287,0.001247873505630262,0.010794306317568059,0.013750459428884256,0.0012447086526946958,0.013750459428884256,0.0012447086526946958,0.014858251578101436,0.0012447086526946958,0.014858251578101436,0.0012447086526946958,0.0071816754541782395,0.015297414762523467,0.001173318104404266,0.01648054135659556,0.0011734302578072383,0.01553155276545581,0.0011403839546741967,0.016474718013577107,0.0011404145387371952,0.023728183135213268,0.0013063131509378292,0.023731157063670984,0.0013070926589551926,0.02330265713085832,0.0013827667160866773,0.023308451526205733,0.0013840488878359722,0.005539869478480317,0.024320918424598287,0.0012476413262528165,0.024320918424598287,0.0012476413262528165,0.024320918424598287,0.001247873505630262,0.024320918424598287,0.001247873505630262,0.014603203409027384,0.0012946556317154016,0.014481756374911283,0.0012949366295116084,0.0149198697673187,0.0012946549500534449,0.014887712171095385,0.001294932358209176,0.014858251578101436,0.0012445150720109153,0.014858251578101436,0.0012445150720109153,0.014858251578101436,0.0012447086526946958,0.014858251578101436,0.0012447086526946958,0.022947551532237726,0.0012937723629322774,0.01767033389848028,0.0012945076146574038,0.022429386633402375,0.0013873945468378444,0.018156002127181627,0.001388558854275257,0.015297414762523467,0.001173318104404266,0.01648054135659556,0.0011734302578072383,0.01553155276545581,0.0011403839546741967,0.016474718013577107,0.0011404145387371952,0.013750459428884256,0.0012447086526946958,0.013750459428884256,0.0012447086526946958,0.014858251578101436,0.0012447086526946958,0.014858251578101436,0.0012447086526946958,0.01553155276545581,0.0011451961811129948,0.016474718013577107,0.001145177017765637,0.01553155276545581,0.0011403839546741967,0.016474718013577107,0.0011404145387371952
A1170421,64.0,0.032723000887706466,0.0064657543004911664,0.019375094898228314,0.0012518385954367551,0.019375094898228314,0.0012518385954367551,0.02013627066910704,0.0012494099894392145,0.02013627066910704,0.0012494099894392145,0.009451913747016233,0.012846510700113264,0.001246793241209469,0.012846510700113264,0.001246793241209469,0.013693270334906455,0.001246793241209469,0.013693270334906455,0.001246793241209469,0.007098245633134211,0.01223303555360334,0.001173310458653887,0.01260832505092519,0.001173346468328936,0.011819774493841848,0.001144458823072923,0.013409391422519052,0.0011446054626271561,0.01973744488115483,0.0013085172576983014,0.019731700499651988,0.0013094049257883762,0.020044858767302203,0.0013461019148527293,0.020040944190751434,0.0013473495842436104,0.0064657543004911664,0.02013627066910704,0.0012493275938205432,0.02013627066910704,0.0012493275938205432,0.02013627066910704,0.0012494099894392145,0.02013627066910704,0.0012494099894392145,0.013721040644156225,0.001303332438468674,0.013721600548289309,0.0013037639911007278,0.014064671148418483,0.001303326711469339,0.01406622091601636,0.0013037692750521507,0.013693270334906455,0.0012464303553655406,0.013693270334906455,0.0012464303553655406,0.013693270334906455,0.001246793241209469,0.013693270334906455,0.001246793241209469,0.017540977087863827,0.001304934583442678,0.01573191364025942,0.0013058232192433863,0.018668000819324185,0.0013443633479773148,0.016735621674112064,0.001345456262385523,0.01223303555360334,0.001173310458653887,0.01260832505092519,0.001173346468328936,0.011819774493841848,0.001144458823072923,0.013409391422519052,0.0011446054626271561,0.012846510700113264,0.001246793241209469,0.012846510700113264,0.001246793241209469,0.013693270334906455,0.001246793241209469,0.013693270334906455,0.001246793241209469,0.011819774493841848,0.0011430953430489554,0.013409391422519052,0.0011431010940380533,0.011819774493841848,0.001144458823072923,0.013409391422519052,0.0011446054626271561
A1170424,64.0,0.055377315425028995,0.00782417508308898,0.017445352696741346,0.0012504686479455356,0.017445352696741346,0.0012504686479455356,0.0184339480751026,0.0012479478850783768,0.0184339480751026,0.0012479478850783768,0.011598054386392519,0.014688399833530503,0.0012450890943161278,0.014688399833530503,0.0012450890943161278,0.014728190696574293,0.0012450890943161278,0.014728190696574293,0.0012450890943161278,0.008488375579318865,0.013107024540290554,0.0011693852273099757,0.015418521682019135,0.001169519738624379,0.013495118291968984,0.001142576986199033,0.01577822139006755,0.0011427105893492854,0.017588997523567292,0.001302754182050859,0.017590197333873955,0.001303537740507241,0.01715583074142569,0.001337614557058776,0.017156283120696485,0.0013386319047693144,0.00782417508308898,0.0184339480751026,0.0012476850686916113,0.0184339480751026,0.0012476850686916113,0.0184339480751026,0.0012479478850783768,0.0184339480751026,0.0012479478850783768,0.01473759831709694,0.0012621374260981398,0.014740400974885229,0.0012625329516785092,0.014588661129383318,0.001262132708991147,0.014587239126283907,0.0012625430636722954,0.014728190696574293,0.001245244862368025,0.014728190696574293,0.001245244862368025,0.014728190696574293,0.0012450890943161278,0.014728190696574293,0.0012450890943161278,0.017267579506829233,0.001306482896641407,0.015986582193857946,0.0013071454302904092,0.016864190779501638,0.0013472691820413695,0.015943087803003617,0.0013481507937478758,0.013107024540290554,0.0011693852273099757,0.015418521682019135,0.001169519738624379,0.013495118291968984,0.001142576986199033,0.01577822139006755,0.0011427105893492854,0.014688399833530503,0.0012450890943161278,0.014688399833530503,0.0012450890943161278,0.014728190696574293,0.0012450890943161278,0.014728190696574293,0.0012450890943161278,0.013495118291968984,0.0011411231396018851,0.01577822139006755,0.0011411161224340602,0.013495118291968984,0.001142576986199033,0.01577822139006755,0.0011427105893492854
A1170430,64.0,0.04343540494077501,0.009529770794971585,0.020565173726633246,0.0012515549892890409,0.020565173726633246,0.0012515549892890409,0.02194054886351475,0.0012496004909925372,0.02194054886351475,0.0012496004909925372,0.012513991960855116,0.01717207809973241,0.0012460645771406648,0.01717207809973241,0.0012460645771406648,0.017903304840502086,0.0012460561446603154,0.017903304840502086,0.0012460561446603154,0.011506588122527143,0.012994763338061304,0.0011707113690003156,0.015034633300356289,0.0011707316445292403,0.013203808589257633,0.001142355063321224,0.014796878203741422,0.0011424334426811005,0.020484941296273932,0.0013065713261310545,0.020470258547243197,0.001307270979194518,0.020469532151861338,0.001380240543611757,0.020466069024173375,0.0013813284156327017,0.009529770794971585,0.02194054886351475,0.0012488962765821712,0.02194054886351475,0.0012488962765821712,0.02194054886351475,0.0012496004909925372,0.02194054886351475,0.0012496004909925372,0.018070865383432083,0.0013079127614226574,0.018070060754627228,0.0013083437563518442,0.018165550852113636,0.001307911719251686,0.01816500616730354,0.0013083367887481376,0.017903304840502086,0.0012457575870830548,0.017903304840502086,0.0012457575870830548,0.017903304840502086,0.0012460561446603154,0.017903304840502086,0.0012460561446603154,0.02003274754108801,0.0013021208945961172,0.017627485572258645,0.00130284003856462,0.02010621727719188,0.0013859545503754126,0.016477803902492084,0.0013870569418119021,0.012994763338061304,0.0011707113690003156,0.015034633300356289,0.0011707316445292403,0.013203808589257633,0.001142355063321224,0.014796878203741422,0.0011424334426811005,0.01717207809973241,0.0012460645771406648,0.01717207809973241,0.0012460645771406648,0.017903304840502086,0.0012460561446603154,0.017903304840502086,0.0012460561446603154,0.013203808589257633,0.0011424886390482205,0.014796878203741422,0.0011424814599201641,0.013203808589257633,0.001142355063321224,0.014796878203741422,0.0011424334426811005
A1170431,64.0,0.05726513297272883,0.010019629162783452,0.031290537653727434,0.0012504213020033798,0.031290537653727434,0.0012504213020033798,0.0333019194518994,0.0012488860335210167,0.0333019194518994,0.0012488860335210167,0.017281530516868926,0.019637721455246202,0.0012458542981614545,0.019637721455246202,0.0012458542981614545,0.020674955696045313,0.0012458669557182023,0.020674955696045313,0.0012458669557182023,0.015252300559714195,0.016003179839462735,0.001173759637176086,0.021808810713625962,0.0011738333796949385,0.0158948576021774,0.0011463347219063036,0.0226230687729733,0.0011464248073778088,0.032046320329090223,0.0013185349505048243,0.03204018762489603,0.001319418456664822,0.031524374683140344,0.0014583263148535842,0.03153051132653384,0.0014600722360732011,0.010019629162783452,0.0333019194518994,0.0012477267611388336,0.0333019194518994,0.0012477267611388336,0.0333019194518994,0.0012488860335210167,0.0333019194518994,0.0012488860335210167,0.020710247747721636,0.0013042922109275054,0.020700924240267562,0.0013045616122965033,0.021244649326473703,0.001304288594270316,0.021236635630376744,0.0013045637319958594,0.020674955696045313,0.0012459743501366215,0.020674955696045313,0.0012459743501366215,0.020674955696045313,0.0012458669557182023,0.020674955696045313,0.0012458669557182023,0.02967125875827389,0.001313052299315951,0.02217045920309727,0.0013139058599830442,0.02909064483239425,0.0014512132169911876,0.023863801703247384,0.0014527447115493422,0.016003179839462735,0.001173759637176086,0.021808810713625962,0.0011738333796949385,0.0158948576021774,0.0011463347219063036,0.0226230687729733,0.0011464248073778088,0.019637721455246202,0.0012458542981614545,0.019637721455246202,0.0012458542981614545,0.020674955696045313,0.0012458669557182023,0.020674955696045313,0.0012458669557182023,0.0158948576021774,0.0011435025423720477,0.0226230687729733,0.0011435340431398293,0.0158948576021774,0.0011463347219063036,0.0226230687729733,0.0011464248073778088
A1170439,64.0,0.08522841977958083,0.00864798130187269,0.018082067171618352,0.00124869679271262,0.018082067171618352,0.00124869679271262,0.017851537506527487,0.0012471814244377382,0.017851537506527487,0.0012471814244377382,0.012220143942530728,0.013060039956280651,0.0012440560521361497,0.013060039956280651,0.0012440560521361497,0.013831158705845743,0.0012440641333620129,0.013831158705845743,0.0012440641333620129,0.010213710876065266,0.011722021882014553,0.0011699762893375724,0.01189386527908493,0.0011700445963121484,0.01203263027855655,0.0011417626498773192,0.01242642764404303,0.001141753843390045,0.017817131299695768,0.0013097407745074092,0.01781698108097393,0.0013105779441146324,0.017507236284756488,0.00137898415356048,0.017467296535991546,0.0013802942591480928,0.00864798130187269,0.017851537506527487,0.0012471168483573951,0.017851537506527487,0.0012471168483573951,0.017851537506527487,0.0012471814244377382,0.017851537506527487,0.0012471814244377382,0.013760181353579164,0.0012978818510104813,0.013764294423203129,0.001298342279316228,0.013855655702551305,0.0012978820034122225,0.01385776284605479,0.0012983437797275696,0.013831158705845743,0.0012439937518853716,0.013831158705845743,0.0012439937518853716,0.013831158705845743,0.0012440641333620129,0.013831158705845743,0.0012440641333620129,0.01697709245717255,0.001305066135375375,0.015539783521599133,0.001306068397575087,0.016709945361167586,0.0013891217672890523,0.015477957167332409,0.001390551312836492,0.011722021882014553,0.0011699762893375724,0.01189386527908493,0.0011700445963121484,0.01203263027855655,0.0011417626498773192,0.01242642764404303,0.001141753843390045,0.013060039956280651,0.0012440560521361497,0.013060039956280651,0.0012440560521361497,0.013831158705845743,0.0012440641333620129,0.013831158705845743,0.0012440641333620129,0.01203263027855655,0.0011409189175437123,0.01242642764404303,0.001140965952304163,0.01203263027855655,0.0011417626498773192,0.01242642764404303,0.001141753843390045
A1170442,64.0,0.07141822947751326,0.005012839519967603,0.02059274245250683,0.0012465466388687264,0.02059274245250683,0.0012465466388687264,0.023170940424984392,0.0012448711563012524,0.023170940424984392,0.0012448711563012524,0.009325934883941232,0.013146668582374598,0.0012428733082288227,0.013146668582374598,0.0012428733082288227,0.013957221769454247,0.0012428733082288227,0.013957221769454247,0.0012428733082288227,0.0065179048991894015,0.01193308008715273,0.0011667158238837449,0.013771415652519525,0.0011667272967843235,0.011897863440683316,0.0011395502129716818,0.01351159498622794,0.0011396111855943977,0.020656049675910802,0.001303189361668632,0.020642591702321602,0.0013036339334603654,0.02083244796268022,0.0013245337960549315,0.02083313776182272,0.0013250957702873331,0.005012839519967603,0.023170940424984392,0.0012449041870162666,0.023170940424984392,0.0012449041870162666,0.023170940424984392,0.0012448711563012524,0.023170940424984392,0.0012448711563012524,0.012921091845870966,0.0012782101769037457,0.012916621730155516,0.0012785916158251796,0.013205671111985184,0.0012782099122632588,0.013205670541039405,0.0012785843329990675,0.013957221769454247,0.0012422359344118105,0.013957221769454247,0.0012422359344118105,0.013957221769454247,0.0012428733082288227,0.013957221769454247,0.0012428733082288227,0.02021594232995185,0.0012972210586928118,0.016541827191029937,0.0012975641857028855,0.019971839575304583,0.0013222162197489371,0.016912028420668093,0.0013227119456039969,0.01193308008715273,0.0011667158238837449,0.013771415652519525,0.0011667272967843235,0.011897863440683316,0.0011395502129716818,0.01351159498622794,0.0011396111855943977,0.013146668582374598,0.0012428733082288227,0.013146668582374598,0.0012428733082288227,0.013957221769454247,0.0012428733082288227,0.013957221769454247,0.0012428733082288227,0.011897863440683316,0.0011396740687846132,0.01351159498622794,0.0011396969961518127,0.011897863440683316,0.0011395502129716818,0.01351159498622794,0.0011396111855943977
A1170446,64.0,0.03365586977101671,0.004276604412941459,0.02173216396337764,0.0012477326998842511,0.02173216396337764,0.0012477326998842511,0.020987714676520473,0.0012467086576368061,0.020987714676520473,0.0012467086576368061,0.0073078875929860065,0.015403783845827902,0.0012437902463382359,0.015403783845827902,0.0012437902463382359,0.016118725616494013,0.0012437902463382359,0.016118725616494013,0.0012437902463382359,0.0055357787394153144,0.015223778002228131,0.001166701843294481,0.016298382826817774,0.0011668137740539293,0.015146716866750023,0.0011414451772526232,0.015962073042625802,0.001141536993406477,0.022349303618400037,0.001295187665262468,0.022421272854141153,0.0012959562946171235,0.02168495613257904,0.0013163480799545334,0.0216881064188873,0.001317364929804776,0.004276604412941459,0.020987714676520473,0.001246907925003035,0.020987714676520473,0.001246907925003035,0.020987714676520473,0.0012467086576368061,0.020987714676520473,0.0012467086576368061,0.015655012151365437,0.001300227438255182,0.015653646103174438,0.0013006915871187589,0.015875975324754106,0.001300227238690589,0.015874395729136473,0.0013006779839117512,0.016118725616494013,0.0012437180423051776,0.016118725616494013,0.0012437180423051776,0.016118725616494013,0.0012437902463382359,0.016118725616494013,0.0012437902463382359,0.02164760870824407,0.0012826228058915189,0.017813437334604387,0.0012832967868106953,0.021071504892705074,0.0013117962703482105,0.01760532246331657,0.001312562062103383,0.015223778002228131,0.001166701843294481,0.016298382826817774,0.0011668137740539293,0.015146716866750023,0.0011414451772526232,0.015962073042625802,0.001141536993406477,0.015403783845827902,0.0012437902463382359,0.015403783845827902,0.0012437902463382359,0.016118725616494013,0.0012437902463382359,0.016118725616494013,0.0012437902463382359,0.015146716866750023,0.0011412361871957393,0.015962073042625802,0.0011413250407869846,0.015146716866750023,0.0011414451772526232,0.015962073042625802,0.001141536993406477
A1170448,64.0,0.03476035915314978,0.005239901411640512,0.015857130449510717,0.0012499043214935267,0.015857130449510717,0.0012499043214935267,0.017622928657128945,0.0012482189475733353,0.017622928657128945,0.0012482189475733353,0.0082189997895257,0.011700130583676043,0.0012457972687047662,0.011700130583676043,0.0012457972687047662,0.01211363187604354,0.0012457972687047662,0.01211363187604354,0.0012457972687047662,0.005503047592545965,0.011120070882986516,0.0011699795957718663,0.012832257105074366,0.001170055157534702,0.01153964531065514,0.001141681799109767,0.01288558960547448,0.0011416750219190202,0.016121914820529017,0.001308511140139115,0.01612367183312769,0.0013094341805874935,0.017589940907942466,0.001353242011189657,0.017592595622152367,0.0013543445779152768,0.005239901411640512,0.017622928657128945,0.0012479992170045453,0.017622928657128945,0.0012479992170045453,0.017622928657128945,0.0012482189475733353,0.017622928657128945,0.0012482189475733353,0.011946283188813736,0.0012748654063682115,0.011961217129760367,0.0012752608439708074,0.01196703045152655,0.001274861792992854,0.011963047722857785,0.0012752708229923195,0.01211363187604354,0.0012453415176673446,0.01211363187604354,0.0012453415176673446,0.01211363187604354,0.0012457972687047662,0.01211363187604354,0.0012457972687047662,0.016067175481941493,0.001305069002091773,0.013947149080079844,0.0013061614949444115,0.016647422222401287,0.0013584918668601588,0.014333266703316005,0.0013596161552111227,0.011120070882986516,0.0011699795957718663,0.012832257105074366,0.001170055157534702,0.01153964531065514,0.001141681799109767,0.01288558960547448,0.0011416750219190202,0.011700130583676043,0.0012457972687047662,0.011700130583676043,0.0012457972687047662,0.01211363187604354,0.0012457972687047662,0.01211363187604354,0.0012457972687047662,0.01153964531065514,0.0011416825100588686,0.01288558960547448,0.001141672185916395,0.01153964531065514,0.001141681799109767,0.01288558960547448,0.0011416750219190202
A1170455,64.0,0.04742889890161962,0.006698813608729781,0.021639147935932097,0.001249153850808357,0.021639147935932097,0.001249153850808357,0.023183361094795595,0.0012481843949096012,0.023183361094795595,0.0012481843949096012,0.009239844669866786,0.017798035085056098,0.0012436727023185925,0.017798035085056098,0.0012436727023185925,0.017845578809977936,0.001243683182518939,0.017845578809977936,0.001243683182518939,0.007344165007231629,0.013419143103450746,0.001170730996618489,0.015958230392320912,0.001170915128091756,0.013414204762953253,0.0011403789598563516,0.017447337491145243,0.0011404583567941615,0.022206691085267526,0.0013042971077225137,0.02218361180312428,0.0013051616503501548,0.021918521418214598,0.00134973337235978,0.021920133919941808,0.0013508736688408974,0.006698813608729781,0.023183361094795595,0.0012472986142799088,0.023183361094795595,0.0012472986142799088,0.023183361094795595,0.0012481843949096012,0.023183361094795595,0.0012481843949096012,0.017906689683198227,0.001306307812530821,0.017916912562165408,0.0013068282909675032,0.017441059840421342,0.0013063074785963158,0.01744051976859523,0.0013068304761348468,0.017845578809977936,0.0012438281787843573,0.017845578809977936,0.0012438281787843573,0.017845578809977936,0.001243683182518939,0.017845578809977936,0.001243683182518939,0.0212617318394411,0.001297823301272959,0.017669405489491447,0.0012985890343536993,0.020940814756141474,0.0013549073335220499,0.01840372649869128,0.0013558981030986977,0.013419143103450746,0.001170730996618489,0.015958230392320912,0.001170915128091756,0.013414204762953253,0.0011403789598563516,0.017447337491145243,0.0011404583567941615,0.017798035085056098,0.0012436727023185925,0.017798035085056098,0.0012436727023185925,0.017845578809977936,0.001243683182518939,0.017845578809977936,0.001243683182518939,0.013414204762953253,0.0011401992861796995,0.017447337491145243,0.0011402323297115596,0.013414204762953253,0.0011403789598563516,0.017447337491145243,0.0011404583567941615
A1170459,64.0,0.037204305741172984,0.005400541169626029,0.019882437822794412,0.0012491539009323075,0.019882437822794412,0.0012491539009323075,0.022003387535045896,0.0012480837174742574,0.022003387535045896,0.0012480837174742574,0.011161737741167353,0.014390365386264576,0.0012443765372798941,0.014390365386264576,0.0012443765372798941,0.015805699554548518,0.0012443765372798941,0.015805699554548518,0.0012443765372798941,0.007442858001272503,0.012715260685974736,0.0011714942129245403,0.014013913464588851,0.0011716488863715453,0.012643386939877752,0.0011420166347146325,0.014514533656483333,0.0011420204562202208,0.02024557358236021,0.0013088225532149778,0.020198276694434036,0.0013097392760265509,0.020909064262075207,0.0013510502080756018,0.020907475227371,0.0013523394166578345,0.005400541169626029,0.022003387535045896,0.0012480986817321488,0.022003387535045896,0.0012480986817321488,0.022003387535045896,0.0012480837174742574,0.022003387535045896,0.0012480837174742574,0.013877696323518962,0.0012873023117418497,0.013873860197022848,0.0012880704475755486,0.014386921961142904,0.0012873018829214684,0.014387602773676449,0.0012880619651422956,0.015805699554548518,0.0012444006957199217,0.015805699554548518,0.0012444006957199217,0.015805699554548518,0.0012443765372798941,0.015805699554548518,0.0012443765372798941,0.019129432477908163,0.0013086462863513614,0.0161084223050226,0.0013095036396431018,0.01940997322324086,0.0013513786979254027,0.017027342019748763,0.00135254106815762,0.012715260685974736,0.0011714942129245403,0.014013913464588851,0.0011716488863715453,0.012643386939877752,0.0011420166347146325,0.014514533656483333,0.0011420204562202208,0.014390365386264576,0.0012443765372798941,0.014390365386264576,0.0012443765372798941,0.015805699554548518,0.0012443765372798941,0.015805699554548518,0.0012443765372798941,0.012643386939877752,0.0011419006937908962,0.014514533656483333,0.0011419397237780785,0.012643386939877752,0.0011420166347146325,0.014514533656483333,0.0011420204562202208
A1170460,64.0,0.04895056002335686,0.005731275581114898,0.015196388219150689,0.0012505621325424464,0.015196388219150689,0.0012505621325424464,0.015990009962502928,0.0012493409565404138,0.015990009962502928,0.0012493409565404138,0.010231624011594645,0.013626919967918236,0.0012467185292513207,0.013626919967918236,0.0012467185292513207,0.014163790572362243,0.0012467185292513207,0.014163790572362243,0.0012467185292513207,0.0075005300731908284,0.011068429340494219,0.001171515659295669,0.011414187996269027,0.001171496539828665,0.011066652801907377,0.0011435583502380365,0.011711865693606322,0.001143652877013984,0.015531649433264202,0.0012994993035151078,0.015531936151739596,0.0013003993135683326,0.015915436518825293,0.001345562932539344,0.015915740968369337,0.0013468600835611058,0.005731275581114898,0.015990009962502928,0.0012492776135539173,0.015990009962502928,0.0012492776135539173,0.015990009962502928,0.0012493409565404138,0.015990009962502928,0.0012493409565404138,0.014305377268258658,0.0013278870076920575,0.014337195920014617,0.0013282576148968652,0.014403975990311508,0.0013278916892046602,0.014409721137835098,0.00132826760965492,0.014163790572362243,0.0012460889699661274,0.014163790572362243,0.0012460889699661274,0.014163790572362243,0.0012467185292513207,0.014163790572362243,0.0012467185292513207,0.015039255020575317,0.0013005330587756538,0.012933542656381707,0.001301415459687853,0.015362490591793326,0.0013512213999478805,0.013350122703049853,0.0013524595158740126,0.011068429340494219,0.001171515659295669,0.011414187996269027,0.001171496539828665,0.011066652801907377,0.0011435583502380365,0.011711865693606322,0.001143652877013984,0.013626919967918236,0.0012467185292513207,0.013626919967918236,0.0012467185292513207,0.014163790572362243,0.0012467185292513207,0.014163790572362243,0.0012467185292513207,0.011066652801907377,0.0011428992957450905,0.011711865693606322,0.0011429363455034418,0.011066652801907377,0.0011435583502380365,0.011711865693606322,0.001143652877013984
A1170461,64.0,0.03583875599756121,0.004708571423601621,0.01979944102547353,0.0012489534437565262,0.01979944102547353,0.0012489534437565262,0.021127465819802075,0.0012471550253401558,0.021127465819802075,0.0012471550253401558,0.007241376240493955,0.015430009765461997,0.0012434115861827855,0.015430009765461997,0.0012434115861827855,0.016453128550091997,0.0012434183117283365,0.016453128550091997,0.0012434183117283365,0.005561986742936456,0.012538242335587903,0.001170187764975069,0.013645213951582337,0.0011701680302000157,0.01256801917294158,0.0011405556458731197,0.012729612222701714,0.0011405792895463627,0.020521339087752256,0.0013135386463709617,0.02052113364770184,0.0013144183980660661,0.020164260343229826,0.0013285123674660192,0.020173858874805422,0.001329578521569801,0.004708571423601621,0.021127465819802075,0.001247389299336996,0.021127465819802075,0.001247389299336996,0.021127465819802075,0.0012471550253401558,0.021127465819802075,0.0012471550253401558,0.015874673622775594,0.0012688947182709694,0.015875574640641866,0.0012692685338825153,0.015865701189831532,0.001268892905431476,0.0158647945135036,0.0012692691448025644,0.016453128550091997,0.0012433280345395712,0.016453128550091997,0.0012433280345395712,0.016453128550091997,0.0012434183117283365,0.016453128550091997,0.0012434183117283365,0.019449987116527796,0.0013057356588032398,0.01602528850186762,0.0013065205118261648,0.018622386974244474,0.0013268355122773277,0.015279001738218872,0.0013277785948514207,0.012538242335587903,0.001170187764975069,0.013645213951582337,0.0011701680302000157,0.01256801917294158,0.0011405556458731197,0.012729612222701714,0.0011405792895463627,0.015430009765461997,0.0012434115861827855,0.015430009765461997,0.0012434115861827855,0.016453128550091997,0.0012434183117283365,0.016453128550091997,0.0012434183117283365,0.01256801917294158,0.0011407129952296935,0.012729612222701714,0.0011407039564722305,0.01256801917294158,0.0011405556458731197,0.012729612222701714,0.0011405792895463627
A1170462,64.0,0.04580261350225053,0.0048932755567871805,0.022190060696923516,0.0012484691841754565,0.022190060696923516,0.0012484691841754565,0.025323064980602366,0.0012471619670350845,0.025323064980602366,0.0012471619670350845,0.007839889838263408,0.01589649190420217,0.0012452731281266337,0.01589649190420217,0.0012452731281266337,0.01667424469204674,0.0012452731281266337,0.01667424469204674,0.0012452731281266337,0.0063748537133666945,0.012865869781667625,0.0011717941446994075,0.015169017167465534,0.0011719050620840057,0.01272942722221072,0.0011427666109300057,0.01400043482641194,0.0011428921912724362,0.023302514825710545,0.0013182995555463255,0.023316199120002063,0.001319283495620202,0.022572053272099348,0.0013781622548247117,0.022603335962433153,0.0013797809748851112,0.0048932755567871805,0.025323064980602366,0.001247369702635717,0.025323064980602366,0.001247369702635717,0.025323064980602366,0.0012471619670350845,0.025323064980602366,0.0012471619670350845,0.014735275838566701,0.0013098521187229245,0.014741672421116894,0.0013104350794227789,0.015548836612843083,0.0013098447227151663,0.01555102051617045,0.0013104386796330607,0.01667424469204674,0.0012448662648849123,0.01667424469204674,0.0012448662648849123,0.01667424469204674,0.0012452731281266337,0.01667424469204674,0.0012452731281266337,0.02160201542882869,0.001315039748369733,0.017533965253697784,0.0013159683657135435,0.020913589746865198,0.001384462115917116,0.016496070789172406,0.0013860804167908946,0.012865869781667625,0.0011717941446994075,0.015169017167465534,0.0011719050620840057,0.01272942722221072,0.0011427666109300057,0.01400043482641194,0.0011428921912724362,0.01589649190420217,0.0012452731281266337,0.01589649190420217,0.0012452731281266337,0.01667424469204674,0.0012452731281266337,0.01667424469204674,0.0012452731281266337,0.01272942722221072,0.001141004151459795,0.01400043482641194,0.0011410132096345074,0.01272942722221072,0.0011427666109300057,0.01400043482641194,0.0011428921912724362
A1170468,64.0,0.041357348615832366,0.007478997415547178,0.017073456542749502,0.0012505812152453063,0.017073456542749502,0.0012505812152453063,0.019068293362134118,0.0012479738715641853,0.019068293362134118,0.0012479738715641853,0.009596976915177215,0.01480698675254978,0.0012449198733003237,0.01480698675254978,0.0012449198733003237,0.014733946840182898,0.001244896098146566,0.014733946840182898,0.001244896098146566,0.00834700594992195,0.009971844463034285,0.0011697257557972017,0.011795091290439043,0.0011697833281288754,0.01046819522815876,0.0011406913651812037,0.012232304419822789,0.00114068450887541,0.017518632128330245,0.0013060502223560238,0.017521843649145035,0.0013070698027594116,0.01756453570100474,0.001329878003168308,0.017564035964242716,0.0013312666676978972,0.007478997415547178,0.019068293362134118,0.0012481512598602417,0.019068293362134118,0.0012481512598602417,0.019068293362134118,0.0012479738715641853,0.019068293362134118,0.0012479738715641853,0.01394481132829968,0.0012912670469719181,0.01392082500690374,0.0012918634156484155,0.01384631472051108,0.0012912676890590405,0.013852586117111296,0.0012918604261207944,0.014733946840182898,0.0012451666485424448,0.014733946840182898,0.0012451666485424448,0.014733946840182898,0.001244896098146566,0.014733946840182898,0.001244896098146566,0.017160848480860927,0.0012958682853670923,0.013281516212088732,0.0012970050087386883,0.016897387557906134,0.0013243152270873612,0.013377079657082968,0.001325499546209011,0.009971844463034285,0.0011697257557972017,0.011795091290439043,0.0011697833281288754,0.01046819522815876,0.0011406913651812037,0.012232304419822789,0.00114068450887541,0.01480698675254978,0.0012449198733003237,0.01480698675254978,0.0012449198733003237,0.014733946840182898,0.001244896098146566,0.014733946840182898,0.001244896098146566,0.01046819522815876,0.001140656652668346,0.012232304419822789,0.0011406757233747681,0.01046819522815876,0.0011406913651812037,0.012232304419822789,0.00114068450887541
A1170475,64.0,0.03394101371524106,0.005009570291774521,0.02340531276282049,0.001248724411550215,0.02340531276282049,0.001248724411550215,0.027241839906239056,0.001247467856970079,0.027241839906239056,0.001247467856970079,0.009270206192454134,0.01822138442358359,0.0012449634175787131,0.01822138442358359,0.0012449634175787131,0.018725189521983595,0.0012449634151333164,0.018725189521983595,0.0012449634151333164,0.005918272960577511,0.013008228196269834,0.00117260427581689,0.017054262817190323,0.0011725683388854188,0.013351762219573932,0.0011414887632749668,0.016620258495901603,0.0011415877371322323,0.02542904382426543,0.0013112995843662675,0.025432385357125387,0.0013120765117535975,0.025467093946419408,0.0013591962046119372,0.025467034771844723,0.0013603538492191574,0.005009570291774521,0.027241839906239056,0.001247164360889191,0.027241839906239056,0.001247164360889191,0.027241839906239056,0.001247467856970079,0.027241839906239056,0.001247467856970079,0.01799806010964505,0.0012803607924981636,0.017997095609361566,0.001280775364571722,0.01841815029815253,0.001280360333593095,0.018419750111311747,0.0012807774304160711,0.018725189521983595,0.001245049608105874,0.018725189521983595,0.001245049608105874,0.018725189521983595,0.0012449634151333164,0.018725189521983595,0.0012449634151333164,0.024262961786547927,0.0013023625070824774,0.017275072707383366,0.0013031999908928798,0.024283635189494533,0.001365665624242483,0.017740287266883908,0.0013668379785518755,0.013008228196269834,0.00117260427581689,0.017054262817190323,0.0011725683388854188,0.013351762219573932,0.0011414887632749668,0.016620258495901603,0.0011415877371322323,0.01822138442358359,0.0012449634175787131,0.01822138442358359,0.0012449634175787131,0.018725189521983595,0.0012449634151333164,0.018725189521983595,0.0012449634151333164,0.013351762219573932,0.001140201519801513,0.016620258495901603,0.0011402568666039393,0.013351762219573932,0.0011414887632749668,0.016620258495901603,0.0011415877371322323
A1170477,64.0,0.0290957491563865,0.003999995590379569,0.022227587664465552,0.0012494378292485428,0.022227587664465552,0.0012494378292485428,0.0242773053342854,0.0012477102828463065,0.0242773053342854,0.0012477102828463065,0.006939261410119916,0.01732790480291582,0.0012445256115709003,0.01732790480291582,0.0012445256115709003,0.020193344546987468,0.0012445256115709003,0.020193344546987468,0.0012445256115709003,0.005525148517403162,0.01282423429031999,0.0011707633481675775,0.013156744804024146,0.0011706768329081776,0.013194848012193505,0.0011421234885168835,0.013062826529016398,0.001142090523838635,0.023145800949005327,0.0013232294272568325,0.02314770745980821,0.0013237944922729063,0.023977754881042857,0.0014037560127073666,0.02398315517910505,0.0014048330925316428,0.003999995590379569,0.0242773053342854,0.0012481993163766542,0.0242773053342854,0.0012481993163766542,0.0242773053342854,0.0012477102828463065,0.0242773053342854,0.0012477102828463065,0.020620881728577206,0.0013338185388369662,0.020627059941984143,0.0013340176124539296,0.02146090749677148,0.0013338048625871574,0.021480175254697143,0.001334021034122695,0.020193344546987468,0.001244849609955806,0.020193344546987468,0.001244849609955806,0.020193344546987468,0.0012445256115709003,0.020193344546987468,0.0012445256115709003,0.023005183980734558,0.001318280789216974,0.01903766823449368,0.0013188313324848443,0.022911406350057215,0.001401978729751361,0.019997786971625933,0.0014028218591485195,0.01282423429031999,0.0011707633481675775,0.013156744804024146,0.0011706768329081776,0.013194848012193505,0.0011421234885168835,0.013062826529016398,0.001142090523838635,0.01732790480291582,0.0012445256115709003,0.01732790480291582,0.0012445256115709003,0.020193344546987468,0.0012445256115709003,0.020193344546987468,0.0012445256115709003,0.013194848012193505,0.0011418944337589533,0.013062826529016398,0.0011419690398453202,0.013194848012193505,0.0011421234885168835,0.013062826529016398,0.001142090523838635
A1170495,64.0,0.16994985571542062,0.009227295528616042,0.021572916839329447,0.001244774983120134,0.021572916839329447,0.001244774983120134,0.022751254658203494,0.0012425228816274054,0.022751254658203494,0.0012425228816274054,0.011597261516329366,0.01683080357202368,0.0012397596699055082,0.01683080357202368,0.0012397596699055082,0.01722810449328569,0.0012397569715562565,0.01722810449328569,0.0012397569715562565,0.010165638685245604,0.015039351564401178,0.001166752845027003,0.015242786085234586,0.0011668073259486775,0.01506803445332431,0.0011395424649788704,0.015803516779325257,0.0011397097563139854,0.0223655693057861,0.0013094392889875391,0.022386017636426392,0.0013103286212676982,0.02203930514927208,0.0013468838829625244,0.02204434534615115,0.0013480708820023065,0.009227295528616042,0.022751254658203494,0.001242899818149936,0.022751254658203494,0.001242899818149936,0.022751254658203494,0.0012425228816274054,0.022751254658203494,0.0012425228816274054,0.016427187207294042,0.001287709830361958,0.016432578558679984,0.0012882178731244453,0.016462124438361536,0.0012877095021931752,0.016535812586833253,0.0012882168046042504,0.01722810449328569,0.0012395008814797008,0.01722810449328569,0.0012395008814797008,0.01722810449328569,0.0012397569715562565,0.01722810449328569,0.0012397569715562565,0.02193024089401284,0.0013040740522797384,0.018799451658368493,0.0013048985132567796,0.02154564481180565,0.0013463337550401679,0.018699000820955256,0.0013474738941231868,0.015039351564401178,0.001166752845027003,0.015242786085234586,0.0011668073259486775,0.01506803445332431,0.0011395424649788704,0.015803516779325257,0.0011397097563139854,0.01683080357202368,0.0012397596699055082,0.01683080357202368,0.0012397596699055082,0.01722810449328569,0.0012397569715562565,0.01722810449328569,0.0012397569715562565,0.01506803445332431,0.0011395621105202282,0.015803516779325257,0.0011396057703275495,0.01506803445332431,0.0011395424649788704,0.015803516779325257,0.0011397097563139854
A1170498,64.0,0.09670625664177099,0.007145451666793916,0.02023210777534199,0.001247530858016099,0.02023210777534199,0.001247530858016099,0.025196600006615066,0.0012459024647876584,0.025196600006615066,0.0012459024647876584,0.012513564441341796,0.016949251677605668,0.0012422922721729338,0.016949251677605668,0.0012422922721729338,0.018001129624313383,0.0012422937936207427,0.018001129624313383,0.0012422937936207427,0.009173872408976746,0.012819420692175934,0.00116855744706701,0.015084050913489517,0.0011685289012470601,0.013374686898553237,0.0011412749569436487,0.015466231210086008,0.0011412147477727007,0.02037681290748016,0.0013134204638588394,0.02037831219342192,0.0013142816802586919,0.021920116383200242,0.0013259798188631818,0.021918167417145428,0.0013271916999781782,0.007145451666793916,0.025196600006615066,0.0012458033391685864,0.025196600006615066,0.0012458033391685864,0.025196600006615066,0.0012459024647876584,0.025196600006615066,0.0012459024647876584,0.016925471967393486,0.0012843326775351979,0.016916861918946827,0.0012851191415727522,0.016945472478187052,0.0012843336058402152,0.016952693130638324,0.00128511299958143,0.018001129624313383,0.0012428501873316467,0.018001129624313383,0.0012428501873316467,0.018001129624313383,0.0012422937936207427,0.018001129624313383,0.0012422937936207427,0.019763101864559547,0.0013064523380253276,0.017414800798673486,0.0013074865940461136,0.021866180665044883,0.0013278490587094723,0.01787027568578131,0.0013290602552848165,0.012819420692175934,0.00116855744706701,0.015084050913489517,0.0011685289012470601,0.013374686898553237,0.0011412749569436487,0.015466231210086008,0.0011412147477727007,0.016949251677605668,0.0012422922721729338,0.016949251677605668,0.0012422922721729338,0.018001129624313383,0.0012422937936207427,0.018001129624313383,0.0012422937936207427,0.013374686898553237,0.0011384173009441746,0.015466231210086008,0.0011384501438966115,0.013374686898553237,0.0011412749569436487,0.015466231210086008,0.0011412147477727007
A1170502,64.0,0.06715537338819554,0.00942069865772891,0.015430795500466723,0.0012478613821278349,0.015430795500466723,0.0012478613821278349,0.017020717783182832,0.0012468302551337546,0.017020717783182832,0.0012468302551337546,0.010296034589059231,0.012831969321897408,0.0012437347874832247,0.012831969321897408,0.0012437347874832247,0.014193208131899887,0.0012437347874832247,0.014193208131899887,0.0012437347874832247,0.009354904511437752,0.010058502757031712,0.0011676784135361683,0.011883006369567786,0.001167692207791099,0.010705774443922065,0.001145212724679773,0.01241852714950839,0.0011452505674218346,0.01579743917878376,0.0013208674468976906,0.015740939401681666,0.0013215398828460424,0.01658010050627083,0.0013266407549211636,0.01658297640318819,0.0013274708709598627,0.00942069865772891,0.017020717783182832,0.0012462458662775018,0.017020717783182832,0.0012462458662775018,0.017020717783182832,0.0012468302551337546,0.017020717783182832,0.0012468302551337546,0.013736650713948362,0.0013152878958410015,0.013732859389681525,0.001315878493368433,0.014753098396889265,0.0013152881681785518,0.014750105731094764,0.0013158800582455693,0.014193208131899887,0.0012435350683577399,0.014193208131899887,0.0012435350683577399,0.014193208131899887,0.0012437347874832247,0.014193208131899887,0.0012437347874832247,0.014719637133259196,0.001312500959670722,0.014213141877410846,0.0013130923122435215,0.015389424419408722,0.001324693539649755,0.015394202982724814,0.0013254388020093643,0.010058502757031712,0.0011676784135361683,0.011883006369567786,0.001167692207791099,0.010705774443922065,0.001145212724679773,0.01241852714950839,0.0011452505674218346,0.012831969321897408,0.0012437347874832247,0.012831969321897408,0.0012437347874832247,0.014193208131899887,0.0012437347874832247,0.014193208131899887,0.0012437347874832247,0.010705774443922065,0.001140598700983566,0.01241852714950839,0.0011405479784317187,0.010705774443922065,0.001145212724679773,0.01241852714950839,0.0011452505674218346
A1170507,64.0,0.056975271176013045,0.006765185545743539,0.018513236372197883,0.0012471246482956683,0.018513236372197883,0.0012471246482956683,0.021204675494132613,0.0012459228793202499,0.021204675494132613,0.0012459228793202499,0.007956728632793716,0.013560134183439413,0.0012431486778927661,0.013560134183439413,0.0012431486778927661,0.014823968696822046,0.0012431486778927661,0.014823968696822046,0.0012431486778927661,0.006233354080898191,0.011268967421672606,0.0011661123146215844,0.011235284978243953,0.0011661011095256382,0.012613203642290814,0.0011403993821775273,0.012410328615105616,0.001140457361146106,0.019420774402190803,0.001311169988746682,0.019364278673732457,0.001311752673642574,0.019534646856604915,0.0013510563824799561,0.019535900948754917,0.0013520093429918358,0.006765185545743539,0.021204675494132613,0.0012453090229603684,0.021204675494132613,0.0012453090229603684,0.021204675494132613,0.0012459228793202499,0.021204675494132613,0.0012459228793202499,0.014690468550804803,0.0013067133815914038,0.014691066412641089,0.001307332463021323,0.015616308581179307,0.0013067130216650959,0.015626978624921024,0.0013073328990650009,0.014823968696822046,0.0012428301408054369,0.014823968696822046,0.0012428301408054369,0.014823968696822046,0.0012431486778927661,0.014823968696822046,0.0012431486778927661,0.017790699211521654,0.0013137081219271982,0.015470424195550832,0.0013143680952219666,0.018526204315031148,0.0013560242554241132,0.01586768523454853,0.0013567170433853985,0.011268967421672606,0.0011661123146215844,0.011235284978243953,0.0011661011095256382,0.012613203642290814,0.0011403993821775273,0.012410328615105616,0.001140457361146106,0.013560134183439413,0.0012431486778927661,0.013560134183439413,0.0012431486778927661,0.014823968696822046,0.0012431486778927661,0.014823968696822046,0.0012431486778927661,0.012613203642290814,0.001141520212254053,0.012410328615105616,0.001141558311375063,0.012613203642290814,0.0011403993821775273,0.012410328615105616,0.001140457361146106
A1170509,64.0,0.07600180910189062,0.007696136816848948,0.018829310701570484,0.0012467838250072685,0.018829310701570484,0.0012467838250072685,0.020049330137387782,0.0012451438801055852,0.020049330137387782,0.0012451438801055852,0.012317753982751504,0.014435350107362473,0.001241686262538261,0.014435350107362473,0.001241686262538261,0.014616810614160173,0.001241686262538261,0.014616810614160173,0.001241686262538261,0.009594986436236182,0.012598481330881633,0.0011688795404688021,0.014449787033422767,0.0011688099302353148,0.011939080403474195,0.0011374605121737495,0.013238567830101031,0.0011375168141190837,0.019848263364514132,0.001303839936266039,0.01985272436295677,0.001304271693198664,0.019281370873101777,0.0013164598322919685,0.01929670050689452,0.0013171772045478536,0.007696136816848948,0.020049330137387782,0.001245593732684982,0.020049330137387782,0.001245593732684982,0.020049330137387782,0.0012451438801055852,0.020049330137387782,0.0012451438801055852,0.014645726916496484,0.0012677942720933273,0.014605457936690651,0.0012681913207269035,0.014762579345321297,0.0012677952632894063,0.01471987971976297,0.001268190803607136,0.014616810614160173,0.0012419936880942043,0.014616810614160173,0.0012419936880942043,0.014616810614160173,0.001241686262538261,0.014616810614160173,0.001241686262538261,0.01871965080199742,0.001302107644956033,0.01579520308943027,0.001302587135104517,0.01807945923014901,0.001317102859156347,0.015475982353841341,0.0013176576991325163,0.012598481330881633,0.0011688795404688021,0.014449787033422767,0.0011688099302353148,0.011939080403474195,0.0011374605121737495,0.013238567830101031,0.0011375168141190837,0.014435350107362473,0.001241686262538261,0.014435350107362473,0.001241686262538261,0.014616810614160173,0.001241686262538261,0.014616810614160173,0.001241686262538261,0.011939080403474195,0.0011415257782845067,0.013238567830101031,0.0011416036715424132,0.011939080403474195,0.0011374605121737495,0.013238567830101031,0.0011375168141190837
A1170528,64.0,0.03562218458617157,0.0040318095530311494,0.016417769285631933,0.0012491003767242349,0.016417769285631933,0.0012491003767242349,0.017304830952020553,0.0012482759240172725,0.017304830952020553,0.0012482759240172725,0.006783826424536526,0.011231876008427186,0.0012453036551256474,0.011231876008427186,0.0012453036551256474,0.0119929829537168,0.0012453047635892771,0.0119929829537168,0.0012453047635892771,0.004513990739024138,0.010037041839170707,0.0011701663143015926,0.01220758230114463,0.001170211507988967,0.010871085832738677,0.0011438102218822468,0.012717552473938652,0.0011438160887371647,0.01664434929235857,0.001316512436914203,0.016655492214981672,0.0013173187054190702,0.016686542820589987,0.0013410983986269524,0.016687020359577937,0.001342245065918904,0.0040318095530311494,0.017304830952020553,0.0012481670056290217,0.017304830952020553,0.0012481670056290217,0.017304830952020553,0.0012482759240172725,0.017304830952020553,0.0012482759240172725,0.012187574988248493,0.0013109106983345282,0.012187706862474437,0.0013115622833061462,0.012464231414624584,0.0013109142007217693,0.012466076390054977,0.0013115667633750814,0.0119929829537168,0.0012452633882298065,0.0119929829537168,0.0012452633882298065,0.0119929829537168,0.0012453047635892771,0.0119929829537168,0.0012453047635892771,0.015822288136180345,0.0013029313354345148,0.014200235913957464,0.0013036270442726254,0.015418618566465732,0.0013365934577171028,0.014263276205660891,0.001337655764582532,0.010037041839170707,0.0011701663143015926,0.01220758230114463,0.001170211507988967,0.010871085832738677,0.0011438102218822468,0.012717552473938652,0.0011438160887371647,0.011231876008427186,0.0012453036551256474,0.011231876008427186,0.0012453036551256474,0.0119929829537168,0.0012453047635892771,0.0119929829537168,0.0012453047635892771,0.010871085832738677,0.0011424354906446471,0.012717552473938652,0.0011425495478262885,0.010871085832738677,0.0011438102218822468,0.012717552473938652,0.0011438160887371647
A1170530,64.0,0.04219603007009287,0.005995734902473827,0.016487128960730738,0.0012494373547789503,0.016487128960730738,0.0012494373547789503,0.016576163214600058,0.001246711651976208,0.016576163214600058,0.001246711651976208,0.0071323632953522705,0.012199551003097817,0.0012454842292072886,0.012199551003097817,0.0012454842292072886,0.01299152924477891,0.001245483803118192,0.01299152924477891,0.001245483803118192,0.005734086707510697,0.010727026075269016,0.0011678889729455336,0.011546808026440007,0.0011679625679707005,0.010822706898267906,0.0011408849291564104,0.010513932843353365,0.0011409275905078363,0.01683814645947447,0.0013061518551400137,0.01683928072847839,0.0013069973731909318,0.01638731960406373,0.0013390810904623197,0.016388812044932685,0.0013402355430893857,0.005995734902473827,0.016576163214600058,0.0012472992599319352,0.016576163214600058,0.0012472992599319352,0.016576163214600058,0.001246711651976208,0.016576163214600058,0.001246711651976208,0.012276143328862598,0.0013089644465050202,0.012275946136354415,0.001309492009360925,0.012397125663754066,0.0013089619380260466,0.012402917193095261,0.0013094850199433005,0.01299152924477891,0.0012449475129471161,0.01299152924477891,0.0012449475129471161,0.01299152924477891,0.001245483803118192,0.01299152924477891,0.001245483803118192,0.015594471664001556,0.001297365350948015,0.014408821740326427,0.0012979789423977726,0.015587419587914377,0.001333394741384968,0.013707466002644969,0.0013341470822242762,0.010727026075269016,0.0011678889729455336,0.011546808026440007,0.0011679625679707005,0.010822706898267906,0.0011408849291564104,0.010513932843353365,0.0011409275905078363,0.012199551003097817,0.0012454842292072886,0.012199551003097817,0.0012454842292072886,0.01299152924477891,0.001245483803118192,0.01299152924477891,0.001245483803118192,0.010822706898267906,0.0011407566488201683,0.010513932843353365,0.0011408089254473744,0.010822706898267906,0.0011408849291564104,0.010513932843353365,0.0011409275905078363
A1170534,64.0,0.0386460219590063,0.007696106524951893,0.01823108187383635,0.0012494100325976098,0.01823108187383635,0.0012494100325976098,0.021768539578894724,0.0012478118501244714,0.021768539578894724,0.0012478118501244714,0.011240293864435083,0.015611777446519835,0.0012440001946874702,0.015611777446519835,0.0012440001946874702,0.016786580002023894,0.0012440001946874702,0.016786580002023894,0.0012440001946874702,0.007720542863212407,0.012395883214674384,0.00117080935487569,0.011947041132200712,0.0011709110715395414,0.012466118224070379,0.001142634511731742,0.012856405967190529,0.0011427228088277644,0.01940416479325729,0.0013107110051258188,0.019401215744346053,0.001311626779328076,0.020155655906521214,0.0013715461325179226,0.020103216189581993,0.0013729417487655556,0.007696106524951893,0.021768539578894724,0.0012474275937504166,0.021768539578894724,0.0012474275937504166,0.021768539578894724,0.0012478118501244714,0.021768539578894724,0.0012478118501244714,0.01616660949298275,0.001307386954240622,0.016166658538761796,0.001308223399108642,0.01642349631428749,0.001307389639578185,0.016419777738598946,0.001308223100443146,0.016786580002023894,0.0012439558869841221,0.016786580002023894,0.0012439558869841221,0.016786580002023894,0.0012440001946874702,0.016786580002023894,0.0012440001946874702,0.018004869801158584,0.0013022996772590314,0.013862300942484999,0.0013033010051792418,0.018972318496319838,0.0013703489625733346,0.015528128124617662,0.0013716449430590276,0.012395883214674384,0.00117080935487569,0.011947041132200712,0.0011709110715395414,0.012466118224070379,0.001142634511731742,0.012856405967190529,0.0011427228088277644,0.015611777446519835,0.0012440001946874702,0.015611777446519835,0.0012440001946874702,0.016786580002023894,0.0012440001946874702,0.016786580002023894,0.0012440001946874702,0.012466118224070379,0.0011415990664672177,0.012856405967190529,0.0011416803563060202,0.012466118224070379,0.001142634511731742,0.012856405967190529,0.0011427228088277644
A1170535,65.0,0.07044228554727604,0.008937635061270991,0.02235258819525336,0.0012668669239519986,0.02235258819525336,0.0012668669239519986,0.02387920800467337,0.0012643501024730429,0.02387920800467337,0.0012643501024730429,0.011399163647492234,0.01807116325606403,0.001262407647166678,0.01807116325606403,0.001262407647166678,0.01826959733741742,0.0012624136627876436,0.01826959733741742,0.0012624136627876436,0.009412628299235197,0.01484741492825334,0.0011905937263881866,0.016150140290108975,0.0011905537017428555,0.014809211108921694,0.0011604684872709985,0.016167415075193415,0.0011604883243851803,0.022261853962721914,0.0013342943262174625,0.02226257966595158,0.0013352793286583449,0.02229228909383565,0.0013648568639472415,0.0222951119419819,0.0013662225019776273,0.008937635061270991,0.02387920800467337,0.0012652310520864943,0.02387920800467337,0.0012652310520864943,0.02387920800467337,0.0012643501024730429,0.02387920800467337,0.0012643501024730429,0.018052869581995094,0.0013339477493695925,0.018055266125382403,0.0013346914601180225,0.017845756532662224,0.0013339493451126974,0.017847494229986723,0.0013346889962860978,0.01826959733741742,0.0012624675750141613,0.01826959733741742,0.0012624675750141613,0.01826959733741742,0.0012624136627876436,0.01826959733741742,0.0012624136627876436,0.020768415191396394,0.0013238108560204495,0.020072549935235703,0.0013248276494921042,0.020569526577487958,0.0013570415650202168,0.019863013861122773,0.0013580328077099717,0.01484741492825334,0.0011905937263881866,0.016150140290108975,0.0011905537017428555,0.014809211108921694,0.0011604684872709985,0.016167415075193415,0.0011604883243851803,0.01807116325606403,0.001262407647166678,0.01807116325606403,0.001262407647166678,0.01826959733741742,0.0012624136627876436,0.01826959733741742,0.0012624136627876436,0.014809211108921694,0.0011630885787860372,0.016167415075193415,0.001163121565831872,0.014809211108921694,0.0011604684872709985,0.016167415075193415,0.0011604883243851803
A1170537,64.0,0.059737657629617,0.004843362186417696,0.01454917606141361,0.0012479854567637799,0.01454917606141361,0.0012479854567637799,0.01551625941460512,0.001246752168028294,0.01551625941460512,0.001246752168028294,0.008421787337225874,0.01214470630345724,0.0012430759245959267,0.01214470630345724,0.0012430759245959267,0.01343216128247437,0.0012430759245959267,0.01343216128247437,0.0012430759245959267,0.006439394323455031,0.011626452363327424,0.0011699227836933248,0.011122005379775472,0.0011699493567552015,0.011793842286622858,0.0011414375651914131,0.011429781598102115,0.001141414089869089,0.014567231182123637,0.0013084832091972837,0.014577279943206957,0.0013088751529935644,0.015194667120271054,0.0013037550576089467,0.015194350623331403,0.0013042306010066062,0.004843362186417696,0.01551625941460512,0.001246107438797553,0.01551625941460512,0.001246107438797553,0.01551625941460512,0.001246752168028294,0.01551625941460512,0.001246752168028294,0.012913868039989498,0.0013041305269542265,0.012911695846099526,0.0013045800020283888,0.01352971200543168,0.001304120289123383,0.013530536053063084,0.0013045803045120036,0.01343216128247437,0.0012428452613119578,0.01343216128247437,0.0012428452613119578,0.01343216128247437,0.0012430759245959267,0.01343216128247437,0.0012430759245959267,0.014439268719474666,0.0013017036812584583,0.012537589240684389,0.001301994794318608,0.014695816871165638,0.0013019214400804096,0.013020661051841308,0.0013023437437453408,0.011626452363327424,0.0011699227836933248,0.011122005379775472,0.0011699493567552015,0.011793842286622858,0.0011414375651914131,0.011429781598102115,0.001141414089869089,0.01214470630345724,0.0012430759245959267,0.01214470630345724,0.0012430759245959267,0.01343216128247437,0.0012430759245959267,0.01343216128247437,0.0012430759245959267,0.011793842286622858,0.0011403131430023738,0.011429781598102115,0.0011403036595872796,0.011793842286622858,0.0011414375651914131,0.011429781598102115,0.001141414089869089
A1170540,64.0,0.033319579184863654,0.004504088499511064,0.017258628692932983,0.0012492180310746726,0.017258628692932983,0.0012492180310746726,0.017794748310067273,0.0012481401394184254,0.017794748310067273,0.0012481401394184254,0.007222183349771397,0.012150104583054093,0.0012452678939502524,0.012150104583054093,0.0012452678939502524,0.012699255002942101,0.0012452678939502524,0.012699255002942101,0.0012452678939502524,0.004875754885676349,0.012285045120602491,0.0011704154370472768,0.011908963853979146,0.0011704440171777504,0.011779714867776297,0.0011427843252760173,0.011661301395192199,0.0011429015578191168,0.017815983451292275,0.0013057574360057363,0.0178148372429953,0.0013064056569768356,0.017298074170439992,0.0013403834203332583,0.01729938593809065,0.0013413055989069278,0.004504088499511064,0.017794748310067273,0.0012481003768113797,0.017794748310067273,0.0012481003768113797,0.017794748310067273,0.0012481401394184254,0.017794748310067273,0.0012481401394184254,0.01225326819565161,0.001286641892460567,0.01225349874529152,0.0012873087464983946,0.012551093929667979,0.0012866409626426864,0.012553565120702935,0.0012873185364894449,0.012699255002942101,0.0012453205738397514,0.012699255002942101,0.0012453205738397514,0.012699255002942101,0.0012452678939502524,0.012699255002942101,0.0012452678939502524,0.017314294905265832,0.0013035431785665907,0.014523215934362285,0.0013040051703717757,0.016528784112759657,0.0013489634454046542,0.014145857082813882,0.0013498879010326236,0.012285045120602491,0.0011704154370472768,0.011908963853979146,0.0011704440171777504,0.011779714867776297,0.0011427843252760173,0.011661301395192199,0.0011429015578191168,0.012150104583054093,0.0012452678939502524,0.012150104583054093,0.0012452678939502524,0.012699255002942101,0.0012452678939502524,0.012699255002942101,0.0012452678939502524,0.011779714867776297,0.0011421108178860974,0.011661301395192199,0.0011421963718730558,0.011779714867776297,0.0011427843252760173,0.011661301395192199,0.0011429015578191168
A12069aW,64.0,0.3829288041080229,0.014255347694528372,0.009589027267584054,0.0012430983852124685,0.009589027267584054,0.0012430983852124685,0.011308757192479483,0.001242273679844208,0.011308757192479483,0.001242273679844208,0.02257368054598229,0.008207514508490426,0.0012366643153040523,0.008207514508490426,0.0012366643153040523,0.008171578999645282,0.0012366657516388498,0.008171578999645282,0.0012366657516388498,0.022772148802201596,0.005243665935458931,0.0011676982784158952,0.005329004919574425,0.0011677180258965066,0.005141563289416614,0.0011381960689898305,0.004880481552443672,0.0011382988130422705,0.009900007279892924,0.0013442088488140448,0.00990699225869141,0.0013438118189182328,0.00972033684055046,0.0013412197183932648,0.009719186278494807,0.001340717729208984,0.014255347694528372,0.011308757192479483,0.0012421506063402196,0.011308757192479483,0.0012421506063402196,0.011308757192479483,0.001242273679844208,0.011308757192479483,0.001242273679844208,0.007778265990767332,0.001301107066862979,0.007791944624138097,0.0013008519544846237,0.007510204809022585,0.0013010996020171718,0.00751419520482825,0.001300854487733258,0.008171578999645282,0.001236425079032527,0.008171578999645282,0.001236425079032527,0.008171578999645282,0.0012366657516388498,0.008171578999645282,0.0012366657516388498,0.009744183181056722,0.001332825824267889,0.007405460794918298,0.0013323826667473197,0.00973866601474987,0.0013442210022132355,0.007379922993858212,0.0013437552626651772,0.005243665935458931,0.0011676982784158952,0.005329004919574425,0.0011677180258965066,0.005141563289416614,0.0011381960689898305,0.004880481552443672,0.0011382988130422705,0.008207514508490426,0.0012366643153040523,0.008207514508490426,0.0012366643153040523,0.008171578999645282,0.0012366657516388498,0.008171578999645282,0.0012366657516388498,0.005141563289416614,0.0011402021448724603,0.004880481552443672,0.0011402622500100849,0.005141563289416614,0.0011381960689898305,0.004880481552443672,0.0011382988130422705
A12083bW,64.0,0.32233899736892996,0.008376147808927618,0.007420149626655651,0.0012428011896785632,0.007420149626655651,0.0012428011896785632,0.008244429941791797,0.0012420033505141472,0.008244429941791797,0.0012420033505141472,0.010081232143493716,0.006759306289412468,0.0012392595141770795,0.006759306289412468,0.0012392595141770795,0.007370530250442082,0.0012392595141770795,0.007370530250442082,0.0012392595141770795,0.009645101134161647,0.0027527645687122153,0.001168031512382765,0.0029716349651127704,0.0011680435400693856,0.0024026633181970037,0.0011377947988437268,0.0027241263134985924,0.0011378198099620675,0.00792059889525438,0.0013411364024017174,0.007918843256501388,0.0013406638645096511,0.007090750852784718,0.0013325239487678078,0.007094461498380965,0.0013321488692837479,0.008376147808927618,0.008244429941791797,0.0012418206351277519,0.008244429941791797,0.0012418206351277519,0.008244429941791797,0.0012420033505141472,0.008244429941791797,0.0012420033505141472,0.0069010657079243845,0.001320074200919215,0.006905304941088905,0.001319882829695869,0.006606406307333886,0.0013200722488286884,0.006606664109526856,0.0013198826009327266,0.007370530250442082,0.0012390795633601631,0.007370530250442082,0.0012390795633601631,0.007370530250442082,0.0012392595141770795,0.007370530250442082,0.0012392595141770795,0.006474491404939936,0.0013287882672900514,0.0058219885811103935,0.0013284213802932888,0.006091381405734553,0.0013291409740729299,0.005380457564662961,0.0013288157914420177,0.0027527645687122153,0.001168031512382765,0.0029716349651127704,0.0011680435400693856,0.0024026633181970037,0.0011377947988437268,0.0027241263134985924,0.0011378198099620675,0.006759306289412468,0.0012392595141770795,0.006759306289412468,0.0012392595141770795,0.007370530250442082,0.0012392595141770795,0.007370530250442082,0.0012392595141770795,0.0024026633181970037,0.0011373457535826486,0.0027241263134985924,0.001137399432209042,0.0024026633181970037,0.0011377947988437268,0.0027241263134985924,0.0011378198099620675
A13415aW,64.0,0.18937322447123606,0.008014052447399049,0.015711983206396392,0.001245508067674714,0.015711983206396392,0.001245508067674714,0.016175808250744553,0.0012442572032855433,0.016175808250744553,0.0012442572032855433,0.015970476003541578,0.01726997550613803,0.0012400471811799044,0.01726997550613803,0.0012400471811799044,0.018333626760930203,0.0012400471811799044,0.018333626760930203,0.0012400471811799044,0.014478448422141549,0.006744594460124619,0.00116806024320314,0.0069151009420742185,0.0011680792526534516,0.006461498776792966,0.001139150527598784,0.006251071058418409,0.0011392681229903225,0.016924198892037917,0.0013452616412813053,0.01692356423233622,0.0013451127410599745,0.01597885049790611,0.0013285865492672524,0.015982427769731026,0.0013281995293059803,0.008014052447399049,0.016175808250744553,0.0012443471941747494,0.016175808250744553,0.0012443471941747494,0.016175808250744553,0.0012442572032855433,0.016175808250744553,0.0012442572032855433,0.0169713500984756,0.0013034695362899177,0.01697978400778118,0.0013035530080812937,0.01644069023045046,0.0013034720972053297,0.016439956200289086,0.0013035536019073432,0.018333626760930203,0.001239471462787449,0.018333626760930203,0.001239471462787449,0.018333626760930203,0.0012400471811799044,0.018333626760930203,0.0012400471811799044,0.0160299535059134,0.0013430609559435048,0.013106053083535987,0.001342878615142775,0.014725391813140226,0.0013240916309136632,0.012174157231892833,0.0013237434045732487,0.006744594460124619,0.00116806024320314,0.0069151009420742185,0.0011680792526534516,0.006461498776792966,0.001139150527598784,0.006251071058418409,0.0011392681229903225,0.01726997550613803,0.0012400471811799044,0.01726997550613803,0.0012400471811799044,0.018333626760930203,0.0012400471811799044,0.018333626760930203,0.0012400471811799044,0.006461498776792966,0.0011399827817540828,0.006251071058418409,0.0011399753803486591,0.006461498776792966,0.001139150527598784,0.006251071058418409,0.0011392681229903225
A13495dW,64.0,0.5022102747373333,0.007390379639964941,0.009196659797525139,0.0012439691199021736,0.009196659797525139,0.0012439691199021736,0.01206079271663819,0.0012424712068530212,0.01206079271663819,0.0012424712068530212,0.009026323340684905,0.011337772430605011,0.00123939279903362,0.011337772430605011,0.00123939279903362,0.012494426752055431,0.00123939279903362,0.012494426752055431,0.00123939279903362,0.008906277701927156,0.005708825829554134,0.0011671990758311429,0.004883206926937577,0.0011671484938771293,0.005338649275432124,0.001141366779444106,0.005050914808103313,0.0011412481659603927,0.009522476357264751,0.0013502644921377855,0.009528951741417263,0.001350135918244707,0.00972005734918263,0.0013242349916618387,0.009745487543567957,0.0013239003409917334,0.007390379639964941,0.01206079271663819,0.0012423123286979677,0.01206079271663819,0.0012423123286979677,0.01206079271663819,0.0012424712068530212,0.01206079271663819,0.0012424712068530212,0.010328472562400406,0.001328379578421142,0.010331415939598488,0.0013280969696956328,0.010197408472128118,0.0013283813317870672,0.010196672349916712,0.0013280975576453573,0.012494426752055431,0.0012387968158869412,0.012494426752055431,0.0012387968158869412,0.012494426752055431,0.00123939279903362,0.012494426752055431,0.00123939279903362,0.00893941444800219,0.0013412220803510368,0.00793728006590138,0.0013410272737124928,0.009390795104019937,0.0013276180283672222,0.007633500432287409,0.001327427571086534,0.005708825829554134,0.0011671990758311429,0.004883206926937577,0.0011671484938771293,0.005338649275432124,0.001141366779444106,0.005050914808103313,0.0011412481659603927,0.011337772430605011,0.00123939279903362,0.011337772430605011,0.00123939279903362,0.012494426752055431,0.00123939279903362,0.012494426752055431,0.00123939279903362,0.005338649275432124,0.0011413230718646018,0.005050914808103313,0.001141345003499916,0.005338649275432124,0.001141366779444106,0.005050914808103313,0.0011412481659603927
AEOJUM201,64.0,0.021779532158737066,0.006489802945000176,0.012807119780874983,0.0012501039945531408,0.012807119780874983,0.0012501039945531408,0.018432248069984943,0.001248249111477228,0.018432248069984943,0.001248249111477228,0.008090524171386835,0.009880631172204384,0.0012435593821996972,0.009880631172204384,0.0012435593821996972,0.009971654721633461,0.0012435589124399535,0.009971654721633461,0.0012435589124399535,0.007753892292629822,0.006941948877052881,0.001170654932299938,0.007230024585381976,0.0011706991301409808,0.007513438152193322,0.0011431805953869376,0.00794498772431326,0.0011432096293194018,0.013628840722496482,0.0013161577832338323,0.013635119617878765,0.001316414468101292,0.015343062189855282,0.0013195485720751206,0.015412129163079179,0.0013197804416176788,0.006489802945000176,0.018432248069984943,0.0012479901719642166,0.018432248069984943,0.0012479901719642166,0.018432248069984943,0.001248249111477228,0.018432248069984943,0.001248249111477228,0.009329360643380902,0.0012684721100592639,0.00931398165727432,0.0012686379560168037,0.009419517997157068,0.0012684748236948147,0.009421280373236621,0.0012686383656324745,0.009971654721633461,0.001243871461802618,0.009971654721633461,0.001243871461802618,0.009971654721633461,0.0012435589124399535,0.009971654721633461,0.0012435589124399535,0.01287827364804783,0.001309959168823174,0.010642982904191913,0.0013100589154449581,0.014097891229768747,0.0013177264705480905,0.011740889356749721,0.0013178169691031578,0.006941948877052881,0.001170654932299938,0.007230024585381976,0.0011706991301409808,0.007513438152193322,0.0011431805953869376,0.00794498772431326,0.0011432096293194018,0.009880631172204384,0.0012435593821996972,0.009880631172204384,0.0012435593821996972,0.009971654721633461,0.0012435589124399535,0.009971654721633461,0.0012435589124399535,0.007513438152193322,0.0011424387311496432,0.00794498772431326,0.0011424503657632618,0.007513438152193322,0.0011431805953869376,0.00794498772431326,0.0011432096293194018
AEOJUM305,64.0,0.02860825051559378,0.006777930476518813,0.015664189760074415,0.0012489401946988582,0.015664189760074415,0.0012489401946988582,0.01717958292676437,0.0012474112780550134,0.01717958292676437,0.0012474112780550134,0.01106912943585878,0.013902539122909502,0.0012430195959504404,0.013902539122909502,0.0012430195959504404,0.014227767702619862,0.0012430195959504404,0.014227767702619862,0.0012430195959504404,0.008988996198102095,0.009666665629001625,0.0011716410819611392,0.00895687258569448,0.0011716389662607004,0.009823572977077468,0.0011401566356944218,0.008891335664532263,0.0011401701509120843,0.016312379216002797,0.0013031812268396103,0.016311995408305663,0.0013037827231305883,0.016055824320008284,0.0013135649259981713,0.016067558465069482,0.0013142336861938293,0.006777930476518813,0.01717958292676437,0.0012468606521178825,0.01717958292676437,0.0012468606521178825,0.01717958292676437,0.0012474112780550134,0.01717958292676437,0.0012474112780550134,0.014081538411848905,0.0012595583159096915,0.014088158437237281,0.0012596914436426455,0.014163500017667075,0.00125956735971876,0.014147753451671064,0.0012596909444128716,0.014227767702619862,0.0012434662998008072,0.014227767702619862,0.0012434662998008072,0.014227767702619862,0.0012430195959504404,0.014227767702619862,0.0012430195959504404,0.015940183019262665,0.00129845915235275,0.0121681491386977,0.0012989044317805749,0.015316792579116192,0.0013097518527060705,0.012329099750184282,0.0013104445053880788,0.009666665629001625,0.0011716410819611392,0.00895687258569448,0.0011716389662607004,0.009823572977077468,0.0011401566356944218,0.008891335664532263,0.0011401701509120843,0.013902539122909502,0.0012430195959504404,0.013902539122909502,0.0012430195959504404,0.014227767702619862,0.0012430195959504404,0.014227767702619862,0.0012430195959504404,0.009823572977077468,0.0011401680854664648,0.008891335664532263,0.0011402751552088513,0.009823572977077468,0.0011401566356944218,0.008891335664532263,0.0011401701509120843
AEOJUM402,64.0,0.040449493575907824,0.010151642869125597,0.02438454491696692,0.0012483190384854298,0.02438454491696692,0.0012483190384854298,0.02763069059708984,0.0012464892349178629,0.02763069059708984,0.0012464892349178629,0.014412708081309303,0.021438820456417478,0.001241598755358484,0.021438820456417478,0.001241598755358484,0.021446388397626737,0.001241598755358484,0.021446388397626737,0.001241598755358484,0.011696746666463387,0.01362445832103406,0.0011689288538192261,0.015872960732842643,0.0011690854228440244,0.013657700859659368,0.001137868493864748,0.015487523331696397,0.001137832107310137,0.0254388638414058,0.001327571270890593,0.025430329583257135,0.001327837318161117,0.02504729696334448,0.0013486364542951465,0.025049021198181042,0.0013488417543700882,0.010151642869125597,0.02763069059708984,0.0012455967738775177,0.02763069059708984,0.0012455967738775177,0.02763069059708984,0.0012464892349178629,0.02763069059708984,0.0012464892349178629,0.022784553504014725,0.0012885175844772857,0.022793399544149752,0.0012881842002425122,0.022965838200245,0.001288516854361123,0.022960986966380353,0.001288186077529794,0.021446388397626737,0.001241261599159914,0.021446388397626737,0.001241261599159914,0.021446388397626737,0.001241598755358484,0.021446388397626737,0.001241598755358484,0.025385112450755257,0.0013256659420599081,0.019139548455096144,0.0013258178391379624,0.024630195556902594,0.0013602906643746513,0.019309650167487407,0.0013606281299888535,0.01362445832103406,0.0011689288538192261,0.015872960732842643,0.0011690854228440244,0.013657700859659368,0.001137868493864748,0.015487523331696397,0.001137832107310137,0.021438820456417478,0.001241598755358484,0.021438820456417478,0.001241598755358484,0.021446388397626737,0.001241598755358484,0.021446388397626737,0.001241598755358484,0.013657700859659368,0.001139142500701351,0.015487523331696397,0.0011392458320417537,0.013657700859659368,0.001137868493864748,0.015487523331696397,0.001137832107310137
AEOJUM502,64.0,0.027413914431506935,0.009001306240380714,0.02141818760249053,0.0012493654376408646,0.02141818760249053,0.0012493654376408646,0.025741612004343283,0.0012467539089753732,0.025741612004343283,0.0012467539089753732,0.013939765628314699,0.014141037598759818,0.0012419744312670378,0.014141037598759818,0.0012419744312670378,0.01486517908678726,0.0012419744312670378,0.01486517908678726,0.0012419744312670378,0.011429299453283777,0.008534181807182165,0.001171478756588514,0.010275250305581332,0.0011715498377330735,0.009078330545526607,0.0011403771647912329,0.01023474345988766,0.0011403492435512847,0.022235198661194916,0.001311457645544145,0.022233049651960334,0.0013121085027111288,0.02263372589031061,0.0013254682821247522,0.02263395773292183,0.001326070572912543,0.009001306240380714,0.025741612004343283,0.0012466131031748588,0.025741612004343283,0.0012466131031748588,0.025741612004343283,0.0012467539089753732,0.025741612004343283,0.0012467539089753732,0.014490239110812144,0.001294504433279108,0.014478919261818947,0.0012946246929399611,0.014747075997516153,0.0012945020444978023,0.014763209232273042,0.0012946251236757393,0.01486517908678726,0.0012416118443806501,0.01486517908678726,0.0012416118443806501,0.01486517908678726,0.0012419744312670378,0.01486517908678726,0.0012419744312670378,0.021074823712121202,0.0013012339550318355,0.015131880531460386,0.001301895338042907,0.022391158894621257,0.0013340717798576616,0.014362994720811229,0.0013347378257616291,0.008534181807182165,0.001171478756588514,0.010275250305581332,0.0011715498377330735,0.009078330545526607,0.0011403771647912329,0.01023474345988766,0.0011403492435512847,0.014141037598759818,0.0012419744312670378,0.014141037598759818,0.0012419744312670378,0.01486517908678726,0.0012419744312670378,0.01486517908678726,0.0012419744312670378,0.009078330545526607,0.0011406756028022134,0.01023474345988766,0.0011407223058267732,0.009078330545526607,0.0011403771647912329,0.01023474345988766,0.0011403492435512847
AEOJUM605,64.0,0.06546887831852131,0.006448363399477436,0.014530183448240804,0.0012496135750930987,0.014530183448240804,0.0012496135750930987,0.01597535529993452,0.00124661739864134,0.01597535529993452,0.00124661739864134,0.009830403432942775,0.01359786143795782,0.0012433541655336256,0.01359786143795782,0.0012433541655336256,0.013461435262023447,0.0012433541655336256,0.013461435262023447,0.0012433541655336256,0.008700792194467772,0.010282620368814535,0.0011726859674351068,0.010989353802273326,0.0011728066602931673,0.011168460450486938,0.0011389469090662826,0.011726309241847824,0.0011390729611491749,0.015768422754421068,0.001322480364552263,0.015644456481803966,0.0013229135865796778,0.016050831958809377,0.0013424416188310326,0.016049924744207463,0.0013431309437989993,0.006448363399477436,0.01597535529993452,0.0012469500167790735,0.01597535529993452,0.0012469500167790735,0.01597535529993452,0.00124661739864134,0.01597535529993452,0.00124661739864134,0.013622783652888552,0.001290913686038243,0.01362656877256366,0.0012911492341809894,0.013882568091433194,0.0012909180582617041,0.013866531204009333,0.0012911454483437574,0.013461435262023447,0.0012432579537710387,0.013461435262023447,0.0012432579537710387,0.013461435262023447,0.0012433541655336256,0.013461435262023447,0.0012433541655336256,0.01494070698282868,0.0013136301664433588,0.012795642439788738,0.001314138072728313,0.015509026033066163,0.0013431490235727489,0.013180053945058896,0.0013436672737342868,0.010282620368814535,0.0011726859674351068,0.010989353802273326,0.0011728066602931673,0.011168460450486938,0.0011389469090662826,0.011726309241847824,0.0011390729611491749,0.01359786143795782,0.0012433541655336256,0.01359786143795782,0.0012433541655336256,0.013461435262023447,0.0012433541655336256,0.013461435262023447,0.0012433541655336256,0.011168460450486938,0.001138903487128348,0.011726309241847824,0.0011389797981778205,0.011168460450486938,0.0011389469090662826,0.011726309241847824,0.0011390729611491749
AETJUM106,64.0,0.0595750358614414,0.008340615743652179,0.01896558848534247,0.0012475419457044043,0.01896558848534247,0.0012475419457044043,0.020311213986606114,0.0012453443980314023,0.020311213986606114,0.0012453443980314023,0.01356733471098562,0.016936974278450954,0.0012395591719203262,0.016936974278450954,0.0012395591719203262,0.0174759397325878,0.0012395643360742768,0.0174759397325878,0.0012395643360742768,0.011238439404670637,0.014956828552441551,0.0011693258621314777,0.014720746974337964,0.001169317547956725,0.014576556077152714,0.0011378135421378252,0.015232920305252985,0.0011377982531038395,0.01941290262159891,0.0013128816794068274,0.019417440099380266,0.0013130655770647007,0.019300913441990922,0.0013351387242347633,0.019295553935971384,0.0013355068924627124,0.008340615743652179,0.020311213986606114,0.0012453686287810972,0.020311213986606114,0.0012453686287810972,0.020311213986606114,0.0012453443980314023,0.020311213986606114,0.0012453443980314023,0.016288958811937294,0.001309748313392707,0.016285640602104592,0.0013096320722173925,0.016550012143980813,0.0013097428201697139,0.016553462359344368,0.001309632651121988,0.0174759397325878,0.0012393146717496581,0.0174759397325878,0.0012393146717496581,0.0174759397325878,0.0012395643360742768,0.0174759397325878,0.0012395643360742768,0.01875418272571613,0.0013044288721574444,0.016372600300405875,0.0013046684297616273,0.018697017940787326,0.0013343969212456517,0.016593017468648993,0.001334724736686559,0.014956828552441551,0.0011693258621314777,0.014720746974337964,0.001169317547956725,0.014576556077152714,0.0011378135421378252,0.015232920305252985,0.0011377982531038395,0.016936974278450954,0.0012395591719203262,0.016936974278450954,0.0012395591719203262,0.0174759397325878,0.0012395643360742768,0.0174759397325878,0.0012395643360742768,0.014576556077152714,0.0011389107906499092,0.015232920305252985,0.0011389447803699785,0.014576556077152714,0.0011378135421378252,0.015232920305252985,0.0011377982531038395
AETJUM117,64.0,0.04415574678015799,0.007866528783909772,0.02103974815991733,0.001246956338998803,0.02103974815991733,0.001246956338998803,0.02381466382929044,0.001244893189056938,0.02381466382929044,0.001244893189056938,0.01382585316616078,0.022238278020814076,0.0012415714552438297,0.022238278020814076,0.0012415714552438297,0.02256007088109391,0.0012415714552438297,0.02256007088109391,0.0012415714552438297,0.01253259863857908,0.01330685517284843,0.0011682725149338145,0.013974356416544764,0.0011683360649981803,0.01405361760737072,0.0011382725793472799,0.015004500587027549,0.0011382991844538482,0.021672198948834882,0.0013107840350059217,0.021674923158079815,0.0013114421681869749,0.0222057190545108,0.0013321493761039593,0.022223739948593745,0.0013328208562096446,0.007866528783909772,0.02381466382929044,0.0012442506478624353,0.02381466382929044,0.0012442506478624353,0.02381466382929044,0.001244893189056938,0.02381466382929044,0.001244893189056938,0.021573171799756107,0.0013139510566984361,0.021575205185464474,0.001313905896342277,0.021461095515099265,0.0013139618546669759,0.021463147994133243,0.001313905670237874,0.02256007088109391,0.001241403278056353,0.02256007088109391,0.001241403278056353,0.02256007088109391,0.0012415714552438297,0.02256007088109391,0.0012415714552438297,0.020608369678214587,0.0013072602955647883,0.01787535446810945,0.0013078928700850216,0.020952536369487837,0.0013315837799742147,0.019113871585152622,0.0013322765142273815,0.01330685517284843,0.0011682725149338145,0.013974356416544764,0.0011683360649981803,0.01405361760737072,0.0011382725793472799,0.015004500587027549,0.0011382991844538482,0.022238278020814076,0.0012415714552438297,0.022238278020814076,0.0012415714552438297,0.02256007088109391,0.0012415714552438297,0.02256007088109391,0.0012415714552438297,0.01405361760737072,0.0011384537460188773,0.015004500587027549,0.0011384926368479978,0.01405361760737072,0.0011382725793472799,0.015004500587027549,0.0011382991844538482
AETJUM120,64.0,0.05305426281015895,0.007892739260055275,0.013265401301332658,0.0012497046247021287,0.013265401301332658,0.0012497046247021287,0.01524905957350159,0.0012478157808855192,0.01524905957350159,0.0012478157808855192,0.009070312982222915,0.01274191854493984,0.001243052962392587,0.01274191854493984,0.001243052962392587,0.013179535852610945,0.001243052962392587,0.013179535852610945,0.001243052962392587,0.009095208818739486,0.009187937774914345,0.0011685990649530718,0.009414754123849685,0.0011686748385526628,0.00949552307014525,0.001142408093158034,0.009369988654771719,0.001142475112230462,0.01329368237900552,0.001313524706588337,0.013306218521321196,0.001314176709210007,0.013630489453993012,0.0013321933869438153,0.013631175741109074,0.0013328731558101535,0.007892739260055275,0.01524905957350159,0.001247716189087939,0.01524905957350159,0.001247716189087939,0.01524905957350159,0.0012478157808855192,0.01524905957350159,0.0012478157808855192,0.01266942236625918,0.0013073458703419486,0.012670135486326766,0.0013077814748759322,0.013005489007049885,0.0013073447411626382,0.013005313666536586,0.0013077816730886196,0.013179535852610945,0.001243156576276738,0.013179535852610945,0.001243156576276738,0.013179535852610945,0.001243052962392587,0.013179535852610945,0.001243052962392587,0.012948626862201204,0.0013090229741341206,0.011890952689970747,0.0013095702349398858,0.012991896947883727,0.0013299495443814167,0.012284096126419824,0.0013307510634795272,0.009187937774914345,0.0011685990649530718,0.009414754123849685,0.0011686748385526628,0.00949552307014525,0.001142408093158034,0.009369988654771719,0.001142475112230462,0.01274191854493984,0.001243052962392587,0.01274191854493984,0.001243052962392587,0.013179535852610945,0.001243052962392587,0.013179535852610945,0.001243052962392587,0.00949552307014525,0.0011425513094032846,0.009369988654771719,0.0011425956328895248,0.00949552307014525,0.001142408093158034,0.009369988654771719,0.001142475112230462
AETJUM224,64.0,0.08309353825274418,0.008538311093444126,0.017244968637047553,0.001249318516627274,0.017244968637047553,0.001249318516627274,0.02002501256628407,0.0012471678748679836,0.02002501256628407,0.0012471678748679836,0.011882731939512094,0.01327996769961892,0.0012417219811540318,0.01327996769961892,0.0012417219811540318,0.014468837749956439,0.0012417110452350964,0.014468837749956439,0.0012417110452350964,0.010507265347268242,0.012978551322516022,0.0011702029419830636,0.012821138374305856,0.0011704606201601538,0.013120428667592688,0.0011429398084709696,0.013953371213675346,0.0011429132121085815,0.017793306073662807,0.0013038947827144671,0.017791532559927745,0.001304003731944489,0.01782014286463976,0.0013066052770768948,0.01782377072703562,0.0013069267602869806,0.008538311093444126,0.02002501256628407,0.0012465306211666318,0.02002501256628407,0.0012465306211666318,0.02002501256628407,0.0012471678748679836,0.02002501256628407,0.0012471678748679836,0.013055309171809141,0.0012907573168876637,0.013026717624955851,0.0012906479035630662,0.013174504445625823,0.0012907607622448635,0.013174600294343603,0.00129064330509951,0.014468837749956439,0.0012416416869050907,0.014468837749956439,0.0012416416869050907,0.014468837749956439,0.0012417110452350964,0.014468837749956439,0.0012417110452350964,0.017962148307781426,0.0012985800947857438,0.01580264985895955,0.0012988383525877345,0.017751953094929884,0.0013114468394368817,0.015942662113632867,0.001311567129729716,0.012978551322516022,0.0011702029419830636,0.012821138374305856,0.0011704606201601538,0.013120428667592688,0.0011429398084709696,0.013953371213675346,0.0011429132121085815,0.01327996769961892,0.0012417219811540318,0.01327996769961892,0.0012417219811540318,0.014468837749956439,0.0012417110452350964,0.014468837749956439,0.0012417110452350964,0.013120428667592688,0.0011411925911367098,0.013953371213675346,0.0011410658429542384,0.013120428667592688,0.0011429398084709696,0.013953371213675346,0.0011429132121085815
AETJUM226,64.0,0.08689689048096697,0.0065809239119828345,0.017147988988288208,0.0012505845466203344,0.017147988988288208,0.0012505845466203344,0.017247694586121222,0.001248895761975022,0.017247694586121222,0.001248895761975022,0.008080389480167234,0.012746015014744422,0.0012458055008308445,0.012746015014744422,0.0012458055008308445,0.013410781546608175,0.001245802855356649,0.013410781546608175,0.001245802855356649,0.007661845716552134,0.008323519030484769,0.0011707288226202683,0.00909807686060989,0.001170760584449395,0.008359731664305703,0.0011434734957346852,0.00895042387290034,0.0011436016121382608,0.017547547095738407,0.0013024545129148818,0.017521158337597275,0.0013032094985683696,0.01573386476363256,0.001310458846353414,0.01574325088045243,0.0013114451128035881,0.0065809239119828345,0.017247694586121222,0.001248620641381251,0.017247694586121222,0.001248620641381251,0.017247694586121222,0.001248895761975022,0.017247694586121222,0.001248895761975022,0.013058397823919517,0.0012889390104572638,0.01305796207984423,0.00128936246259199,0.012617018603330534,0.0012889346738664445,0.012655921037502687,0.0012893596073692765,0.013410781546608175,0.00124563565804262,0.013410781546608175,0.00124563565804262,0.013410781546608175,0.001245802855356649,0.013410781546608175,0.001245802855356649,0.017439668911653407,0.0012904178248680095,0.012942494369186089,0.0012911230056148028,0.015031442777986223,0.0013143964752429268,0.012546486790271382,0.0013152038996120563,0.008323519030484769,0.0011707288226202683,0.00909807686060989,0.001170760584449395,0.008359731664305703,0.0011434734957346852,0.00895042387290034,0.0011436016121382608,0.012746015014744422,0.0012458055008308445,0.012746015014744422,0.0012458055008308445,0.013410781546608175,0.001245802855356649,0.013410781546608175,0.001245802855356649,0.008359731664305703,0.0011432347773590536,0.00895042387290034,0.00114327449198042,0.008359731664305703,0.0011434734957346852,0.00895042387290034,0.0011436016121382608
AETJUM332,64.0,0.07406955983713157,0.008698337989094395,0.01289449735718705,0.0012485942286931298,0.01289449735718705,0.0012485942286931298,0.013834117356772913,0.0012472486445996326,0.013834117356772913,0.0012472486445996326,0.013188947136749254,0.011807899080173717,0.0012431926162935465,0.011807899080173717,0.0012431926162935465,0.012237298208279283,0.0012431898310846273,0.012237298208279283,0.0012431898310846273,0.013180188079843676,0.009398151820827188,0.0011720830421250036,0.009550641056005,0.0011720800290055818,0.009840474711853186,0.0011389970108638217,0.00997234558634671,0.0011390429083129856,0.01320891385479675,0.0013130321534347634,0.013211091940438029,0.0013135124697136226,0.01302849476908061,0.0013253459289003788,0.013023739662655756,0.0013260394120817066,0.008698337989094395,0.013834117356772913,0.0012467663495716707,0.013834117356772913,0.0012467663495716707,0.013834117356772913,0.0012472486445996326,0.013834117356772913,0.0012472486445996326,0.012186338824275144,0.0012833828207801314,0.01215081268594901,0.0012836346547923298,0.012251617953519076,0.0012833891116709696,0.012237080644295446,0.001283633993018246,0.012237298208279283,0.001243231804978038,0.012237298208279283,0.001243231804978038,0.012237298208279283,0.0012431898310846273,0.012237298208279283,0.0012431898310846273,0.01197487144046998,0.0013021192062542084,0.01121580555604918,0.001302547818829946,0.01224110221773271,0.0013292448881384597,0.011411851896908846,0.001329933180704321,0.009398151820827188,0.0011720830421250036,0.009550641056005,0.0011720800290055818,0.009840474711853186,0.0011389970108638217,0.00997234558634671,0.0011390429083129856,0.011807899080173717,0.0012431926162935465,0.011807899080173717,0.0012431926162935465,0.012237298208279283,0.0012431898310846273,0.012237298208279283,0.0012431898310846273,0.009840474711853186,0.0011403094878654674,0.00997234558634671,0.0011404095115629968,0.009840474711853186,0.0011389970108638217,0.00997234558634671,0.0011390429083129856
APTJUM105,64.0,0.029899772780812208,0.005717028134944131,0.01670989899850413,0.0012500515798559773,0.01670989899850413,0.0012500515798559773,0.018831605833603195,0.0012473615617666935,0.018831605833603195,0.0012473615617666935,0.009193703420724814,0.011881531196994838,0.00124374837863412,0.011881531196994838,0.00124374837863412,0.012604525856162032,0.00124374837863412,0.012604525856162032,0.00124374837863412,0.008563090460160036,0.0084039887778637,0.0011737383247246603,0.009507218190251972,0.0011737748587912118,0.008263494332770785,0.0011400822481061562,0.009896019311381631,0.001140106118355885,0.018171878444825748,0.0013146416346394656,0.018176657224914614,0.0013148637479889697,0.018130404609883726,0.0013307135529674718,0.01813496279509886,0.0013309600784235675,0.005717028134944131,0.018831605833603195,0.0012474686930040676,0.018831605833603195,0.0012474686930040676,0.018831605833603195,0.0012473615617666935,0.018831605833603195,0.0012473615617666935,0.014390048026891625,0.0013236244099881875,0.014385637457761878,0.0013234579106705918,0.014555223878308005,0.001323621908860895,0.014521157223772408,0.0013234591036399225,0.012604525856162032,0.0012440427617896835,0.012604525856162032,0.0012440427617896835,0.012604525856162032,0.00124374837863412,0.012604525856162032,0.00124374837863412,0.016702730258570893,0.0013170664759321246,0.01287941607757785,0.0013173567529426533,0.01735313713334181,0.0013477126207611632,0.013412983975897186,0.0013480577546369696,0.0084039887778637,0.0011737383247246603,0.009507218190251972,0.0011737748587912118,0.008263494332770785,0.0011400822481061562,0.009896019311381631,0.001140106118355885,0.011881531196994838,0.00124374837863412,0.011881531196994838,0.00124374837863412,0.012604525856162032,0.00124374837863412,0.012604525856162032,0.00124374837863412,0.008263494332770785,0.0011430147426030686,0.009896019311381631,0.0011430829220539333,0.008263494332770785,0.0011400822481061562,0.009896019311381631,0.001140106118355885
APTJUM109,64.0,0.04740779829487077,0.008464467356991209,0.022570390810152552,0.001250189007341978,0.022570390810152552,0.001250189007341978,0.027076771807195227,0.001248065438999135,0.027076771807195227,0.001248065438999135,0.011550433315093112,0.019495176858149575,0.001243947429719003,0.019495176858149575,0.001243947429719003,0.02221782040094075,0.0012439639933936547,0.02221782040094075,0.0012439639933936547,0.009568501475345386,0.008537534949252966,0.0011731913396917915,0.010178551893740503,0.0011733641967224485,0.008320738638009145,0.001141820021428538,0.010105621237271547,0.0011419455490858565,0.023358981552093233,0.0013120745809717868,0.02336129600590104,0.0013130231248976172,0.02390008283037871,0.0013514897888101964,0.023922449464517527,0.0013527746720632487,0.008464467356991209,0.027076771807195227,0.0012487176565699667,0.027076771807195227,0.0012487176565699667,0.027076771807195227,0.001248065438999135,0.027076771807195227,0.001248065438999135,0.020886564724582234,0.0012906326540121158,0.020856527374164876,0.0012912404841302072,0.021272478185267972,0.0012906359807511208,0.021261776757534316,0.0012912351623846233,0.02221782040094075,0.0012440990458456491,0.02221782040094075,0.0012440990458456491,0.02221782040094075,0.0012439639933936547,0.02221782040094075,0.0012439639933936547,0.021974919257803295,0.0013077516731390254,0.018075013911689423,0.0013085712203910235,0.021923383541016393,0.0013593719879839328,0.017940475477711756,0.001360608346134809,0.008537534949252966,0.0011731913396917915,0.010178551893740503,0.0011733641967224485,0.008320738638009145,0.001141820021428538,0.010105621237271547,0.0011419455490858565,0.019495176858149575,0.001243947429719003,0.019495176858149575,0.001243947429719003,0.02221782040094075,0.0012439639933936547,0.02221782040094075,0.0012439639933936547,0.008320738638009145,0.001142876584809697,0.010105621237271547,0.0011429748072360197,0.008320738638009145,0.001141820021428538,0.010105621237271547,0.0011419455490858565
APTJUM114,64.0,0.0341636941981782,0.004270066896255331,0.01527033478826352,0.0012496941091893682,0.01527033478826352,0.0012496941091893682,0.016075195551961595,0.001248066522193977,0.016075195551961595,0.001248066522193977,0.0051203381342025955,0.012029014004196288,0.00124447661241763,0.012029014004196288,0.00124447661241763,0.012735750067842253,0.00124447661241763,0.012735750067842253,0.00124447661241763,0.00492573295734535,0.0071219929198598035,0.0011713148111266792,0.008422776543464624,0.0011712710867034593,0.007921915044487693,0.0011426618255887212,0.008765904566512942,0.0011426834626806289,0.01594942273475186,0.001301472820293998,0.015959305685065612,0.0013020976604992051,0.015628982873358434,0.0013250479200631138,0.0156273162129647,0.0013260372902879386,0.004270066896255331,0.016075195551961595,0.0012479325512837422,0.016075195551961595,0.0012479325512837422,0.016075195551961595,0.001248066522193977,0.016075195551961595,0.001248066522193977,0.012785504212308889,0.0012892051350068916,0.012780702298894123,0.0012897335343941196,0.013499690764983925,0.0012892052198614583,0.013505157227856893,0.0012897233835548368,0.012735750067842253,0.0012442270673211206,0.012735750067842253,0.0012442270673211206,0.012735750067842253,0.00124447661241763,0.012735750067842253,0.00124447661241763,0.01461436432618023,0.0013011324590788775,0.012579622852842661,0.0013018066845932983,0.015216283599587236,0.0013314780999236489,0.01292089464144865,0.0013323245955469815,0.0071219929198598035,0.0011713148111266792,0.008422776543464624,0.0011712710867034593,0.007921915044487693,0.0011426618255887212,0.008765904566512942,0.0011426834626806289,0.012029014004196288,0.00124447661241763,0.012029014004196288,0.00124447661241763,0.012735750067842253,0.00124447661241763,0.012735750067842253,0.00124447661241763,0.007921915044487693,0.0011404144601808734,0.008765904566512942,0.0011404152595204478,0.007921915044487693,0.0011426618255887212,0.008765904566512942,0.0011426834626806289
APTJUM117,64.0,0.03780906106672962,0.007987141005700063,0.013198084710400196,0.0012501814113521728,0.013198084710400196,0.0012501814113521728,0.013380458263266257,0.0012480229168208533,0.013380458263266257,0.0012480229168208533,0.010140031124204934,0.010244908131531684,0.0012447237364646851,0.010244908131531684,0.0012447237364646851,0.010974022995342371,0.0012447237364646851,0.010974022995342371,0.0012447237364646851,0.00898660416634943,0.007021316411487697,0.0011705654208363254,0.007701673985557989,0.001170694151194497,0.007259192026840384,0.001145319050190578,0.007627370556015581,0.0011453411280117948,0.013910357917740583,0.001301458461268172,0.01389608568627928,0.0013025033980283633,0.01381133352409283,0.001307546762517175,0.01381400799990527,0.001308705680088512,0.007987141005700063,0.013380458263266257,0.0012483056212133255,0.013380458263266257,0.0012483056212133255,0.013380458263266257,0.0012480229168208533,0.013380458263266257,0.0012480229168208533,0.011519511730315558,0.0012700739273642252,0.011521042465239845,0.0012705928580249346,0.010917611735706323,0.001270073832008712,0.010916311641881504,0.0012705946080776309,0.010974022995342371,0.0012448393752933359,0.010974022995342371,0.0012448393752933359,0.010974022995342371,0.0012447237364646851,0.010974022995342371,0.0012447237364646851,0.012243569015606656,0.0012898601022725818,0.010534526682164166,0.0012909309223651196,0.011961164533816798,0.0013053332895800725,0.010543704148960628,0.00130644199466221,0.007021316411487697,0.0011705654208363254,0.007701673985557989,0.001170694151194497,0.007259192026840384,0.001145319050190578,0.007627370556015581,0.0011453411280117948,0.010244908131531684,0.0012447237364646851,0.010244908131531684,0.0012447237364646851,0.010974022995342371,0.0012447237364646851,0.010974022995342371,0.0012447237364646851,0.007259192026840384,0.0011423924266217341,0.007627370556015581,0.0011424262935899353,0.007259192026840384,0.001145319050190578,0.007627370556015581,0.0011453411280117948
APTJUM129,64.0,0.046421963336746426,0.00908083880466511,0.010934867966375432,0.0012505738201903243,0.010934867966375432,0.0012505738201903243,0.013092577697109581,0.001248725144710669,0.013092577697109581,0.001248725144710669,0.00976576465408782,0.01161911911832653,0.0012448518792685496,0.01161911911832653,0.0012448518792685496,0.012074286606825862,0.001244854853284423,0.012074286606825862,0.001244854853284423,0.00858512563975746,0.008567956801135958,0.0011725788446509846,0.008615379901529403,0.001172651040358221,0.008605375423316658,0.0011419818066620239,0.008704893241383418,0.0011419955817708522,0.011830287857501346,0.0013047252330569894,0.01183522376165701,0.001305508212061,0.011743874884005703,0.001338031850620844,0.011742603891943225,0.00133906110325309,0.00908083880466511,0.013092577697109581,0.0012482210337122883,0.013092577697109581,0.0012482210337122883,0.013092577697109581,0.001248725144710669,0.013092577697109581,0.001248725144710669,0.01145058569054884,0.00128589993643649,0.011455967386622544,0.0012863086850804948,0.01159781247687399,0.001285895191635304,0.011559503157430966,0.0012863075466057394,0.012074286606825862,0.0012449499536612773,0.012074286606825862,0.0012449499536612773,0.012074286606825862,0.001244854853284423,0.012074286606825862,0.001244854853284423,0.011408306723940642,0.0013050280280405863,0.010589860640652413,0.0013057612869238852,0.011346257659119374,0.0013520310043158908,0.010729893355366421,0.0013530369693371227,0.008567956801135958,0.0011725788446509846,0.008615379901529403,0.001172651040358221,0.008605375423316658,0.0011419818066620239,0.008704893241383418,0.0011419955817708522,0.01161911911832653,0.0012448518792685496,0.01161911911832653,0.0012448518792685496,0.012074286606825862,0.001244854853284423,0.012074286606825862,0.001244854853284423,0.008605375423316658,0.0011418800053765782,0.008704893241383418,0.0011419735228788829,0.008605375423316658,0.0011419818066620239,0.008704893241383418,0.0011419955817708522
APTJUM214,64.0,0.02899102383653538,0.005278995577301981,0.014826977886447584,0.0012499232959925588,0.014826977886447584,0.0012499232959925588,0.015198927319988915,0.0012484095755760562,0.015198927319988915,0.0012484095755760562,0.006536163596649891,0.01376201096826104,0.0012436416309598306,0.01376201096826104,0.0012436416309598306,0.014176258767577452,0.0012436649575940859,0.014176258767577452,0.0012436649575940859,0.006064854767771651,0.009910741085269074,0.0011702629322712524,0.010159448356559377,0.0011704133718496818,0.010338585110156385,0.001141885137808063,0.010138387184252315,0.0011419373389664293,0.015131298156615399,0.0013224420936710775,0.01519222420028776,0.0013226928126716694,0.01539138982530642,0.0013520988996988336,0.015391639262065233,0.0013526847605576846,0.005278995577301981,0.015198927319988915,0.0012481954467476577,0.015198927319988915,0.0012481954467476577,0.015198927319988915,0.0012484095755760562,0.015198927319988915,0.0012484095755760562,0.014497213377640653,0.0013345693931593498,0.014474989959294911,0.0013347785018752853,0.014661465844115165,0.0013345652841723714,0.014661825069137293,0.0013347809954226335,0.014176258767577452,0.0012436958478342832,0.014176258767577452,0.0012436958478342832,0.014176258767577452,0.0012436649575940859,0.014176258767577452,0.0012436649575940859,0.014782922065644001,0.0013231948324332297,0.013577198125517814,0.0013234870020705338,0.014882304159983564,0.0013519526100208286,0.013557428851047,0.001352500697543501,0.009910741085269074,0.0011702629322712524,0.010159448356559377,0.0011704133718496818,0.010338585110156385,0.001141885137808063,0.010138387184252315,0.0011419373389664293,0.01376201096826104,0.0012436416309598306,0.01376201096826104,0.0012436416309598306,0.014176258767577452,0.0012436649575940859,0.014176258767577452,0.0012436649575940859,0.010338585110156385,0.0011413582677017808,0.010138387184252315,0.0011413186495033267,0.010338585110156385,0.001141885137808063,0.010138387184252315,0.0011419373389664293
APTJUM219,64.0,0.04098516395569297,0.007574359842878928,0.009663696415487798,0.0012491973097975848,0.009663696415487798,0.0012491973097975848,0.010051796189184658,0.001247187525726503,0.010051796189184658,0.001247187525726503,0.010259147252559988,0.008816263210931059,0.0012439818738255962,0.008816263210931059,0.0012439818738255962,0.008791390350943907,0.0012439730114310037,0.008791390350943907,0.0012439730114310037,0.008806661597972497,0.006450051045194133,0.0011723188350308425,0.007017033430881494,0.001172393441945407,0.006885727717564124,0.001144299319724003,0.00730084229398129,0.001144268978429739,0.009812796705298577,0.0013188639349906131,0.009804352639685909,0.0013196487331626088,0.009827887807488894,0.0013628885055561658,0.009828932692816624,0.0013639011700679183,0.007574359842878928,0.010051796189184658,0.0012473900087967573,0.010051796189184658,0.0012473900087967573,0.010051796189184658,0.001247187525726503,0.010051796189184658,0.001247187525726503,0.008530614255318628,0.0012754696550336838,0.008537307745584434,0.0012757356974621372,0.008633256709229403,0.001275458535458256,0.008633012252372221,0.0012757323993067959,0.008791390350943907,0.0012440760656726977,0.008791390350943907,0.0012440760656726977,0.008791390350943907,0.0012439730114310037,0.008791390350943907,0.0012439730114310037,0.009073932087861274,0.0013163244735917927,0.008464864846481145,0.0013170459818030963,0.009617403275456233,0.0013617707999627588,0.008466647946670828,0.0013627731477198614,0.006450051045194133,0.0011723188350308425,0.007017033430881494,0.001172393441945407,0.006885727717564124,0.001144299319724003,0.00730084229398129,0.001144268978429739,0.008816263210931059,0.0012439818738255962,0.008816263210931059,0.0012439818738255962,0.008791390350943907,0.0012439730114310037,0.008791390350943907,0.0012439730114310037,0.006885727717564124,0.0011437959702070562,0.00730084229398129,0.0011438102488226225,0.006885727717564124,0.001144299319724003,0.00730084229398129,0.001144268978429739
APTJUM231,64.0,0.031973001924043454,0.006384338714969071,0.015448395414690242,0.0012485330512359049,0.015448395414690242,0.0012485330512359049,0.022086466252815476,0.0012468095756319512,0.022086466252815476,0.0012468095756319512,0.009264408024574252,0.011403290844671416,0.0012422844932502726,0.011403290844671416,0.0012422844932502726,0.011730206927335502,0.0012422844932502726,0.011730206927335502,0.0012422844932502726,0.00805220249361785,0.008493243000238414,0.0011713210056270476,0.009654408040973523,0.0011713979690584956,0.009109523210903202,0.0011391878279671938,0.009763643106101148,0.001139166956115717,0.016962997033700647,0.0013232716426876208,0.016972241980502813,0.0013238738761490341,0.01859275404688452,0.0013210875173987181,0.01859242941994831,0.0013217759716627792,0.006384338714969071,0.022086466252815476,0.0012459495870428745,0.022086466252815476,0.0012459495870428745,0.022086466252815476,0.0012468095756319512,0.022086466252815476,0.0012468095756319512,0.011020658089580557,0.0012706895752899962,0.01102048429829679,0.0012709094787738261,0.011099741641290574,0.0012706903019852169,0.011108840171626203,0.0012709072018221687,0.011730206927335502,0.001242449182958959,0.011730206927335502,0.001242449182958959,0.011730206927335502,0.0012422844932502726,0.011730206927335502,0.0012422844932502726,0.015874097098451157,0.001309322387157111,0.013095014488211003,0.0013099654991128608,0.01801838621016035,0.0013187493712494317,0.013205979412728028,0.0013192458080413644,0.008493243000238414,0.0011713210056270476,0.009654408040973523,0.0011713979690584956,0.009109523210903202,0.0011391878279671938,0.009763643106101148,0.001139166956115717,0.011403290844671416,0.0012422844932502726,0.011403290844671416,0.0012422844932502726,0.011730206927335502,0.0012422844932502726,0.011730206927335502,0.0012422844932502726,0.009109523210903202,0.0011394220198748433,0.009763643106101148,0.0011395028688762983,0.009109523210903202,0.0011391878279671938,0.009763643106101148,0.001139166956115717
APTJUM232,64.0,0.03727484343310916,0.00837535450370716,0.012525985750232744,0.001250579549014529,0.012525985750232744,0.001250579549014529,0.016140370067652864,0.0012479438447989763,0.016140370067652864,0.0012479438447989763,0.01187286726790936,0.01289326811149058,0.0012448225326190773,0.01289326811149058,0.0012448225326190773,0.014066941806110678,0.001244839051159049,0.014066941806110678,0.001244839051159049,0.010836586871952901,0.007401868601056825,0.001171155290458229,0.007356823490504817,0.00117117835454379,0.008562564793343637,0.0011437584907055822,0.008868096033716608,0.0011437565759892564,0.012956704913766348,0.001329057648337185,0.012966664790253019,0.0013299006538591686,0.015341073302230349,0.0014331473172379402,0.015341880490125352,0.0014343741608849648,0.00837535450370716,0.016140370067652864,0.0012481772561869372,0.016140370067652864,0.0012481772561869372,0.016140370067652864,0.0012479438447989763,0.016140370067652864,0.0012479438447989763,0.013781619849840405,0.001291923938116486,0.013778857032011553,0.0012921514067654157,0.013906477583454025,0.0012919259091800255,0.013906254707750785,0.0012921559576096668,0.014066941806110678,0.0012449482423928394,0.014066941806110678,0.0012449482423928394,0.014066941806110678,0.001244839051159049,0.014066941806110678,0.001244839051159049,0.012414184343794316,0.001324820167678948,0.010236780483363473,0.0013255208349786992,0.014571068838804095,0.0014346684626003674,0.012986847154635193,0.0014358078549975754,0.007401868601056825,0.001171155290458229,0.007356823490504817,0.00117117835454379,0.008562564793343637,0.0011437584907055822,0.008868096033716608,0.0011437565759892564,0.01289326811149058,0.0012448225326190773,0.01289326811149058,0.0012448225326190773,0.014066941806110678,0.001244839051159049,0.014066941806110678,0.001244839051159049,0.008562564793343637,0.0011410576034095188,0.008868096033716608,0.0011411458251231032,0.008562564793343637,0.0011437584907055822,0.008868096033716608,0.0011437565759892564
APTJUM324,64.0,0.02855193566027224,0.005704629937678705,0.01687186416750995,0.0012495961592174421,0.01687186416750995,0.0012495961592174421,0.022500496419703236,0.001248457153964518,0.022500496419703236,0.001248457153964518,0.008657901425953938,0.015627707524006988,0.001244365744410514,0.015627707524006988,0.001244365744410514,0.016006163820401875,0.0012443641862124179,0.016006163820401875,0.0012443641862124179,0.00780862259833499,0.009287839067430838,0.0011720654868701337,0.010185516328503098,0.0011720357491548832,0.009980173494068994,0.0011396775369812225,0.010978272885049723,0.0011397112038421145,0.018248266987368613,0.0013085729412245263,0.0182544183837661,0.0013095502474859693,0.019258873543780388,0.0013026440402700058,0.019267956546140403,0.0013036959045095104,0.005704629937678705,0.022500496419703236,0.0012478158450061347,0.022500496419703236,0.0012478158450061347,0.022500496419703236,0.001248457153964518,0.022500496419703236,0.001248457153964518,0.014420265969501784,0.0012916931988697282,0.014417950764232875,0.0012924420164627495,0.014319280745345601,0.001291694087614478,0.014353824002909167,0.001292441928737182,0.016006163820401875,0.0012444358090455381,0.016006163820401875,0.0012444358090455381,0.016006163820401875,0.0012443641862124179,0.016006163820401875,0.0012443641862124179,0.01658217468448547,0.0012961278017009875,0.015930371159470418,0.0012969692273932633,0.018145738761553936,0.0013002066575166465,0.015885006714487032,0.0013012166559536141,0.009287839067430838,0.0011720654868701337,0.010185516328503098,0.0011720357491548832,0.009980173494068994,0.0011396775369812225,0.010978272885049723,0.0011397112038421145,0.015627707524006988,0.001244365744410514,0.015627707524006988,0.001244365744410514,0.016006163820401875,0.0012443641862124179,0.016006163820401875,0.0012443641862124179,0.009980173494068994,0.001141133179794857,0.010978272885049723,0.0011412331654652326,0.009980173494068994,0.0011396775369812225,0.010978272885049723,0.0011397112038421145
APTJUM326,64.0,0.0569450314323998,0.007571913116402977,0.01176671110813467,0.0012495263512144748,0.01176671110813467,0.0012495263512144748,0.013868472783370582,0.0012477987508949756,0.013868472783370582,0.0012477987508949756,0.008440371147106286,0.008470057183811443,0.0012438184828544965,0.008470057183811443,0.0012438184828544965,0.009036547658603037,0.0012438184828544965,0.009036547658603037,0.0012438184828544965,0.008150830850875125,0.005827708667153517,0.0011725057105635825,0.004958028393094321,0.0011724951897716634,0.006369666034079253,0.0011436318648984684,0.00585791982342548,0.001143745686315538,0.012088477161682626,0.0013157907182498193,0.012096673928492877,0.0013163279566606846,0.013557302791781667,0.0013361678598015731,0.013561635337666142,0.0013369733008961146,0.007571913116402977,0.013868472783370582,0.0012473810110882684,0.013868472783370582,0.0012473810110882684,0.013868472783370582,0.0012477987508949756,0.013868472783370582,0.0012477987508949756,0.009325137254455506,0.0013276589697974262,0.009326488902753801,0.00132810728090339,0.009512466618705645,0.0013276595917063748,0.009510717472283044,0.00132811251799484,0.009036547658603037,0.0012435592833591196,0.009036547658603037,0.0012435592833591196,0.009036547658603037,0.0012438184828544965,0.009036547658603037,0.0012438184828544965,0.012113479843675284,0.0013027310129579855,0.009036032728175195,0.001303167040554574,0.013249656957050165,0.0013319078604999627,0.009524359857505979,0.0013326163954332456,0.005827708667153517,0.0011725057105635825,0.004958028393094321,0.0011724951897716634,0.006369666034079253,0.0011436318648984684,0.00585791982342548,0.001143745686315538,0.008470057183811443,0.0012438184828544965,0.008470057183811443,0.0012438184828544965,0.009036547658603037,0.0012438184828544965,0.009036547658603037,0.0012438184828544965,0.006369666034079253,0.0011410638142103438,0.00585791982342548,0.0011411070988567146,0.006369666034079253,0.0011436318648984684,0.00585791982342548,0.001143745686315538
APTJUM422,64.0,0.03783887152002632,0.006045689939520201,0.014156725564583786,0.0012491767215474315,0.014156725564583786,0.0012491767215474315,0.016598292527146997,0.0012478466072181802,0.016598292527146997,0.0012478466072181802,0.007463989954658447,0.010581232436598495,0.0012428947446651956,0.010581232436598495,0.0012428947446651956,0.011376551301171097,0.0012428947446651956,0.011376551301171097,0.0012428947446651956,0.006546761347192148,0.007796920540602064,0.0011705478757677477,0.008401899542647426,0.0011706385646139356,0.008504665070075277,0.0011406281973352507,0.008572996084671363,0.001140683330479683,0.014930105791414586,0.0013120007184031876,0.01493128772883452,0.0013121525796870419,0.015445392284043355,0.0013268479556858821,0.01544500181125508,0.001327186822223272,0.006045689939520201,0.016598292527146997,0.0012472898466492214,0.016598292527146997,0.0012472898466492214,0.016598292527146997,0.0012478466072181802,0.016598292527146997,0.0012478466072181802,0.011827944592144016,0.0012883589225585626,0.011828405817166885,0.0012884168663659776,0.012056882128704927,0.0012883589225585626,0.012096641918640065,0.0012884135841979567,0.011376551301171097,0.0012425083072173486,0.011376551301171097,0.0012425083072173486,0.011376551301171097,0.0012428947446651956,0.011376551301171097,0.0012428947446651956,0.01437074015679787,0.001302455249662519,0.011565429740057986,0.0013026793426690708,0.014583174425759743,0.001329159345102256,0.012167687586525878,0.0013295502190574266,0.007796920540602064,0.0011705478757677477,0.008401899542647426,0.0011706385646139356,0.008504665070075277,0.0011406281973352507,0.008572996084671363,0.001140683330479683,0.010581232436598495,0.0012428947446651956,0.010581232436598495,0.0012428947446651956,0.011376551301171097,0.0012428947446651956,0.011376551301171097,0.0012428947446651956,0.008504665070075277,0.001139631421694335,0.008572996084671363,0.0011396593325666343,0.008504665070075277,0.0011406281973352507,0.008572996084671363,0.001140683330479683
ATSJUM112,64.0,0.027649933610164976,0.006107137510582158,0.016315398805552224,0.0012489194870359131,0.016315398805552224,0.0012489194870359131,0.020551670455624005,0.0012475044931156286,0.020551670455624005,0.0012475044931156286,0.008671052199264648,0.015204074858256585,0.0012438217863417588,0.015204074858256585,0.0012438217863417588,0.015823124177528562,0.0012438217863417588,0.015823124177528562,0.0012438217863417588,0.008025928669702044,0.008194414707308407,0.0011699920333433306,0.008553872644705222,0.0011699914541206025,0.008717265231394988,0.0011381037717059204,0.008884321526049028,0.0011381078368027711,0.017667476411611392,0.001310420480139752,0.017664026928726175,0.0013109455258873833,0.018900971128752157,0.001332244659688822,0.018899202220418593,0.0013330079467793231,0.006107137510582158,0.020551670455624005,0.0012471872646937399,0.020551670455624005,0.0012471872646937399,0.020551670455624005,0.0012475044931156286,0.020551670455624005,0.0012475044931156286,0.015319537927738724,0.0012842663249586926,0.015318183197428963,0.0012844540595789457,0.015686909966629574,0.0012842639034993755,0.015690140739013994,0.0012844576971865636,0.015823124177528562,0.0012437388334359195,0.015823124177528562,0.0012437388334359195,0.015823124177528562,0.0012438217863417588,0.015823124177528562,0.0012438217863417588,0.01635970594759691,0.0013050623392383582,0.011779556463269555,0.0013058481526494155,0.017559128700280643,0.0013332111324032216,0.013365248137242373,0.001333933318538301,0.008194414707308407,0.0011699920333433306,0.008553872644705222,0.0011699914541206025,0.008717265231394988,0.0011381037717059204,0.008884321526049028,0.0011381078368027711,0.015204074858256585,0.0012438217863417588,0.015204074858256585,0.0012438217863417588,0.015823124177528562,0.0012438217863417588,0.015823124177528562,0.0012438217863417588,0.008717265231394988,0.001137677059168019,0.008884321526049028,0.001137775881295151,0.008717265231394988,0.0011381037717059204,0.008884321526049028,0.0011381078368027711
ATSJUM122,64.0,0.04005872075871641,0.005742895909118382,0.020899402337450117,0.0012491035253968334,0.020899402337450117,0.0012491035253968334,0.021186585665997383,0.0012468504417167332,0.021186585665997383,0.0012468504417167332,0.010005059704097307,0.01274101088778716,0.0012426837766846641,0.01274101088778716,0.0012426837766846641,0.013162788016463185,0.0012426835788940458,0.013162788016463185,0.0012426835788940458,0.008885953059835536,0.010853241037327856,0.0011713454188951734,0.013449620062536645,0.0011714479897855768,0.010777285692783462,0.001140133932757558,0.013087929373469366,0.001140084130855782,0.021729337684103497,0.0013290751569976567,0.021724160451125824,0.001329323908021518,0.021011348253685527,0.0014023325039813836,0.021013003891929654,0.0014030172902038166,0.005742895909118382,0.021186585665997383,0.0012466328822278029,0.021186585665997383,0.0012466328822278029,0.021186585665997383,0.0012468504417167332,0.021186585665997383,0.0012468504417167332,0.013288626864171262,0.0013183422254134938,0.013286803657076171,0.001318309458939862,0.013435967988292734,0.0013183420693509893,0.013447606802586358,0.001318309208704559,0.013162788016463185,0.001242617453212052,0.013162788016463185,0.001242617453212052,0.013162788016463185,0.0012426835788940458,0.013162788016463185,0.0012426835788940458,0.01997164480440122,0.0013217369321173217,0.016743643054747615,0.0013222885707052379,0.019576980511843166,0.0014114853604692856,0.015794048962658878,0.001412159952496604,0.010853241037327856,0.0011713454188951734,0.013449620062536645,0.0011714479897855768,0.010777285692783462,0.001140133932757558,0.013087929373469366,0.001140084130855782,0.01274101088778716,0.0012426837766846641,0.01274101088778716,0.0012426837766846641,0.013162788016463185,0.0012426835788940458,0.013162788016463185,0.0012426835788940458,0.010777285692783462,0.001141083972983199,0.013087929373469366,0.0011410480493493406,0.010777285692783462,0.001140133932757558,0.013087929373469366,0.001140084130855782
ATSJUM123,64.0,0.03705784061836525,0.006536939572892118,0.01290580977014983,0.0012492818942802357,0.01290580977014983,0.0012492818942802357,0.013069864877515235,0.001247619603374811,0.013069864877515235,0.001247619603374811,0.008839247873986312,0.00916463942487094,0.001243429849815976,0.00916463942487094,0.001243429849815976,0.009675398461343998,0.001243425528304641,0.009675398461343998,0.001243425528304641,0.007375766701567354,0.0076246827276848644,0.0011704839919661782,0.008045415427164946,0.0011705757533645687,0.008206166325485159,0.0011416088683341018,0.008251851235833593,0.0011414930409196504,0.01356155506905448,0.0013212977602760423,0.013561008636135278,0.0013217911834057764,0.012852746024759033,0.001346603767430939,0.012841209513790267,0.0013471645452341656,0.006536939572892118,0.013069864877515235,0.001247017520854144,0.013069864877515235,0.001247017520854144,0.013069864877515235,0.001247619603374811,0.013069864877515235,0.001247619603374811,0.010935408954020596,0.0013018252553579522,0.010933576440777623,0.0013018868674842116,0.010901785136947858,0.0013018230043412658,0.010903949247001613,0.0013018877208396556,0.009675398461343998,0.001243167955073763,0.009675398461343998,0.001243167955073763,0.009675398461343998,0.001243425528304641,0.009675398461343998,0.001243425528304641,0.012840781296773969,0.0013124773304265507,0.010201297092949929,0.0013129646087578556,0.012442315747112416,0.0013429468092205385,0.010778525904022321,0.0013434789639650668,0.0076246827276848644,0.0011704839919661782,0.008045415427164946,0.0011705757533645687,0.008206166325485159,0.0011416088683341018,0.008251851235833593,0.0011414930409196504,0.00916463942487094,0.001243429849815976,0.00916463942487094,0.001243429849815976,0.009675398461343998,0.001243425528304641,0.009675398461343998,0.001243425528304641,0.008206166325485159,0.0011402203612163988,0.008251851235833593,0.001140133052960615,0.008206166325485159,0.0011416088683341018,0.008251851235833593,0.0011414930409196504
ATSJUM203,64.0,0.056417417444793644,0.004708793403414827,0.023047809538800333,0.00124756345778339,0.023047809538800333,0.00124756345778339,0.020987849956667623,0.0012460760695160338,0.020987849956667623,0.0012460760695160338,0.008735062428130434,0.00930968595185226,0.0012422428762790558,0.00930968595185226,0.0012422428762790558,0.009899024903107092,0.0012422428762790558,0.009899024903107092,0.0012422428762790558,0.007255953102768047,0.009208253894980265,0.0011703247771895975,0.008797920842531157,0.0011703373687051743,0.009405169898719508,0.0011391435569537102,0.00914622022065225,0.00113906635018249,0.022710865651134903,0.0013183314083972109,0.022709751305400344,0.0013191115881136144,0.02182992324611357,0.0013668786363869475,0.021829531314177652,0.0013678856651672517,0.004708793403414827,0.020987849956667623,0.0012454771595146329,0.020987849956667623,0.0012454771595146329,0.020987849956667623,0.0012460760695160338,0.020987849956667623,0.0012460760695160338,0.010876071436514308,0.0013356921778619592,0.010893365810025485,0.0013359364305382331,0.01098429667381203,0.00133569230840481,0.010992552752824968,0.0013359371536430357,0.009899024903107092,0.0012422415991540478,0.009899024903107092,0.0012422415991540478,0.009899024903107092,0.0012422428762790558,0.009899024903107092,0.0012422428762790558,0.02159726696165699,0.0013051665584639261,0.013826643235278782,0.0013057732455766758,0.021620192472302954,0.0013559227366074734,0.01422220362534766,0.0013567358274408233,0.009208253894980265,0.0011703247771895975,0.008797920842531157,0.0011703373687051743,0.009405169898719508,0.0011391435569537102,0.00914622022065225,0.00113906635018249,0.00930968595185226,0.0012422428762790558,0.00930968595185226,0.0012422428762790558,0.009899024903107092,0.0012422428762790558,0.009899024903107092,0.0012422428762790558,0.009405169898719508,0.0011406867303288331,0.00914622022065225,0.0011407034080983833,0.009405169898719508,0.0011391435569537102,0.00914622022065225,0.00113906635018249
ATSJUM210,64.0,0.03655480028905668,0.006151747445745783,0.013955617588001597,0.00124836220417806,0.013955617588001597,0.00124836220417806,0.01553365463407921,0.001245656564181118,0.01553365463407921,0.001245656564181118,0.011399635351528945,0.011668369809619085,0.0012408624105044294,0.011668369809619085,0.0012408624105044294,0.012157776559505127,0.0012408624105044294,0.012157776559505127,0.0012408624105044294,0.008055717090907827,0.009634079858652759,0.0011711991415393548,0.00986088128910034,0.001171171565031373,0.01044955695830156,0.001138465756109981,0.010232824932516182,0.001138396628332786,0.013987183385494192,0.0013011985101704453,0.013990961006621689,0.0013018253495253225,0.014202989758206773,0.0013295748658027292,0.014203753825971405,0.0013304388316694895,0.006151747445745783,0.01553365463407921,0.0012461464617491262,0.01553365463407921,0.0012461464617491262,0.01553365463407921,0.001245656564181118,0.01553365463407921,0.001245656564181118,0.012894023217605173,0.0012683313385636601,0.012895048316284278,0.0012685667220235354,0.012695248281928794,0.0012683068496091084,0.012689784020517661,0.0012685611237177685,0.012157776559505127,0.001241239352072074,0.012157776559505127,0.001241239352072074,0.012157776559505127,0.0012408624105044294,0.012157776559505127,0.0012408624105044294,0.012883673379670389,0.0012923092585282409,0.011351564757802282,0.0012928219419853912,0.013603805246470833,0.0013149232558711428,0.01133773661089645,0.0013156615557069946,0.009634079858652759,0.0011711991415393548,0.00986088128910034,0.001171171565031373,0.01044955695830156,0.001138465756109981,0.010232824932516182,0.001138396628332786,0.011668369809619085,0.0012408624105044294,0.011668369809619085,0.0012408624105044294,0.012157776559505127,0.0012408624105044294,0.012157776559505127,0.0012408624105044294,0.01044955695830156,0.001142386376594901,0.010232824932516182,0.001142422053220987,0.01044955695830156,0.001138465756109981,0.010232824932516182,0.001138396628332786
ATSJUM217,64.0,0.03992827459761377,0.007841275680644577,0.020883295489384425,0.001249550644571911,0.020883295489384425,0.001249550644571911,0.020913566255750676,0.001247618415374915,0.020913566255750676,0.001247618415374915,0.012424483239120376,0.017336330887149975,0.0012442144845033966,0.017336330887149975,0.0012442144845033966,0.016976201776175488,0.0012442144845033966,0.016976201776175488,0.0012442144845033966,0.009481932770003613,0.009914579876675834,0.0011716172341692459,0.011412907607858205,0.0011716765781906065,0.010409654544624024,0.0011414301901767952,0.010751526791477301,0.0011414222364660132,0.02142407373491909,0.0013067506347330482,0.021426529427988842,0.0013071996062596065,0.02149530433518968,0.0013422422165089154,0.02149919731774732,0.0013429599946872663,0.007841275680644577,0.020913566255750676,0.0012471909321781127,0.020913566255750676,0.0012471909321781127,0.020913566255750676,0.001247618415374915,0.020913566255750676,0.001247618415374915,0.017074799040482598,0.0013008204147146208,0.01707518865071421,0.0013010030240897597,0.016801058368589573,0.0013008193353213216,0.016806006250384455,0.0013010073086099684,0.016976201776175488,0.001244141123304843,0.016976201776175488,0.001244141123304843,0.016976201776175488,0.0012442144845033966,0.016976201776175488,0.0012442144845033966,0.020099230080671188,0.0013087048017073099,0.01616935430469758,0.0013089783477574352,0.01987303531090064,0.0013462059494518412,0.0163418998780774,0.001346731354918574,0.009914579876675834,0.0011716172341692459,0.011412907607858205,0.0011716765781906065,0.010409654544624024,0.0011414301901767952,0.010751526791477301,0.0011414222364660132,0.017336330887149975,0.0012442144845033966,0.017336330887149975,0.0012442144845033966,0.016976201776175488,0.0012442144845033966,0.016976201776175488,0.0012442144845033966,0.010409654544624024,0.0011402033188895305,0.010751526791477301,0.0011401803419627038,0.010409654544624024,0.0011414301901767952,0.010751526791477301,0.0011414222364660132
ATSJUM222,64.0,0.039100715398934255,0.006431057500471002,0.013111174804659637,0.001249257034329623,0.013111174804659637,0.001249257034329623,0.014455209824075709,0.001247484766560665,0.014455209824075709,0.001247484766560665,0.007264522654779755,0.009363273633800297,0.001243355370052735,0.009363273633800297,0.001243355370052735,0.010004441037800465,0.0012433566902904814,0.010004441037800465,0.0012433566902904814,0.006464966670453469,0.008246476911468861,0.0011709327377060804,0.008927146494781862,0.0011709417145809862,0.009291714676795257,0.001141188543983889,0.009410735834957011,0.0011412931451387162,0.013068254041297928,0.0013073290023596035,0.013063983254107866,0.001307860026395939,0.0133134033345714,0.001303963952171764,0.013312948319538567,0.0013044902549455384,0.006431057500471002,0.014455209824075709,0.0012470929574211254,0.014455209824075709,0.0012470929574211254,0.014455209824075709,0.001247484766560665,0.014455209824075709,0.001247484766560665,0.00914769923019967,0.0013069759451806147,0.009149056827215011,0.0013070163249268014,0.009435660650031309,0.0013069774437528402,0.009436636568613235,0.0013070166018242105,0.010004441037800465,0.0012430826141832355,0.010004441037800465,0.0012430826141832355,0.010004441037800465,0.0012433566902904814,0.010004441037800465,0.0012433566902904814,0.01235864163563863,0.0013012961264969127,0.011219877477108734,0.0013018024492574515,0.012806692958741143,0.0013062849904747701,0.01168293661991986,0.0013067572509274676,0.008246476911468861,0.0011709327377060804,0.008927146494781862,0.0011709417145809862,0.009291714676795257,0.001141188543983889,0.009410735834957011,0.0011412931451387162,0.009363273633800297,0.001243355370052735,0.009363273633800297,0.001243355370052735,0.010004441037800465,0.0012433566902904814,0.010004441037800465,0.0012433566902904814,0.009291714676795257,0.0011390958063422255,0.009410735834957011,0.0011391073948509428,0.009291714676795257,0.001141188543983889,0.009410735834957011,0.0011412931451387162
ATSJUM229,64.0,0.06631019399131195,0.006850057489802199,0.011591408783739026,0.00124981030036318,0.011591408783739026,0.00124981030036318,0.013304612055477104,0.0012478364431167083,0.013304612055477104,0.0012478364431167083,0.00946696979562056,0.01047761260959185,0.0012442543061780538,0.01047761260959185,0.0012442543061780538,0.011013992704848116,0.0012442378237253996,0.011013992704848116,0.0012442378237253996,0.008632144340241274,0.007962973179797108,0.0011723437142531642,0.008184046908712994,0.0011724764712208284,0.008657275364086291,0.0011416168260008207,0.008854883722256122,0.0011417057547809576,0.0117270673202302,0.0013126483988488635,0.011728547767004013,0.0013133197672461157,0.012185666858428439,0.0012936831208784734,0.01218716575669551,0.0012946839736000559,0.006850057489802199,0.013304612055477104,0.0012476650146524787,0.013304612055477104,0.0012476650146524787,0.013304612055477104,0.0012478364431167083,0.013304612055477104,0.0012478364431167083,0.009860901589584515,0.0012716925594428176,0.00986022209931229,0.0012720684576431227,0.009891680590466613,0.0012716928452038319,0.009891365237279456,0.0012720637176514393,0.011013992704848116,0.00124422223426599,0.011013992704848116,0.00124422223426599,0.011013992704848116,0.0012442378237253996,0.011013992704848116,0.0012442378237253996,0.01109800073425017,0.0013029475539417872,0.009792787313338438,0.0013037760350522963,0.011370150041722682,0.0012972382850230673,0.010485383662780642,0.0012981407768893746,0.007962973179797108,0.0011723437142531642,0.008184046908712994,0.0011724764712208284,0.008657275364086291,0.0011416168260008207,0.008854883722256122,0.0011417057547809576,0.01047761260959185,0.0012442543061780538,0.01047761260959185,0.0012442543061780538,0.011013992704848116,0.0012442378237253996,0.011013992704848116,0.0012442378237253996,0.008657275364086291,0.0011408146401413832,0.008854883722256122,0.0011409051961373486,0.008657275364086291,0.0011416168260008207,0.008854883722256122,0.0011417057547809576
ATSJUM401,64.0,0.05047119126299298,0.007401780717299824,0.015403168788204337,0.0012474361585221893,0.015403168788204337,0.0012474361585221893,0.016202350163802507,0.0012461264335033063,0.016202350163802507,0.0012461264335033063,0.009455591302015533,0.012273447820628194,0.0012429933533642556,0.012273447820628194,0.0012429933533642556,0.013618958329772137,0.0012429933533642556,0.013618958329772137,0.0012429933533642556,0.00951347820208448,0.009173678196530255,0.0011708323871992008,0.009271094753905196,0.0011709004183917259,0.009603585658970376,0.0011411833966049453,0.009576910883969511,0.0011412193819952004,0.015997888763843036,0.0013162781972078396,0.01599964200045672,0.0013171714129102065,0.01583967421312986,0.0013200939898573725,0.01585735618283186,0.0013209808262025435,0.007401780717299824,0.016202350163802507,0.0012461383866101412,0.016202350163802507,0.0012461383866101412,0.016202350163802507,0.0012461264335033063,0.016202350163802507,0.0012461264335033063,0.012390410176835294,0.0013038599644087324,0.012378438659108914,0.0013041917235356022,0.012920432618832342,0.0013038595877994802,0.012924853614688104,0.001304192362121725,0.013618958329772137,0.0012434105740285306,0.013618958329772137,0.0012434105740285306,0.013618958329772137,0.0012429933533642556,0.013618958329772137,0.0012429933533642556,0.015790801090516622,0.001301541337866714,0.01346236273545171,0.0013023318632500557,0.015725021508564738,0.0013156152363128426,0.013770013996706604,0.0013164737546679205,0.009173678196530255,0.0011708323871992008,0.009271094753905196,0.0011709004183917259,0.009603585658970376,0.0011411833966049453,0.009576910883969511,0.0011412193819952004,0.012273447820628194,0.0012429933533642556,0.012273447820628194,0.0012429933533642556,0.013618958329772137,0.0012429933533642556,0.013618958329772137,0.0012429933533642556,0.009603585658970376,0.0011413914960327473,0.009576910883969511,0.0011413653945599198,0.009603585658970376,0.0011411833966049453,0.009576910883969511,0.0011412193819952004
ATTJUM206,64.0,0.04917531380366633,0.0059340834060445284,0.017782865659639165,0.001249676452191415,0.017782865659639165,0.001249676452191415,0.018901540296645397,0.0012477196338805873,0.018901540296645397,0.0012477196338805873,0.008542796177806395,0.016112197312218954,0.0012443521939845845,0.016112197312218954,0.0012443521939845845,0.016972073610289448,0.0012443521939845845,0.016972073610289448,0.0012443521939845845,0.006943915361872495,0.01269010025562339,0.001172265812839977,0.012492498226039423,0.00117229743679219,0.012877500435575532,0.001141020003208759,0.013124241212022004,0.0011410720626590526,0.01844511101458179,0.0013173028373421138,0.018467116795592226,0.0013175502541716696,0.018889409249688984,0.001312312639697704,0.018898996507944264,0.0013126394867347313,0.0059340834060445284,0.018901540296645397,0.0012478495838197476,0.018901540296645397,0.0012478495838197476,0.018901540296645397,0.0012477196338805873,0.018901540296645397,0.0012477196338805873,0.017734758524700557,0.001288240185337822,0.01773288885974792,0.0012883668814249172,0.018058143675207878,0.001288244314431931,0.018078933340941274,0.001288361246939305,0.016972073610289448,0.0012440430726266486,0.016972073610289448,0.0012440430726266486,0.016972073610289448,0.0012443521939845845,0.016972073610289448,0.0012443521939845845,0.017988327033167138,0.0013084347418774595,0.015314764491995456,0.0013087175733937219,0.018183945862264433,0.001308827117530634,0.015751213149318974,0.0013092150022448062,0.01269010025562339,0.001172265812839977,0.012492498226039423,0.00117229743679219,0.012877500435575532,0.001141020003208759,0.013124241212022004,0.0011410720626590526,0.016112197312218954,0.0012443521939845845,0.016112197312218954,0.0012443521939845845,0.016972073610289448,0.0012443521939845845,0.016972073610289448,0.0012443521939845845,0.012877500435575532,0.0011411308810397283,0.013124241212022004,0.001141114883188534,0.012877500435575532,0.001141020003208759,0.013124241212022004,0.0011410720626590526
B040103d,64.0,0.09993392175998023,0.00856580584655267,0.0115474908123698,0.0012503296576071939,0.0115474908123698,0.0012503296576071939,0.015069923223688067,0.0012490589480138347,0.015069923223688067,0.0012490589480138347,0.010519263128233742,0.01213806239978896,0.0012455320804981196,0.01213806239978896,0.0012455320804981196,0.012295638742075666,0.0012455343425872777,0.012295638742075666,0.0012455343425872777,0.01020322458925486,0.006129888146357995,0.0011741114922800009,0.005829482390261834,0.001174185988171299,0.007049724597686856,0.0011445082076737129,0.006154132245817932,0.0011446526170030822,0.01183702878972923,0.001329945949597584,0.011856381275548566,0.0013306591347983772,0.01216560038167553,0.0013202443266479152,0.012144545960836582,0.0013210310009763677,0.00856580584655267,0.015069923223688067,0.0012490991030190178,0.015069923223688067,0.0012490991030190178,0.015069923223688067,0.0012490589480138347,0.015069923223688067,0.0012490589480138347,0.009906295520149516,0.0012847616184845216,0.009884407627250708,0.0012853385266031441,0.009829870945769847,0.0012847600021367114,0.009831520634306798,0.0012853378759721619,0.012295638742075666,0.0012454562766324275,0.012295638742075666,0.0012454562766324275,0.012295638742075666,0.0012455343425872777,0.012295638742075666,0.0012455343425872777,0.011447589890613508,0.0013224408143349814,0.009546419943682619,0.0013229654725070575,0.011906483820373813,0.0013223381551784943,0.009990615945528435,0.0013229940904350638,0.006129888146357995,0.0011741114922800009,0.005829482390261834,0.001174185988171299,0.007049724597686856,0.0011445082076737129,0.006154132245817932,0.0011446526170030822,0.01213806239978896,0.0012455320804981196,0.01213806239978896,0.0012455320804981196,0.012295638742075666,0.0012455343425872777,0.012295638742075666,0.0012455343425872777,0.007049724597686856,0.0011439079512116127,0.006154132245817932,0.0011438413939166574,0.007049724597686856,0.0011445082076737129,0.006154132245817932,0.0011446526170030822
B040203c,64.0,0.10267549207584557,0.005705730125393949,0.012227063539891128,0.0012501312264690506,0.012227063539891128,0.0012501312264690506,0.015224262739432946,0.0012489427650832726,0.015224262739432946,0.0012489427650832726,0.007551186888829565,0.012178959485421468,0.0012458597823746876,0.012178959485421468,0.0012458597823746876,0.013448906056115935,0.0012458597823746876,0.013448906056115935,0.0012458597823746876,0.00686103076753689,0.007920523450424122,0.0011716885728824493,0.008527688715693052,0.0011716349341236176,0.008722444095328106,0.0011421776485000831,0.008878811722894297,0.0011422231716208596,0.012927426126417254,0.0013163445541463272,0.012921143903654802,0.0013169761026530125,0.014053900604402689,0.0013121778433897917,0.014047214227157238,0.0013130104822037473,0.005705730125393949,0.015224262739432946,0.0012484721810050595,0.015224262739432946,0.0012484721810050595,0.015224262739432946,0.0012489427650832726,0.015224262739432946,0.0012489427650832726,0.01315978808524974,0.0013178237756639526,0.01316007670319469,0.001318375206553787,0.013502733007380766,0.001317826413854564,0.013498143092328618,0.0013183755427925185,0.013448906056115935,0.0012456649191314245,0.013448906056115935,0.0012456649191314245,0.013448906056115935,0.0012458597823746876,0.013448906056115935,0.0012458597823746876,0.011941601574406449,0.0013010857695473308,0.010305389424947142,0.0013016298780904661,0.013721259094065692,0.001308092975932239,0.011188986182158118,0.001308805310116555,0.007920523450424122,0.0011716885728824493,0.008527688715693052,0.0011716349341236176,0.008722444095328106,0.0011421776485000831,0.008878811722894297,0.0011422231716208596,0.012178959485421468,0.0012458597823746876,0.012178959485421468,0.0012458597823746876,0.013448906056115935,0.0012458597823746876,0.013448906056115935,0.0012458597823746876,0.008722444095328106,0.0011403384619814937,0.008878811722894297,0.00114040320586923,0.008722444095328106,0.0011421776485000831,0.008878811722894297,0.0011422231716208596
B040303c,64.0,0.08668035457194337,0.008433146282825694,0.016597839997254286,0.001249511820889562,0.016597839997254286,0.001249511820889562,0.01804954484551632,0.0012481936329905197,0.01804954484551632,0.0012481936329905197,0.012592894843514398,0.016199883871178367,0.0012443898492006179,0.016199883871178367,0.0012443898492006179,0.016931681559096627,0.00124440937447045,0.016931681559096627,0.00124440937447045,0.009632000661681954,0.00990588787177194,0.0011718883530904042,0.010244554988396387,0.0011719433618803368,0.010504304637648497,0.0011417126615180615,0.011334300648984802,0.001141763079776696,0.016663204777314648,0.0013088940847960822,0.01667371800583002,0.0013095490737536693,0.017055366912924277,0.001344768701575824,0.017036256240003093,0.0013457657703132518,0.008433146282825694,0.01804954484551632,0.0012482615523823288,0.01804954484551632,0.0012482615523823288,0.01804954484551632,0.0012481936329905197,0.01804954484551632,0.0012481936329905197,0.014952373278521502,0.0013120429170482809,0.014953158003770839,0.0013126310837988184,0.014988072648387049,0.0013120432133023087,0.014989331101269054,0.0013126377267855,0.016931681559096627,0.0012443929358892766,0.016931681559096627,0.0012443929358892766,0.016931681559096627,0.00124440937447045,0.016931681559096627,0.00124440937447045,0.01588826741014559,0.001297486412173257,0.013213103052123417,0.001298239390133406,0.016167283443796938,0.0013435545625765622,0.013022378299589613,0.0013445411198819582,0.00990588787177194,0.0011718883530904042,0.010244554988396387,0.0011719433618803368,0.010504304637648497,0.0011417126615180615,0.011334300648984802,0.001141763079776696,0.016199883871178367,0.0012443898492006179,0.016199883871178367,0.0012443898492006179,0.016931681559096627,0.00124440937447045,0.016931681559096627,0.00124440937447045,0.010504304637648497,0.001141277363755249,0.011334300648984802,0.0011412815366944806,0.010504304637648497,0.0011417126615180615,0.011334300648984802,0.001141763079776696
B40403aW,64.0,0.43714553423667873,0.009108912596732481,0.0254749592967871,0.001245957777306038,0.0254749592967871,0.001245957777306038,0.029871679480974543,0.0012445801117450179,0.029871679480974543,0.0012445801117450179,0.013626460907548807,0.02775639631779845,0.0012403405263535796,0.02775639631779845,0.0012403405263535796,0.02870911582803865,0.0012403284306106788,0.02870911582803865,0.0012403284306106788,0.012608532544817306,0.01414853741115388,0.0011677878754914708,0.014679703446205514,0.001167824209274224,0.01389544779758353,0.0011417475321390184,0.014172554187652925,0.0011417071886456668,0.026005066820788496,0.0013250379131546765,0.02600075493971826,0.0013254202841878043,0.027002472740316058,0.0013097799346237294,0.02706511603681186,0.0013101917020768745,0.009108912596732481,0.029871679480974543,0.0012445672421597268,0.029871679480974543,0.0012445672421597268,0.029871679480974543,0.0012445801117450179,0.029871679480974543,0.0012445801117450179,0.02710138065042257,0.0013157794428172791,0.027091149548306843,0.00131622382447361,0.026945242603571867,0.001315773212050602,0.026942940677292915,0.001316227915218319,0.02870911582803865,0.0012397466471026045,0.02870911582803865,0.0012397466471026045,0.02870911582803865,0.0012403284306106788,0.02870911582803865,0.0012403284306106788,0.0245416094717523,0.0013124637376872722,0.02168676046527135,0.001312803128816692,0.02466613384087284,0.0013126469972721336,0.021136187395675365,0.0013129254686127915,0.01414853741115388,0.0011677878754914708,0.014679703446205514,0.001167824209274224,0.01389544779758353,0.0011417475321390184,0.014172554187652925,0.0011417071886456668,0.02775639631779845,0.0012403405263535796,0.02775639631779845,0.0012403405263535796,0.02870911582803865,0.0012403284306106788,0.02870911582803865,0.0012403284306106788,0.01389544779758353,0.0011415536817545422,0.014172554187652925,0.0011416247814592766,0.01389544779758353,0.0011417475321390184,0.014172554187652925,0.0011417071886456668
B40503cW,64.0,0.18760301245189928,0.018177293494577872,0.02098593550746992,0.0012473516997983647,0.02098593550746992,0.0012473516997983647,0.024593710997204605,0.0012465055454235388,0.024593710997204605,0.0012465055454235388,0.02069025480064386,0.0179222465546984,0.0012429252579557403,0.0179222465546984,0.0012429252579557403,0.019564502970520044,0.0012429252579557403,0.019564502970520044,0.0012429252579557403,0.018182861641196348,0.010770031476402335,0.0011703508338823062,0.01173233867248051,0.0011703611852118196,0.01084694316822846,0.0011428916386749576,0.0112757865134286,0.0011430085081868917,0.022914783598797634,0.0013253170924468676,0.022927862684218824,0.001326009307577365,0.023409587864828673,0.0013245125899182981,0.02341251774527252,0.0013254760773489381,0.018177293494577872,0.024593710997204605,0.0012464573366057087,0.024593710997204605,0.0012464573366057087,0.024593710997204605,0.0012465055454235388,0.024593710997204605,0.0012465055454235388,0.016984779529998318,0.0012912785463574299,0.016954328787749322,0.001291957236337816,0.017429735200115957,0.001291276713905641,0.017430471626089312,0.0012919587405856245,0.019564502970520044,0.0012422545551447198,0.019564502970520044,0.0012422545551447198,0.019564502970520044,0.0012429252579557403,0.019564502970520044,0.0012429252579557403,0.020852675312628785,0.0013168822644974594,0.01622463417434461,0.001317523033538031,0.021510719815238034,0.0013191032832251003,0.015759178510677863,0.0013199494408333383,0.010770031476402335,0.0011703508338823062,0.01173233867248051,0.0011703611852118196,0.01084694316822846,0.0011428916386749576,0.0112757865134286,0.0011430085081868917,0.0179222465546984,0.0012429252579557403,0.0179222465546984,0.0012429252579557403,0.019564502970520044,0.0012429252579557403,0.019564502970520044,0.0012429252579557403,0.01084694316822846,0.0011413372348392584,0.0112757865134286,0.0011413768573002067,0.01084694316822846,0.0011428916386749576,0.0112757865134286,0.0011430085081868917
B40703cW,64.0,0.44241854651119455,0.01287111641226101,0.021004664697705136,0.001244638072931726,0.021004664697705136,0.001244638072931726,0.02185958154690905,0.0012429660143500718,0.02185958154690905,0.0012429660143500718,0.018232855209253707,0.019740216902083114,0.0012401735301124117,0.019740216902083114,0.0012401735301124117,0.02067137300213328,0.0012401698846339442,0.02067137300213328,0.0012401698846339442,0.017669422683241794,0.013345719533858219,0.0011668807865523813,0.013147336742128944,0.0011668564865284674,0.012793675858995174,0.0011400869343418316,0.01272990136571009,0.0011400708284718213,0.021754228517590436,0.0013128572039135,0.0217621434637451,0.0013129513900679633,0.02109903139715339,0.0013204891451822339,0.02110164408502208,0.0013208964247960967,0.01287111641226101,0.02185958154690905,0.0012431216710252322,0.02185958154690905,0.0012431216710252322,0.02185958154690905,0.0012429660143500718,0.02185958154690905,0.0012429660143500718,0.018677737719740548,0.001297646716083997,0.018665597023779915,0.0012978705124509081,0.018744488066802154,0.0012976463103908209,0.01874106105104737,0.0012978768979550988,0.02067137300213328,0.0012402743972625403,0.02067137300213328,0.0012402743972625403,0.02067137300213328,0.0012401698846339442,0.02067137300213328,0.0012401698846339442,0.021672740015385838,0.0013101915736606928,0.018356651250739844,0.0013103521951570755,0.02110121456887231,0.0013286414076849765,0.017717290962090175,0.0013289008985197795,0.013345719533858219,0.0011668807865523813,0.013147336742128944,0.0011668564865284674,0.012793675858995174,0.0011400869343418316,0.01272990136571009,0.0011400708284718213,0.019740216902083114,0.0012401735301124117,0.019740216902083114,0.0012401735301124117,0.02067137300213328,0.0012401698846339442,0.02067137300213328,0.0012401698846339442,0.012793675858995174,0.0011413759365065629,0.01272990136571009,0.0011414644976625954,0.012793675858995174,0.0011400869343418316,0.01272990136571009,0.0011400708284718213
BAY5867d,64.0,0.3415421095435684,0.005157306590498413,0.016843369812066966,0.001242869351378359,0.016843369812066966,0.001242869351378359,0.01724045672422413,0.00124256542932617,0.01724045672422413,0.00124256542932617,0.006729333029920607,0.016283484973721507,0.0012392742093752759,0.016283484973721507,0.0012392742093752759,0.016232455995862743,0.0012392742093752759,0.016232455995862743,0.0012392742093752759,0.006249608869983151,0.006883439334351294,0.0011669686534063692,0.007462073009988319,0.001166997330959217,0.006660557431225213,0.0011414928887535328,0.007431727609432993,0.0011414913378086067,0.01829404734995886,0.0013437970091440376,0.018330611026675478,0.0013439098179644188,0.01852702397743061,0.001325445558294717,0.018475516641780005,0.0013257437438031598,0.005157306590498413,0.01724045672422413,0.0012420506359138914,0.01724045672422413,0.0012420506359138914,0.01724045672422413,0.00124256542932617,0.01724045672422413,0.00124256542932617,0.016000307634343965,0.0013172474109614434,0.016001020848089173,0.0013171072793895088,0.016136071071326922,0.0013172577371643106,0.016140549316257427,0.0013171076832151378,0.016232455995862743,0.001239009664558378,0.016232455995862743,0.001239009664558378,0.016232455995862743,0.0012392742093752759,0.016232455995862743,0.0012392742093752759,0.017447222351364377,0.001341174597224211,0.013681602227983439,0.0013412988232541407,0.018099495582416213,0.0013240763453431176,0.014281352918260035,0.0013242342934286443,0.006883439334351294,0.0011669686534063692,0.007462073009988319,0.001166997330959217,0.006660557431225213,0.0011414928887535328,0.007431727609432993,0.0011414913378086067,0.016283484973721507,0.0012392742093752759,0.016283484973721507,0.0012392742093752759,0.016232455995862743,0.0012392742093752759,0.016232455995862743,0.0012392742093752759,0.006660557431225213,0.0011390127299332469,0.007431727609432993,0.0011390855050477462,0.006660557431225213,0.0011414928887535328,0.007431727609432993,0.0011414913378086067
BAY5870a,64.0,0.2774032135639289,0.008925953189701883,0.007297063442879404,0.0012431141612806395,0.007297063442879404,0.0012431141612806395,0.0071458798393504545,0.0012423494065248984,0.0071458798393504545,0.0012423494065248984,0.011563256710335939,0.00661588374172075,0.001238530414682783,0.00661588374172075,0.001238530414682783,0.007373947931931831,0.001238530414682783,0.007373947931931831,0.001238530414682783,0.011392209259148675,0.0042484242095327885,0.0011639360924493073,0.004360461320803882,0.0011639194646527358,0.004172074869267448,0.001140316413040263,0.004110934559396386,0.0011403214973752587,0.00706292458801328,0.0013514823124577352,0.007056282743825212,0.0013510871833856317,0.006742980855876557,0.0013264975101351766,0.006741790181328526,0.001326086267752064,0.008925953189701883,0.0071458798393504545,0.0012422018020092178,0.0071458798393504545,0.0012422018020092178,0.0071458798393504545,0.0012423494065248984,0.0071458798393504545,0.0012423494065248984,0.00751711368161652,0.0013204033982446807,0.007517838095766523,0.001320274280347088,0.00728282394372151,0.0013204048897740486,0.007282674463983636,0.001320260047261275,0.007373947931931831,0.0012383949717755182,0.007373947931931831,0.0012383949717755182,0.007373947931931831,0.001238530414682783,0.007373947931931831,0.001238530414682783,0.007147792850890684,0.0013422032410650875,0.006172970814737801,0.0013417215044379085,0.0065816313505459335,0.0013163887480853742,0.00597279772345793,0.0013159818978903217,0.0042484242095327885,0.0011639360924493073,0.004360461320803882,0.0011639194646527358,0.004172074869267448,0.001140316413040263,0.004110934559396386,0.0011403214973752587,0.00661588374172075,0.001238530414682783,0.00661588374172075,0.001238530414682783,0.007373947931931831,0.001238530414682783,0.007373947931931831,0.001238530414682783,0.004172074869267448,0.0011399618253360106,0.004110934559396386,0.0011400262612226229,0.004172074869267448,0.001140316413040263,0.004110934559396386,0.0011403214973752587
BAY5871c,64.0,0.279803426457903,0.00760420394720441,0.008243694978627904,0.001243783942961605,0.008243694978627904,0.001243783942961605,0.007767379898506433,0.0012433813335258176,0.007767379898506433,0.0012433813335258176,0.010603401717797237,0.007961496378350275,0.0012393110586216007,0.007961496378350275,0.0012393110586216007,0.008203344652260894,0.0012393110586216007,0.008203344652260894,0.0012393110586216007,0.009408489546922794,0.004555986476293212,0.0011669210297718675,0.004388621372285485,0.0011668953914242485,0.004551395424212527,0.0011427442203301645,0.004289738342472107,0.001142655824312134,0.009268289992294421,0.0013471206578603825,0.009268810395729936,0.001347402505417468,0.00849223543578857,0.0013285377589068877,0.008492537176105366,0.0013288539871909924,0.00760420394720441,0.007767379898506433,0.0012431227195755302,0.007767379898506433,0.0012431227195755302,0.007767379898506433,0.0012433813335258176,0.007767379898506433,0.0012433813335258176,0.008141617194794056,0.001314273292257123,0.008159231396265565,0.0013145405847220775,0.008147525234243046,0.0013142718647353667,0.008149085472079333,0.001314540465167993,0.008203344652260894,0.0012395277832600693,0.008203344652260894,0.0012395277832600693,0.008203344652260894,0.0012393110586216007,0.008203344652260894,0.0012393110586216007,0.008605275507860555,0.0013402752106111849,0.007297982601153742,0.0013404797734332605,0.008581913248055623,0.001329572154029283,0.007427827403363622,0.001329834866575677,0.004555986476293212,0.0011669210297718675,0.004388621372285485,0.0011668953914242485,0.004551395424212527,0.0011427442203301645,0.004289738342472107,0.001142655824312134,0.007961496378350275,0.0012393110586216007,0.007961496378350275,0.0012393110586216007,0.008203344652260894,0.0012393110586216007,0.008203344652260894,0.0012393110586216007,0.004551395424212527,0.0011402500998542791,0.004289738342472107,0.0011403027800996697,0.004551395424212527,0.0011427442203301645,0.004289738342472107,0.001142655824312134
BAY5872b,64.0,0.5202893351136455,0.022000339225722126,0.009320245229294607,0.001239422037797816,0.009320245229294607,0.001239422037797816,0.010353225828641479,0.0012377911488502798,0.010353225828641479,0.0012377911488502798,0.030180213871040907,0.010814525776411597,0.0012343129937243892,0.010814525776411597,0.0012343129937243892,0.010958940653705179,0.0012343125703970568,0.010958940653705179,0.0012343125703970568,0.029268909510859795,0.004482263835367154,0.0011612521734477423,0.00460071728067208,0.0011611352952888274,0.0042433125231733215,0.00113725938580421,0.00410584181228871,0.0011372922955039373,0.00885187413100446,0.0013534756676527732,0.008857788690970115,0.0013527854986687725,0.00834851090417775,0.001329655282340156,0.008346332569130921,0.0013290850846311628,0.022000339225722126,0.010353225828641479,0.001237965493853666,0.010353225828641479,0.001237965493853666,0.010353225828641479,0.0012377911488502798,0.010353225828641479,0.0012377911488502798,0.01025622549396604,0.0013174629371783756,0.010256353886453776,0.0013173291863057333,0.009917481351732992,0.0013174652659591354,0.009929288921380626,0.0013173252276836138,0.010958940653705179,0.0012344101246342756,0.010958940653705179,0.0012344101246342756,0.010958940653705179,0.0012343125703970568,0.010958940653705179,0.0012343125703970568,0.008505164584050134,0.0013441314586718415,0.00763305864884873,0.0013435979095102622,0.008309838050474834,0.0013263081643413838,0.0073999233436688894,0.001325638905891044,0.004482263835367154,0.0011612521734477423,0.00460071728067208,0.0011611352952888274,0.0042433125231733215,0.00113725938580421,0.00410584181228871,0.0011372922955039373,0.010814525776411597,0.0012343129937243892,0.010814525776411597,0.0012343129937243892,0.010958940653705179,0.0012343125703970568,0.010958940653705179,0.0012343125703970568,0.0042433125231733215,0.0011390651806250595,0.00410584181228871,0.0011391508151596384,0.0042433125231733215,0.00113725938580421,0.00410584181228871,0.0011372922955039373
BAY5873a,64.0,0.5198991128317288,0.008156392296265295,0.009327574667838531,0.0012398517263845863,0.009327574667838531,0.0012398517263845863,0.009876279382848458,0.0012391980401802434,0.009876279382848458,0.0012391980401802434,0.012531514140509646,0.008475535485988894,0.0012358577507891216,0.008475535485988894,0.0012358577507891216,0.009549234253052765,0.0012358577507891216,0.009549234253052765,0.0012358577507891216,0.011912548647484355,0.004862761825235676,0.0011636202649237717,0.005049730168776165,0.0011635516649841806,0.0047379759631511415,0.0011384056016923451,0.004885553053536107,0.001138510372418578,0.00964996137392612,0.001334512514205067,0.009649437199326646,0.0013346331268500975,0.00978118858621756,0.0013126130953988776,0.009775076280124296,0.0013127248018389628,0.008156392296265295,0.009876279382848458,0.0012391043780163315,0.009876279382848458,0.0012391043780163315,0.009876279382848458,0.0012391980401802434,0.009876279382848458,0.0012391980401802434,0.008869001031415023,0.0013026526245906247,0.008847216365248656,0.001302923535326961,0.008962305633210176,0.0013026544471506538,0.009018886556772968,0.001302928301247693,0.009549234253052765,0.0012358426112205581,0.009549234253052765,0.0012358426112205581,0.009549234253052765,0.0012358577507891216,0.009549234253052765,0.0012358577507891216,0.008757415255468744,0.0013234425438934901,0.007929309802497776,0.0013234781039718295,0.008597463568056586,0.0013088117253295393,0.007569280075705713,0.001308874685105914,0.004862761825235676,0.0011636202649237717,0.005049730168776165,0.0011635516649841806,0.0047379759631511415,0.0011384056016923451,0.004885553053536107,0.001138510372418578,0.008475535485988894,0.0012358577507891216,0.008475535485988894,0.0012358577507891216,0.009549234253052765,0.0012358577507891216,0.009549234253052765,0.0012358577507891216,0.0047379759631511415,0.0011424857994074627,0.004885553053536107,0.0011424514718271518,0.0047379759631511415,0.0011384056016923451,0.004885553053536107,0.001138510372418578
BAY5874b,64.0,0.77408484405246,0.024093832776270415,0.009786418213535276,0.0012367981205094007,0.009786418213535276,0.0012367981205094007,0.009745306223327452,0.0012348179630012972,0.009745306223327452,0.0012348179630012972,0.027888569890528174,0.00809469427057286,0.0012316250995536623,0.00809469427057286,0.0012316250995536623,0.008897832857573281,0.0012316250995536623,0.008897832857573281,0.0012316250995536623,0.02652873077209742,0.006576658290865181,0.0011593183305567847,0.006172641457810813,0.0011593309465945984,0.005928353106455458,0.0011353980580437204,0.0061712207879051975,0.001135469371471298,0.010077626689640342,0.0013390336150754078,0.010089290828868313,0.0013385741860209778,0.009675953783230832,0.0013171550368789582,0.009673296931204507,0.0013166458921957832,0.024093832776270415,0.009745306223327452,0.0012348567760262913,0.009745306223327452,0.0012348567760262913,0.009745306223327452,0.0012348179630012972,0.009745306223327452,0.0012348179630012972,0.007966640961221393,0.0013074623349033333,0.007977644185800681,0.0013074422977439966,0.007915220232507786,0.0013074692701840287,0.007935783341035334,0.0013074441841476948,0.008897832857573281,0.0012313649730418018,0.008897832857573281,0.0012313649730418018,0.008897832857573281,0.0012316250995536623,0.008897832857573281,0.0012316250995536623,0.010395792750838679,0.001341372824055521,0.009337894223369175,0.0013410606879753278,0.009677248741524619,0.001332088124269194,0.008815776983786381,0.0013317781657493902,0.006576658290865181,0.0011593183305567847,0.006172641457810813,0.0011593309465945984,0.005928353106455458,0.0011353980580437204,0.0061712207879051975,0.001135469371471298,0.00809469427057286,0.0012316250995536623,0.00809469427057286,0.0012316250995536623,0.008897832857573281,0.0012316250995536623,0.008897832857573281,0.0012316250995536623,0.005928353106455458,0.0011343601815957116,0.0061712207879051975,0.001134431976837753,0.005928353106455458,0.0011353980580437204,0.0061712207879051975,0.001135469371471298
BR5867c3,64.0,0.08358501746607463,0.005291348557651185,0.012421364229416419,0.001249308336370297,0.012421364229416419,0.001249308336370297,0.012648523607267105,0.00124845045316399,0.012648523607267105,0.00124845045316399,0.0068997749472736155,0.009659851578608911,0.0012456484875712273,0.009659851578608911,0.0012456484875712273,0.009792194373378905,0.0012456484875712273,0.009792194373378905,0.0012456484875712273,0.0063877435442896225,0.006033485010490555,0.001172878311673394,0.006028213839795555,0.0011729434637188702,0.005971243402308684,0.001142134859774847,0.006077194293917416,0.0011421393700740612,0.013171262050309707,0.0013147404579494867,0.013175461491693338,0.0013155501183068834,0.01285712744755851,0.0013414104602100226,0.012857955757909753,0.001342598359995434,0.005291348557651185,0.012648523607267105,0.0012473877372006085,0.012648523607267105,0.0012473877372006085,0.012648523607267105,0.00124845045316399,0.012648523607267105,0.00124845045316399,0.011711664831324051,0.0012914950467951935,0.011725613670794102,0.0012922747879594064,0.012000400174931139,0.0012914944989343836,0.011999547348204874,0.0012922794205945582,0.009792194373378905,0.0012454031962801848,0.009792194373378905,0.0012454031962801848,0.009792194373378905,0.0012456484875712273,0.009792194373378905,0.0012456484875712273,0.01265658629051342,0.001306150347102758,0.010243059183491506,0.0013069491250061313,0.012188248457739853,0.0013449695916394819,0.010131628023280652,0.001346074476617837,0.006033485010490555,0.001172878311673394,0.006028213839795555,0.0011729434637188702,0.005971243402308684,0.001142134859774847,0.006077194293917416,0.0011421393700740612,0.009659851578608911,0.0012456484875712273,0.009659851578608911,0.0012456484875712273,0.009792194373378905,0.0012456484875712273,0.009792194373378905,0.0012456484875712273,0.005971243402308684,0.0011407617646791912,0.006077194293917416,0.0011407539557340746,0.005971243402308684,0.001142134859774847,0.006077194293917416,0.0011421393700740612
BR5870b3,64.0,0.0720054781745607,0.006375437152301602,0.01302931081737605,0.0012519081651508922,0.01302931081737605,0.0012519081651508922,0.014120187136163663,0.0012499681785632336,0.014120187136163663,0.0012499681785632336,0.006903897281688288,0.011355577137005348,0.0012468738355267551,0.011355577137005348,0.0012468738355267551,0.01197773962074046,0.0012468592436430045,0.01197773962074046,0.0012468592436430045,0.0057788564067137345,0.009386469048413407,0.001171444353773427,0.009601117432762393,0.001171480142738779,0.010294887529781431,0.0011437351619954085,0.009841895893998271,0.0011437967469655553,0.013184270224128618,0.0013187938776935927,0.013186728840973905,0.0013192706768884862,0.013798203234741938,0.0013289257616484534,0.01380887158737241,0.0013297179485694418,0.006375437152301602,0.014120187136163663,0.001249682003382464,0.014120187136163663,0.001249682003382464,0.014120187136163663,0.0012499681785632336,0.014120187136163663,0.0012499681785632336,0.01130748712462952,0.0013106170454893842,0.011307435757648568,0.0013110161377938106,0.011720495393377734,0.001310616704541342,0.011732731642159034,0.0013110137350588334,0.01197773962074046,0.0012465637466858824,0.01197773962074046,0.0012465637466858824,0.01197773962074046,0.0012468592436430045,0.01197773962074046,0.0012468592436430045,0.012721445993342205,0.0013130702559510225,0.01157533614091919,0.001313502304533284,0.01315798400162684,0.0013360007115386905,0.011867134464018688,0.0013367488224667197,0.009386469048413407,0.001171444353773427,0.009601117432762393,0.001171480142738779,0.010294887529781431,0.0011437351619954085,0.009841895893998271,0.0011437967469655553,0.011355577137005348,0.0012468738355267551,0.011355577137005348,0.0012468738355267551,0.01197773962074046,0.0012468592436430045,0.01197773962074046,0.0012468592436430045,0.010294887529781431,0.0011426993108814274,0.009841895893998271,0.0011427396491593075,0.010294887529781431,0.0011437351619954085,0.009841895893998271,0.0011437967469655553
BR5871a3,64.0,0.08512241479103566,0.007184882720946856,0.016525208854735438,0.0012495503334629717,0.016525208854735438,0.0012495503334629717,0.019699893782241133,0.001248750449186985,0.019699893782241133,0.001248750449186985,0.00859649914241361,0.017410485595172977,0.0012444762453774677,0.017410485595172977,0.0012444762453774677,0.018949806376855574,0.0012444762453774677,0.018949806376855574,0.0012444762453774677,0.0077506095380916774,0.010633177511275332,0.0011718101420990445,0.010116129036365037,0.0011718722174265206,0.010702668575966112,0.0011425297903511697,0.010679905973391928,0.001142650715774698,0.01704721527821226,0.0013215700142155185,0.017048509222087647,0.0013219980045406116,0.017448720021004553,0.001298589207316681,0.017460299217449505,0.0012991657904078073,0.007184882720946856,0.019699893782241133,0.0012479874649678681,0.019699893782241133,0.0012479874649678681,0.019699893782241133,0.001248750449186985,0.019699893782241133,0.001248750449186985,0.01717374171621784,0.0012814519671121298,0.017175450929705603,0.0012819270883886625,0.01803916915245953,0.00128145413030494,0.018033456421795657,0.0012819258318592479,0.018949806376855574,0.001244180633304651,0.018949806376855574,0.001244180633304651,0.018949806376855574,0.0012444762453774677,0.018949806376855574,0.0012444762453774677,0.016386467981253754,0.0013132042366952824,0.013677847433807061,0.0013136057370354258,0.016086418313439092,0.001301966670989539,0.014795241753949303,0.0013024739089139432,0.010633177511275332,0.0011718101420990445,0.010116129036365037,0.0011718722174265206,0.010702668575966112,0.0011425297903511697,0.010679905973391928,0.001142650715774698,0.017410485595172977,0.0012444762453774677,0.017410485595172977,0.0012444762453774677,0.018949806376855574,0.0012444762453774677,0.018949806376855574,0.0012444762453774677,0.010702668575966112,0.0011412492045701618,0.010679905973391928,0.0011412767421615502,0.010702668575966112,0.0011425297903511697,0.010679905973391928,0.001142650715774698
BR5872d3,64.0,0.09272333509319075,0.009583025221921,0.019782582867584695,0.0012502786052156919,0.019782582867584695,0.0012502786052156919,0.022573155507123705,0.0012483840827738032,0.022573155507123705,0.0012483840827738032,0.015535024908728734,0.02266666092304606,0.0012438481694438354,0.02266666092304606,0.0012438481694438354,0.0225529197017038,0.0012438481694438354,0.0225529197017038,0.0012438481694438354,0.012185681751964376,0.013494644032535405,0.0011720917257198916,0.0132142429165798,0.0011721579468007759,0.013146418836639709,0.001141976207851068,0.01254906885437574,0.001142081165931101,0.020101269664975344,0.0013084452372393942,0.02012101011904774,0.0013092706363385734,0.020238345104043737,0.0013117443192378017,0.020227249392518885,0.0013128479118694489,0.009583025221921,0.022573155507123705,0.001248237580726266,0.022573155507123705,0.001248237580726266,0.022573155507123705,0.0012483840827738032,0.022573155507123705,0.0012483840827738032,0.022168356108535937,0.00130304062644332,0.02217747639901568,0.0013035656062628826,0.021588977230056837,0.0013030467704052441,0.02157299670194432,0.0013035642818063418,0.0225529197017038,0.0012442152717551797,0.0225529197017038,0.0012442152717551797,0.0225529197017038,0.0012438481694438354,0.0225529197017038,0.0012438481694438354,0.019586779628076693,0.0013066708487936096,0.017027173619076404,0.001307492148315821,0.019495618126773317,0.0013153403927587078,0.01645862804442971,0.0013162907907039913,0.013494644032535405,0.0011720917257198916,0.0132142429165798,0.0011721579468007759,0.013146418836639709,0.001141976207851068,0.01254906885437574,0.001142081165931101,0.02266666092304606,0.0012438481694438354,0.02266666092304606,0.0012438481694438354,0.0225529197017038,0.0012438481694438354,0.0225529197017038,0.0012438481694438354,0.013146418836639709,0.0011404436770326841,0.01254906885437574,0.0011405130405940508,0.013146418836639709,0.001141976207851068,0.01254906885437574,0.001142081165931101
BR5874d3,64.0,0.202638292682324,0.008358930735989386,0.01732822204626258,0.0012490171105455402,0.01732822204626258,0.0012490171105455402,0.02038943856307067,0.0012469431077769203,0.02038943856307067,0.0012469431077769203,0.018503498040324626,0.01873407128004905,0.0012437950919443343,0.01873407128004905,0.0012437950919443343,0.019245358879378578,0.0012437950919443343,0.019245358879378578,0.0012437950919443343,0.01518842506587007,0.00900900186066403,0.0011742815208189488,0.009699507611526804,0.001174345006311264,0.00912444905114931,0.0011422181214472563,0.009950583923249937,0.0011422636890291136,0.01803973269001873,0.0013247127944937926,0.01804223095895393,0.0013256960587277047,0.01780887807341071,0.0013429862093516565,0.017811593435144355,0.0013442846979105831,0.008358930735989386,0.02038943856307067,0.0012475778695305263,0.02038943856307067,0.0012475778695305263,0.02038943856307067,0.0012469431077769203,0.02038943856307067,0.0012469431077769203,0.01655740158737298,0.0012811806192124956,0.016548662927377184,0.001281678199573567,0.016201451039793677,0.0012811823945596903,0.016213687324361632,0.001281681039092542,0.019245358879378578,0.0012437453874366243,0.019245358879378578,0.0012437453874366243,0.019245358879378578,0.0012437950919443343,0.019245358879378578,0.0012437950919443343,0.01713352869376197,0.0013201838799392041,0.013836957823077775,0.0013210872409816434,0.01676716512909933,0.0013418074898224209,0.013576704748341445,0.0013429902402787648,0.00900900186066403,0.0011742815208189488,0.009699507611526804,0.001174345006311264,0.00912444905114931,0.0011422181214472563,0.009950583923249937,0.0011422636890291136,0.01873407128004905,0.0012437950919443343,0.01873407128004905,0.0012437950919443343,0.019245358879378578,0.0012437950919443343,0.019245358879378578,0.0012437950919443343,0.00912444905114931,0.001143943226934655,0.009950583923249937,0.001143956522493132,0.00912444905114931,0.0011422181214472563,0.009950583923249937,0.0011422636890291136
BR5875b3,64.0,0.1455160858662542,0.007334292397087396,0.01603022719674554,0.0012486246318462097,0.01603022719674554,0.0012486246318462097,0.017802120884147603,0.001247112521528387,0.017802120884147603,0.001247112521528387,0.009553745906926906,0.014615319861116057,0.0012433957892211507,0.014615319861116057,0.0012433957892211507,0.015783282212717326,0.0012433957780808203,0.015783282212717326,0.0012433957780808203,0.010168832341170355,0.01104590045803858,0.0011696557116044534,0.011479505612564058,0.0011696548969505301,0.011682375552240712,0.0011410396306108846,0.012305623266033272,0.0011411164884298731,0.016959754491343272,0.0013097049462485954,0.016958993676545363,0.0013107383730482682,0.01685327253200626,0.0013375788091445906,0.016862096758862046,0.0013388650397936253,0.007334292397087396,0.017802120884147603,0.0012470920253158466,0.017802120884147603,0.0012470920253158466,0.017802120884147603,0.001247112521528387,0.017802120884147603,0.001247112521528387,0.01582826027874496,0.001314588024861439,0.01580936696114748,0.0013151496425500527,0.015979940123600073,0.0013145957861243544,0.01583725106274396,0.0013151493928453878,0.015783282212717326,0.0012427081905116823,0.015783282212717326,0.0012427081905116823,0.015783282212717326,0.0012433957780808203,0.015783282212717326,0.0012433957780808203,0.015825899024530403,0.0013103545300104738,0.014115576060855292,0.0013111804831756196,0.016438888787967388,0.0013413773876284948,0.015032846385255708,0.0013424951979082633,0.01104590045803858,0.0011696557116044534,0.011479505612564058,0.0011696548969505301,0.011682375552240712,0.0011410396306108846,0.012305623266033272,0.0011411164884298731,0.014615319861116057,0.0012433957892211507,0.014615319861116057,0.0012433957892211507,0.015783282212717326,0.0012433957780808203,0.015783282212717326,0.0012433957780808203,0.011682375552240712,0.0011402910567958379,0.012305623266033272,0.0011403824964093068,0.011682375552240712,0.0011410396306108846,0.012305623266033272,0.0011411164884298731
C13443cW,64.0,0.14887278061127673,0.011054017337428869,0.03215248250226151,0.0012502948209258142,0.03215248250226151,0.0012502948209258142,0.035969536893202904,0.001248414771700556,0.035969536893202904,0.001248414771700556,0.015216420858205026,0.025147222485690554,0.0012450139820279955,0.025147222485690554,0.0012450139820279955,0.02625602204295888,0.0012450139820279955,0.02625602204295888,0.0012450139820279955,0.011599068763568521,0.019443992513386504,0.0011742108538233581,0.020094277150519375,0.0011742212326518134,0.020313405527299083,0.0011413810575903838,0.02133331392147058,0.0011413443714117528,0.033675586683435614,0.0013207456044707492,0.033647549071737975,0.0013214328896371346,0.03433381446930089,0.0013510010174648075,0.03435944656961922,0.0013519878304826343,0.011054017337428869,0.035969536893202904,0.0012479581443236804,0.035969536893202904,0.0012479581443236804,0.035969536893202904,0.001248414771700556,0.035969536893202904,0.001248414771700556,0.026461411179009815,0.0012723747652417833,0.02644217087301051,0.0012728807806903647,0.02631811151714006,0.0012723747056834682,0.026317225787596293,0.001272885526541744,0.02625602204295888,0.0012449795325293954,0.02625602204295888,0.0012449795325293954,0.02625602204295888,0.0012450139820279955,0.02625602204295888,0.0012450139820279955,0.0332526039951681,0.0013062587819999178,0.023620447530284208,0.001306926493419515,0.03416890940405237,0.00134171706511559,0.026529966603143232,0.001342652652447996,0.019443992513386504,0.0011742108538233581,0.020094277150519375,0.0011742212326518134,0.020313405527299083,0.0011413810575903838,0.02133331392147058,0.0011413443714117528,0.025147222485690554,0.0012450139820279955,0.025147222485690554,0.0012450139820279955,0.02625602204295888,0.0012450139820279955,0.02625602204295888,0.0012450139820279955,0.020313405527299083,0.0011423272876337589,0.02133331392147058,0.0011424502600000037,0.020313405527299083,0.0011413810575903838,0.02133331392147058,0.0011413443714117528
C13451aW,64.0,0.1086281626396658,0.00864150568501591,0.020260961511837528,0.0012521806517269394,0.020260961511837528,0.0012521806517269394,0.021450297992517707,0.001250910975812834,0.021450297992517707,0.001250910975812834,0.011445803796639143,0.017240597640752028,0.0012476180806023347,0.017240597640752028,0.0012476180806023347,0.017501486177129332,0.0012476268982492772,0.017501486177129332,0.0012476268982492772,0.00814415228118207,0.011854380239575213,0.0011745880909848272,0.01188439169187208,0.0011745924769228867,0.012560382392598912,0.0011436828463955626,0.011839809535452273,0.0011437080651588273,0.02044610447474137,0.0013075491081187029,0.020489121646976576,0.0013084399287545782,0.021407300869534053,0.0013203650374796277,0.02140994291247779,0.0013214795340008064,0.00864150568501591,0.021450297992517707,0.0012507361227567263,0.021450297992517707,0.0012507361227567263,0.021450297992517707,0.001250910975812834,0.021450297992517707,0.001250910975812834,0.017123794068736094,0.0013004043543006993,0.01700251026866787,0.0013007484360153675,0.017445150853652273,0.0013004061659127202,0.017452917887161204,0.0013007530750044707,0.017501486177129332,0.0012472506122557336,0.017501486177129332,0.0012472506122557336,0.017501486177129332,0.0012476268982492772,0.017501486177129332,0.0012476268982492772,0.01970150646715614,0.0013058817889807083,0.0161546354895911,0.0013067590122290878,0.020183129483526657,0.0013268428392023638,0.016706152040536194,0.0013278794870562756,0.011854380239575213,0.0011745880909848272,0.01188439169187208,0.0011745924769228867,0.012560382392598912,0.0011436828463955626,0.011839809535452273,0.0011437080651588273,0.017240597640752028,0.0012476180806023347,0.017240597640752028,0.0012476180806023347,0.017501486177129332,0.0012476268982492772,0.017501486177129332,0.0012476268982492772,0.012560382392598912,0.0011431026348216761,0.011839809535452273,0.001143266743604502,0.012560382392598912,0.0011436828463955626,0.011839809535452273,0.0011437080651588273
C13459dW,64.0,0.14154193251210923,0.006749768159556843,0.02755945319940969,0.0012494778580170263,0.02755945319940969,0.0012494778580170263,0.027884752324082007,0.0012480493058852349,0.027884752324082007,0.0012480493058852349,0.01221793460490805,0.02087676610100051,0.0012451397859224835,0.02087676610100051,0.0012451397859224835,0.021587117942895577,0.0012451399527653349,0.021587117942895577,0.0012451399527653349,0.008700127904425165,0.017898284340498283,0.0011700842870274787,0.019627997273314428,0.0011701633715380938,0.018316900944151695,0.0011419363865566156,0.019977394914681677,0.0011419768921583967,0.028101166152815417,0.0012941527616840878,0.028127811571816704,0.0012947690097067732,0.028051981845468175,0.0013318863171814894,0.028047179280147282,0.001332966393970114,0.006749768159556843,0.027884752324082007,0.001247811643762329,0.027884752324082007,0.001247811643762329,0.027884752324082007,0.0012480493058852349,0.027884752324082007,0.0012480493058852349,0.0221912809497389,0.0012985190172499692,0.02218950569924842,0.001298976509390855,0.022466721891690293,0.0012985229762971352,0.02251106130892072,0.0012989784897177133,0.021587117942895577,0.0012453744011764374,0.021587117942895577,0.0012453744011764374,0.021587117942895577,0.0012451399527653349,0.021587117942895577,0.0012451399527653349,0.0260009163287784,0.0012923549930575827,0.022474544261345923,0.0012931713041880993,0.026764276036163066,0.0013416121202232427,0.023385801517666498,0.001342614024164348,0.017898284340498283,0.0011700842870274787,0.019627997273314428,0.0011701633715380938,0.018316900944151695,0.0011419363865566156,0.019977394914681677,0.0011419768921583967,0.02087676610100051,0.0012451397859224835,0.02087676610100051,0.0012451397859224835,0.021587117942895577,0.0012451399527653349,0.021587117942895577,0.0012451399527653349,0.018316900944151695,0.0011439968510496526,0.019977394914681677,0.0011441114192976107,0.018316900944151695,0.0011419363865566156,0.019977394914681677,0.0011419768921583967
DMSO71-102_2,384.0,0.6592225897688274,0.034508263649048396,0.0076689640831333694,0.007636312823984942,0.0076689640831333694,0.007636312823984942,0.0076626852185698565,0.007633542797863942,0.0076626852185698565,0.007633542797863942,0.034667034916155914,0.007649307577770646,0.007627488505883626,0.007649307577770646,0.007627488505883626,0.0076487824849497356,0.007627483458867455,0.0076487824849497356,0.007627483458867455,0.03492576215609898,0.007644063308968483,0.007638058386238672,0.0076423277483866625,0.007639271540856213,0.007641841531618746,0.007636433604937469,0.007641813901092126,0.0076377260757138745,0.007658880677437395,0.007641563652861106,0.007667745340319491,0.007646296941305831,0.007657368497174748,0.007642102948776555,0.007665764348996087,0.007647041738723462,0.034508263649048396,0.0076626852185698565,0.007633818446883691,0.0076626852185698565,0.007633818446883691,0.0076626852185698565,0.007633542797863942,0.0076626852185698565,0.007633542797863942,0.007647536172809002,0.007633187660372424,0.007653195787989817,0.007636914108271538,0.007646635733048176,0.00763319188588605,0.007652372373087993,0.007636912150439168,0.0076487824849497356,0.007627589137594676,0.0076487824849497356,0.007627589137594676,0.0076487824849497356,0.007627483458867455,0.0076487824849497356,0.007627483458867455,0.007661531451669511,0.007645093222110005,0.007657891862299991,0.0076489017212155695,0.007658812356025362,0.007644843378726143,0.007655424930368626,0.007649071944505432,0.007644063308968483,0.007638058386238672,0.0076423277483866625,0.007639271540856213,0.007641841531618746,0.007636433604937469,0.007641813901092126,0.0076377260757138745,0.007649307577770646,0.007627488505883626,0.007649307577770646,0.007627488505883626,0.0076487824849497356,0.007627483458867455,0.0076487824849497356,0.007627483458867455,0.007641841531618746,0.007636405593780041,0.007641813901092126,0.0076376258335434976,0.007641841531618746,0.007636433604937469,0.007641813901092126,0.0076377260757138745
Dest210531-152810,64.0,0.07181958000364011,0.005814498780621494,0.016125979075948874,0.0012495468172348092,0.016125979075948874,0.0012495468172348092,0.01920524098345021,0.001247735922032354,0.01920524098345021,0.001247735922032354,0.00832706600901418,0.012809980996062361,0.0012459750430263055,0.012809980996062361,0.0012459750430263055,0.013173516920118904,0.0012459549522925548,0.013173516920118904,0.0012459549522925548,0.0074299726386348915,0.008385719864873608,0.0011720700499252227,0.009625800263813527,0.0011721528085697867,0.008874292820607239,0.0011422648868105725,0.009708642822791191,0.0011422386912511432,0.01662984811028987,0.0013081280757342004,0.01666866314662815,0.0013090766745462153,0.016419697674341895,0.001310542225744847,0.016421801271917533,0.001311552785353166,0.005814498780621494,0.01920524098345021,0.0012473370627946636,0.01920524098345021,0.0012473370627946636,0.01920524098345021,0.001247735922032354,0.01920524098345021,0.001247735922032354,0.013265269876799605,0.0012804085263562247,0.013259041151775,0.001280736223313817,0.013602695705832096,0.0012804068230590172,0.013614571449241651,0.001280734642249704,0.013173516920118904,0.0012454799563030013,0.013173516920118904,0.0012454799563030013,0.013173516920118904,0.0012459549522925548,0.013173516920118904,0.0012459549522925548,0.01566791237567151,0.0013001687796162602,0.01191939585194583,0.0013009377261654195,0.015280720716949317,0.0013107789576886867,0.012083503548943775,0.001311786939341475,0.008385719864873608,0.0011720700499252227,0.009625800263813527,0.0011721528085697867,0.008874292820607239,0.0011422648868105725,0.009708642822791191,0.0011422386912511432,0.012809980996062361,0.0012459750430263055,0.012809980996062361,0.0012459750430263055,0.013173516920118904,0.0012459549522925548,0.013173516920118904,0.0012459549522925548,0.008874292820607239,0.0011413162284291947,0.009708642822791191,0.0011414212452723871,0.008874292820607239,0.0011422648868105725,0.009708642822791191,0.0011422386912511432
Dest210531-152945,64.0,0.07342113546381562,0.006592084143042192,0.009130715812991786,0.0012501810306260388,0.009130715812991786,0.0012501810306260388,0.010343999813501599,0.0012491110745243969,0.010343999813501599,0.0012491110745243969,0.007146651187240354,0.007435873368541627,0.0012454535293050257,0.007435873368541627,0.0012454535293050257,0.007803257146958308,0.0012454535293050257,0.007803257146958308,0.0012454535293050257,0.006689993268873772,0.004761185268247525,0.0011737091593677967,0.0055248511258718285,0.001173809021760933,0.0053731080498292,0.0011456421680241119,0.006521329251015355,0.0011457444055277429,0.00976138640624005,0.0013134795928779251,0.009761536751515903,0.0013140042418660644,0.009917285943747581,0.0013250429000612697,0.009918292413950558,0.001325792339124572,0.006592084143042192,0.010343999813501599,0.0012487296811214456,0.010343999813501599,0.0012487296811214456,0.010343999813501599,0.0012491110745243969,0.010343999813501599,0.0012491110745243969,0.007683521789240201,0.0012926034459000266,0.007681843280275127,0.0012928288716927774,0.008261549479860554,0.0012926025876315182,0.008265306452263818,0.0012928290741895342,0.007803257146958308,0.0012453924161416317,0.007803257146958308,0.0012453924161416317,0.007803257146958308,0.0012454535293050257,0.007803257146958308,0.0012454535293050257,0.008915819983177828,0.0013045786454963621,0.007559752570842249,0.0013052427760120602,0.008992398176152787,0.0013300730219679888,0.008336363036598116,0.0013308652254202184,0.004761185268247525,0.0011737091593677967,0.0055248511258718285,0.001173809021760933,0.0053731080498292,0.0011456421680241119,0.006521329251015355,0.0011457444055277429,0.007435873368541627,0.0012454535293050257,0.007435873368541627,0.0012454535293050257,0.007803257146958308,0.0012454535293050257,0.007803257146958308,0.0012454535293050257,0.0053731080498292,0.0011428772219101559,0.006521329251015355,0.0011430042677872856,0.0053731080498292,0.0011456421680241119,0.006521329251015355,0.0011457444055277429
Dest210531-153120,64.0,0.07687098581454382,0.006508104684183464,0.01254373340880077,0.001250305544235932,0.01254373340880077,0.001250305544235932,0.014866369735320219,0.001248530677207142,0.014866369735320219,0.001248530677207142,0.008068304242647657,0.010850246302899623,0.00124536716483496,0.010850246302899623,0.00124536716483496,0.011586743908875543,0.00124536716483496,0.011586743908875543,0.00124536716483496,0.006282961931757205,0.0072024368751872885,0.0011712834304190766,0.008722760726081611,0.0011712172661573579,0.007644079389359924,0.0011444983358214124,0.009007386311985157,0.0011444591417605482,0.013400395538328854,0.0013055466857724144,0.01338941004575181,0.00130658419382084,0.013399893112698607,0.001318670465914786,0.013406543169553127,0.0013197696863202582,0.006508104684183464,0.014866369735320219,0.001248350939078689,0.014866369735320219,0.001248350939078689,0.014866369735320219,0.001248530677207142,0.014866369735320219,0.001248530677207142,0.01203469556501374,0.0012829136497826805,0.012034673826161784,0.0012835241875410995,0.01210744670589655,0.0012829053748545534,0.012108707035449381,0.0012835294159921353,0.011586743908875543,0.0012452432129622076,0.011586743908875543,0.0012452432129622076,0.011586743908875543,0.00124536716483496,0.011586743908875543,0.00124536716483496,0.01344934861085001,0.001298339879322243,0.010231979404575837,0.001299166561689923,0.01341791041152424,0.0013198267023881514,0.010437786342513493,0.0013208731593778564,0.0072024368751872885,0.0011712834304190766,0.008722760726081611,0.0011712172661573579,0.007644079389359924,0.0011444983358214124,0.009007386311985157,0.0011444591417605482,0.010850246302899623,0.00124536716483496,0.010850246302899623,0.00124536716483496,0.011586743908875543,0.00124536716483496,0.011586743908875543,0.00124536716483496,0.007644079389359924,0.0011430235314965483,0.009007386311985157,0.001143052175992127,0.007644079389359924,0.0011444983358214124,0.009007386311985157,0.0011444591417605482
Dest210601-153606,64.0,0.07616467267200708,0.007374609040587179,0.017151289849250857,0.0012517630716661085,0.017151289849250857,0.0012517630716661085,0.01887774352824133,0.0012499780338462152,0.01887774352824133,0.0012499780338462152,0.011415425314275123,0.015547586993413838,0.001246295832610509,0.015547586993413838,0.001246295832610509,0.016635501787227495,0.0012462958663448716,0.016635501787227495,0.0012462958663448716,0.010473296920342583,0.009005556600290699,0.0011718928951563918,0.010080820440247294,0.0011719416313615244,0.009116713324484282,0.0011424791313587724,0.01019672897587846,0.0011425442533302807,0.01842257635043467,0.0013105266421400445,0.01842481486656766,0.0013112813227698472,0.01795999084263093,0.001371368079553704,0.017934801269418602,0.001372649446525352,0.007374609040587179,0.01887774352824133,0.0012495107330439449,0.01887774352824133,0.0012495107330439449,0.01887774352824133,0.0012499780338462152,0.01887774352824133,0.0012499780338462152,0.01656516849262481,0.0013039150478689199,0.016565893681191886,0.0013040719840408956,0.01674653219883009,0.0013039164215735148,0.0167499545061121,0.0013040693221363802,0.016635501787227495,0.0012463828614267891,0.016635501787227495,0.0012463828614267891,0.016635501787227495,0.0012462958663448716,0.016635501787227495,0.0012462958663448716,0.017465228087199774,0.001297402368969834,0.013260179750347417,0.0012980715506617955,0.01710843513579579,0.0013625660042490707,0.013749437966999244,0.0013636763318216818,0.009005556600290699,0.0011718928951563918,0.010080820440247294,0.0011719416313615244,0.009116713324484282,0.0011424791313587724,0.01019672897587846,0.0011425442533302807,0.015547586993413838,0.001246295832610509,0.015547586993413838,0.001246295832610509,0.016635501787227495,0.0012462958663448716,0.016635501787227495,0.0012462958663448716,0.009116713324484282,0.001140990067845124,0.01019672897587846,0.0011409982607939915,0.009116713324484282,0.0011424791313587724,0.01019672897587846,0.0011425442533302807
Dest210601-154924,64.0,0.0748341822425111,0.006099919444708492,0.01476674847389554,0.0012507474797701658,0.01476674847389554,0.0012507474797701658,0.015928351821107804,0.00124978144572548,0.015928351821107804,0.00124978144572548,0.009564487466168906,0.013555688198955624,0.001245670669068812,0.013555688198955624,0.001245670669068812,0.013633452709285763,0.0012456853828979918,0.013633452709285763,0.0012456853828979918,0.008297176202559707,0.008201417809663757,0.0011725463912015538,0.008018717485036173,0.0011726530276995409,0.008718351856247943,0.001141358289171134,0.00902648878128363,0.0011415131987600566,0.016005063802109996,0.0013186585133450584,0.016009132687099376,0.0013189311636067963,0.015772128742162165,0.0013235560258383853,0.01577435963358518,0.0013240507700380444,0.006099919444708492,0.015928351821107804,0.0012494441392052625,0.015928351821107804,0.0012494441392052625,0.015928351821107804,0.00124978144572548,0.015928351821107804,0.00124978144572548,0.0143488230629376,0.0013017518933797555,0.014321416231059432,0.0013019773695192556,0.014210113745477392,0.001301748639576843,0.014211139068152207,0.001301970521261286,0.013633452709285763,0.001245345548433583,0.013633452709285763,0.001245345548433583,0.013633452709285763,0.0012456853828979918,0.013633452709285763,0.0012456853828979918,0.014429860326050285,0.0013136765275554142,0.011570540203259268,0.0013141092482389105,0.01468673869659012,0.0013237286960365684,0.011872494804274646,0.0013242415499924273,0.008201417809663757,0.0011725463912015538,0.008018717485036173,0.0011726530276995409,0.008718351856247943,0.001141358289171134,0.00902648878128363,0.0011415131987600566,0.013555688198955624,0.001245670669068812,0.013555688198955624,0.001245670669068812,0.013633452709285763,0.0012456853828979918,0.013633452709285763,0.0012456853828979918,0.008718351856247943,0.001139949827075735,0.00902648878128363,0.001139917725594408,0.008718351856247943,0.001141358289171134,0.00902648878128363,0.0011415131987600566
Dest210601-155059,64.0,0.04951985980088272,0.007073768032584045,0.013213690396856928,0.001251223984390334,0.013213690396856928,0.001251223984390334,0.01302333879629372,0.0012496477594298068,0.01302333879629372,0.0012496477594298068,0.008318668574991321,0.009148596543544553,0.0012456072675673382,0.009148596543544553,0.0012456072675673382,0.009738260037932244,0.0012456072675673382,0.009738260037932244,0.0012456072675673382,0.00754245980655014,0.007243484261755598,0.0011734163316204982,0.007896624195430454,0.0011733856403175502,0.0072128953545470866,0.0011438400848035005,0.007483390991164734,0.0011439540902957882,0.013293828122608658,0.0013144840780164614,0.013285166483331652,0.0013153645150828291,0.012868078069403549,0.0013123287899776525,0.012869114343792953,0.0013133796335761953,0.007073768032584045,0.01302333879629372,0.0012486664938171736,0.01302333879629372,0.0012486664938171736,0.01302333879629372,0.0012496477594298068,0.01302333879629372,0.0012496477594298068,0.010435183960078696,0.0012865677868283117,0.01041655582340194,0.0012871371284637982,0.010844273313008279,0.0012865674724221053,0.010846092810238721,0.0012871365902313075,0.009738260037932244,0.0012456697050544287,0.009738260037932244,0.0012456697050544287,0.009738260037932244,0.0012456072675673382,0.009738260037932244,0.0012456072675673382,0.01260389696690831,0.0013084725926413383,0.010434280773736544,0.0013092455664560727,0.011806270662606916,0.0013070110280276504,0.010363676302277497,0.001307821559796068,0.007243484261755598,0.0011734163316204982,0.007896624195430454,0.0011733856403175502,0.0072128953545470866,0.0011438400848035005,0.007483390991164734,0.0011439540902957882,0.009148596543544553,0.0012456072675673382,0.009148596543544553,0.0012456072675673382,0.009738260037932244,0.0012456072675673382,0.009738260037932244,0.0012456072675673382,0.0072128953545470866,0.0011442993226348209,0.007483390991164734,0.00114429321146242,0.0072128953545470866,0.0011438400848035005,0.007483390991164734,0.0011439540902957882
Dest210607-134443,64.0,0.050764680341295734,0.006726433119153671,0.02998234031460577,0.001250343789658503,0.02998234031460577,0.001250343789658503,0.033817595327186215,0.0012481495561612094,0.033817595327186215,0.0012481495561612094,0.01263149596252066,0.026242492814011382,0.0012444378527613727,0.026242492814011382,0.0012444378527613727,0.026385670126912217,0.0012444296181628055,0.026385670126912217,0.0012444296181628055,0.010117387021809449,0.010090038338809686,0.0011704193885689943,0.013552139752914357,0.0011705384092596009,0.010773762795680463,0.0011428700464010447,0.015471455348279432,0.0011428199776628153,0.031046742310649904,0.0013140584078867377,0.031036486025906564,0.0013146932616166097,0.0325336405144483,0.0013621147265897016,0.032523137501498316,0.0013631504455045072,0.006726433119153671,0.033817595327186215,0.0012483711519402912,0.033817595327186215,0.0012483711519402912,0.033817595327186215,0.0012481495561612094,0.033817595327186215,0.0012481495561612094,0.027013362442047485,0.001312247814172696,0.02700866680838041,0.0013127569520762121,0.02658371254782112,0.0013122504758425536,0.026587029702338442,0.0013127597294261435,0.026385670126912217,0.0012448775711422723,0.026385670126912217,0.0012448775711422723,0.026385670126912217,0.0012444296181628055,0.026385670126912217,0.0012444296181628055,0.030890467771511786,0.0013065346192662752,0.02212089173731971,0.001307110130927919,0.03168043299807633,0.0013656873827403906,0.024775253874073252,0.00136654134800075,0.010090038338809686,0.0011704193885689943,0.013552139752914357,0.0011705384092596009,0.010773762795680463,0.0011428700464010447,0.015471455348279432,0.0011428199776628153,0.026242492814011382,0.0012444378527613727,0.026242492814011382,0.0012444378527613727,0.026385670126912217,0.0012444296181628055,0.026385670126912217,0.0012444296181628055,0.010773762795680463,0.0011419957965473895,0.015471455348279432,0.001142009157647834,0.010773762795680463,0.0011428700464010447,0.015471455348279432,0.0011428199776628153
Dest210607-135106,64.0,0.03829617304780717,0.006058002124597605,0.02456229402925481,0.001248634611247998,0.02456229402925481,0.001248634611247998,0.026187111744131186,0.0012470585797387241,0.026187111744131186,0.0012470585797387241,0.011483859051330701,0.019798340451071626,0.001243020674167985,0.019798340451071626,0.001243020674167985,0.021060234948057758,0.001243020674167985,0.021060234948057758,0.001243020674167985,0.009515367921989525,0.012806256564114004,0.0011691957220950286,0.015155739384661273,0.0011691116994118607,0.01278248773905242,0.0011394648999050476,0.015580229923580206,0.0011395679641698813,0.02558922475304229,0.0013021995283167018,0.025590941749269323,0.0013030714228347,0.026303834244230915,0.0013472328205650257,0.026303920588568983,0.0013484244949995396,0.006058002124597605,0.026187111744131186,0.0012469413788947553,0.026187111744131186,0.0012469413788947553,0.026187111744131186,0.0012470585797387241,0.026187111744131186,0.0012470585797387241,0.02085234690488882,0.0013071099298409927,0.020853589053984673,0.001307686407360784,0.020795772606383257,0.0013071105439242936,0.02081055285323933,0.001307686440702858,0.021060234948057758,0.0012432791637181594,0.021060234948057758,0.0012432791637181594,0.021060234948057758,0.001243020674167985,0.021060234948057758,0.001243020674167985,0.024032278189336957,0.0012930982948083896,0.021324514983576858,0.001293851906237021,0.024682332772395604,0.0013461557292043153,0.021230924735668413,0.001347212564470123,0.012806256564114004,0.0011691957220950286,0.015155739384661273,0.0011691116994118607,0.01278248773905242,0.0011394648999050476,0.015580229923580206,0.0011395679641698813,0.019798340451071626,0.001243020674167985,0.019798340451071626,0.001243020674167985,0.021060234948057758,0.001243020674167985,0.021060234948057758,0.001243020674167985,0.01278248773905242,0.0011390371186417887,0.015580229923580206,0.0011392036237362793,0.01278248773905242,0.0011394648999050476,0.015580229923580206,0.0011395679641698813
Dest210607-140420,64.0,0.09822154520309467,0.007132817952628473,0.013428234098693445,0.0012508805301513185,0.013428234098693445,0.0012508805301513185,0.015660349433040368,0.001248812131841604,0.015660349433040368,0.001248812131841604,0.01147453709776214,0.011394732248842358,0.001245333113993129,0.011394732248842358,0.001245333113993129,0.012050313650678419,0.001245336211259072,0.012050313650678419,0.001245336211259072,0.009230114043629205,0.00815542161504947,0.0011762386226237208,0.009422124331574291,0.0011762916528043517,0.008427791104532364,0.001142495388625611,0.009106639645736225,0.0011425112695456635,0.0142352503890116,0.0013130867411563943,0.014234454639963898,0.0013138741230743847,0.014665560954874847,0.0013405520902150694,0.014667100264293218,0.0013416586800494101,0.007132817952628473,0.015660349433040368,0.0012483718288027665,0.015660349433040368,0.0012483718288027665,0.015660349433040368,0.001248812131841604,0.015660349433040368,0.001248812131841604,0.011238843292687479,0.0012853351520382987,0.011242826107720103,0.0012858487831176393,0.011905543338609948,0.001285336663136446,0.011906959514291453,0.0012858492466937476,0.012050313650678419,0.001245105308077522,0.012050313650678419,0.001245105308077522,0.012050313650678419,0.001245336211259072,0.012050313650678419,0.001245336211259072,0.01312878419976603,0.0013043926270533035,0.01105038216115471,0.0013050947130131124,0.013552041014057475,0.0013354764715776482,0.0110200106489769,0.00133641756857314,0.00815542161504947,0.0011762386226237208,0.009422124331574291,0.0011762916528043517,0.008427791104532364,0.001142495388625611,0.009106639645736225,0.0011425112695456635,0.011394732248842358,0.001245333113993129,0.011394732248842358,0.001245333113993129,0.012050313650678419,0.001245336211259072,0.012050313650678419,0.001245336211259072,0.008427791104532364,0.0011417178033728262,0.009106639645736225,0.0011417973968393376,0.008427791104532364,0.001142495388625611,0.009106639645736225,0.0011425112695456635
Dest210608-151243,64.0,0.07021311841731746,0.006448659048992617,0.01794167112667398,0.0012497736983356103,0.01794167112667398,0.0012497736983356103,0.01954098558606483,0.0012487048999778123,0.01954098558606483,0.0012487048999778123,0.009982436044978173,0.01486255364428149,0.001244200550720467,0.01486255364428149,0.001244200550720467,0.015615558551497391,0.0012441991604878828,0.015615558551497391,0.0012441991604878828,0.007362305193386411,0.013121587184999837,0.00117258228274678,0.013968178086310007,0.00117267192326273,0.01346252109318658,0.0011420437481236936,0.014150250133761772,0.0011420527661135482,0.018409678270453835,0.001326608517602115,0.018410939703662192,0.0013273583917803825,0.018507311344525962,0.0013646279448064436,0.018506434696338878,0.0013658313211294172,0.006448659048992617,0.01954098558606483,0.001248252124861535,0.01954098558606483,0.001248252124861535,0.01954098558606483,0.0012487048999778123,0.01954098558606483,0.0012487048999778123,0.016344237971485934,0.0013169937763498408,0.0163440055147928,0.0013174415407267704,0.0161999466218529,0.0013169969342424778,0.016197039904618942,0.0013174486968049522,0.015615558551497391,0.0012443787286659529,0.015615558551497391,0.0012443787286659529,0.015615558551497391,0.0012441991604878828,0.015615558551497391,0.0012441991604878828,0.017471448720177387,0.0013207294659788146,0.016302617881412844,0.0013216061378033093,0.017897489767195685,0.0013710308777762112,0.016983272635525317,0.0013720680525353037,0.013121587184999837,0.00117258228274678,0.013968178086310007,0.00117267192326273,0.01346252109318658,0.0011420437481236936,0.014150250133761772,0.0011420527661135482,0.01486255364428149,0.001244200550720467,0.01486255364428149,0.001244200550720467,0.015615558551497391,0.0012441991604878828,0.015615558551497391,0.0012441991604878828,0.01346252109318658,0.001141851622963741,0.014150250133761772,0.0011418761347609613,0.01346252109318658,0.0011420437481236936,0.014150250133761772,0.0011420527661135482
Dest210608-151418,64.0,0.07211574002545496,0.0054314708341228176,0.014339001055794144,0.001248459852989923,0.014339001055794144,0.001248459852989923,0.017182695172650912,0.001247369408581087,0.017182695172650912,0.001247369408581087,0.008351537498066209,0.014052285218701437,0.0012444271022966802,0.014052285218701437,0.0012444271022966802,0.014262040709851768,0.0012444271022966802,0.014262040709851768,0.0012444271022966802,0.006608354461198453,0.009515743164956719,0.0011721727230976085,0.010210739248095542,0.0011721175181378355,0.009765147456782811,0.0011430227861861672,0.010550461699444598,0.001143103583104021,0.015027034849645158,0.0013160574456157214,0.015029965884211632,0.001316974495043857,0.01561823561585328,0.0013160581047762985,0.015585755054276184,0.0013170021156456632,0.0054314708341228176,0.017182695172650912,0.0012473557281663756,0.017182695172650912,0.0012473557281663756,0.017182695172650912,0.001247369408581087,0.017182695172650912,0.001247369408581087,0.014063295546900603,0.0012864925229732348,0.01407429586072789,0.0012870977487960823,0.013951358873322021,0.0012864913072983739,0.013955129819361912,0.0012870965077005064,0.014262040709851768,0.0012443867420635064,0.014262040709851768,0.0012443867420635064,0.014262040709851768,0.0012444271022966802,0.014262040709851768,0.0012444271022966802,0.01417864709944294,0.0013118637341946674,0.011829535588669293,0.001312675668317967,0.014773004023639924,0.001323209095294569,0.012109281440577276,0.0013241309557819989,0.009515743164956719,0.0011721727230976085,0.010210739248095542,0.0011721175181378355,0.009765147456782811,0.0011430227861861672,0.010550461699444598,0.001143103583104021,0.014052285218701437,0.0012444271022966802,0.014052285218701437,0.0012444271022966802,0.014262040709851768,0.0012444271022966802,0.014262040709851768,0.0012444271022966802,0.009765147456782811,0.0011433488133395413,0.010550461699444598,0.0011433773365112855,0.009765147456782811,0.0011430227861861672,0.010550461699444598,0.001143103583104021
Dest210608-152610,61.0,0.04174101542617741,0.006027227257428979,0.01270447771833201,0.0011816716547059705,0.01270447771833201,0.0011816716547059705,0.014306361076572242,0.0011798197142650194,0.014306361076572242,0.0011798197142650194,0.011175444851936741,0.009781174027062222,0.0011755377540582832,0.009781174027062222,0.0011755377540582832,0.010317461193725121,0.0011755377540582832,0.010317461193725121,0.0011755377540582832,0.009270025880630537,0.006941718853533614,0.0011091048320245106,0.007295986980863985,0.0011092399993932963,0.007499347852035214,0.0010833341873584615,0.007177417090118066,0.0010834225128391374,0.013758655493606267,0.001232919262142661,0.013804089148332152,0.0012336022838873874,0.014176133941202141,0.0012611702142862064,0.014178802161783341,0.0012620186141263162,0.006027227257428979,0.014306361076572242,0.0011797917758401251,0.014306361076572242,0.0011797917758401251,0.014306361076572242,0.0011798197142650194,0.014306361076572242,0.0011798197142650194,0.010836111015589296,0.0012167129401429205,0.010837749715483973,0.0012170210252918227,0.010744883168610948,0.0012167114184689143,0.010740194672331333,0.001217031822272004,0.010317461193725121,0.0011757567920559467,0.010317461193725121,0.0011757567920559467,0.010317461193725121,0.0011755377540582832,0.010317461193725121,0.0011755377540582832,0.012573741487267923,0.0012272083563816566,0.009937649969950819,0.0012277765633542123,0.013323859674210693,0.0012568935372244043,0.00971893314166468,0.00125772974167732,0.006941718853533614,0.0011091048320245106,0.007295986980863985,0.0011092399993932963,0.007499347852035214,0.0010833341873584615,0.007177417090118066,0.0010834225128391374,0.009781174027062222,0.0011755377540582832,0.009781174027062222,0.0011755377540582832,0.010317461193725121,0.0011755377540582832,0.010317461193725121,0.0011755377540582832,0.007499347852035214,0.0010828316494122209,0.007177417090118066,0.001082916822574213,0.007499347852035214,0.0010833341873584615,0.007177417090118066,0.0010834225128391374
Dest210614-163446,64.0,0.047055799667364936,0.007125620361306409,0.01505585700460569,0.0012498992622557343,0.01505585700460569,0.0012498992622557343,0.014419015032390577,0.0012473774781485967,0.014419015032390577,0.0012473774781485967,0.009665188573773952,0.01189449843596398,0.0012440721015374056,0.01189449843596398,0.0012440721015374056,0.01245956440991255,0.0012440567891242422,0.01245956440991255,0.0012440567891242422,0.008357963022508243,0.007249285948683863,0.001171201567528583,0.0076688721058338,0.0011710739896413586,0.006586095976782182,0.0011451586621725135,0.007838512393937937,0.0011450742364620126,0.015297694152170594,0.001302904000591709,0.015297924007244034,0.0013039203923337556,0.01413963082958253,0.001315633594553298,0.014146976947331295,0.0013167407394840392,0.007125620361306409,0.014419015032390577,0.0012477031513109566,0.014419015032390577,0.0012477031513109566,0.014419015032390577,0.0012473774781485967,0.014419015032390577,0.0012473774781485967,0.012259848052059916,0.00127529350396944,0.012249505489754443,0.001275802416778261,0.012506346965296986,0.0012752853528104249,0.012502771512011136,0.001275797451436708,0.01245956440991255,0.0012445137637458067,0.01245956440991255,0.0012445137637458067,0.01245956440991255,0.0012440567891242422,0.01245956440991255,0.0012440567891242422,0.014621474190980588,0.001296731271753194,0.01101752029940062,0.001297642144363677,0.01327161706029352,0.0013163558736154083,0.010169221159051672,0.0013174587510857902,0.007249285948683863,0.001171201567528583,0.0076688721058338,0.0011710739896413586,0.006586095976782182,0.0011451586621725135,0.007838512393937937,0.0011450742364620126,0.01189449843596398,0.0012440721015374056,0.01189449843596398,0.0012440721015374056,0.01245956440991255,0.0012440567891242422,0.01245956440991255,0.0012440567891242422,0.006586095976782182,0.0011440366298577239,0.007838512393937937,0.0011441246224637078,0.006586095976782182,0.0011451586621725135,0.007838512393937937,0.0011450742364620126
Dest210614-163756,64.0,0.04777207570810351,0.007598333379517692,0.012830512684446954,0.0012496343089483863,0.012830512684446954,0.0012496343089483863,0.013782088493583592,0.0012480733994027426,0.013782088493583592,0.0012480733994027426,0.011382463508873434,0.01051898023236197,0.0012440221523919268,0.01051898023236197,0.0012440221523919268,0.010603221801905151,0.0012440203290555337,0.010603221801905151,0.0012440203290555337,0.009775148525564936,0.006397668049556237,0.0011720315619928301,0.007650020380123555,0.0011720258334867095,0.006953335739951999,0.0011441713557160994,0.007979069107349404,0.0011442305370155295,0.012978546165889164,0.001316717128266123,0.012975114775030315,0.0013176881209815093,0.013300056838880976,0.0013459522743789049,0.01329875730804219,0.0013470741031052541,0.007598333379517692,0.013782088493583592,0.0012484554201572491,0.013782088493583592,0.0012484554201572491,0.013782088493583592,0.0012480733994027426,0.013782088493583592,0.0012480733994027426,0.010654689339680563,0.001306905473707236,0.010646023630500876,0.0013074192317110375,0.011024037325583203,0.0013069070746623555,0.011029877869721223,0.0013074150598924477,0.010603221801905151,0.0012440864134164822,0.010603221801905151,0.0012440864134164822,0.010603221801905151,0.0012440203290555337,0.010603221801905151,0.0012440203290555337,0.012054478538168493,0.0013061861587304274,0.010152488106610015,0.0013071055106553655,0.012360598467899244,0.001342098158228212,0.010258381348621714,0.001343323099341516,0.006397668049556237,0.0011720315619928301,0.007650020380123555,0.0011720258334867095,0.006953335739951999,0.0011441713557160994,0.007979069107349404,0.0011442305370155295,0.01051898023236197,0.0012440221523919268,0.01051898023236197,0.0012440221523919268,0.010603221801905151,0.0012440203290555337,0.010603221801905151,0.0012440203290555337,0.006953335739951999,0.001144056801989008,0.007979069107349404,0.0011440191417331773,0.006953335739951999,0.0011441713557160994,0.007979069107349404,0.0011442305370155295
Dest210614-164730,60.0,0.03398346458137831,0.007322200921891916,0.014113790101551218,0.001162073597260896,0.014113790101551218,0.001162073597260896,0.015934286759422815,0.0011608110957369553,0.015934286759422815,0.0011608110957369553,0.01041043285455481,0.011880483663623747,0.001157422405150287,0.011880483663623747,0.001157422405150287,0.012481492633646675,0.001157422405150287,0.012481492633646675,0.001157422405150287,0.00948780740625549,0.004619947449246357,0.0010882751560268497,0.006965240502458951,0.0010882978700361811,0.004821805144555073,0.001062567637852014,0.007083910945672542,0.001062564808746523,0.015454706988002552,0.0012142899824703474,0.015449599206201849,0.0012151949522013275,0.01556154406065554,0.0012326804791084338,0.015587218426882685,0.0012338718987295356,0.007322200921891916,0.015934286759422815,0.0011608711816528375,0.015934286759422815,0.0011608711816528375,0.015934286759422815,0.0011608110957369553,0.015934286759422815,0.0011608110957369553,0.013144277725791964,0.0011869204648190552,0.013144007070745317,0.001187428122317631,0.013230936703374715,0.0011869197182569375,0.013237410923399672,0.0011874283483783196,0.012481492633646675,0.001157448878590842,0.012481492633646675,0.001157448878590842,0.012481492633646675,0.001157422405150287,0.012481492633646675,0.001157422405150287,0.014119586240781643,0.0012013424052267868,0.009318444856303657,0.0012022608610590417,0.01387612191491714,0.0012301409207727322,0.009604407229649245,0.0012312801006427255,0.004619947449246357,0.0010882751560268497,0.006965240502458951,0.0010882978700361811,0.004821805144555073,0.001062567637852014,0.007083910945672542,0.001062564808746523,0.011880483663623747,0.001157422405150287,0.011880483663623747,0.001157422405150287,0.012481492633646675,0.001157422405150287,0.012481492633646675,0.001157422405150287,0.004821805144555073,0.0010611983904896057,0.007083910945672542,0.00106117048183774,0.004821805144555073,0.001062567637852014,0.007083910945672542,0.001062564808746523
Dest210615-151336,61.0,0.054177370935831554,0.008525336254641091,0.016137700232628966,0.0011818231917177337,0.016137700232628966,0.0011818231917177337,0.01964751519795331,0.0011806297073653313,0.01964751519795331,0.0011806297073653313,0.010160382063280451,0.013084510738634848,0.0011766181462042145,0.013084510738634848,0.0011766181462042145,0.013753284201226672,0.0011766208376253618,0.013753284201226672,0.0011766208376253618,0.009214937042677965,0.008636619314024187,0.0011060339035994227,0.009678841164931526,0.0011060331476844783,0.009048119737646774,0.0010839884289118864,0.01045419205184483,0.0010839830645562602,0.017597285303393616,0.0012352212840218636,0.01759619440437496,0.0012357619565963615,0.018070860496699367,0.0012241363091817024,0.018210357948136295,0.001224662021874873,0.008525336254641091,0.01964751519795331,0.0011808749845470183,0.01964751519795331,0.0011808749845470183,0.01964751519795331,0.0011806297073653313,0.01964751519795331,0.0011806297073653313,0.01300033635905204,0.0012189197745328783,0.013005674095624732,0.001219371028557737,0.01334827936850786,0.0012189216322722584,0.013349659523364631,0.001219384507223555,0.013753284201226672,0.0011767371733109404,0.013753284201226672,0.0011767371733109404,0.013753284201226672,0.0011766208376253618,0.013753284201226672,0.0011766208376253618,0.01632978469628572,0.0012258360569438452,0.01187156808785671,0.0012263835808830432,0.01704095544524492,0.0012227596723819885,0.012663932211198716,0.001223360170011873,0.008636619314024187,0.0011060339035994227,0.009678841164931526,0.0011060331476844783,0.009048119737646774,0.0010839884289118864,0.01045419205184483,0.0010839830645562602,0.013084510738634848,0.0011766181462042145,0.013084510738634848,0.0011766181462042145,0.013753284201226672,0.0011766208376253618,0.013753284201226672,0.0011766208376253618,0.009048119737646774,0.0010839329257802152,0.01045419205184483,0.0010839400139086282,0.009048119737646774,0.0010839884289118864,0.01045419205184483,0.0010839830645562602
Dest210615-152648,61.0,0.032526086306798846,0.011149602399084687,0.01203440943248127,0.0011807466627542689,0.01203440943248127,0.0011807466627542689,0.013288194112213438,0.001180185406698277,0.013288194112213438,0.001180185406698277,0.012824134997603624,0.00937829928721479,0.0011758218392895466,0.00937829928721479,0.0011758218392895466,0.009882095059242871,0.0011758218392895466,0.009882095059242871,0.0011758218392895466,0.010914660392908594,0.005588211364023169,0.0011067353813855032,0.0072264040590147545,0.0011069059329013207,0.005618456955911235,0.0010831584360674418,0.007394391489576654,0.001083327740476595,0.012569822570487846,0.0012373879704517545,0.012569561817249606,0.0012380446886878125,0.01276031818997812,0.0012570993618861125,0.012760931542750594,0.0012579410143543416,0.011149602399084687,0.013288194112213438,0.0011795190532521798,0.013288194112213438,0.0011795190532521798,0.013288194112213438,0.001180185406698277,0.013288194112213438,0.001180185406698277,0.010277377912482708,0.0012154831502502934,0.010281156826467342,0.0012160224770754926,0.010118648087691003,0.0012154808674582412,0.010105424570502331,0.0012160264258408073,0.009882095059242871,0.0011753528186680252,0.009882095059242871,0.0011753528186680252,0.009882095059242871,0.0011758218392895466,0.009882095059242871,0.0011758218392895466,0.01171358507116078,0.001230921585125637,0.009571398855468281,0.0012316601243030985,0.011696829280274197,0.001252780617339491,0.009893858617757144,0.0012535312358550605,0.005588211364023169,0.0011067353813855032,0.0072264040590147545,0.0011069059329013207,0.005618456955911235,0.0010831584360674418,0.007394391489576654,0.001083327740476595,0.00937829928721479,0.0011758218392895466,0.00937829928721479,0.0011758218392895466,0.009882095059242871,0.0011758218392895466,0.009882095059242871,0.0011758218392895466,0.005618456955911235,0.0010801918293501336,0.007394391489576654,0.0010803045583191557,0.005618456955911235,0.0010831584360674418,0.007394391489576654,0.001083327740476595
Dest210615-153137,60.0,0.04180724879678351,0.009763394212142232,0.015348739512121356,0.0011618068054314822,0.015348739512121356,0.0011618068054314822,0.014344512121988787,0.0011612719928933658,0.014344512121988787,0.0011612719928933658,0.012672575355105199,0.011687516178189061,0.0011572124627687304,0.011687516178189061,0.0011572124627687304,0.011884652157780451,0.0011572124627687304,0.011884652157780451,0.0011572124627687304,0.011043658156492638,0.005424823960627329,0.0010880187439210817,0.007482034491740383,0.0010880310423972196,0.005644427484485778,0.0010624548127872039,0.007696223404806274,0.001062503509206503,0.015176268556124984,0.0012222675822369763,0.015151355825631502,0.0012228082105490226,0.0155129258417418,0.0012210524469750332,0.015514014636499289,0.0012216452065608597,0.009763394212142232,0.014344512121988787,0.0011605665820732247,0.014344512121988787,0.0011605665820732247,0.014344512121988787,0.0011612719928933658,0.014344512121988787,0.0011612719928933658,0.012723126149129953,0.0011933969471846543,0.012709852228854963,0.001193742460638062,0.012536596723036088,0.001193391750709818,0.012515464988578435,0.0011937380934715486,0.011884652157780451,0.0011572388887632179,0.011884652157780451,0.0011572388887632179,0.011884652157780451,0.0011572124627687304,0.011884652157780451,0.0011572124627687304,0.013939001058069856,0.0012177548931121005,0.012144864444578152,0.0012183725568914497,0.0149454247773596,0.001222109615681648,0.011873037902277688,0.0012226670548699948,0.005424823960627329,0.0010880187439210817,0.007482034491740383,0.0010880310423972196,0.005644427484485778,0.0010624548127872039,0.007696223404806274,0.001062503509206503,0.011687516178189061,0.0011572124627687304,0.011687516178189061,0.0011572124627687304,0.011884652157780451,0.0011572124627687304,0.011884652157780451,0.0011572124627687304,0.005644427484485778,0.0010591772528161588,0.007696223404806274,0.00105922245384064,0.005644427484485778,0.0010624548127872039,0.007696223404806274,0.001062503509206503
Dest210621-133027,64.0,0.0490718931804172,0.012789708879727435,0.011229101213903117,0.0012499695912209809,0.011229101213903117,0.0012499695912209809,0.014072644221409594,0.0012482140707528002,0.014072644221409594,0.0012482140707528002,0.014981595733621275,0.008269260144453727,0.0012439782410059229,0.008269260144453727,0.0012439782410059229,0.008696984327560407,0.0012439782410059229,0.008696984327560407,0.0012439782410059229,0.013427025375467671,0.006188275292037119,0.0011701361689349739,0.006914071525826589,0.0011701312074502556,0.006616702292298201,0.0011422226311644313,0.007503943886407233,0.001142292759289483,0.012972592021398709,0.0013093447151354169,0.012968960118231643,0.001310145140932603,0.01361770581194568,0.001314415307427966,0.013618881776804117,0.0013152657092921735,0.012789708879727435,0.014072644221409594,0.0012475211153048166,0.014072644221409594,0.0012475211153048166,0.014072644221409594,0.0012482140707528002,0.014072644221409594,0.0012482140707528002,0.009229084161598433,0.0012939212584104135,0.009227507245635319,0.0012944808477645708,0.009326414240321995,0.001293918635072303,0.009332071437605796,0.001294489836396933,0.008696984327560407,0.0012440133044160238,0.008696984327560407,0.0012440133044160238,0.008696984327560407,0.0012439782410059229,0.008696984327560407,0.0012439782410059229,0.0122196706471962,0.0013073737099054009,0.00883530642216335,0.0013082500572776355,0.012444421315190773,0.0013150644460337168,0.009271504925509993,0.0013159816420527486,0.006188275292037119,0.0011701361689349739,0.006914071525826589,0.0011701312074502556,0.006616702292298201,0.0011422226311644313,0.007503943886407233,0.001142292759289483,0.008269260144453727,0.0012439782410059229,0.008269260144453727,0.0012439782410059229,0.008696984327560407,0.0012439782410059229,0.008696984327560407,0.0012439782410059229,0.006616702292298201,0.0011410498950291074,0.007503943886407233,0.0011411695969804538,0.006616702292298201,0.0011422226311644313,0.007503943886407233,0.001142292759289483
Dest210621-133202,64.0,0.05076644047388442,0.010022162283904705,0.011598343480678673,0.0012508345502877214,0.011598343480678673,0.0012508345502877214,0.014384227173667585,0.001249118250887124,0.014384227173667585,0.001249118250887124,0.011413602681020025,0.010315486927471055,0.0012459564197928076,0.010315486927471055,0.0012459564197928076,0.010403942509110756,0.0012459564197928076,0.010403942509110756,0.0012459564197928076,0.010141144850675417,0.007253899583578365,0.0011725436241223914,0.007607346825362463,0.001172698992689358,0.007412026711591602,0.0011441723035295255,0.008215023853229045,0.001144197008254125,0.01259441149867161,0.001312221703623756,0.012595459815486557,0.001313129412413618,0.012848501517879373,0.0013108376282622142,0.012850360419766992,0.0013116885842716468,0.010022162283904705,0.014384227173667585,0.0012488292510274696,0.014384227173667585,0.0012488292510274696,0.014384227173667585,0.001249118250887124,0.014384227173667585,0.001249118250887124,0.010660892553449946,0.0012875037425900222,0.010668340660667484,0.0012880717841811627,0.010857683185479425,0.001287517921537707,0.01085952824670537,0.00128806846022508,0.010403942509110756,0.0012458729137903677,0.010403942509110756,0.0012458729137903677,0.010403942509110756,0.0012459564197928076,0.010403942509110756,0.0012459564197928076,0.011978765661655694,0.001305759273967112,0.008668926447830927,0.0013065976309174182,0.01206945324551673,0.0013163956466460056,0.010039553282283788,0.0013171919019757338,0.007253899583578365,0.0011725436241223914,0.007607346825362463,0.001172698992689358,0.007412026711591602,0.0011441723035295255,0.008215023853229045,0.001144197008254125,0.010315486927471055,0.0012459564197928076,0.010315486927471055,0.0012459564197928076,0.010403942509110756,0.0012459564197928076,0.010403942509110756,0.0012459564197928076,0.007412026711591602,0.0011426532497632808,0.008215023853229045,0.0011426875936958092,0.007412026711591602,0.0011441723035295255,0.008215023853229045,0.001144197008254125
Dest210621-134826,64.0,0.02965033703280005,0.004953673170082599,0.009878860423317986,0.001251228529244523,0.009878860423317986,0.001251228529244523,0.010802702045909832,0.001249285709763987,0.010802702045909832,0.001249285709763987,0.006485054750951624,0.009038127816362736,0.0012466709062645808,0.009038127816362736,0.0012466709062645808,0.009486610214840823,0.0012466709062645808,0.009486610214840823,0.0012466709062645808,0.006357581101675335,0.006677025763010788,0.0011736617073896138,0.007125125363181702,0.0011737263962478767,0.007713909591877826,0.001142839289902707,0.007832197534448675,0.0011428949226604482,0.01008986305103693,0.0013227613866139678,0.01009964553940855,0.0013238161962225382,0.010835488784468626,0.0013352178547251204,0.010959134248340984,0.0013364222994714811,0.004953673170082599,0.010802702045909832,0.0012490518592903942,0.010802702045909832,0.0012490518592903942,0.010802702045909832,0.001249285709763987,0.010802702045909832,0.001249285709763987,0.009602159668740212,0.001315595243797359,0.009603662840573741,0.0013159294915100728,0.00963201887198711,0.0013155926962266356,0.009757383314537635,0.001315929334585613,0.009486610214840823,0.0012464093932637696,0.009486610214840823,0.0012464093932637696,0.009486610214840823,0.0012466709062645808,0.009486610214840823,0.0012466709062645808,0.009767655619202825,0.0013137181263453066,0.00876199810835115,0.001314719865134107,0.010552376606384134,0.001341305777262639,0.009417963508121246,0.0013423357884156605,0.006677025763010788,0.0011736617073896138,0.007125125363181702,0.0011737263962478767,0.007713909591877826,0.001142839289902707,0.007832197534448675,0.0011428949226604482,0.009038127816362736,0.0012466709062645808,0.009038127816362736,0.0012466709062645808,0.009486610214840823,0.0012466709062645808,0.009486610214840823,0.0012466709062645808,0.007713909591877826,0.0011413430418428583,0.007832197534448675,0.0011413755824886554,0.007713909591877826,0.001142839289902707,0.007832197534448675,0.0011428949226604482
Dest210622-143317,60.0,0.05249070397356962,0.005557867481352449,0.015716463715595666,0.0011616769610256926,0.015716463715595666,0.0011616769610256926,0.016677127063085793,0.0011604500782957856,0.016677127063085793,0.0011604500782957856,0.008717855364429861,0.011281459219571428,0.001156513603114344,0.011281459219571428,0.001156513603114344,0.01196367475869208,0.0011565097355919272,0.01196367475869208,0.0011565097355919272,0.007354772009029167,0.010242764817359131,0.0010876308901358045,0.010657588511637114,0.0010875944795020417,0.010893730349050858,0.0010633952385304963,0.010991415009593032,0.001063435067617601,0.015595969110789665,0.001193865316870758,0.015594588459369037,0.001194860405897926,0.01601871525397169,0.0012281431604748416,0.016019603519537528,0.00122946628074947,0.005557867481352449,0.016677127063085793,0.0011599815174568133,0.016677127063085793,0.0011599815174568133,0.016677127063085793,0.0011604500782957856,0.016677127063085793,0.0011604500782957856,0.011250596437549103,0.0011914625979209047,0.011253222899109811,0.001191935156206596,0.011369123939515774,0.0011914630445904772,0.011539057897742948,0.0011919339548103819,0.01196367475869208,0.0011562707042325024,0.01196367475869208,0.0011562707042325024,0.01196367475869208,0.0011565097355919272,0.01196367475869208,0.0011565097355919272,0.014794280093052819,0.0011883519102425402,0.012961819424392115,0.0011893664479156547,0.01531209066942967,0.0012355316245988373,0.013028752584862179,0.0012368024965174623,0.010242764817359131,0.0010876308901358045,0.010657588511637114,0.0010875944795020417,0.010893730349050858,0.0010633952385304963,0.010991415009593032,0.001063435067617601,0.011281459219571428,0.001156513603114344,0.011281459219571428,0.001156513603114344,0.01196367475869208,0.0011565097355919272,0.01196367475869208,0.0011565097355919272,0.010893730349050858,0.0010649208459249002,0.010991415009593032,0.001064897574267233,0.010893730349050858,0.0010633952385304963,0.010991415009593032,0.001063435067617601
Dest210622-144809,60.0,0.03714177973289138,0.0071387885823668545,0.009948408383501778,0.0011625916629753763,0.009948408383501778,0.0011625916629753763,0.011402806705304688,0.0011613408519908085,0.011402806705304688,0.0011613408519908085,0.010222907381945444,0.007500713910774531,0.0011578735014880117,0.007500713910774531,0.0011578735014880117,0.00816631204274089,0.0011578735014880117,0.00816631204274089,0.0011578735014880117,0.008586153142661986,0.004732368740084743,0.001088356376643133,0.005524443909085312,0.0010883698689113362,0.004771296438717432,0.0010629592403658462,0.005556498604569902,0.0010629578592947046,0.010662196848754975,0.0012120113136621863,0.010663765902777258,0.0012127639653481434,0.010600833296882179,0.0012500905701709883,0.01060114123470582,0.001251298574488743,0.0071387885823668545,0.011402806705304688,0.001160796382284323,0.011402806705304688,0.001160796382284323,0.011402806705304688,0.0011613408519908085,0.011402806705304688,0.0011613408519908085,0.007837203205348501,0.0011954396208955114,0.007832808376142485,0.001195983386499802,0.008248962406215081,0.0011954373992449148,0.008248509799639819,0.0011959883342193439,0.00816631204274089,0.0011578102906764298,0.00816631204274089,0.0011578102906764298,0.00816631204274089,0.0011578735014880117,0.00816631204274089,0.0011578735014880117,0.010521817794470123,0.0012035277740636862,0.008093165263892928,0.0012042706264800212,0.010521561782962548,0.0012507758555928884,0.007875275262163629,0.0012517322232889422,0.004732368740084743,0.001088356376643133,0.005524443909085312,0.0010883698689113362,0.004771296438717432,0.0010629592403658462,0.005556498604569902,0.0010629578592947046,0.007500713910774531,0.0011578735014880117,0.007500713910774531,0.0011578735014880117,0.00816631204274089,0.0011578735014880117,0.00816631204274089,0.0011578735014880117,0.004771296438717432,0.0010618575160266685,0.005556498604569902,0.0010618702132431498,0.004771296438717432,0.0010629592403658462,0.005556498604569902,0.0010629578592947046
Dest210622-144945,60.0,0.026526129116439933,0.00712249340720324,0.01283024678359316,0.0011641684273287225,0.01283024678359316,0.0011641684273287225,0.01506844080697885,0.0011625925493530798,0.01506844080697885,0.0011625925493530798,0.012888946837322106,0.01093139323324609,0.0011589367283169271,0.01093139323324609,0.0011589367283169271,0.012036398535178072,0.0011589367283169271,0.012036398535178072,0.0011589367283169271,0.00965292614290855,0.006741235646432612,0.0010886016793114795,0.006903020125626648,0.001088372240381177,0.0072024816277188935,0.0010635077369891088,0.006886111802824383,0.0010635848228114772,0.013196915366570621,0.0012074121078915572,0.013196975886805518,0.0012082082654331098,0.013605980117099398,0.0012455752638996726,0.013607438311241886,0.00124675905512748,0.00712249340720324,0.01506844080697885,0.0011622358597148648,0.01506844080697885,0.0011622358597148648,0.01506844080697885,0.0011625925493530798,0.01506844080697885,0.0011625925493530798,0.01229461463220563,0.0012058287041316576,0.012287852247161857,0.0012063816605859584,0.012358131871673903,0.0012058327116923509,0.012351961487841569,0.00120637858161838,0.012036398535178072,0.0011590521871667385,0.012036398535178072,0.0011590521871667385,0.012036398535178072,0.0011589367283169271,0.012036398535178072,0.0011589367283169271,0.012574628145183212,0.0011974139758449487,0.008741049922280676,0.0011981311587457208,0.0130596119393831,0.0012453066706832586,0.008518380096504225,0.0012463218988538667,0.006741235646432612,0.0010886016793114795,0.006903020125626648,0.001088372240381177,0.0072024816277188935,0.0010635077369891088,0.006886111802824383,0.0010635848228114772,0.01093139323324609,0.0011589367283169271,0.01093139323324609,0.0011589367283169271,0.012036398535178072,0.0011589367283169271,0.012036398535178072,0.0011589367283169271,0.0072024816277188935,0.0010609660250069056,0.006886111802824383,0.0010610511053067608,0.0072024816277188935,0.0010635077369891088,0.006886111802824383,0.0010635848228114772
Dest210705-142446,64.0,0.045247703816232075,0.005615734898507021,0.012416712404476086,0.0012489638847987998,0.012416712404476086,0.0012489638847987998,0.013663563311130028,0.0012479075424934726,0.013663563311130028,0.0012479075424934726,0.008092900468626318,0.010711894781735528,0.001244465332869826,0.010711894781735528,0.001244465332869826,0.011693158060772242,0.0012444644421349092,0.011693158060772242,0.0012444644421349092,0.007220452172464326,0.009099767151452836,0.0011705498957836665,0.009477779292841689,0.0011705901570330595,0.009326902517545945,0.0011427920113929967,0.00930269357864781,0.0011428887801196825,0.0131260460361893,0.0013049711161960051,0.013127188195514408,0.001305324678861624,0.012975442805160508,0.0012940512308692686,0.012975083553760763,0.001294682487579607,0.005615734898507021,0.013663563311130028,0.001247808247729646,0.013663563311130028,0.001247808247729646,0.013663563311130028,0.0012479075424934726,0.013663563311130028,0.0012479075424934726,0.011713457535335392,0.0012935813995156125,0.011774238776396708,0.0012938915211087414,0.011747632941945233,0.0012935771035263064,0.0117475779602459,0.0012938889896474581,0.011693158060772242,0.0012444754906945996,0.011693158060772242,0.0012444754906945996,0.011693158060772242,0.0012444644421349092,0.011693158060772242,0.0012444644421349092,0.012374635452670276,0.0013076613557920296,0.01122255410586436,0.0013081548570644183,0.01243535614319743,0.0013029309065818247,0.011507924125195352,0.001303743692456174,0.009099767151452836,0.0011705498957836665,0.009477779292841689,0.0011705901570330595,0.009326902517545945,0.0011427920113929967,0.00930269357864781,0.0011428887801196825,0.010711894781735528,0.001244465332869826,0.010711894781735528,0.001244465332869826,0.011693158060772242,0.0012444644421349092,0.011693158060772242,0.0012444644421349092,0.009326902517545945,0.0011434063533333893,0.00930269357864781,0.0011434964311230734,0.009326902517545945,0.0011427920113929967,0.00930269357864781,0.0011428887801196825
Dest210705-142818,64.0,0.04007750032489814,0.0053667671252355,0.02076738362655282,0.0012508957633793273,0.02076738362655282,0.0012508957633793273,0.021005555400020567,0.0012488863669733008,0.021005555400020567,0.0012488863669733008,0.008836560720992087,0.016213309021855526,0.0012449925321395285,0.016213309021855526,0.0012449925321395285,0.016861022903635507,0.0012449925321395285,0.016861022903635507,0.0012449925321395285,0.006525429394084903,0.00978999315505246,0.0011734078669657097,0.009718310543216552,0.001173405724088448,0.010354075142907017,0.001143178829951844,0.010061207876635761,0.0011431514384274413,0.0219939134486875,0.001310705238787434,0.022012730649960992,0.0013113751549007908,0.021621377329404258,0.0013561849252909043,0.0216224290730854,0.0013571281275775904,0.0053667671252355,0.021005555400020567,0.0012489031586375703,0.021005555400020567,0.0012489031586375703,0.021005555400020567,0.0012488863669733008,0.021005555400020567,0.0012488863669733008,0.017426851778218972,0.001317463620651001,0.017419308576856706,0.001317870070274143,0.01773229598732207,0.0013174598344629059,0.017729590610068596,0.001317873493855736,0.016861022903635507,0.001244916883443423,0.016861022903635507,0.001244916883443423,0.016861022903635507,0.0012449925321395285,0.016861022903635507,0.0012449925321395285,0.021135697888201306,0.001311512553230221,0.016008103577992476,0.0013122460086724046,0.02095727888003629,0.0013602501686623728,0.016394087632225555,0.001361261649973135,0.00978999315505246,0.0011734078669657097,0.009718310543216552,0.001173405724088448,0.010354075142907017,0.001143178829951844,0.010061207876635761,0.0011431514384274413,0.016213309021855526,0.0012449925321395285,0.016213309021855526,0.0012449925321395285,0.016861022903635507,0.0012449925321395285,0.016861022903635507,0.0012449925321395285,0.010354075142907017,0.001143922928110873,0.010061207876635761,0.001143975255442117,0.010354075142907017,0.001143178829951844,0.010061207876635761,0.0011431514384274413
Dest210705-144135,60.0,0.0243700078811445,0.004186952418593555,0.009310847322936994,0.0011622996267716666,0.009310847322936994,0.0011622996267716666,0.010597133224873113,0.001161272559671776,0.010597133224873113,0.001161272559671776,0.0051428778941967285,0.00652796796492374,0.0011580192973477431,0.00652796796492374,0.0011580192973477431,0.0069100502124127775,0.0011580123617908192,0.0069100502124127775,0.0011580123617908192,0.004525596730219928,0.004652169403787641,0.0010884262412859402,0.005232083345898866,0.0010885173143120699,0.004953034801965214,0.001064643517039756,0.005354556448044463,0.0010646589201700719,0.01052023032302844,0.0012024266982662364,0.010514880020767533,0.0012033093646298244,0.010686469055244398,0.0012240610519682158,0.010685589855165574,0.0012252677183518038,0.004186952418593555,0.010597133224873113,0.0011614318832127916,0.010597133224873113,0.0011614318832127916,0.010597133224873113,0.001161272559671776,0.010597133224873113,0.001161272559671776,0.006787492155002096,0.0011923797277653846,0.006786299674349836,0.0011930181550267667,0.006855141756827217,0.0011923774594754888,0.006854376096157667,0.0011930286043836738,0.0069100502124127775,0.001157846602172621,0.0069100502124127775,0.001157846602172621,0.0069100502124127775,0.0011580123617908192,0.0069100502124127775,0.0011580123617908192,0.010153584237029717,0.001189960111597441,0.007959757476462824,0.001190888701601274,0.010007709681454166,0.0012286423637410718,0.007327979678366795,0.0012298967457806307,0.004652169403787641,0.0010884262412859402,0.005232083345898866,0.0010885173143120699,0.004953034801965214,0.001064643517039756,0.005354556448044463,0.0010646589201700719,0.00652796796492374,0.0011580192973477431,0.00652796796492374,0.0011580192973477431,0.0069100502124127775,0.0011580123617908192,0.0069100502124127775,0.0011580123617908192,0.004953034801965214,0.0010628641618976185,0.005354556448044463,0.0010629158810630459,0.004953034801965214,0.001064643517039756,0.005354556448044463,0.0010646589201700719
Dest210707-094057,60.0,0.06453234389179145,0.0046243780722740315,0.011989720700725019,0.001161662496906035,0.011989720700725019,0.001161662496906035,0.013193622025480252,0.001160618540327743,0.013193622025480252,0.001160618540327743,0.00603413744739415,0.010029402911586787,0.001156514872958478,0.010029402911586787,0.001156514872958478,0.011027085246780604,0.0011564972463440932,0.011027085246780604,0.0011564972463440932,0.005468325029866496,0.008219279646157577,0.0010881400108202419,0.008584994158355912,0.0010882059132867558,0.007771325036205251,0.0010634027165176642,0.00888585135920264,0.0010634436932043427,0.012572450880507596,0.001203238303362951,0.012577685234563664,0.0012040685280532849,0.012660613117068776,0.001231780691756627,0.01266054229014415,0.0012329907480127828,0.0046243780722740315,0.013193622025480252,0.0011607741827044684,0.013193622025480252,0.0011607741827044684,0.013193622025480252,0.001160618540327743,0.013193622025480252,0.001160618540327743,0.01134959613072284,0.0011926694972282529,0.011344031018789552,0.0011931666101037575,0.011187052558464368,0.0011926677454821228,0.011183146457988163,0.001193167752469189,0.011027085246780604,0.001156395182927716,0.011027085246780604,0.001156395182927716,0.011027085246780604,0.0011564972463440932,0.011027085246780604,0.0011564972463440932,0.011505369099415746,0.001201089660445707,0.010908118649591701,0.0012020460200855372,0.011447521366675881,0.0012263299534824186,0.01095192769386725,0.0012273593946721887,0.008219279646157577,0.0010881400108202419,0.008584994158355912,0.0010882059132867558,0.007771325036205251,0.0010634027165176642,0.00888585135920264,0.0010634436932043427,0.010029402911586787,0.001156514872958478,0.010029402911586787,0.001156514872958478,0.011027085246780604,0.0011564972463440932,0.011027085246780604,0.0011564972463440932,0.007771325036205251,0.0010625639450742425,0.00888585135920264,0.0010626138620302649,0.007771325036205251,0.0010634027165176642,0.00888585135920264,0.0010634436932043427
Dest210707-094231,60.0,0.04655291523266252,0.003908294693674693,0.015898707649303314,0.001162586731515797,0.015898707649303314,0.001162586731515797,0.015991330907805267,0.0011615921459000673,0.015991330907805267,0.0011615921459000673,0.006854213582192127,0.013457004069825631,0.0011585820442286605,0.013457004069825631,0.0011585820442286605,0.014596853978583789,0.0011585812301601612,0.014596853978583789,0.0011585812301601612,0.006599465816745169,0.009581365379987224,0.0010890937349711085,0.009866534725183096,0.0010890433091865785,0.010264707609531904,0.001063582775226385,0.009931683373363427,0.001063629419799947,0.01619909408017719,0.0012070149598353065,0.016205571140660433,0.0012079374623392544,0.01644896482809432,0.0012519392056424372,0.016450557489221144,0.001253138601025692,0.003908294693674693,0.015991330907805267,0.0011611861067167767,0.015991330907805267,0.0011611861067167767,0.015991330907805267,0.0011615921459000673,0.015991330907805267,0.0011615921459000673,0.015586105427677997,0.0012341146974712187,0.015585279360101826,0.00123441973909203,0.015758101084871065,0.001234115959461206,0.015750333926440097,0.0012344190344058578,0.014596853978583789,0.0011587933913766398,0.014596853978583789,0.0011587933913766398,0.014596853978583789,0.0011585812301601612,0.014596853978583789,0.0011585812301601612,0.014939283732236375,0.0011982475987975878,0.013326468323817167,0.0011991693383849185,0.015472426067876693,0.0012490473059247299,0.013418293674514336,0.0012501101926109398,0.009581365379987224,0.0010890937349711085,0.009866534725183096,0.0010890433091865785,0.010264707609531904,0.001063582775226385,0.009931683373363427,0.001063629419799947,0.013457004069825631,0.0011585820442286605,0.013457004069825631,0.0011585820442286605,0.014596853978583789,0.0011585812301601612,0.014596853978583789,0.0011585812301601612,0.010264707609531904,0.0010651327457601068,0.009931683373363427,0.0010652425750226223,0.010264707609531904,0.001063582775226385,0.009931683373363427,0.001063629419799947
Dest210707-094542,60.0,0.041434300829219985,0.004714199581895506,0.01399753167144545,0.0011629921212755888,0.01399753167144545,0.0011629921212755888,0.014232362254134205,0.0011613921783985301,0.014232362254134205,0.0011613921783985301,0.007565864312875038,0.010417066896111975,0.001158386110002458,0.010417066896111975,0.001158386110002458,0.010508550927203788,0.0011584030109508653,0.010508550927203788,0.0011584030109508653,0.006192905740008806,0.008192105592019662,0.0010876847176886759,0.008771019532268927,0.0010877662514198162,0.008153289077034099,0.0010644589421880493,0.008918997074893222,0.0010644717121762951,0.01343570641446099,0.0012042686378228346,0.013432702457631071,0.0012050153257844203,0.013278997656925225,0.00124874757531022,0.013279295933274725,0.0012498452753377854,0.004714199581895506,0.014232362254134205,0.001161366041712266,0.014232362254134205,0.001161366041712266,0.014232362254134205,0.0011613921783985301,0.014232362254134205,0.0011613921783985301,0.009979740245291125,0.0012186710870302174,0.009979218110609252,0.0012190642219396888,0.010044930911252987,0.0012186682445770767,0.010033973810475067,0.0012190580733202263,0.010508550927203788,0.0011588466678096672,0.010508550927203788,0.0011588466678096672,0.010508550927203788,0.0011584030109508653,0.010508550927203788,0.0011584030109508653,0.012812371386017854,0.0011985311721325236,0.01036355963849599,0.0011992986972378884,0.012877861106481509,0.0012505279856015474,0.010983334893983242,0.0012514921327112986,0.008192105592019662,0.0010876847176886759,0.008771019532268927,0.0010877662514198162,0.008153289077034099,0.0010644589421880493,0.008918997074893222,0.0010644717121762951,0.010417066896111975,0.001158386110002458,0.010417066896111975,0.001158386110002458,0.010508550927203788,0.0011584030109508653,0.010508550927203788,0.0011584030109508653,0.008153289077034099,0.0010626240628908202,0.008918997074893222,0.001062670534608788,0.008153289077034099,0.0010644589421880493,0.008918997074893222,0.0010644717121762951
Dest210726-160328,60.0,0.09911118557437092,0.00897760629226474,0.023631291756746133,0.0011611352148353387,0.023631291756746133,0.0011611352148353387,0.026666782924400716,0.0011590685915123752,0.026666782924400716,0.0011590685915123752,0.013028689195861372,0.0228917217678039,0.0011559213688853165,0.0228917217678039,0.0011559213688853165,0.02354514723158659,0.0011559197635769092,0.02354514723158659,0.0011559197635769092,0.012233186045928343,0.008645910223738305,0.001086663742129832,0.01065834560089469,0.0010866101120827363,0.00857767062953771,0.001061475093171308,0.010597788001127857,0.001061468957174376,0.023411843547326342,0.0012100126127225475,0.023422845130443563,0.0012105336815947465,0.024291224581073714,0.001230112640376282,0.024334869522499195,0.0012308277401694185,0.00897760629226474,0.026666782924400716,0.0011589170031921176,0.026666782924400716,0.0011589170031921176,0.026666782924400716,0.0011590685915123752,0.026666782924400716,0.0011590685915123752,0.02301620559611626,0.0012181211233847499,0.023015749038116023,0.0012186626727760277,0.02251576919040077,0.0012181228655285504,0.022513243725343413,0.0012186560454403085,0.02354514723158659,0.0011557030302280205,0.02354514723158659,0.0011557030302280205,0.02354514723158659,0.0011559197635769092,0.02354514723158659,0.0011559197635769092,0.02217083989735316,0.0012067149236134741,0.017176909163030017,0.0012072787215523355,0.022848182078944533,0.0012277690431317558,0.016823060787293044,0.0012284833611036633,0.008645910223738305,0.001086663742129832,0.01065834560089469,0.0010866101120827363,0.00857767062953771,0.001061475093171308,0.010597788001127857,0.001061468957174376,0.0228917217678039,0.0011559213688853165,0.0228917217678039,0.0011559213688853165,0.02354514723158659,0.0011559197635769092,0.02354514723158659,0.0011559197635769092,0.00857767062953771,0.0010621172053248385,0.010597788001127857,0.00106217391185542,0.00857767062953771,0.001061475093171308,0.010597788001127857,0.001061468957174376
Dest210726-162012,60.0,0.05499232746130082,0.006145652042884644,0.021708233276757864,0.0011630294043552284,0.021708233276757864,0.0011630294043552284,0.02380087684445298,0.0011608776921168157,0.02380087684445298,0.0011608776921168157,0.011453547578125,0.017066619115073175,0.0011575951785978698,0.017066619115073175,0.0011575951785978698,0.01804608519385871,0.0011575951785978698,0.01804608519385871,0.0011575951785978698,0.008424407456046184,0.011131995093100986,0.0010893577928944185,0.013185223268272074,0.0010893794360534268,0.010513323564220698,0.00106135043481996,0.013621039213193591,0.0010614204836729387,0.022467208513659298,0.0012053357458537235,0.022463723457139862,0.0012060730273353735,0.022048759649244586,0.0012082237813848616,0.022049784318602175,0.001209103678471208,0.006145652042884644,0.02380087684445298,0.0011610214284611046,0.02380087684445298,0.0011610214284611046,0.02380087684445298,0.0011608776921168157,0.02380087684445298,0.0011608776921168157,0.018457691900103466,0.0011905726872119215,0.01845793452838348,0.0011910628042277526,0.018804008476773337,0.001190572681299378,0.01880347115331327,0.0011910634392884138,0.01804608519385871,0.0011577415460736027,0.01804608519385871,0.0011577415460736027,0.01804608519385871,0.0011575951785978698,0.01804608519385871,0.0011575951785978698,0.02088481523326694,0.0011967570535731434,0.01628615210630453,0.0011973840606507623,0.020693128934268827,0.0012123398699000712,0.016363649106260515,0.001213171795420411,0.011131995093100986,0.0010893577928944185,0.013185223268272074,0.0010893794360534268,0.010513323564220698,0.00106135043481996,0.013621039213193591,0.0010614204836729387,0.017066619115073175,0.0011575951785978698,0.017066619115073175,0.0011575951785978698,0.01804608519385871,0.0011575951785978698,0.01804608519385871,0.0011575951785978698,0.010513323564220698,0.0010640475412139717,0.013621039213193591,0.0010641036573092637,0.010513323564220698,0.00106135043481996,0.013621039213193591,0.0010614204836729387
Dest210726-163005,60.0,0.04552032332915476,0.005152564554785877,0.01582338457064553,0.001163277447400561,0.01582338457064553,0.001163277447400561,0.02090653823455763,0.0011618106339525722,0.02090653823455763,0.0011618106339525722,0.007245846812659493,0.014734405136353443,0.0011579506694984522,0.014734405136353443,0.0011579506694984522,0.01608778435941588,0.0011579506694984522,0.01608778435941588,0.0011579506694984522,0.006664129240774607,0.010457316951381824,0.001086968171081515,0.010939887227344831,0.0010870680770508716,0.011075420456605468,0.0010653305494080472,0.01176497718677266,0.001065421104866005,0.01788829020016331,0.0011990069266883717,0.017889695162324325,0.001199576715601705,0.018158785191160334,0.0012400378013158984,0.01821085722249442,0.001241169471700502,0.005152564554785877,0.02090653823455763,0.0011619153082581418,0.02090653823455763,0.0011619153082581418,0.02090653823455763,0.0011618106339525722,0.02090653823455763,0.0011618106339525722,0.014763549878022513,0.0012023102929870784,0.01477444668583441,0.0012029139358019588,0.014784924689814927,0.0012023133790551165,0.014786093581646936,0.0012029117556576778,0.01608778435941588,0.0011582729745818014,0.01608778435941588,0.0011582729745818014,0.01608778435941588,0.0011579506694984522,0.01608778435941588,0.0011579506694984522,0.01613799329810517,0.0011954940515866666,0.013990614692405789,0.0011961492698845876,0.016775612635920773,0.0012439953242525884,0.014513078818469955,0.0012450211603485671,0.010457316951381824,0.001086968171081515,0.010939887227344831,0.0010870680770508716,0.011075420456605468,0.0010653305494080472,0.01176497718677266,0.001065421104866005,0.014734405136353443,0.0011579506694984522,0.014734405136353443,0.0011579506694984522,0.01608778435941588,0.0011579506694984522,0.01608778435941588,0.0011579506694984522,0.011075420456605468,0.0010622898211149823,0.01176497718677266,0.0010623279225715093,0.011075420456605468,0.0010653305494080472,0.01176497718677266,0.001065421104866005
Dest210727-153448,64.0,0.0583019859406054,0.008487759855315994,0.025700245672176287,0.001248425297456628,0.025700245672176287,0.001248425297456628,0.028799398105025083,0.0012465620057499674,0.028799398105025083,0.0012465620057499674,0.012769523856782674,0.0215837536523507,0.0012435623963526132,0.0215837536523507,0.0012435623963526132,0.021993722917282656,0.0012435623963526132,0.021993722917282656,0.0012435623963526132,0.010866788556034438,0.01309930130376762,0.0011707772655706451,0.01462951797062337,0.001170753864142273,0.013893557351354245,0.0011417171248360187,0.015427136826394546,0.001141685604906994,0.026631593010057377,0.001301314810872014,0.026637077411471952,0.0013023398794764051,0.027256480008102976,0.0013402019904852963,0.027257428872699753,0.0013414681473813983,0.008487759855315994,0.028799398105025083,0.0012464677717556128,0.028799398105025083,0.0012464677717556128,0.028799398105025083,0.0012465620057499674,0.028799398105025083,0.0012465620057499674,0.02194989172573986,0.001290923679846699,0.021947692333141835,0.0012914333868737251,0.02177031373308959,0.0012909222608803595,0.021774823642996148,0.001291446713844031,0.021993722917282656,0.0012430363960565672,0.021993722917282656,0.0012430363960565672,0.021993722917282656,0.0012435623963526132,0.021993722917282656,0.0012435623963526132,0.025499558223544615,0.0012996831254605008,0.021837968836962585,0.00130059986223544,0.026498334701590572,0.0013406628802775653,0.022666950192501922,0.0013417270881906885,0.01309930130376762,0.0011707772655706451,0.01462951797062337,0.001170753864142273,0.013893557351354245,0.0011417171248360187,0.015427136826394546,0.001141685604906994,0.0215837536523507,0.0012435623963526132,0.0215837536523507,0.0012435623963526132,0.021993722917282656,0.0012435623963526132,0.021993722917282656,0.0012435623963526132,0.013893557351354245,0.0011431912821289018,0.015427136826394546,0.001143148589948506,0.013893557351354245,0.0011417171248360187,0.015427136826394546,0.001141685604906994
Dest210727-154253,64.0,0.06980488902427275,0.006781277763381527,0.017674149696211897,0.0012479009776799992,0.017674149696211897,0.0012479009776799992,0.01790088404432665,0.0012462585997891546,0.01790088404432665,0.0012462585997891546,0.008868089708695652,0.013892764545810602,0.001242241204726661,0.013892764545810602,0.001242241204726661,0.014137763529115268,0.001242241204726661,0.014137763529115268,0.001242241204726661,0.00788252448091611,0.010166717028030401,0.001168385387301058,0.010089095467262213,0.0011685399005395038,0.0103030106098481,0.0011422298229289637,0.011385274530211442,0.0011421594407519215,0.01835408915806833,0.0013078104901858084,0.01835521518924291,0.0013084369680769986,0.017820969263081233,0.0013308611120434492,0.017815202781804717,0.0013318136441501204,0.006781277763381527,0.01790088404432665,0.001246040119576476,0.01790088404432665,0.001246040119576476,0.01790088404432665,0.0012462585997891546,0.01790088404432665,0.0012462585997891546,0.015261295915861022,0.0013172609461336452,0.015266061380328388,0.0013177514274172284,0.01556632129053024,0.0013172586183636946,0.015562775464743828,0.0013177422625214538,0.014137763529115268,0.0012420905698418568,0.014137763529115268,0.0012420905698418568,0.014137763529115268,0.001242241204726661,0.014137763529115268,0.001242241204726661,0.017697854960825668,0.0013007931598348738,0.013935255350330383,0.001301486049133694,0.017178645105377525,0.0013312072158635998,0.014253468320635959,0.0013319482444801055,0.010166717028030401,0.001168385387301058,0.010089095467262213,0.0011685399005395038,0.0103030106098481,0.0011422298229289637,0.011385274530211442,0.0011421594407519215,0.013892764545810602,0.001242241204726661,0.013892764545810602,0.001242241204726661,0.014137763529115268,0.001242241204726661,0.014137763529115268,0.001242241204726661,0.0103030106098481,0.0011400582161958997,0.011385274530211442,0.0011401482179084267,0.0103030106098481,0.0011422298229289637,0.011385274530211442,0.0011421594407519215
Dest210727-155901,64.0,0.06454464041980618,0.010881030171525991,0.016200515954376354,0.001247925348858639,0.016200515954376354,0.001247925348858639,0.018372469144338724,0.0012465855477931166,0.018372469144338724,0.0012465855477931166,0.013791491447091292,0.013377400436338255,0.0012436783760049453,0.013377400436338255,0.0012436783760049453,0.014708823224310164,0.0012436783760049453,0.014708823224310164,0.0012436783760049453,0.013047106203871721,0.007732438589813798,0.0011699027090573328,0.009324864281236816,0.0011698558856007694,0.008717930848259843,0.0011398439816164604,0.00993294347739459,0.0011398368126820048,0.017617158691089582,0.0013177639724323473,0.01759653100290571,0.001318379308708717,0.01773192423459036,0.0013318686613248197,0.017739018926220908,0.0013328494615753735,0.010881030171525991,0.018372469144338724,0.0012458977242151919,0.018372469144338724,0.0012458977242151919,0.018372469144338724,0.0012465855477931166,0.018372469144338724,0.0012465855477931166,0.01479578434337803,0.0013153447107202001,0.014796253476301644,0.001315890093453891,0.014905755213234576,0.0013153426921257692,0.014898562682132188,0.0013158910273633412,0.014708823224310164,0.0012436617659192033,0.014708823224310164,0.0012436617659192033,0.014708823224310164,0.0012436783760049453,0.014708823224310164,0.0012436783760049453,0.01727404915551496,0.0013067538465133506,0.011668080960355586,0.001307359758974227,0.01734028442264985,0.0013312410179703573,0.012424279638143647,0.0013321210845617434,0.007732438589813798,0.0011699027090573328,0.009324864281236816,0.0011698558856007694,0.008717930848259843,0.0011398439816164604,0.00993294347739459,0.0011398368126820048,0.013377400436338255,0.0012436783760049453,0.013377400436338255,0.0012436783760049453,0.014708823224310164,0.0012436783760049453,0.014708823224310164,0.0012436783760049453,0.008717930848259843,0.001139619686081057,0.00993294347739459,0.0011397257586625085,0.008717930848259843,0.0011398439816164604,0.00993294347739459,0.0011398368126820048
Dest210803-155239,60.0,0.10916273189821407,0.011396057167961136,0.038943683798064906,0.001161066245858755,0.038943683798064906,0.001161066245858755,0.039116790139500125,0.001159448800249322,0.039116790139500125,0.001159448800249322,0.020505067018968298,0.032985141265585334,0.0011570029396922414,0.032985141265585334,0.0011570029396922414,0.03321717902665329,0.0011570029396922414,0.03321717902665329,0.0011570029396922414,0.018246551384162348,0.018763596794851334,0.0010877217684426537,0.023474913392802887,0.001087870378820121,0.01969998554916593,0.0010638514035723708,0.025459448555594278,0.0010639238866919096,0.03970012056305931,0.0012006647772464234,0.03972582031777692,0.001201262563918269,0.03902370521997026,0.001247112405229881,0.03902067534630385,0.0012479374406810285,0.011396057167961136,0.039116790139500125,0.001159357255782023,0.039116790139500125,0.001159357255782023,0.039116790139500125,0.001159448800249322,0.039116790139500125,0.001159448800249322,0.035033749046585225,0.001193177828788983,0.0350348240026985,0.0011934881121496222,0.03408613590327791,0.0011931802846799435,0.03406484487334263,0.0011934843875408376,0.03321717902665329,0.0011568491170240052,0.03321717902665329,0.0011568491170240052,0.03321717902665329,0.0011570029396922414,0.03321717902665329,0.0011570029396922414,0.036795563287040506,0.0011883413607193694,0.027835394076038418,0.0011888123589620125,0.037378856318108,0.0012421449644309654,0.029648448212544306,0.00124286253150667,0.018763596794851334,0.0010877217684426537,0.023474913392802887,0.001087870378820121,0.01969998554916593,0.0010638514035723708,0.025459448555594278,0.0010639238866919096,0.032985141265585334,0.0011570029396922414,0.032985141265585334,0.0011570029396922414,0.03321717902665329,0.0011570029396922414,0.03321717902665329,0.0011570029396922414,0.01969998554916593,0.0010602027726221398,0.025459448555594278,0.001060259246340273,0.01969998554916593,0.0010638514035723708,0.025459448555594278,0.0010639238866919096
Dest210803-155726,60.0,0.07834036838912015,0.009803988937098258,0.02524801042824803,0.0011614757268919315,0.02524801042824803,0.0011614757268919315,0.030011065169400126,0.0011604590530014784,0.030011065169400126,0.0011604590530014784,0.01436823490315071,0.021626708142385275,0.0011574639546904617,0.021626708142385275,0.0011574639546904617,0.021748695073457038,0.0011574639546904617,0.021748695073457038,0.0011574639546904617,0.01202371486978923,0.011595428937042724,0.0010863606667938694,0.012805145561716821,0.0010862998464838522,0.0120150420192201,0.0010624252276256012,0.014040662538697955,0.001062489814764888,0.026820795955305867,0.0012025859847002362,0.026857535999581714,0.0012028168594830613,0.028637432118178693,0.001218929247327488,0.028634998464829035,0.0012193000220067534,0.009803988937098258,0.030011065169400126,0.001160420087451518,0.030011065169400126,0.001160420087451518,0.030011065169400126,0.0011604590530014784,0.030011065169400126,0.0011604590530014784,0.021481223236645256,0.0011881000339569062,0.021486558053972437,0.0011883931851218383,0.021392696112821845,0.0011880972012164536,0.02140196428214592,0.0011883912325634292,0.021748695073457038,0.001157184081900485,0.021748695073457038,0.001157184081900485,0.021748695073457038,0.0011574639546904617,0.021748695073457038,0.0011574639546904617,0.02484556787102219,0.0011981131138934732,0.017666847024515535,0.0011984273522153263,0.026248309207512213,0.0012191150335180332,0.018849719461388272,0.0012195885434742935,0.011595428937042724,0.0010863606667938694,0.012805145561716821,0.0010862998464838522,0.0120150420192201,0.0010624252276256012,0.014040662538697955,0.001062489814764888,0.021626708142385275,0.0011574639546904617,0.021626708142385275,0.0011574639546904617,0.021748695073457038,0.0011574639546904617,0.021748695073457038,0.0011574639546904617,0.0120150420192201,0.0010612113037466316,0.014040662538697955,0.0010613297426742276,0.0120150420192201,0.0010624252276256012,0.014040662538697955,0.001062489814764888
Dest210803-160838,60.0,0.08271344718837255,0.01129325704221538,0.02658189067388136,0.0011624279010569447,0.02658189067388136,0.0011624279010569447,0.029974196964482246,0.0011610248064607787,0.029974196964482246,0.0011610248064607787,0.014881832939633325,0.020600280677217954,0.0011576524001063872,0.020600280677217954,0.0011576524001063872,0.02203983320223011,0.001157652751365793,0.02203983320223011,0.001157652751365793,0.012419391285453493,0.012339706823702,0.0010864507850882083,0.01519240443112122,0.0010864252433989835,0.013001312456074294,0.0010632728230843469,0.016492259280595098,0.0010632537511297527,0.02727273099773337,0.0012033580690982918,0.027278092171076112,0.001203870359660738,0.02800937117436891,0.001246553505575486,0.02799181443313278,0.0012474007391239583,0.01129325704221538,0.029974196964482246,0.001160572752633595,0.029974196964482246,0.001160572752633595,0.029974196964482246,0.0011610248064607787,0.029974196964482246,0.0011610248064607787,0.021703086957665225,0.0012046886007886775,0.021710821975058567,0.0012049872816684312,0.022240769184825333,0.0012046929126906674,0.022242806141546067,0.00120498493280472,0.02203983320223011,0.0011574880317513708,0.02203983320223011,0.0011574880317513708,0.02203983320223011,0.001157652751365793,0.02203983320223011,0.001157652751365793,0.025552444551412253,0.0011943050596126446,0.019757069192167683,0.001194871892306472,0.026694082825608315,0.0012440892382734263,0.020727346452245107,0.0012448584700487078,0.012339706823702,0.0010864507850882083,0.01519240443112122,0.0010864252433989835,0.013001312456074294,0.0010632728230843469,0.016492259280595098,0.0010632537511297527,0.020600280677217954,0.0011576524001063872,0.020600280677217954,0.0011576524001063872,0.02203983320223011,0.001157652751365793,0.02203983320223011,0.001157652751365793,0.013001312456074294,0.0010620365375391644,0.016492259280595098,0.0010620477995169277,0.013001312456074294,0.0010632728230843469,0.016492259280595098,0.0010632537511297527
Dest210809-135646,60.0,0.09058848754745359,0.008193532916342785,0.020618519323194216,0.0011609714396880533,0.020618519323194216,0.0011609714396880533,0.021698244900163987,0.0011595765648575705,0.021698244900163987,0.0011595765648575705,0.014777486195248752,0.014291187467461637,0.0011557605623381277,0.014291187467461637,0.0011557605623381277,0.015333522891974625,0.0011557605623381277,0.015333522891974625,0.0011557605623381277,0.01113558770362928,0.009740987096746562,0.0010848836335445894,0.010706205915208737,0.0010849440795924746,0.009237739578622544,0.0010626694944805696,0.010361071246405071,0.0010627172893850042,0.022055786618612013,0.0011984223664598262,0.02205253745030791,0.0011989307980606013,0.0209089885770303,0.001219956464183216,0.020911167735036016,0.001220547886305217,0.008193532916342785,0.021698244900163987,0.001159606225540842,0.021698244900163987,0.001159606225540842,0.021698244900163987,0.0011595765648575705,0.021698244900163987,0.0011595765648575705,0.01437512755867571,0.001185189763234748,0.014391516240063278,0.0011854541332365568,0.015082258567712748,0.0011851863345388473,0.015074217117129788,0.0011854512483819456,0.015333522891974625,0.0011559665527201334,0.015333522891974625,0.0011559665527201334,0.015333522891974625,0.0011557605623381277,0.015333522891974625,0.0011557605623381277,0.019928285153202073,0.001192212079778641,0.015255146258788545,0.001192564860388411,0.01829258423901396,0.0012217288479125974,0.014607555971650373,0.0012222584890716015,0.009740987096746562,0.0010848836335445894,0.010706205915208737,0.0010849440795924746,0.009237739578622544,0.0010626694944805696,0.010361071246405071,0.0010627172893850042,0.014291187467461637,0.0011557605623381277,0.014291187467461637,0.0011557605623381277,0.015333522891974625,0.0011557605623381277,0.015333522891974625,0.0011557605623381277,0.009237739578622544,0.001061712378719941,0.010361071246405071,0.0010616866962784542,0.009237739578622544,0.0010626694944805696,0.010361071246405071,0.0010627172893850042
Dest210809-135821,60.0,0.11450397204805642,0.008275680275875157,0.01669037888530248,0.0011603579120007047,0.01669037888530248,0.0011603579120007047,0.019295815180662233,0.0011588067591238205,0.019295815180662233,0.0011588067591238205,0.01117968320525491,0.014986445935784996,0.0011552627550574862,0.014986445935784996,0.0011552627550574862,0.01570913423399669,0.0011552627550574862,0.01570913423399669,0.0011552627550574862,0.0096927417809986,0.00633587632215601,0.0010836042825613222,0.008157784508452896,0.0010835634782732644,0.0063054785400485204,0.001062529638897335,0.007834923601104648,0.001062534220449863,0.017983720803527767,0.0012067732297118287,0.017986887373134416,0.0012074006038032758,0.01822197282577934,0.0012192861234099409,0.018274566753678723,0.001219990186648086,0.008275680275875157,0.019295815180662233,0.001158710952268629,0.019295815180662233,0.001158710952268629,0.019295815180662233,0.0011588067591238205,0.019295815180662233,0.0011588067591238205,0.015205019925885122,0.0011955045031831128,0.015187987058498302,0.0011956401675573775,0.01554883148803905,0.0011955056018699884,0.015527029808577507,0.0011956397153772107,0.01570913423399669,0.001155305105186674,0.01570913423399669,0.001155305105186674,0.01570913423399669,0.0011552627550574862,0.01570913423399669,0.0011552627550574862,0.016598474752894228,0.0011955427499385442,0.01112980786390803,0.0011960677889331682,0.016822447258467616,0.0012176004757730864,0.011220807411271922,0.001218255649858842,0.00633587632215601,0.0010836042825613222,0.008157784508452896,0.0010835634782732644,0.0063054785400485204,0.001062529638897335,0.007834923601104648,0.001062534220449863,0.014986445935784996,0.0011552627550574862,0.014986445935784996,0.0011552627550574862,0.01570913423399669,0.0011552627550574862,0.01570913423399669,0.0011552627550574862,0.0063054785400485204,0.0010641695719876582,0.007834923601104648,0.0010642289686868347,0.0063054785400485204,0.001062529638897335,0.007834923601104648,0.001062534220449863
Dest210809-141104,60.0,0.17850365016225248,0.00902063562615384,0.013714934594301979,0.0011594294643246276,0.013714934594301979,0.0011594294643246276,0.01471991883266657,0.0011577937654667178,0.01471991883266657,0.0011577937654667178,0.012739520540045186,0.013046671952884588,0.0011544611814104102,0.013046671952884588,0.0011544611814104102,0.013905174647597527,0.0011544611814104102,0.013905174647597527,0.0011544611814104102,0.009838190830027748,0.008226999941368494,0.0010857845957194354,0.009079602490423378,0.0010857967995850386,0.00831407246463192,0.0010633020949119781,0.009062931501380597,0.0010633232258655883,0.014506744367136221,0.0012118471469291273,0.014504247834551029,0.0012123418435428328,0.01400422550122355,0.0012365949648284141,0.014019336219759395,0.0012373135157454265,0.00902063562615384,0.01471991883266657,0.0011576774967610476,0.01471991883266657,0.0011576774967610476,0.01471991883266657,0.0011577937654667178,0.01471991883266657,0.0011577937654667178,0.0138304990133143,0.0011909668609882994,0.013834203329659968,0.0011914027781565202,0.014122941244646714,0.0011909686417091276,0.014120833809311586,0.0011914041319255552,0.013905174647597527,0.0011545906681845886,0.013905174647597527,0.0011545906681845886,0.013905174647597527,0.0011544611814104102,0.013905174647597527,0.0011544611814104102,0.013467747241000154,0.0012043450038845814,0.011192699509841674,0.001204850164810964,0.013272922583636028,0.0012365558869942574,0.011823954323897228,0.0012372958198594824,0.008226999941368494,0.0010857845957194354,0.009079602490423378,0.0010857967995850386,0.00831407246463192,0.0010633020949119781,0.009062931501380597,0.0010633232258655883,0.013046671952884588,0.0011544611814104102,0.013046671952884588,0.0011544611814104102,0.013905174647597527,0.0011544611814104102,0.013905174647597527,0.0011544611814104102,0.00831407246463192,0.0010646612405632416,0.009062931501380597,0.0010647266680000628,0.00831407246463192,0.0010633020949119781,0.009062931501380597,0.0010633232258655883
Dest210810-173859,60.0,0.07322180751260196,0.008764297137279652,0.012058952292557355,0.0011617137304621324,0.012058952292557355,0.0011617137304621324,0.012807442201455917,0.0011601578195273535,0.012807442201455917,0.0011601578195273535,0.009756577090423317,0.009698805030862085,0.0011565252040504393,0.009698805030862085,0.0011565252040504393,0.01009195882011485,0.0011565270732305899,0.01009195882011485,0.0011565270732305899,0.008165587779736755,0.007582309911077533,0.001087297506837122,0.007653139932829355,0.0010872998726614127,0.007547708920929578,0.0010643590302005146,0.0077583161010957614,0.0010643368659315597,0.012715338805685643,0.0012088002522486461,0.012711601997732167,0.0012099036820916568,0.012676138889878421,0.0012318249721583706,0.012644621108543981,0.0012330961416230602,0.008764297137279652,0.012807442201455917,0.0011603972008040538,0.012807442201455917,0.0011603972008040538,0.012807442201455917,0.0011601578195273535,0.012807442201455917,0.0011601578195273535,0.010917839358827211,0.001200365072099434,0.010910415692203067,0.00120101763748156,0.011185511618259779,0.001200362347408632,0.011194900498720713,0.001201017638758459,0.01009195882011485,0.0011565267212162063,0.01009195882011485,0.0011565267212162063,0.01009195882011485,0.0011565270732305899,0.01009195882011485,0.0011565270732305899,0.012264716415403769,0.00120911003581206,0.009963673675976604,0.0012101515071636362,0.012165948997266718,0.0012433269711044045,0.010202492268064094,0.001244622503269232,0.007582309911077533,0.001087297506837122,0.007653139932829355,0.0010872998726614127,0.007547708920929578,0.0010643590302005146,0.0077583161010957614,0.0010643368659315597,0.009698805030862085,0.0011565252040504393,0.009698805030862085,0.0011565252040504393,0.01009195882011485,0.0011565270732305899,0.01009195882011485,0.0011565270732305899,0.007547708920929578,0.0010626274144884507,0.0077583161010957614,0.001062782468176961,0.007547708920929578,0.0010643590302005146,0.0077583161010957614,0.0010643368659315597
Dest210810-175009,60.0,0.09615737838666863,0.01149718111919264,0.01176127097400698,0.001158935570721276,0.01176127097400698,0.001158935570721276,0.014227019860995001,0.0011583848306093015,0.014227019860995001,0.0011583848306093015,0.014844626955929616,0.011422489886988319,0.001155037040719089,0.011422489886988319,0.001155037040719089,0.012014939276842286,0.001155037040719089,0.012014939276842286,0.001155037040719089,0.012418089293235568,0.0064781969501742755,0.0010867687302747963,0.005662906585503512,0.0010867962055586158,0.007227376141848945,0.00106024638878991,0.0065407841591991435,0.00106029664753625,0.01284250321634092,0.0011950539914269557,0.012842916741172807,0.0011957278156687948,0.012589193518461715,0.0011988973956965578,0.012638673274610794,0.0011997891531218036,0.01149718111919264,0.014227019860995001,0.0011579474252942277,0.014227019860995001,0.0011579474252942277,0.014227019860995001,0.0011583848306093015,0.014227019860995001,0.0011583848306093015,0.012743281300974792,0.0011762041198737604,0.012747470254193118,0.0011766677108692293,0.013191038722504229,0.001176204672840476,0.013197735199338617,0.0011766613881946078,0.012014939276842286,0.0011549093368521215,0.012014939276842286,0.0011549093368521215,0.012014939276842286,0.001155037040719089,0.012014939276842286,0.001155037040719089,0.012246135497042735,0.0011865891765806627,0.008930999486193653,0.001187317116620454,0.012370873948376491,0.0011960116749690432,0.00952287380522455,0.0011968148948285535,0.0064781969501742755,0.0010867687302747963,0.005662906585503512,0.0010867962055586158,0.007227376141848945,0.00106024638878991,0.0065407841591991435,0.00106029664753625,0.011422489886988319,0.001155037040719089,0.011422489886988319,0.001155037040719089,0.012014939276842286,0.001155037040719089,0.012014939276842286,0.001155037040719089,0.007227376141848945,0.0010612949077029325,0.0065407841591991435,0.0010613706365596289,0.007227376141848945,0.00106024638878991,0.0065407841591991435,0.00106029664753625
Dest210810-175151,60.0,0.08818092267298626,0.007320550109533695,0.011302061235515035,0.0011603338323458096,0.011302061235515035,0.0011603338323458096,0.012556689125158083,0.0011585939904582105,0.012556689125158083,0.0011585939904582105,0.01029729044359755,0.009356373217156327,0.0011560616434834212,0.009356373217156327,0.0011560616434834212,0.009744324253791858,0.0011560620422644198,0.009744324253791858,0.0011560620422644198,0.009146222896216522,0.007833635261296183,0.0010849079964367877,0.00805427362227356,0.0010849470584771072,0.007777898741638552,0.00106330147810411,0.008055091602750671,0.0010633617270575297,0.012115672633159522,0.0012034493142585203,0.012083526342611728,0.0012038383996572162,0.011926987129458697,0.001217839705448509,0.011976127259022142,0.001218603276630314,0.007320550109533695,0.012556689125158083,0.0011582204383067424,0.012556689125158083,0.0011582204383067424,0.012556689125158083,0.0011585939904582105,0.012556689125158083,0.0011585939904582105,0.010068319053369964,0.0012009672855879492,0.01008236796921339,0.001201447326979079,0.010169970087036127,0.0012009618924468187,0.010162887068830574,0.0012014631882042548,0.009744324253791858,0.0011559627351595998,0.009744324253791858,0.0011559627351595998,0.009744324253791858,0.0011560620422644198,0.009744324253791858,0.0011560620422644198,0.011976620519447092,0.0012022976770796427,0.009838664007328635,0.0012028596982224262,0.011561386395105186,0.0012224976868915527,0.009816697910394707,0.0012231687877774853,0.007833635261296183,0.0010849079964367877,0.00805427362227356,0.0010849470584771072,0.007777898741638552,0.00106330147810411,0.008055091602750671,0.0010633617270575297,0.009356373217156327,0.0011560616434834212,0.009356373217156327,0.0011560616434834212,0.009744324253791858,0.0011560620422644198,0.009744324253791858,0.0011560620422644198,0.007777898741638552,0.0010621903067922012,0.008055091602750671,0.001062138249014092,0.007777898741638552,0.00106330147810411,0.008055091602750671,0.0010633617270575297
Dest210823-173306,64.0,0.0712658394900796,0.005452326646767336,0.018840251314639886,0.001250327077607363,0.018840251314639886,0.001250327077607363,0.0201837773087283,0.0012496964002955686,0.0201837773087283,0.0012496964002955686,0.008188037483593896,0.016022361005189185,0.0012455560245910838,0.016022361005189185,0.0012455560245910838,0.01639946666845891,0.0012455560245910838,0.01639946666845891,0.0012455560245910838,0.007179102772816029,0.00881435242849834,0.0011698587351057644,0.010262751422505472,0.001169792483197141,0.009120512077516888,0.0011464465690647129,0.010186877784145986,0.001146547659814404,0.020386714333024285,0.0013211041137680699,0.02036619754964897,0.001321737925418975,0.02079336817492967,0.001330486476828219,0.020799030767334102,0.0013311855767707368,0.005452326646767336,0.0201837773087283,0.0012491730230485276,0.0201837773087283,0.0012491730230485276,0.0201837773087283,0.0012496964002955686,0.0201837773087283,0.0012496964002955686,0.01688884421814937,0.001295697306367678,0.01689187569784201,0.0012959142441454823,0.01711947924878107,0.0012956977692709561,0.01708594818861044,0.0012959151102943764,0.01639946666845891,0.0012452422018584522,0.01639946666845891,0.0012452422018584522,0.01639946666845891,0.0012455560245910838,0.01639946666845891,0.0012455560245910838,0.01991273974298907,0.0013146642630624844,0.013384811109318235,0.0013151597964861283,0.020100599999488978,0.0013259990613881105,0.013981192554765907,0.001326620170677545,0.00881435242849834,0.0011698587351057644,0.010262751422505472,0.001169792483197141,0.009120512077516888,0.0011464465690647129,0.010186877784145986,0.001146547659814404,0.016022361005189185,0.0012455560245910838,0.016022361005189185,0.0012455560245910838,0.01639946666845891,0.0012455560245910838,0.01639946666845891,0.0012455560245910838,0.009120512077516888,0.0011449535239326152,0.010186877784145986,0.0011449612433778458,0.009120512077516888,0.0011464465690647129,0.010186877784145986,0.001146547659814404
Dest210823-174733,64.0,0.06662026648521532,0.005930995768182321,0.014921987954241414,0.0012502521226150718,0.014921987954241414,0.0012502521226150718,0.016146012960920997,0.0012489357407302496,0.016146012960920997,0.0012489357407302496,0.008099731165435532,0.011871083270904845,0.0012457540384163699,0.011871083270904845,0.0012457540384163699,0.012089176866101645,0.001245754217615665,0.012089176866101645,0.001245754217615665,0.00610746138599448,0.009480361524776324,0.0011691082073132385,0.010482697333016561,0.0011690437909717725,0.010090977353254333,0.0011450311162534321,0.00992873153925982,0.0011449887181928019,0.015918558605781254,0.0013184147381303224,0.01589231940804353,0.0013188033604628175,0.016032070863559674,0.001323461648521238,0.016029206352174474,0.0013240028919564509,0.005930995768182321,0.016146012960920997,0.0012488493015298896,0.016146012960920997,0.0012488493015298896,0.016146012960920997,0.0012489357407302496,0.016146012960920997,0.0012489357407302496,0.0119477701779659,0.0012827826435601157,0.011942741459122086,0.001283191049112545,0.012049786521715553,0.0012827792150468256,0.012054442691462197,0.0012831949811833328,0.012089176866101645,0.0012459988070906386,0.012089176866101645,0.0012459988070906386,0.012089176866101645,0.001245754217615665,0.012089176866101645,0.001245754217615665,0.014820635478928722,0.0013105708068840746,0.012909814627547731,0.001310765292069717,0.01516374799967022,0.0013189588827725942,0.01220408216510799,0.001319283885126955,0.009480361524776324,0.0011691082073132385,0.010482697333016561,0.0011690437909717725,0.010090977353254333,0.0011450311162534321,0.00992873153925982,0.0011449887181928019,0.011871083270904845,0.0012457540384163699,0.011871083270904845,0.0012457540384163699,0.012089176866101645,0.001245754217615665,0.012089176866101645,0.001245754217615665,0.010090977353254333,0.001142986807783146,0.00992873153925982,0.0011429791515965393,0.010090977353254333,0.0011450311162534321,0.00992873153925982,0.0011449887181928019
Dest210823-175355,56.0,0.10697199201834617,0.009015503911297545,0.02630932525198839,0.0010666659669835614,0.02630932525198839,0.0010666659669835614,0.02879832312873275,0.001065127280710932,0.02879832312873275,0.001065127280710932,0.01591082683843622,0.024273075254345838,0.0010618469781338866,0.024273075254345838,0.0010618469781338866,0.023754151353220534,0.0010618469781338866,0.023754151353220534,0.0010618469781338866,0.014062645686926962,0.0071660469320987494,0.0010048609929189172,0.008814146490983684,0.0010048854433833442,0.007013841551018607,0.0009824211108647686,0.00829044941745663,0.0009824900943432209,0.02807060484592199,0.0011078655249242284,0.028085654285936335,0.0011085024487140756,0.02650339889216863,0.0011425691852855768,0.02643706406337454,0.00114343947217203,0.009015503911297545,0.02879832312873275,0.0010654421878989319,0.02879832312873275,0.0010654421878989319,0.02879832312873275,0.001065127280710932,0.02879832312873275,0.001065127280710932,0.02559608680801634,0.001105119751347697,0.025588474621309056,0.0011054028418411728,0.024248051845800585,0.0011051197209613727,0.024259037250895038,0.0011054043290980402,0.023754151353220534,0.0010621637937449668,0.023754151353220534,0.0010621637937449668,0.023754151353220534,0.0010618469781338866,0.023754151353220534,0.0010618469781338866,0.026415121108754543,0.0011017312698399105,0.01663318725659919,0.001102417148047879,0.023677884679232368,0.0011424664978619155,0.01575251947373052,0.001143222458555672,0.0071660469320987494,0.0010048609929189172,0.008814146490983684,0.0010048854433833442,0.007013841551018607,0.0009824211108647686,0.00829044941745663,0.0009824900943432209,0.024273075254345838,0.0010618469781338866,0.024273075254345838,0.0010618469781338866,0.023754151353220534,0.0010618469781338866,0.023754151353220534,0.0010618469781338866,0.007013841551018607,0.0009825937927604857,0.00829044941745663,0.0009827257308455634,0.007013841551018607,0.0009824211108647686,0.00829044941745663,0.0009824900943432209
Dest210823-180842,60.0,0.06351351126150752,0.005293611140270428,0.017863618977449758,0.0011618818058314036,0.017863618977449758,0.0011618818058314036,0.01954410820853937,0.0011605874302624746,0.01954410820853937,0.0011605874302624746,0.009346421923916251,0.013464469164068611,0.0011572323889719465,0.013464469164068611,0.0011572323889719465,0.014585921536652568,0.0011572206819243892,0.014585921536652568,0.0011572206819243892,0.007626341758010962,0.009960763970523232,0.001088332333710461,0.009428299719646087,0.0010884113144604625,0.009906188205500715,0.0010645542327294532,0.009344193569133352,0.001064595359480405,0.01833740418485679,0.0012102033158865033,0.018333858714485285,0.0012105771870311892,0.01849017949746632,0.001247726160916864,0.01851080473615762,0.0012485359188605474,0.005293611140270428,0.01954410820853937,0.0011603737182392308,0.01954410820853937,0.0011603737182392308,0.01954410820853937,0.0011605874302624746,0.01954410820853937,0.0011605874302624746,0.013953773077135884,0.0011975903437537714,0.013970312081996285,0.0011978754083486309,0.01404501830838226,0.0011975837442533756,0.013927672859483688,0.0011978636742290228,0.014585921536652568,0.0011571578237694273,0.014585921536652568,0.0011571578237694273,0.014585921536652568,0.0011572206819243892,0.014585921536652568,0.0011572206819243892,0.017325142897704846,0.001203074365904031,0.013255568651149996,0.0012034486413999288,0.01807833781511211,0.0012418758285098674,0.013165477725130575,0.0012424926590792887,0.009960763970523232,0.001088332333710461,0.009428299719646087,0.0010884113144604625,0.009906188205500715,0.0010645542327294532,0.009344193569133352,0.001064595359480405,0.013464469164068611,0.0011572323889719465,0.013464469164068611,0.0011572323889719465,0.014585921536652568,0.0011572206819243892,0.014585921536652568,0.0011572206819243892,0.009906188205500715,0.0010635846811843177,0.009344193569133352,0.0010635713306730607,0.009906188205500715,0.0010645542327294532,0.009344193569133352,0.001064595359480405
Dest210823-181501,60.0,0.05044482958916993,0.008045709829140569,0.04802793810686504,0.0011635837126365309,0.04802793810686504,0.0011635837126365309,0.04764698247746064,0.0011620879038616058,0.04764698247746064,0.0011620879038616058,0.02677201713199902,0.032540302822119296,0.0011582500982870354,0.032540302822119296,0.0011582500982870354,0.034566102166878734,0.0011582500982870354,0.034566102166878734,0.0011582500982870354,0.019829307916918257,0.01607854809583734,0.0010852444163665285,0.02867513390982053,0.001085223942650092,0.017813831814549687,0.0010644546841203264,0.026756834900063396,0.0010644635283672955,0.049538746649989335,0.0012116798231748848,0.04953871506279858,0.001212076279031222,0.04839251473526994,0.0012465108622367073,0.04838329433455007,0.0012472079622272638,0.008045709829140569,0.04764698247746064,0.001162134562392898,0.04764698247746064,0.001162134562392898,0.04764698247746064,0.0011620879038616058,0.04764698247746064,0.0011620879038616058,0.03475448672464397,0.001197017697349499,0.03474897188449054,0.0011971934802669905,0.0351202308608619,0.0011970203729498084,0.03510897273382015,0.0011971916341408527,0.034566102166878734,0.0011582073888102107,0.034566102166878734,0.0011582073888102107,0.034566102166878734,0.0011582500982870354,0.034566102166878734,0.0011582500982870354,0.04527405563565234,0.0012042680469827002,0.030616950265915266,0.0012046506057824186,0.04339325008489493,0.0012532833024187185,0.031294168525255635,0.0012539390357302897,0.01607854809583734,0.0010852444163665285,0.02867513390982053,0.001085223942650092,0.017813831814549687,0.0010644546841203264,0.026756834900063396,0.0010644635283672955,0.032540302822119296,0.0011582500982870354,0.032540302822119296,0.0011582500982870354,0.034566102166878734,0.0011582500982870354,0.034566102166878734,0.0011582500982870354,0.017813831814549687,0.001063891339190565,0.026756834900063396,0.0010639580291421369,0.017813831814549687,0.0010644546841203264,0.026756834900063396,0.0010644635283672955
Dest210823-181810,60.0,0.1327605277724911,0.0056904289308817016,0.022132067978974667,0.001162064168593547,0.022132067978974667,0.001162064168593547,0.02550432044338185,0.0011599213235578146,0.02550432044338185,0.0011599213235578146,0.010884290758903785,0.017952740769005368,0.0011570228149339148,0.017952740769005368,0.0011570228149339148,0.019599648168986735,0.0011570245991311514,0.019599648168986735,0.0011570245991311514,0.008831909401660282,0.010435272023364518,0.0010877147889722422,0.009977427937544062,0.0010878017069103833,0.010085907385408387,0.0010631949037242308,0.010529617615871617,0.0010632514665589756,0.02261124617375205,0.0012020438480488422,0.022612022751046987,0.001202639493627642,0.022936617419207068,0.0012757083233043023,0.022950162415872766,0.0012768017573880136,0.0056904289308817016,0.02550432044338185,0.0011601613171561284,0.02550432044338185,0.0011601613171561284,0.02550432044338185,0.0011599213235578146,0.02550432044338185,0.0011599213235578146,0.018388883060827584,0.0011870842859129877,0.018388842609939657,0.0011875089620308902,0.018895993812638217,0.0011870842616172144,0.018898775197815392,0.0011875096478677313,0.019599648168986735,0.0011573269086940846,0.019599648168986735,0.0011573269086940846,0.019599648168986735,0.0011570245991311514,0.019599648168986735,0.0011570245991311514,0.021777326057620706,0.0011947487308508488,0.015913833420272836,0.001195350065820506,0.022037050714812895,0.0012650805722436835,0.016553604530538734,0.0012661296762345045,0.010435272023364518,0.0010877147889722422,0.009977427937544062,0.0010878017069103833,0.010085907385408387,0.0010631949037242308,0.010529617615871617,0.0010632514665589756,0.017952740769005368,0.0011570228149339148,0.017952740769005368,0.0011570228149339148,0.019599648168986735,0.0011570245991311514,0.019599648168986735,0.0011570245991311514,0.010085907385408387,0.001061515446578833,0.010529617615871617,0.0010616875872213358,0.010085907385408387,0.0010631949037242308,0.010529617615871617,0.0010632514665589756
EC000003,64.0,0.14815647492842465,0.0061691447507300524,0.019588159579269335,0.001241704150791069,0.019588159579269335,0.001241704150791069,0.020818174003576786,0.0012410833990205957,0.020818174003576786,0.0012410833990205957,0.009555270161775828,0.015534538865256724,0.0012373260560409722,0.015534538865256724,0.0012373260560409722,0.016291133708948292,0.0012373260560409722,0.016291133708948292,0.0012373260560409722,0.00830591165923899,0.010770926948182961,0.0011643331461276766,0.011410033102907913,0.0011642582160442995,0.011061370648091111,0.0011398240362490441,0.011470898171683083,0.0011398713897026362,0.021302294914276647,0.0013181906644318597,0.021304479906143897,0.0013185122555662739,0.02098405814302923,0.001303073977836997,0.02098755037547392,0.0013034763205836126,0.0061691447507300524,0.020818174003576786,0.001240979451203382,0.020818174003576786,0.001240979451203382,0.020818174003576786,0.0012410833990205957,0.020818174003576786,0.0012410833990205957,0.015706841276455108,0.0012947432682424839,0.01571398844463013,0.0012952943171529313,0.016019477146458273,0.0012947514827339613,0.016019025175508374,0.0012952897740755825,0.016291133708948292,0.0012376273925980932,0.016291133708948292,0.0012376273925980932,0.016291133708948292,0.0012373260560409722,0.016291133708948292,0.0012373260560409722,0.020668532038277943,0.0013077246144466354,0.01495861518074295,0.0013081242024055259,0.020429974555485658,0.001301121735213614,0.015272801312876784,0.0013014718374092236,0.010770926948182961,0.0011643331461276766,0.011410033102907913,0.0011642582160442995,0.011061370648091111,0.0011398240362490441,0.011470898171683083,0.0011398713897026362,0.015534538865256724,0.0012373260560409722,0.015534538865256724,0.0012373260560409722,0.016291133708948292,0.0012373260560409722,0.016291133708948292,0.0012373260560409722,0.011061370648091111,0.001140896387264506,0.011470898171683083,0.0011409849402139506,0.011061370648091111,0.0011398240362490441,0.011470898171683083,0.0011398713897026362
EC000004,64.0,0.12024808898440834,0.0062916399395915555,0.013670577480177595,0.0012424821618304209,0.013670577480177595,0.0012424821618304209,0.014989281568954474,0.001240756595882725,0.014989281568954474,0.001240756595882725,0.009153800070870206,0.012139853077608818,0.0012373975396445787,0.012139853077608818,0.0012373975396445787,0.012566738231114101,0.0012373986272307899,0.012566738231114101,0.0012373986272307899,0.008146163039512067,0.009565548244604854,0.001165480922361597,0.009040664645539813,0.0011654520823478386,0.009316443519282052,0.00113624340838434,0.009239101022876506,0.0011361927629580848,0.013929315613935418,0.0013069698511220932,0.013925755307366696,0.0013069321582131756,0.014446506397015065,0.001292579315901928,0.014449611040190524,0.0012926637803857715,0.0062916399395915555,0.014989281568954474,0.0012403303497973148,0.014989281568954474,0.0012403303497973148,0.014989281568954474,0.001240756595882725,0.014989281568954474,0.001240756595882725,0.011858492772922821,0.0012848880149819815,0.011856866443818061,0.0012850031614476537,0.0119645513723859,0.001284884278568271,0.011952823539874136,0.0012850069834137894,0.012566738231114101,0.0012376437178907517,0.012566738231114101,0.0012376437178907517,0.012566738231114101,0.0012373986272307899,0.012566738231114101,0.0012373986272307899,0.01353101367064885,0.001305592638048945,0.012100950930342446,0.0013056830604053062,0.014256664818374508,0.0012962188004138051,0.012636036551975474,0.0012962571064367096,0.009565548244604854,0.001165480922361597,0.009040664645539813,0.0011654520823478386,0.009316443519282052,0.00113624340838434,0.009239101022876506,0.0011361927629580848,0.012139853077608818,0.0012373975396445787,0.012139853077608818,0.0012373975396445787,0.012566738231114101,0.0012373986272307899,0.012566738231114101,0.0012373986272307899,0.009316443519282052,0.0011366868596497037,0.009239101022876506,0.0011367601243629536,0.009316443519282052,0.00113624340838434,0.009239101022876506,0.0011361927629580848
EC000009,64.0,0.15325079767353492,0.005372660828448999,0.01358024291557916,0.0012426526874821599,0.01358024291557916,0.0012426526874821599,0.014350382851567074,0.0012412232090299683,0.014350382851567074,0.0012412232090299683,0.007273753758853598,0.011147382022520842,0.0012396808234973965,0.011147382022520842,0.0012396808234973965,0.012519156678351934,0.001239689247809117,0.012519156678351934,0.001239689247809117,0.00593032567162607,0.008519271744432963,0.0011678669255634731,0.008398965266649268,0.001167930610713756,0.008642416978834572,0.0011402426861411743,0.008775078644599926,0.0011402678456097696,0.013395563282017357,0.0013094845392237703,0.013395176922432488,0.001309934775799746,0.012898099797788469,0.0013039221703276247,0.01289892201096831,0.0013044214138447268,0.005372660828448999,0.014350382851567074,0.001240911385398542,0.014350382851567074,0.001240911385398542,0.014350382851567074,0.0012412232090299683,0.014350382851567074,0.0012412232090299683,0.012358586317153341,0.0013012439344114125,0.012364599015779075,0.0013016093928606095,0.012298099256833341,0.0013012453561442243,0.012285416925719526,0.0013016073368815374,0.012519156678351934,0.001239736412397624,0.012519156678351934,0.001239736412397624,0.012519156678351934,0.001239689247809117,0.012519156678351934,0.001239689247809117,0.013469176083362424,0.0013055541182443078,0.011870014510522225,0.0013059361170610529,0.013261744038184876,0.0013074613893521469,0.011665191990701665,0.0013079604176920716,0.008519271744432963,0.0011678669255634731,0.008398965266649268,0.001167930610713756,0.008642416978834572,0.0011402426861411743,0.008775078644599926,0.0011402678456097696,0.011147382022520842,0.0012396808234973965,0.011147382022520842,0.0012396808234973965,0.012519156678351934,0.001239689247809117,0.012519156678351934,0.001239689247809117,0.008642416978834572,0.0011426238262471566,0.008775078644599926,0.0011425917030988446,0.008642416978834572,0.0011402426861411743,0.008775078644599926,0.0011402678456097696
EC000012,64.0,0.11420321423155709,0.007079693825011519,0.014655404983697246,0.0012433755891270994,0.014655404983697246,0.0012433755891270994,0.016643237103843675,0.001241982832986354,0.016643237103843675,0.001241982832986354,0.008616293907452433,0.014467894262084,0.001238803106020313,0.014467894262084,0.001238803106020313,0.014516012178716235,0.001238803106020313,0.014516012178716235,0.001238803106020313,0.007740763721780246,0.010991389694931934,0.0011665873971183208,0.011669394322988027,0.0011665940007228837,0.011236592390227795,0.0011387741886564082,0.012184459183884212,0.001138747227438517,0.01552600779235641,0.001318599556878458,0.015536596981888454,0.0013188846281467954,0.015874209201120808,0.0013079041132993815,0.01591217072772112,0.0013083925758716848,0.007079693825011519,0.016643237103843675,0.0012413531519333404,0.016643237103843675,0.0012413531519333404,0.016643237103843675,0.001241982832986354,0.016643237103843675,0.001241982832986354,0.014449321702449013,0.001299244774198637,0.014448858240483111,0.0012995665487150257,0.014483982048432695,0.0012992589524762075,0.014476333855227851,0.0012995649537117892,0.014516012178716235,0.0012390448864799065,0.014516012178716235,0.0012390448864799065,0.014516012178716235,0.001238803106020313,0.014516012178716235,0.001238803106020313,0.015668645776307017,0.0013104533006086988,0.013850442326932999,0.0013106466100382091,0.01618081047714209,0.001307692791274851,0.013998033700079706,0.0013081282468268298,0.010991389694931934,0.0011665873971183208,0.011669394322988027,0.0011665940007228837,0.011236592390227795,0.0011387741886564082,0.012184459183884212,0.001138747227438517,0.014467894262084,0.001238803106020313,0.014467894262084,0.001238803106020313,0.014516012178716235,0.001238803106020313,0.014516012178716235,0.001238803106020313,0.011236592390227795,0.0011370722380137411,0.012184459183884212,0.0011370302560962263,0.011236592390227795,0.0011387741886564082,0.012184459183884212,0.001138747227438517
EC000018,64.0,0.10367588158268129,0.007529846494148588,0.016312052736976963,0.0012445214453719758,0.016312052736976963,0.0012445214453719758,0.01831643548617489,0.0012431857439281489,0.01831643548617489,0.0012431857439281489,0.009741855287001916,0.016323852407003226,0.0012385168132298687,0.016323852407003226,0.0012385168132298687,0.017684167028524354,0.0012385168132298687,0.017684167028524354,0.0012385168132298687,0.009453880319005126,0.011262744266509302,0.0011651444357060952,0.010873250095401165,0.0011649831344430434,0.011087797271146076,0.0011405344123113093,0.010892084271258248,0.0011405314153200671,0.016494228350761038,0.0013296286735041093,0.016548705574217802,0.0013299924026096053,0.017048192228702796,0.0013159349788223007,0.01704769083013607,0.001316392824369468,0.007529846494148588,0.01831643548617489,0.001242538849164854,0.01831643548617489,0.001242538849164854,0.01831643548617489,0.0012431857439281489,0.01831643548617489,0.0012431857439281489,0.016975879411347882,0.0013172191568709506,0.016981243696202426,0.001317894067116821,0.017465951336996372,0.0013172209401673197,0.017476441941679823,0.001317893722138594,0.017684167028524354,0.0012384827517494953,0.017684167028524354,0.0012384827517494953,0.017684167028524354,0.0012385168132298687,0.017684167028524354,0.0012385168132298687,0.015537695490963737,0.0013136609449594142,0.013834732829351302,0.001314046298857141,0.016081495285966665,0.0013137556657002202,0.013987212173518985,0.0013142860669405033,0.011262744266509302,0.0011651444357060952,0.010873250095401165,0.0011649831344430434,0.011087797271146076,0.0011405344123113093,0.010892084271258248,0.0011405314153200671,0.016323852407003226,0.0012385168132298687,0.016323852407003226,0.0012385168132298687,0.017684167028524354,0.0012385168132298687,0.017684167028524354,0.0012385168132298687,0.011087797271146076,0.00113700775046211,0.010892084271258248,0.0011370134833912058,0.011087797271146076,0.0011405344123113093,0.010892084271258248,0.0011405314153200671
EC000019,64.0,0.230657075734169,0.005479581724380617,0.026999259835120443,0.0012420264708052154,0.026999259835120443,0.0012420264708052154,0.0324944535541723,0.001240264051579715,0.0324944535541723,0.001240264051579715,0.009817405931414626,0.026990057027669545,0.0012379835314117445,0.026990057027669545,0.0012379835314117445,0.02914863618037763,0.0012379835314117445,0.02914863618037763,0.0012379835314117445,0.008343436024306143,0.011553539282375675,0.0011635158254834222,0.012052399057130103,0.0011635197686129522,0.011625754159716206,0.001137886609551289,0.011918497258042319,0.0011379352955774825,0.028601602541624176,0.0013123663664578763,0.028645604252989718,0.001312711168998565,0.02998670232523977,0.0013297820120293285,0.030006634169541965,0.001330209623149943,0.005479581724380617,0.0324944535541723,0.0012397736427520994,0.0324944535541723,0.0012397736427520994,0.0324944535541723,0.001240264051579715,0.0324944535541723,0.001240264051579715,0.026519116519264023,0.0013019788487649733,0.026506179013619298,0.001302439185563759,0.02712568395113606,0.0013019754449400595,0.02712117047111558,0.0013024369893750874,0.02914863618037763,0.001237966788374944,0.02914863618037763,0.001237966788374944,0.02914863618037763,0.0012379835314117445,0.02914863618037763,0.0012379835314117445,0.027285828236189944,0.0013078922311233184,0.019673311397599515,0.0013082501419234413,0.02816520533802783,0.0013269313682525308,0.01979852970324669,0.0013273430473898678,0.011553539282375675,0.0011635158254834222,0.012052399057130103,0.0011635197686129522,0.011625754159716206,0.001137886609551289,0.011918497258042319,0.0011379352955774825,0.026990057027669545,0.0012379835314117445,0.026990057027669545,0.0012379835314117445,0.02914863618037763,0.0012379835314117445,0.02914863618037763,0.0012379835314117445,0.011625754159716206,0.0011381290825478005,0.011918497258042319,0.0011381816663378428,0.011625754159716206,0.001137886609551289,0.011918497258042319,0.0011379352955774825
EC000020,64.0,0.9776680592312523,0.08064439047536574,0.018361650957654373,0.001240870095915621,0.018361650957654373,0.001240870095915621,0.020181604546521844,0.0012394467841432468,0.020181604546521844,0.0012394467841432468,0.09373889455171015,0.018418333562467033,0.0012360030937432775,0.018418333562467033,0.0012360030937432775,0.01868029338684848,0.0012360030937432775,0.01868029338684848,0.0012360030937432775,0.08967316776611153,0.009612592114081433,0.001161161860052375,0.009799093886953254,0.0011611506549214414,0.009667291561116486,0.0011349924973615342,0.009507974884239451,0.0011350415255982676,0.018833911893229104,0.0013048871180696146,0.018833051088493712,0.0013051573146199433,0.020230598404436823,0.0013195731636892198,0.020214367846695024,0.0013201097551179552,0.08064439047536574,0.020181604546521844,0.001239092026351409,0.020181604546521844,0.001239092026351409,0.020181604546521844,0.0012394467841432468,0.020181604546521844,0.0012394467841432468,0.019537946953581003,0.0012876456300228473,0.019532843447892145,0.0012879938186188347,0.019189981949969414,0.0012876464091106027,0.01919881529521802,0.0012879906575798562,0.01868029338684848,0.0012356566837812596,0.01868029338684848,0.0012356566837812596,0.01868029338684848,0.0012360030937432775,0.01868029338684848,0.0012360030937432775,0.019002159734760066,0.0013029767160537783,0.01551279363267239,0.0013034277591658858,0.01991280290613073,0.0013269468210237176,0.01568823295031104,0.0013275010588055006,0.009612592114081433,0.001161161860052375,0.009799093886953254,0.0011611506549214414,0.009667291561116486,0.0011349924973615342,0.009507974884239451,0.0011350415255982676,0.018418333562467033,0.0012360030937432775,0.018418333562467033,0.0012360030937432775,0.01868029338684848,0.0012360030937432775,0.01868029338684848,0.0012360030937432775,0.009667291561116486,0.0011342572846087715,0.009507974884239451,0.001134288439368425,0.009667291561116486,0.0011349924973615342,0.009507974884239451,0.0011350415255982676
EC000027,64.0,0.21111427300205726,0.009780088354369007,0.018125974764270768,0.0012411149664662091,0.018125974764270768,0.0012411149664662091,0.017540200146218193,0.0012400371469276094,0.017540200146218193,0.0012400371469276094,0.012026026306999844,0.016231779474724293,0.0012374129387564263,0.016231779474724293,0.0012374129387564263,0.01677477991844345,0.0012374086934529827,0.01677477991844345,0.0012374086934529827,0.011196718351373059,0.010951908273516426,0.001162215134610866,0.010772392749027075,0.001162316231706672,0.010809083121919182,0.0011383407734884554,0.010027214801255336,0.0011384158270758777,0.01844937331441498,0.0013132735618254165,0.01845420339393013,0.0013132508796527271,0.018187348735145485,0.0012963556843169186,0.018193872033623763,0.0012964911242619196,0.009780088354369007,0.017540200146218193,0.0012395932804374968,0.017540200146218193,0.0012395932804374968,0.017540200146218193,0.0012400371469276094,0.017540200146218193,0.0012400371469276094,0.01692616051240569,0.001290798345264807,0.01691349803695893,0.0012909504835540418,0.01705437390715827,0.0012908045399773259,0.017053860439310127,0.0012909523048537307,0.01677477991844345,0.0012366201823170127,0.01677477991844345,0.0012366201823170127,0.01677477991844345,0.0012374086934529827,0.01677477991844345,0.0012374086934529827,0.018052308195923995,0.0013022440974345564,0.014157155669395165,0.0013023405911188272,0.017136543059559934,0.001290724149891246,0.01384588120637629,0.0012906991304590643,0.010951908273516426,0.001162215134610866,0.010772392749027075,0.001162316231706672,0.010809083121919182,0.0011383407734884554,0.010027214801255336,0.0011384158270758777,0.016231779474724293,0.0012374129387564263,0.016231779474724293,0.0012374129387564263,0.01677477991844345,0.0012374086934529827,0.01677477991844345,0.0012374086934529827,0.010809083121919182,0.0011410063158428054,0.010027214801255336,0.001141069930182104,0.010809083121919182,0.0011383407734884554,0.010027214801255336,0.0011384158270758777
EC000029,64.0,0.18718601201251572,0.012263802503812427,0.01187406513988336,0.0012408810838483153,0.01187406513988336,0.0012408810838483153,0.012874152661943724,0.0012396983646344101,0.012874152661943724,0.0012396983646344101,0.014134230324882018,0.011387586154377157,0.0012371892557633886,0.011387586154377157,0.0012371892557633886,0.011665571357307093,0.0012371892557633886,0.011665571357307093,0.0012371892557633886,0.01455322408414298,0.009049546059881081,0.0011648995669161389,0.009026104190083706,0.0011647977392461619,0.009195867827022045,0.0011367788626660386,0.008985798215395609,0.0011367755461851978,0.012333617916012793,0.0012982101470651911,0.012334995498289545,0.0012985211045595621,0.012528139949024323,0.0012869576837118266,0.012544282019225979,0.001287471075172498,0.012263802503812427,0.012874152661943724,0.0012394905676010373,0.012874152661943724,0.0012394905676010373,0.012874152661943724,0.0012396983646344101,0.012874152661943724,0.0012396983646344101,0.011884350836603629,0.0012921187807185277,0.011923908221373741,0.0012925450129485825,0.012002230035392924,0.0012921090423210024,0.012007473892149772,0.0012925422589004916,0.011665571357307093,0.001237131232330436,0.011665571357307093,0.001237131232330436,0.011665571357307093,0.0012371892557633886,0.011665571357307093,0.0012371892557633886,0.011535356667026455,0.0012985221602666954,0.0108836594284547,0.0012986404343729237,0.012373108528763329,0.0012942057636926298,0.011059717733632029,0.0012944891168433365,0.009049546059881081,0.0011648995669161389,0.009026104190083706,0.0011647977392461619,0.009195867827022045,0.0011367788626660386,0.008985798215395609,0.0011367755461851978,0.011387586154377157,0.0012371892557633886,0.011387586154377157,0.0012371892557633886,0.011665571357307093,0.0012371892557633886,0.011665571357307093,0.0012371892557633886,0.009195867827022045,0.0011364351310354996,0.008985798215395609,0.001136460654459605,0.009195867827022045,0.0011367788626660386,0.008985798215395609,0.0011367755461851978
EC000032,63.0,0.20526781773192265,0.009875020346635751,0.0172844449265093,0.0012109299340972131,0.0172844449265093,0.0012109299340972131,0.018243093746387187,0.0012098377870529645,0.018243093746387187,0.0012098377870529645,0.013767611206839803,0.016586318174427312,0.001206968536546327,0.016586318174427312,0.001206968536546327,0.01726182730434409,0.001206968536546327,0.01726182730434409,0.001206968536546327,0.012675307827785635,0.012175601498104684,0.0011409130509993828,0.012931531476023978,0.0011407963747989969,0.012290349831526014,0.0011150639826833291,0.0134104137757178,0.0011150130485971567,0.017628035709458225,0.0013000136006701113,0.017620316928889088,0.0013000185185115859,0.01786226524638261,0.001279172575487221,0.01785869128305202,0.001279242620085966,0.009875020346635751,0.018243093746387187,0.0012091470018275978,0.018243093746387187,0.0012091470018275978,0.018243093746387187,0.0012098377870529645,0.018243093746387187,0.0012098377870529645,0.017313262617142815,0.0012534101750337927,0.01731571662088613,0.0012536089940447964,0.017584268010165157,0.0012534059568334148,0.01758658560707047,0.0012536062398231446,0.01726182730434409,0.0012071644925648435,0.01726182730434409,0.0012071644925648435,0.01726182730434409,0.001206968536546327,0.01726182730434409,0.001206968536546327,0.01674442895791991,0.0012982895593587282,0.015481520171624725,0.0012983241048025607,0.016831845174170926,0.0012858200969127775,0.015830552318316583,0.0012858441862844253,0.012175601498104684,0.0011409130509993828,0.012931531476023978,0.0011407963747989969,0.012290349831526014,0.0011150639826833291,0.0134104137757178,0.0011150130485971567,0.016586318174427312,0.001206968536546327,0.016586318174427312,0.001206968536546327,0.01726182730434409,0.001206968536546327,0.01726182730434409,0.001206968536546327,0.012290349831526014,0.0011147321156138145,0.0134104137757178,0.0011147549320006005,0.012290349831526014,0.0011150639826833291,0.0134104137757178,0.0011150130485971567
EC000040,64.0,0.13138293158709316,0.009016511958510574,0.014985615194858404,0.0012424959509351047,0.014985615194858404,0.0012424959509351047,0.01808379282383035,0.001241867353944036,0.01808379282383035,0.001241867353944036,0.011646522752312769,0.01512461253945366,0.001239145306936214,0.01512461253945366,0.001239145306936214,0.015694820163123957,0.0012391245889362321,0.015694820163123957,0.0012391245889362321,0.011267872524825022,0.010377521492700728,0.0011681042473522057,0.010292537914817847,0.0011680344561925172,0.010393826850537307,0.0011393334788456545,0.011016490235822756,0.0011393154068499545,0.01597435627741647,0.0013081670238025969,0.015964932741662517,0.0013085759210525317,0.01624877558427837,0.0013124176126585161,0.01622056297665582,0.001312911690413494,0.009016511958510574,0.01808379282383035,0.001241338449954361,0.01808379282383035,0.001241338449954361,0.01808379282383035,0.001241867353944036,0.01808379282383035,0.001241867353944036,0.01534753056993804,0.0012965896321051572,0.01535021816593155,0.0012969521415941386,0.015524912262420303,0.001296588708061467,0.015516711041359068,0.0012969555512117256,0.015694820163123957,0.0012390413269288772,0.015694820163123957,0.0012390413269288772,0.015694820163123957,0.0012391245889362321,0.015694820163123957,0.0012391245889362321,0.0159237760104087,0.0013040883095293586,0.014251187218228866,0.0013045531377079288,0.016058472663290503,0.0013129311126594666,0.014677437742049534,0.0013133587598424105,0.010377521492700728,0.0011681042473522057,0.010292537914817847,0.0011680344561925172,0.010393826850537307,0.0011393334788456545,0.011016490235822756,0.0011393154068499545,0.01512461253945366,0.001239145306936214,0.01512461253945366,0.001239145306936214,0.015694820163123957,0.0012391245889362321,0.015694820163123957,0.0012391245889362321,0.010393826850537307,0.0011368891290215195,0.011016490235822756,0.0011368955243852576,0.010393826850537307,0.0011393334788456545,0.011016490235822756,0.0011393154068499545
EC000041,64.0,0.2037112392590468,0.004505935444682362,0.017099723196184337,0.0012419979216926364,0.017099723196184337,0.0012419979216926364,0.01972745671459437,0.0012409642073460683,0.01972745671459437,0.0012409642073460683,0.006866596273519814,0.017978264233605785,0.0012378957989351781,0.017978264233605785,0.0012378957989351781,0.018751117432219917,0.0012378957989351781,0.018751117432219917,0.0012378957989351781,0.006766880290973005,0.010137016035228754,0.0011661412426985612,0.01124891008190449,0.0011662157197816117,0.010760012314498309,0.0011371873727786723,0.01187128128270436,0.0011372478162884427,0.017438766074179535,0.0013029685998777881,0.017434084269605785,0.0013031530157562056,0.018087241850151828,0.0013125800874955486,0.018090799650750326,0.0013131508361096831,0.004505935444682362,0.01972745671459437,0.0012408713563274052,0.01972745671459437,0.0012408713563274052,0.01972745671459437,0.0012409642073460683,0.01972745671459437,0.0012409642073460683,0.018169027673677385,0.0013165508947492225,0.018161355856936682,0.0013168794393439336,0.01833475762514263,0.0013165489168824825,0.018338351761035338,0.0013168849787109109,0.018751117432219917,0.0012377887700366235,0.018751117432219917,0.0012377887700366235,0.018751117432219917,0.0012378957989351781,0.018751117432219917,0.0012378957989351781,0.01692850978849752,0.0012936494550389024,0.01615938596465734,0.0012938781515040227,0.017355222674630487,0.0013104801766852484,0.016566320359736035,0.0013108359857959939,0.010137016035228754,0.0011661412426985612,0.01124891008190449,0.0011662157197816117,0.010760012314498309,0.0011371873727786723,0.01187128128270436,0.0011372478162884427,0.017978264233605785,0.0012378957989351781,0.017978264233605785,0.0012378957989351781,0.018751117432219917,0.0012378957989351781,0.018751117432219917,0.0012378957989351781,0.010760012314498309,0.0011370313996520547,0.01187128128270436,0.0011370379457609622,0.010760012314498309,0.0011371873727786723,0.01187128128270436,0.0011372478162884427
EC000043,64.0,0.19084500883178343,0.005775824263265412,0.018271876648508833,0.0012453761868292826,0.018271876648508833,0.0012453761868292826,0.019936769981749147,0.001244816005343444,0.019936769981749147,0.001244816005343444,0.008235861780589465,0.01718908924912647,0.0012413948484896091,0.01718908924912647,0.0012413948484896091,0.018680806696103308,0.0012413948484896091,0.018680806696103308,0.0012413948484896091,0.00693265327662991,0.010109922202722497,0.0011701861176937728,0.010261641433603755,0.0011703600631397014,0.01114754103340394,0.0011428407385844772,0.011190368719116451,0.0011428705911015868,0.019441640561667615,0.0013164024621851599,0.019448877045850563,0.0013163726489200938,0.019893003170242896,0.0013124802085047282,0.019898892769532633,0.0013124884795950584,0.005775824263265412,0.019936769981749147,0.0012442675308576776,0.019936769981749147,0.0012442675308576776,0.019936769981749147,0.001244816005343444,0.019936769981749147,0.001244816005343444,0.01772795963402588,0.0012961505854718212,0.017719556915738517,0.0012962018267571678,0.018332990799316686,0.0012961477789873318,0.018339199681491364,0.0012962012728150358,0.018680806696103308,0.001242002795491485,0.018680806696103308,0.001242002795491485,0.018680806696103308,0.0012413948484896091,0.018680806696103308,0.0012413948484896091,0.01855701832038156,0.0013018224543407118,0.014495839206973438,0.001301819565279378,0.0188090104962045,0.0013003591780205053,0.015544593141882423,0.001300487132974898,0.010109922202722497,0.0011701861176937728,0.010261641433603755,0.0011703600631397014,0.01114754103340394,0.0011428407385844772,0.011190368719116451,0.0011428705911015868,0.01718908924912647,0.0012413948484896091,0.01718908924912647,0.0012413948484896091,0.018680806696103308,0.0012413948484896091,0.018680806696103308,0.0012413948484896091,0.01114754103340394,0.0011406435489053177,0.011190368719116451,0.0011406382522452627,0.01114754103340394,0.0011428407385844772,0.011190368719116451,0.0011428705911015868
EC000049,64.0,0.12179780298523271,0.006499777142105067,0.013831745401676435,0.0012435166597044968,0.013831745401676435,0.0012435166597044968,0.014708976875032977,0.001242314208997571,0.014708976875032977,0.001242314208997571,0.008788093852857403,0.011392034436621335,0.0012389074445886708,0.011392034436621335,0.0012389074445886708,0.012181448256674105,0.001238907346610202,0.012181448256674105,0.001238907346610202,0.008153071225283748,0.007513671187117975,0.0011649341615773724,0.0076475434147818865,0.001164971468424623,0.00795963346454265,0.0011370091915289457,0.008057577704262558,0.0011370823177787777,0.015006024584087839,0.0013183003762085397,0.015004413243549692,0.0013187592721920867,0.015540060300590453,0.001347267823357746,0.015508581573194393,0.0013478144752433856,0.006499777142105067,0.014708976875032977,0.0012415509618592326,0.014708976875032977,0.0012415509618592326,0.014708976875032977,0.001242314208997571,0.014708976875032977,0.001242314208997571,0.012676065642073896,0.0013082658806377841,0.012664037660061253,0.0013085625040705454,0.012914421122147489,0.00130827356302062,0.012914054364123835,0.0013085628246960006,0.012181448256674105,0.0012386938046512273,0.012181448256674105,0.0012386938046512273,0.012181448256674105,0.001238907346610202,0.012181448256674105,0.001238907346610202,0.015669796005686788,0.0013034985554213007,0.010540105183381408,0.0013038433832028775,0.015958610067038425,0.0013441864592582495,0.011212958032689745,0.0013446988141788375,0.007513671187117975,0.0011649341615773724,0.0076475434147818865,0.001164971468424623,0.00795963346454265,0.0011370091915289457,0.008057577704262558,0.0011370823177787777,0.011392034436621335,0.0012389074445886708,0.011392034436621335,0.0012389074445886708,0.012181448256674105,0.001238907346610202,0.012181448256674105,0.001238907346610202,0.00795963346454265,0.001138238713787287,0.008057577704262558,0.0011382596513293062,0.00795963346454265,0.0011370091915289457,0.008057577704262558,0.0011370823177787777
EC000053,64.0,0.12826988771258185,0.005387560767888336,0.017257816832639376,0.001242902085953015,0.017257816832639376,0.001242902085953015,0.02112569622421008,0.00124144352557525,0.02112569622421008,0.00124144352557525,0.008553408297662629,0.01605936009659048,0.001238511131306158,0.01605936009659048,0.001238511131306158,0.01640469891649935,0.001238511131306158,0.01640469891649935,0.001238511131306158,0.007736422872579966,0.009565204959100855,0.0011663673466395794,0.009139708564863389,0.0011663925735608575,0.009969680630112646,0.0011381421654726726,0.009535735386201468,0.0011380499993013519,0.01838546696110782,0.001313741928965777,0.018264764883015865,0.001313967041487685,0.019256148277208382,0.0013164243559343155,0.01925758595433725,0.001316768427106872,0.005387560767888336,0.02112569622421008,0.001241201366141124,0.02112569622421008,0.001241201366141124,0.02112569622421008,0.00124144352557525,0.02112569622421008,0.00124144352557525,0.015722062820782725,0.0012954266039491766,0.015722947630158225,0.0012959698304136492,0.016061571166703686,0.0012954328555763923,0.016067313095209076,0.0012959663400532117,0.01640469891649935,0.0012384102773566163,0.01640469891649935,0.0012384102773566163,0.01640469891649935,0.001238511131306158,0.01640469891649935,0.001238511131306158,0.0185468911368842,0.0013008452852625646,0.01447842490063837,0.0013011935494029586,0.0190345668586557,0.001305497016538594,0.014353421778146146,0.0013058036802586451,0.009565204959100855,0.0011663673466395794,0.009139708564863389,0.0011663925735608575,0.009969680630112646,0.0011381421654726726,0.009535735386201468,0.0011380499993013519,0.01605936009659048,0.001238511131306158,0.01605936009659048,0.001238511131306158,0.01640469891649935,0.001238511131306158,0.01640469891649935,0.001238511131306158,0.009969680630112646,0.0011387603840031276,0.009535735386201468,0.0011388662169071566,0.009969680630112646,0.0011381421654726726,0.009535735386201468,0.0011380499993013519
EC000056,64.0,0.14380783886534224,0.007969506319880993,0.03809476712470474,0.0012438740229071454,0.03809476712470474,0.0012438740229071454,0.03890370481526007,0.0012426814838187785,0.03890370481526007,0.0012426814838187785,0.013624723408281027,0.028027322688832044,0.0012389819100228695,0.028027322688832044,0.0012389819100228695,0.02877847424055256,0.0012389819100228695,0.02877847424055256,0.0012389819100228695,0.012191407951497157,0.014771897740113947,0.0011659668756014456,0.019203181984149807,0.0011658994180436012,0.014652071524220659,0.0011364292973669405,0.019397009195090523,0.0011365181546730307,0.042292974621063475,0.0013083991939530982,0.04226972038150611,0.001308720594388183,0.040233160279214586,0.001339489924563355,0.04020176550553475,0.001340099775077663,0.007969506319880993,0.03890370481526007,0.001242069296192407,0.03890370481526007,0.001242069296192407,0.03890370481526007,0.0012426814838187785,0.03890370481526007,0.0012426814838187785,0.03315009332731798,0.00129425346950756,0.03314728310323453,0.0012947110712945465,0.0318324851325594,0.00129426804595113,0.031813138401696216,0.0012947147696404022,0.02877847424055256,0.0012389839299787922,0.02877847424055256,0.0012389839299787922,0.02877847424055256,0.0012389819100228695,0.02877847424055256,0.0012389819100228695,0.03822481493485495,0.0013068379779353442,0.027313154676675517,0.0013070605218316294,0.037147644785388664,0.001329096848929519,0.028168960051134128,0.0013294915917561065,0.014771897740113947,0.0011659668756014456,0.019203181984149807,0.0011658994180436012,0.014652071524220659,0.0011364292973669405,0.019397009195090523,0.0011365181546730307,0.028027322688832044,0.0012389819100228695,0.028027322688832044,0.0012389819100228695,0.02877847424055256,0.0012389819100228695,0.02877847424055256,0.0012389819100228695,0.014652071524220659,0.0011370171857649385,0.019397009195090523,0.001137020831571007,0.014652071524220659,0.0011364292973669405,0.019397009195090523,0.0011365181546730307
EC000057,64.0,0.15263781040317098,0.00655920609959575,0.037547084113043486,0.0012462628698489946,0.037547084113043486,0.0012462628698489946,0.04230022453417241,0.0012451330299955183,0.04230022453417241,0.0012451330299955183,0.014181172792075909,0.024552194359609928,0.0012427600206894646,0.024552194359609928,0.0012427600206894646,0.026581931750639658,0.0012427673372106022,0.026581931750639658,0.0012427673372106022,0.012046685213037025,0.009517488030863934,0.001167034207844037,0.01150979762020267,0.0011670832492189462,0.009375197209500084,0.0011408759783449404,0.011535211472229018,0.0011409476199111003,0.03928319434635669,0.0013218877400638263,0.039244214136507846,0.0013220977408812964,0.0393699102133762,0.0013562154152888405,0.03942148969701274,0.0013566726960754921,0.00655920609959575,0.04230022453417241,0.0012447725723876688,0.04230022453417241,0.0012447725723876688,0.04230022453417241,0.0012451330299955183,0.04230022453417241,0.0012451330299955183,0.024623450009278083,0.0013087744775681154,0.024574260901164026,0.0013089083384305678,0.025088371191074606,0.0013087780087620517,0.025084863465479224,0.0013089191732417456,0.026581931750639658,0.001242146421338673,0.026581931750639658,0.001242146421338673,0.026581931750639658,0.0012427673372106022,0.026581931750639658,0.0012427673372106022,0.03684025883309362,0.0013117883364492824,0.024961276540981965,0.0013118991921103726,0.03773873667179918,0.0013720981678433805,0.02405888120477796,0.0013724733144368818,0.009517488030863934,0.001167034207844037,0.01150979762020267,0.0011670832492189462,0.009375197209500084,0.0011408759783449404,0.011535211472229018,0.0011409476199111003,0.024552194359609928,0.0012427600206894646,0.024552194359609928,0.0012427600206894646,0.026581931750639658,0.0012427673372106022,0.026581931750639658,0.0012427673372106022,0.009375197209500084,0.0011395540778116867,0.011535211472229018,0.001139601456787908,0.009375197209500084,0.0011408759783449404,0.011535211472229018,0.0011409476199111003
EC000063,64.0,0.3431301944493365,0.008763675090099421,0.023462763500342636,0.0012433181215248262,0.023462763500342636,0.0012433181215248262,0.02475657357949859,0.001241537793769207,0.02475657357949859,0.001241537793769207,0.015368207028201708,0.021165541091439546,0.0012383861759914822,0.021165541091439546,0.0012383861759914822,0.02164143499358784,0.001238402634155257,0.02164143499358784,0.001238402634155257,0.012875102710761227,0.011064451993722748,0.0011657055045587973,0.009424907196723578,0.001165721187123917,0.011859810428991294,0.0011370759352520132,0.010263906342235223,0.001136989314066812,0.025294153570342297,0.0013081194078302608,0.025268934254232735,0.0013084087190873314,0.0253386981842383,0.0013203157964423082,0.02538266034312819,0.0013208007497052822,0.008763675090099421,0.02475657357949859,0.0012415987701958938,0.02475657357949859,0.0012415987701958938,0.02475657357949859,0.001241537793769207,0.02475657357949859,0.001241537793769207,0.022074209176020758,0.0013075584969322448,0.022072711406452533,0.0013080731733250898,0.022111887565406534,0.0013075588742111758,0.02211150311924014,0.001308076827932973,0.02164143499358784,0.0012383399839266773,0.02164143499358784,0.0012383399839266773,0.02164143499358784,0.001238402634155257,0.02164143499358784,0.001238402634155257,0.023920944848336508,0.0013038229076873691,0.015003053291971574,0.001304136039901341,0.024177062081315127,0.0013185686198242637,0.014729087997635058,0.0013189515222619768,0.011064451993722748,0.0011657055045587973,0.009424907196723578,0.001165721187123917,0.011859810428991294,0.0011370759352520132,0.010263906342235223,0.001136989314066812,0.021165541091439546,0.0012383861759914822,0.021165541091439546,0.0012383861759914822,0.02164143499358784,0.001238402634155257,0.02164143499358784,0.001238402634155257,0.011859810428991294,0.001136733589333787,0.010263906342235223,0.0011367453354332272,0.011859810428991294,0.0011370759352520132,0.010263906342235223,0.001136989314066812
EC000064,64.0,0.18110191980381798,0.0054071023766582085,0.023124178127577687,0.0012472768774059075,0.023124178127577687,0.0012472768774059075,0.02601158534365208,0.0012460576517848586,0.02601158534365208,0.0012460576517848586,0.008449777752983294,0.026362331272630986,0.001241832038416125,0.026362331272630986,0.001241832038416125,0.028022499423504117,0.0012418368932726848,0.028022499423504117,0.0012418368932726848,0.006982899768439993,0.01370093019893855,0.001166419637306885,0.014628734069530726,0.0011664249983600573,0.013668679433827675,0.001142291084649467,0.0149402412845378,0.0011422462072676746,0.023713556786114597,0.001319255649015551,0.023719233110474094,0.001319171928579434,0.024056664972614696,0.001304532846946917,0.024055916613161758,0.0013046250582797974,0.0054071023766582085,0.02601158534365208,0.0012453973188398981,0.02601158534365208,0.0012453973188398981,0.02601158534365208,0.0012460576517848586,0.02601158534365208,0.0012460576517848586,0.02808236570794974,0.0013002048336039173,0.0280908393568677,0.001300448951003943,0.028098573419582128,0.0013002039504283977,0.02817794157866926,0.0013004490590689136,0.028022499423504117,0.0012417962024291714,0.028022499423504117,0.0012417962024291714,0.028022499423504117,0.0012418368932726848,0.028022499423504117,0.0012418368932726848,0.022595746198762198,0.0013072640513517276,0.01848856353858791,0.0013072954309533175,0.02343848140582785,0.0013009886523633986,0.018904134801950093,0.0013011303134679525,0.01370093019893855,0.001166419637306885,0.014628734069530726,0.0011664249983600573,0.013668679433827675,0.001142291084649467,0.0149402412845378,0.0011422462072676746,0.026362331272630986,0.001241832038416125,0.026362331272630986,0.001241832038416125,0.028022499423504117,0.0012418368932726848,0.028022499423504117,0.0012418368932726848,0.013668679433827675,0.0011401104067224198,0.0149402412845378,0.001140049251676779,0.013668679433827675,0.001142291084649467,0.0149402412845378,0.0011422462072676746
EC000069,64.0,0.1901747654869554,0.00822023153930013,0.021246128929088174,0.0012454099361027746,0.021246128929088174,0.0012454099361027746,0.026837345260385233,0.0012449223423485123,0.026837345260385233,0.0012449223423485123,0.01318109717438806,0.022234872515269326,0.0012413206933078326,0.022234872515269326,0.0012413206933078326,0.024034012672323326,0.0012413206933078326,0.024034012672323326,0.0012413206933078326,0.010295380384428513,0.013064356042731599,0.0011663444476669343,0.013828008522551276,0.0011664488328628805,0.013031069348999827,0.0011406516699757224,0.013371102586680781,0.0011407303148977988,0.022914687315442935,0.0013245764707844436,0.022926397642499072,0.0013244738752610213,0.023218759716171627,0.0013102102457297439,0.023203724539187898,0.0013101624769363534,0.00822023153930013,0.026837345260385233,0.0012448653427532947,0.026837345260385233,0.0012448653427532947,0.026837345260385233,0.0012449223423485123,0.026837345260385233,0.0012449223423485123,0.023246983267035806,0.0012915399256282632,0.023228427881878906,0.0012915343928809634,0.02327568126445851,0.001291535834015146,0.02327352037639269,0.001291533946524045,0.024034012672323326,0.0012413685972231963,0.024034012672323326,0.0012413685972231963,0.024034012672323326,0.0012413206933078326,0.024034012672323326,0.0012413206933078326,0.02207155260394162,0.00132195502430749,0.0191106520046422,0.001321890110357952,0.021829950992700384,0.0013182010345103724,0.01908420028287155,0.001318150584608252,0.013064356042731599,0.0011663444476669343,0.013828008522551276,0.0011664488328628805,0.013031069348999827,0.0011406516699757224,0.013371102586680781,0.0011407303148977988,0.022234872515269326,0.0012413206933078326,0.022234872515269326,0.0012413206933078326,0.024034012672323326,0.0012413206933078326,0.024034012672323326,0.0012413206933078326,0.013031069348999827,0.0011410473733381925,0.013371102586680781,0.0011409900608822584,0.013031069348999827,0.0011406516699757224,0.013371102586680781,0.0011407303148977988
EC000074,64.0,0.10046829756447644,0.006411182898964875,0.019958964215546375,0.001245688749542986,0.019958964215546375,0.001245688749542986,0.027629607464410184,0.001244196102980726,0.027629607464410184,0.001244196102980726,0.01163523925939489,0.023699786827019006,0.0012401124919987972,0.023699786827019006,0.0012401124919987972,0.0257607954378264,0.0012401126018568131,0.0257607954378264,0.0012401126018568131,0.00912376127588785,0.0075413551496678255,0.0011687971232869107,0.00815412715130187,0.0011687679937349377,0.008193083755292915,0.0011404722451952524,0.009229161372397252,0.0011405597343464762,0.021446305454455635,0.0013239941347210462,0.02140269128706802,0.0013243674565939475,0.022156785511970246,0.001305311301835806,0.0221453920208625,0.0013057205309860787,0.006411182898964875,0.027629607464410184,0.0012440506895499658,0.027629607464410184,0.0012440506895499658,0.027629607464410184,0.001244196102980726,0.027629607464410184,0.001244196102980726,0.021649199514512486,0.0013099640427918047,0.021678207650669568,0.001310445741408151,0.02239035533779933,0.0013099647922764437,0.022390631618011938,0.0013104527511568704,0.0257607954378264,0.0012400893977198852,0.0257607954378264,0.0012400893977198852,0.0257607954378264,0.0012401126018568131,0.0257607954378264,0.0012401126018568131,0.020421393784665936,0.0013152288136082195,0.015572141518630435,0.0013154489844886845,0.02024337885086459,0.0013003294043989957,0.016698345391176792,0.0013006789886391662,0.0075413551496678255,0.0011687971232869107,0.00815412715130187,0.0011687679937349377,0.008193083755292915,0.0011404722451952524,0.009229161372397252,0.0011405597343464762,0.023699786827019006,0.0012401124919987972,0.023699786827019006,0.0012401124919987972,0.0257607954378264,0.0012401126018568131,0.0257607954378264,0.0012401126018568131,0.008193083755292915,0.0011406911932762037,0.009229161372397252,0.0011407313131231646,0.008193083755292915,0.0011404722451952524,0.009229161372397252,0.0011405597343464762
EC000080,64.0,0.11179096621098836,0.006090407521588629,0.01635826271382743,0.0012456328144756232,0.01635826271382743,0.0012456328144756232,0.017417377084890783,0.0012438049379998384,0.017417377084890783,0.0012438049379998384,0.007392490418394998,0.013839629444488537,0.0012399846216689342,0.013839629444488537,0.0012399846216689342,0.015176268383523317,0.0012399846216689342,0.015176268383523317,0.0012399846216689342,0.006421342427341509,0.00771967296529074,0.0011672829775219028,0.009306023898177763,0.001167324413358972,0.008104426985171952,0.0011399592065209111,0.010283940327593775,0.0011399747394965497,0.01652503329139988,0.0013139697482469422,0.016602882244855195,0.001314437553073703,0.01713995842693887,0.001305048793707791,0.01714544686269608,0.0013056493009306464,0.006090407521588629,0.017417377084890783,0.0012434850508765975,0.017417377084890783,0.0012434850508765975,0.017417377084890783,0.0012438049379998384,0.017417377084890783,0.0012438049379998384,0.014733134075693488,0.0013126429484932864,0.014738035025853913,0.0013133532693083278,0.015629537308595745,0.001312641688112002,0.015623265926980321,0.0013133533168284497,0.015176268383523317,0.0012397812145776615,0.015176268383523317,0.0012397812145776615,0.015176268383523317,0.0012399846216689342,0.015176268383523317,0.0012399846216689342,0.015492061936341558,0.0013109533665274173,0.01430343491070403,0.0013114880486947388,0.015540046179888805,0.001305858590357253,0.015738056365027873,0.0013063136763458488,0.00771967296529074,0.0011672829775219028,0.009306023898177763,0.001167324413358972,0.008104426985171952,0.0011399592065209111,0.010283940327593775,0.0011399747394965497,0.013839629444488537,0.0012399846216689342,0.013839629444488537,0.0012399846216689342,0.015176268383523317,0.0012399846216689342,0.015176268383523317,0.0012399846216689342,0.008104426985171952,0.0011367582764712078,0.010283940327593775,0.0011368019612054468,0.008104426985171952,0.0011399592065209111,0.010283940327593775,0.0011399747394965497
EC000081,64.0,0.142813371213703,0.006063904924585313,0.013190302743175827,0.0012449087742172772,0.013190302743175827,0.0012449087742172772,0.014924031307422193,0.001243823756501885,0.014924031307422193,0.001243823756501885,0.008176556063489713,0.012875884183127708,0.0012391153331883658,0.012875884183127708,0.0012391153331883658,0.014396022580228117,0.0012391153331883658,0.014396022580228117,0.0012391153331883658,0.008046768253883613,0.009501802007715643,0.0011672853265180772,0.009545993062633476,0.0011673084729988243,0.009475141003641777,0.001143101308523156,0.009860176009299492,0.0011430695424427082,0.014131712660495213,0.001314147673615029,0.01412444288818751,0.001314379437633667,0.014353875030571174,0.0013002053718904805,0.01436914410849066,0.0013005227212626743,0.006063904924585313,0.014924031307422193,0.00124372792976919,0.014924031307422193,0.00124372792976919,0.014924031307422193,0.001243823756501885,0.014924031307422193,0.001243823756501885,0.01308402544296297,0.0012903004443152138,0.013069414945614708,0.0012905134614446473,0.013539892295485415,0.0012902996990751556,0.013554790560300276,0.0012905153211930662,0.014396022580228117,0.0012392127273043263,0.014396022580228117,0.0012392127273043263,0.014396022580228117,0.0012391153331883658,0.014396022580228117,0.0012391153331883658,0.013905533976970764,0.0013108487135377966,0.012090707744828861,0.0013111004513422116,0.014327194566209114,0.0013079190023916343,0.012869940440197876,0.0013081563417306613,0.009501802007715643,0.0011672853265180772,0.009545993062633476,0.0011673084729988243,0.009475141003641777,0.001143101308523156,0.009860176009299492,0.0011430695424427082,0.012875884183127708,0.0012391153331883658,0.012875884183127708,0.0012391153331883658,0.014396022580228117,0.0012391153331883658,0.014396022580228117,0.0012391153331883658,0.009475141003641777,0.0011378179140262138,0.009860176009299492,0.0011379070151898226,0.009475141003641777,0.001143101308523156,0.009860176009299492,0.0011430695424427082
EC000083,64.0,0.09858683883782024,0.05341143244321016,0.013356348272240507,0.001243524056675356,0.013356348272240507,0.001243524056675356,0.016034649726508116,0.0012414485299786313,0.016034649726508116,0.0012414485299786313,0.0805634777262116,0.012245920498938065,0.0012380194597875218,0.012245920498938065,0.0012380194597875218,0.01334010365492556,0.0012380184756486472,0.01334010365492556,0.0012380184756486472,0.05738856435182768,0.00825524781452119,0.0011660541007767473,0.008368944550963897,0.0011659955296065142,0.008615270058488844,0.0011367322042464948,0.009035301148939107,0.0011367356030632279,0.01404731842851455,0.0013272523092615518,0.014054558243351348,0.0013275239911079068,0.0149117219352583,0.0012961223080189981,0.014924954229689579,0.0012963651524209503,0.05341143244321016,0.016034649726508116,0.00124071068690561,0.016034649726508116,0.00124071068690561,0.016034649726508116,0.0012414485299786313,0.016034649726508116,0.0012414485299786313,0.012715897630929599,0.0012893754396679452,0.012708676838384017,0.0012894641522718353,0.012928701568735304,0.0012893789998867553,0.012924472655302029,0.0012894620038450867,0.01334010365492556,0.0012371050613882615,0.01334010365492556,0.0012371050613882615,0.01334010365492556,0.0012380184756486472,0.01334010365492556,0.0012380184756486472,0.013445629787206974,0.0013162313918770143,0.012431519671567318,0.0013163224691381294,0.014024413657873238,0.0012939151762011705,0.012870758955681466,0.001294196077072035,0.00825524781452119,0.0011660541007767473,0.008368944550963897,0.0011659955296065142,0.008615270058488844,0.0011367322042464948,0.009035301148939107,0.0011367356030632279,0.012245920498938065,0.0012380194597875218,0.012245920498938065,0.0012380194597875218,0.01334010365492556,0.0012380184756486472,0.01334010365492556,0.0012380184756486472,0.008615270058488844,0.0011380586193847674,0.009035301148939107,0.0011379853534344876,0.008615270058488844,0.0011367322042464948,0.009035301148939107,0.0011367356030632279
EC000084,63.0,0.13325738482693542,0.009130138392369485,0.014530352248101232,0.0012139934199149889,0.014530352248101232,0.0012139934199149889,0.016347534444938954,0.0012132554234329672,0.016347534444938954,0.0012132554234329672,0.009277571998084313,0.009599597367090281,0.0012085397331768747,0.009599597367090281,0.0012085397331768747,0.0102233822521874,0.0012085397331768747,0.0102233822521874,0.0012085397331768747,0.008432201198257603,0.007083930758985392,0.0011451410368966558,0.005998209560133042,0.001145168377567377,0.006497216473068014,0.0011192892801917297,0.005527591521813534,0.00111926814675074,0.015576994843589266,0.0012923088626262166,0.015591502191481666,0.0012928329474290862,0.015591558535429395,0.0012981479768302492,0.015586559001588817,0.0012986591575699692,0.009130138392369485,0.016347534444938954,0.0012133565814780236,0.016347534444938954,0.0012133565814780236,0.016347534444938954,0.0012132554234329672,0.016347534444938954,0.0012132554234329672,0.011755028455847496,0.0012768766981784555,0.011754689614848955,0.0012774514721091068,0.011660169565134163,0.0012768800134150538,0.011675119312489608,0.0012774511132180133,0.0102233822521874,0.0012082993524118715,0.0102233822521874,0.0012082993524118715,0.0102233822521874,0.0012085397331768747,0.0102233822521874,0.0012085397331768747,0.014949670490304507,0.00127575870264175,0.011468199509828586,0.001276307557246229,0.01513925966273546,0.0012869576574896025,0.010700085408305828,0.0012874662293400673,0.007083930758985392,0.0011451410368966558,0.005998209560133042,0.001145168377567377,0.006497216473068014,0.0011192892801917297,0.005527591521813534,0.00111926814675074,0.009599597367090281,0.0012085397331768747,0.009599597367090281,0.0012085397331768747,0.0102233822521874,0.0012085397331768747,0.0102233822521874,0.0012085397331768747,0.006497216473068014,0.0011173234547727446,0.005527591521813534,0.0011173293175483728,0.006497216473068014,0.0011192892801917297,0.005527591521813534,0.00111926814675074
EC000088,64.0,0.10256364733627704,0.0050528305317490314,0.0176370398916356,0.001245584446213156,0.0176370398916356,0.001245584446213156,0.01894499346240344,0.001244634701286653,0.01894499346240344,0.001244634701286653,0.00640299357983255,0.015829952433958662,0.0012412213751868807,0.015829952433958662,0.0012412213751868807,0.016764516786354832,0.0012412282529857186,0.016764516786354832,0.0012412282529857186,0.006324417559817261,0.010112173828527995,0.001168367808208472,0.011518194896801585,0.0011683645872728112,0.010827836772156691,0.001142937051405977,0.01154650083917819,0.00114306352170026,0.018462935552060227,0.0013157312303034548,0.018464568740530627,0.001316237011578707,0.01794489181025044,0.0013210415275512787,0.017975778064346595,0.0013216571767396532,0.0050528305317490314,0.01894499346240344,0.0012442093766972403,0.01894499346240344,0.0012442093766972403,0.01894499346240344,0.001244634701286653,0.01894499346240344,0.001244634701286653,0.01734783792135437,0.0013026614591302515,0.01722391237485347,0.0013031566056092817,0.017932427437087846,0.0013026604372062187,0.017933906932164605,0.0013031570893485332,0.016764516786354832,0.0012410544328467653,0.016764516786354832,0.0012410544328467653,0.016764516786354832,0.0012412282529857186,0.016764516786354832,0.0012412282529857186,0.017197920404140928,0.001309037484725795,0.016809055732825845,0.0013094679427931113,0.016714062833615838,0.0013272643309855188,0.01664191137645874,0.0013277998763534127,0.010112173828527995,0.001168367808208472,0.011518194896801585,0.0011683645872728112,0.010827836772156691,0.001142937051405977,0.01154650083917819,0.00114306352170026,0.015829952433958662,0.0012412213751868807,0.015829952433958662,0.0012412213751868807,0.016764516786354832,0.0012412282529857186,0.016764516786354832,0.0012412282529857186,0.010827836772156691,0.0011413798864596102,0.01154650083917819,0.0011413134373985316,0.010827836772156691,0.001142937051405977,0.01154650083917819,0.00114306352170026
EC000098,63.0,0.13632289062491545,0.00491061756228046,0.018961212763722268,0.0012144456759259636,0.018961212763722268,0.0012144456759259636,0.019496000261435463,0.0012134115599452845,0.019496000261435463,0.0012134115599452845,0.005485990584593647,0.014496459702542196,0.001210267926373249,0.014496459702542196,0.001210267926373249,0.0141441203393337,0.001210267926373249,0.0141441203393337,0.001210267926373249,0.004640446585095202,0.0088700651342223,0.0011445472338590015,0.00854786946966993,0.0011445434494441985,0.008249690139476112,0.001118546687843955,0.007288947851881798,0.0011185643359494792,0.01953236673712129,0.001271068567771836,0.019530998138282876,0.0012710944547594952,0.017919212736891146,0.0012584724476227196,0.017921062220830907,0.0012586213050567302,0.00491061756228046,0.019496000261435463,0.0012132165054914612,0.019496000261435463,0.0012132165054914612,0.019496000261435463,0.0012134115599452845,0.019496000261435463,0.0012134115599452845,0.012885964841369307,0.001254231270835271,0.012890906183393572,0.0012543754115370744,0.012924404730080658,0.0012542195305322566,0.012939726003103707,0.0012543876276564603,0.0141441203393337,0.0012098060902987538,0.0141441203393337,0.0012098060902987538,0.0141441203393337,0.001210267926373249,0.0141441203393337,0.001210267926373249,0.017998210443544136,0.0012699880857396013,0.014165565293968169,0.001269927317359613,0.016855949598135574,0.0012653623193538926,0.012002942062341147,0.0012656073636791304,0.0088700651342223,0.0011445472338590015,0.00854786946966993,0.0011445434494441985,0.008249690139476112,0.001118546687843955,0.007288947851881798,0.0011185643359494792,0.014496459702542196,0.001210267926373249,0.014496459702542196,0.001210267926373249,0.0141441203393337,0.001210267926373249,0.0141441203393337,0.001210267926373249,0.008249690139476112,0.001115895785149824,0.007288947851881798,0.0011158877479298952,0.008249690139476112,0.001118546687843955,0.007288947851881798,0.0011185643359494792
EC000099,64.0,0.09496599243863416,0.004501821474428133,0.01817589663499725,0.0012462139170518753,0.01817589663499725,0.0012462139170518753,0.02274918950501143,0.0012451213777677041,0.02274918950501143,0.0012451213777677041,0.00675443776228234,0.01714783333940068,0.0012414174057154062,0.01714783333940068,0.0012414174057154062,0.018780746071749062,0.0012414234088050779,0.018780746071749062,0.0012414234088050779,0.005676597427375893,0.010495708764469853,0.001168703036920947,0.01117696085195855,0.001168577129229502,0.010681752776673778,0.0011433072168966234,0.011827394387993672,0.0011433524492661376,0.01909192778380133,0.0013167748918495165,0.01909605212505383,0.0013168888430894685,0.01982766967379495,0.0013098708500842182,0.019917200105662065,0.0013103608252100433,0.004501821474428133,0.02274918950501143,0.0012449010000081839,0.02274918950501143,0.0012449010000081839,0.02274918950501143,0.0012451213777677041,0.02274918950501143,0.0012451213777677041,0.017592783583695024,0.0013020633464404681,0.017579873263721093,0.0013023360194301477,0.01822664985342756,0.0013020620709439585,0.01823587734514423,0.0013023424485220727,0.018780746071749062,0.001241327423710032,0.018780746071749062,0.001241327423710032,0.018780746071749062,0.0012414234088050779,0.018780746071749062,0.0012414234088050779,0.01848412817204388,0.0013101798763935234,0.015425900259213308,0.0013105330835592895,0.019649709228947307,0.0013171247029405949,0.016329203473871557,0.0013176078089819879,0.010495708764469853,0.001168703036920947,0.01117696085195855,0.001168577129229502,0.010681752776673778,0.0011433072168966234,0.011827394387993672,0.0011433524492661376,0.01714783333940068,0.0012414174057154062,0.01714783333940068,0.0012414174057154062,0.018780746071749062,0.0012414234088050779,0.018780746071749062,0.0012414234088050779,0.010681752776673778,0.0011405672350059235,0.011827394387993672,0.001140606104513783,0.010681752776673778,0.0011433072168966234,0.011827394387993672,0.0011433524492661376
EC000102,64.0,0.09265086827978301,0.00796036870157809,0.026310801397124717,0.0012449229690299295,0.026310801397124717,0.0012449229690299295,0.035174219705821824,0.0012435029210432764,0.035174219705821824,0.0012435029210432764,0.014627658318946359,0.02430667831708662,0.0012399296787756428,0.02430667831708662,0.0012399296787756428,0.027341763319313917,0.001239929771616924,0.027341763319313917,0.001239929771616924,0.01230659457437696,0.009503597165297025,0.0011680927172286447,0.011228729139196876,0.0011680723733205087,0.009916180484325665,0.0011388625254389727,0.011075215511598686,0.0011388540838269542,0.02929298454963368,0.0013201431860464213,0.02923543806903559,0.0013204350103252981,0.0295150475875912,0.001330705089527236,0.029525696693507738,0.0013312203419559787,0.00796036870157809,0.035174219705821824,0.0012430280425184065,0.035174219705821824,0.0012430280425184065,0.035174219705821824,0.0012435029210432764,0.035174219705821824,0.0012435029210432764,0.023230261359084445,0.001278760835786205,0.023232091784430624,0.0012791386958353023,0.023552186779938623,0.001278757473891299,0.023544020416291563,0.0012791375055356774,0.027341763319313917,0.0012399762641469474,0.027341763319313917,0.0012399762641469474,0.027341763319313917,0.001239929771616924,0.027341763319313917,0.001239929771616924,0.025179423502795253,0.0013139270838675578,0.01993374503283892,0.0013141694642627099,0.025296669960870485,0.0013269306928428428,0.019373543712086206,0.0013273932667705916,0.009503597165297025,0.0011680927172286447,0.011228729139196876,0.0011680723733205087,0.009916180484325665,0.0011388625254389727,0.011075215511598686,0.0011388540838269542,0.02430667831708662,0.0012399296787756428,0.02430667831708662,0.0012399296787756428,0.027341763319313917,0.001239929771616924,0.027341763319313917,0.001239929771616924,0.009916180484325665,0.0011392893959941831,0.011075215511598686,0.0011393569733955393,0.009916180484325665,0.0011388625254389727,0.011075215511598686,0.0011388540838269542
EC000103,64.0,0.11434299398403659,0.006008138815933707,0.02082984476346132,0.0012465217893682292,0.02082984476346132,0.0012465217893682292,0.021886293090452986,0.0012460170054671652,0.021886293090452986,0.0012460170054671652,0.010166722554477736,0.018787318065827924,0.001242440548688666,0.018787318065827924,0.001242440548688666,0.01986383040286597,0.0012424282729799362,0.01986383040286597,0.0012424282729799362,0.00781537214612621,0.010912902025025586,0.0011693560821680244,0.011546119181610907,0.0011694394518926448,0.011068710307673842,0.001140908378795836,0.011936189325405033,0.0011409016912028954,0.021835344491939444,0.0013122842609474164,0.02183320095199507,0.0013126014632983522,0.02253748513016337,0.0013184167091837295,0.022534750929605465,0.0013188159009518646,0.006008138815933707,0.021886293090452986,0.0012458415129208327,0.021886293090452986,0.0012458415129208327,0.021886293090452986,0.0012460170054671652,0.021886293090452986,0.0012460170054671652,0.019173274667997377,0.0013107027330190037,0.019183886984802615,0.0013108612487594319,0.0196211305750641,0.0013107020897381227,0.01959407962985355,0.0013108536138855449,0.01986383040286597,0.0012420294444335808,0.01986383040286597,0.0012420294444335808,0.01986383040286597,0.0012424282729799362,0.01986383040286597,0.0012424282729799362,0.021017497353024713,0.00130338778123823,0.017813946835685577,0.0013038713964036632,0.021808067936573475,0.0013215670766093608,0.019157970662968885,0.0013219425522160806,0.010912902025025586,0.0011693560821680244,0.011546119181610907,0.0011694394518926448,0.011068710307673842,0.001140908378795836,0.011936189325405033,0.0011409016912028954,0.018787318065827924,0.001242440548688666,0.018787318065827924,0.001242440548688666,0.01986383040286597,0.0012424282729799362,0.01986383040286597,0.0012424282729799362,0.011068710307673842,0.0011384991521936148,0.011936189325405033,0.0011385105803494633,0.011068710307673842,0.001140908378795836,0.011936189325405033,0.0011409016912028954
EC000112,64.0,0.0990774030203982,0.006257960975680501,0.014067029767297368,0.0012494497554424464,0.014067029767297368,0.0012494497554424464,0.015906639883374568,0.0012480992898737614,0.015906639883374568,0.0012480992898737614,0.009581845488711854,0.011964531693010955,0.0012444550450509764,0.011964531693010955,0.0012444550450509764,0.012143236576542541,0.0012444550450509764,0.012143236576542541,0.0012444550450509764,0.007933299086782607,0.009987498502038995,0.001171090799057562,0.010659317642819952,0.001171082875773079,0.009805089424384711,0.0011434173183350984,0.011168818739751923,0.0011433771262068942,0.01391918530180037,0.0013123286110491488,0.013919113841428382,0.0013126698943931752,0.014347087333035725,0.0012904500347941884,0.014347820949476172,0.001290954370552064,0.006257960975680501,0.015906639883374568,0.001247708002319215,0.015906639883374568,0.001247708002319215,0.015906639883374568,0.0012480992898737614,0.015906639883374568,0.0012480992898737614,0.011387281462916687,0.0012874154884101557,0.011387487233622,0.00128757530013066,0.011598286693258526,0.0012874168372126527,0.011596883780046266,0.0012875759131826415,0.012143236576542541,0.0012444459120502472,0.012143236576542541,0.0012444459120502472,0.012143236576542541,0.0012444550450509764,0.012143236576542541,0.0012444550450509764,0.013758653769016605,0.0013019720162495115,0.012585288379220228,0.0013022665611715858,0.013733574683659055,0.0012929018373029437,0.012781078985627647,0.0012932832743231069,0.009987498502038995,0.001171090799057562,0.010659317642819952,0.001171082875773079,0.009805089424384711,0.0011434173183350984,0.011168818739751923,0.0011433771262068942,0.011964531693010955,0.0012444550450509764,0.011964531693010955,0.0012444550450509764,0.012143236576542541,0.0012444550450509764,0.012143236576542541,0.0012444550450509764,0.009805089424384711,0.0011431620703689126,0.011168818739751923,0.0011432555329222364,0.009805089424384711,0.0011434173183350984,0.011168818739751923,0.0011433771262068942
EC000116,64.0,0.07846361712550762,0.004581992489507356,0.01945853720206166,0.0012481107675647635,0.01945853720206166,0.0012481107675647635,0.020085048477105592,0.0012464407453195287,0.020085048477105592,0.0012464407453195287,0.007884381023136733,0.01397914726826122,0.001243393886912775,0.01397914726826122,0.001243393886912775,0.015607535857343346,0.0012433943399421483,0.015607535857343346,0.0012433943399421483,0.006719859845145458,0.01133856354764893,0.0011716703170035908,0.01144271714651996,0.001171766197925145,0.011625316132907437,0.0011386766679684244,0.011758327057357965,0.0011387839266909004,0.020584075044465442,0.0013282534276205724,0.020597907848641617,0.0013288197120151475,0.020819901116604686,0.0013227609355338451,0.020832689105317388,0.0013233822833374766,0.004581992489507356,0.020085048477105592,0.0012467364518263379,0.020085048477105592,0.0012467364518263379,0.020085048477105592,0.0012464407453195287,0.020085048477105592,0.0012464407453195287,0.014641908585883759,0.001273398923239165,0.014639701496705097,0.0012737900783402001,0.01460616407834735,0.0012733983942696788,0.014580913218103427,0.0012737902796657419,0.015607535857343346,0.0012434772381523227,0.015607535857343346,0.0012434772381523227,0.015607535857343346,0.0012433943399421483,0.015607535857343346,0.0012433943399421483,0.02039839008476477,0.001312210065226022,0.015654576553448377,0.001312713791257507,0.020556399599429113,0.0013120376860637356,0.016020673100996065,0.0013124575007676799,0.01133856354764893,0.0011716703170035908,0.01144271714651996,0.001171766197925145,0.011625316132907437,0.0011386766679684244,0.011758327057357965,0.0011387839266909004,0.01397914726826122,0.001243393886912775,0.01397914726826122,0.001243393886912775,0.015607535857343346,0.0012433943399421483,0.015607535857343346,0.0012433943399421483,0.011625316132907437,0.0011397773909076988,0.011758327057357965,0.001139882484733678,0.011625316132907437,0.0011386766679684244,0.011758327057357965,0.0011387839266909004
EC000123,64.0,0.09730325240752749,0.005934200536346695,0.01929127264292527,0.0012500003022140479,0.01929127264292527,0.0012500003022140479,0.026033769935688345,0.0012484662203535452,0.026033769935688345,0.0012484662203535452,0.008121949582725729,0.019250762329641093,0.0012451896620472313,0.019250762329641093,0.0012451896620472313,0.020188576850415654,0.0012451825462163623,0.020188576850415654,0.0012451825462163623,0.006440365469028333,0.011767154189731326,0.001172422129115417,0.01173415294452819,0.0011723710018188619,0.01200632259878955,0.001142858463175559,0.012265503405894966,0.001142857868149133,0.019641670291716838,0.0013085856873562677,0.01963628453038159,0.0013087821156082243,0.02179722573568578,0.0013022652030148939,0.021798582719038232,0.0013026987483357455,0.005934200536346695,0.026033769935688345,0.0012473169408451766,0.026033769935688345,0.0012473169408451766,0.026033769935688345,0.0012484662203535452,0.026033769935688345,0.0012484662203535452,0.018734812859262564,0.0012842899143361802,0.018735438572979782,0.0012845730512159863,0.01837660774297806,0.0012842940544644603,0.018390478397736696,0.0012845764368540796,0.020188576850415654,0.001244252936834394,0.020188576850415654,0.001244252936834394,0.020188576850415654,0.0012451825462163623,0.020188576850415654,0.0012451825462163623,0.018382648217796237,0.001310147500072385,0.016422056860204707,0.0013104619306140187,0.020600241082661976,0.0013069265587738511,0.01675102885547768,0.0013072961630930617,0.011767154189731326,0.001172422129115417,0.01173415294452819,0.0011723710018188619,0.01200632259878955,0.001142858463175559,0.012265503405894966,0.001142857868149133,0.019250762329641093,0.0012451896620472313,0.019250762329641093,0.0012451896620472313,0.020188576850415654,0.0012451825462163623,0.020188576850415654,0.0012451825462163623,0.01200632259878955,0.0011418386000960864,0.012265503405894966,0.0011418816629613692,0.01200632259878955,0.001142858463175559,0.012265503405894966,0.001142857868149133
EC000124,64.0,0.08645253648800913,0.0038501011322667126,0.02179841676094207,0.001246781885873769,0.02179841676094207,0.001246781885873769,0.025678191321047837,0.001245231233787684,0.025678191321047837,0.001245231233787684,0.0060982369969472434,0.018208590138641158,0.0012431943177955837,0.018208590138641158,0.0012431943177955837,0.020282721559023754,0.001243201467625788,0.020282721559023754,0.001243201467625788,0.005315037487794899,0.011344834817557435,0.0011704279946094535,0.010745427244901115,0.0011705663674816918,0.011340327159876321,0.0011418929250346832,0.011494844560593949,0.0011420164244318389,0.022592925171319344,0.0013184790961162903,0.022588588859118602,0.001318640923093217,0.023916555874165652,0.0013099115980028011,0.02391970466034067,0.0013102136573062155,0.0038501011322667126,0.025678191321047837,0.001245456820934239,0.025678191321047837,0.001245456820934239,0.025678191321047837,0.001245231233787684,0.025678191321047837,0.001245231233787684,0.01842655519249433,0.0012784212015043458,0.018384938189214044,0.0012787078657780194,0.01920081885472353,0.0012784316328201526,0.019154421324112898,0.0012787133581308864,0.020282721559023754,0.0012430131462878786,0.020282721559023754,0.0012430131462878786,0.020282721559023754,0.001243201467625788,0.020282721559023754,0.001243201467625788,0.021670340643163408,0.0013052008539180618,0.018177281890001222,0.0013054695934200246,0.02299260470437475,0.0013056361446389087,0.019364813544782766,0.001305927735383517,0.011344834817557435,0.0011704279946094535,0.010745427244901115,0.0011705663674816918,0.011340327159876321,0.0011418929250346832,0.011494844560593949,0.0011420164244318389,0.018208590138641158,0.0012431943177955837,0.018208590138641158,0.0012431943177955837,0.020282721559023754,0.001243201467625788,0.020282721559023754,0.001243201467625788,0.011340327159876321,0.0011425362980233948,0.011494844560593949,0.001142541529838517,0.011340327159876321,0.0011418929250346832,0.011494844560593949,0.0011420164244318389
EC000125,64.0,0.09826915121170773,0.005491023711677429,0.019046490990083733,0.001248648964430962,0.019046490990083733,0.001248648964430962,0.019126550397073623,0.0012465614050878628,0.019126550397073623,0.0012465614050878628,0.009024866320583072,0.015829194979647628,0.0012427801683050032,0.015829194979647628,0.0012427801683050032,0.01609941260173856,0.0012427908286838348,0.01609941260173856,0.0012427908286838348,0.0072003181346258095,0.011851606836485836,0.0011701740810694363,0.011051325618272262,0.0011702224844750706,0.012060274476124185,0.0011421057562693224,0.010954501883480277,0.0011421123148783801,0.019658626023779442,0.0013121870900958783,0.01974207510491854,0.0013124022182653054,0.019495125368513184,0.0012923424661708022,0.01948469815508764,0.0012926101720342508,0.005491023711677429,0.019126550397073623,0.0012468544766010398,0.019126550397073623,0.0012468544766010398,0.019126550397073623,0.0012465614050878628,0.019126550397073623,0.0012465614050878628,0.016188067406168447,0.0012802370579974983,0.016185867178169784,0.0012803841011772726,0.016184178559763916,0.0012802377463628956,0.01618575806733507,0.0012803881199177252,0.01609941260173856,0.0012428873556637357,0.01609941260173856,0.0012428873556637357,0.01609941260173856,0.0012427908286838348,0.01609941260173856,0.0012427908286838348,0.018615382318318087,0.0013091592239791098,0.014418957674206163,0.001309352125838459,0.019000811458494662,0.0013007153256506618,0.013708083805214903,0.0013010873495182573,0.011851606836485836,0.0011701740810694363,0.011051325618272262,0.0011702224844750706,0.012060274476124185,0.0011421057562693224,0.010954501883480277,0.0011421123148783801,0.015829194979647628,0.0012427801683050032,0.015829194979647628,0.0012427801683050032,0.01609941260173856,0.0012427908286838348,0.01609941260173856,0.0012427908286838348,0.012060274476124185,0.0011412873002777143,0.010954501883480277,0.0011412835017299806,0.012060274476124185,0.0011421057562693224,0.010954501883480277,0.0011421123148783801
EC000127,64.0,0.06976012646533643,0.004630426282844707,0.03104163110060905,0.00124924817049473,0.03104163110060905,0.00124924817049473,0.038459167779866306,0.0012482712934392235,0.038459167779866306,0.0012482712934392235,0.008512439336840816,0.02603499502559036,0.0012440164082738639,0.02603499502559036,0.0012440164082738639,0.028265623680696093,0.0012440286468815079,0.028265623680696093,0.0012440286468815079,0.007473692806939274,0.012265945052880173,0.0011731808877915525,0.015282285370668,0.001173050499891478,0.013002053529255332,0.0011438811622799657,0.01566926461270911,0.0011439006374461618,0.031444661112532704,0.001308368860683991,0.03148692801648575,0.0013088175789154046,0.03226095146674734,0.0013047443395258962,0.03225154833037655,0.0013053629080634621,0.004630426282844707,0.038459167779866306,0.001247892554194637,0.038459167779866306,0.001247892554194637,0.038459167779866306,0.0012482712934392235,0.038459167779866306,0.0012482712934392235,0.02442339786293304,0.001292526740117242,0.0244357884386734,0.0012925090155502124,0.024874822725066817,0.001292527351286801,0.02487831152217157,0.0012925081599047528,0.028265623680696093,0.001243809409664883,0.028265623680696093,0.001243809409664883,0.028265623680696093,0.0012440286468815079,0.028265623680696093,0.0012440286468815079,0.029398699180471454,0.0013063495073756446,0.02593709924084012,0.0013067489326311927,0.0300480945002897,0.0013117303965850264,0.027718286786500262,0.0013122561045627397,0.012265945052880173,0.0011731808877915525,0.015282285370668,0.001173050499891478,0.013002053529255332,0.0011438811622799657,0.01566926461270911,0.0011439006374461618,0.02603499502559036,0.0012440164082738639,0.02603499502559036,0.0012440164082738639,0.028265623680696093,0.0012440286468815079,0.028265623680696093,0.0012440286468815079,0.013002053529255332,0.0011433039729320865,0.01566926461270911,0.0011434515326354917,0.013002053529255332,0.0011438811622799657,0.01566926461270911,0.0011439006374461618
EC000130,63.0,0.08087789857707399,0.004195187528853714,0.013716766718525166,0.0012198540528414973,0.013716766718525166,0.0012198540528414973,0.01634345638693827,0.0012180123371634726,0.01634345638693827,0.0012180123371634726,0.005850083148901989,0.01183421250793002,0.001214267389892039,0.01183421250793002,0.001214267389892039,0.013576457181430319,0.001214267389892039,0.013576457181430319,0.001214267389892039,0.004337822152668935,0.010289947234190787,0.001149638012206953,0.009846814605927253,0.0011497306889007163,0.010978880716569024,0.0011213038062487088,0.010590047517254501,0.0011214721858668747,0.014198178681476019,0.0012997930357243846,0.014200214047906404,0.0012999537373299213,0.01501602729900671,0.0012761205306919584,0.0150101656841342,0.0012762772708131516,0.004195187528853714,0.01634345638693827,0.0012175184123067544,0.01634345638693827,0.0012175184123067544,0.01634345638693827,0.0012180123371634726,0.01634345638693827,0.0012180123371634726,0.012544682880446616,0.0012777994972190591,0.012543799761742597,0.001278080144424098,0.01280650577566258,0.0012777828505064293,0.012780441839393386,0.0012780731149460757,0.013576457181430319,0.001213614289696158,0.013576457181430319,0.001213614289696158,0.013576457181430319,0.001214267389892039,0.013576457181430319,0.001214267389892039,0.013924535057266015,0.001289573266611271,0.012624717948353587,0.0012898233289828686,0.014751527959740713,0.0012764453161337838,0.01331344026337463,0.0012767030843978354,0.010289947234190787,0.001149638012206953,0.009846814605927253,0.0011497306889007163,0.010978880716569024,0.0011213038062487088,0.010590047517254501,0.0011214721858668747,0.01183421250793002,0.001214267389892039,0.01183421250793002,0.001214267389892039,0.013576457181430319,0.001214267389892039,0.013576457181430319,0.001214267389892039,0.010978880716569024,0.0011215179726311603,0.010590047517254501,0.0011214410863384322,0.010978880716569024,0.0011213038062487088,0.010590047517254501,0.0011214721858668747
EC000131,64.0,0.08038295801749007,0.004247776332159098,0.015829826348672093,0.00124863722456047,0.015829826348672093,0.00124863722456047,0.017292507542675247,0.0012471043961329287,0.017292507542675247,0.0012471043961329287,0.008017552453715555,0.01295350647883007,0.0012446071348442285,0.01295350647883007,0.0012446071348442285,0.013679169060365017,0.0012446071348442285,0.013679169060365017,0.0012446071348442285,0.00699861244090115,0.01217165003820847,0.0011714743202715751,0.012917930497411188,0.0011714003854491563,0.012098843951368829,0.0011415190416846682,0.01197664203172723,0.0011417276778617242,0.01627015945425515,0.001310705021983436,0.016268201774832933,0.0013110627057333901,0.016278530591358423,0.001319794768812971,0.016277513887675937,0.0013205025389477429,0.004247776332159098,0.017292507542675247,0.001246534837452549,0.017292507542675247,0.001246534837452549,0.017292507542675247,0.0012471043961329287,0.017292507542675247,0.0012471043961329287,0.013100379542254523,0.0012992198861323501,0.01312560759915757,0.0012994427840973058,0.013104702736508447,0.001299219817254112,0.013101010973576792,0.0012994457059372975,0.013679169060365017,0.0012440370488536563,0.013679169060365017,0.0012440370488536563,0.013679169060365017,0.0012446071348442285,0.013679169060365017,0.0012446071348442285,0.015837418578053777,0.0013035965361345603,0.014533577070864523,0.0013039893980756074,0.016107153528357312,0.0013268466613862754,0.014374200505804466,0.0013274650268022368,0.01217165003820847,0.0011714743202715751,0.012917930497411188,0.0011714003854491563,0.012098843951368829,0.0011415190416846682,0.01197664203172723,0.0011417276778617242,0.01295350647883007,0.0012446071348442285,0.01295350647883007,0.0012446071348442285,0.013679169060365017,0.0012446071348442285,0.013679169060365017,0.0012446071348442285,0.012098843951368829,0.001139199674316312,0.01197664203172723,0.001139201690870932,0.012098843951368829,0.0011415190416846682,0.01197664203172723,0.0011417276778617242
EC000136,64.0,0.14203584297454008,0.006804564958439216,0.015072173436374863,0.0012466347793004973,0.015072173436374863,0.0012466347793004973,0.01646076274532169,0.0012448694239841605,0.01646076274532169,0.0012448694239841605,0.008496524508360699,0.014835571597149967,0.001242098321597228,0.014835571597149967,0.001242098321597228,0.016284451681477782,0.001242098321597228,0.016284451681477782,0.001242098321597228,0.007082659436799946,0.010133357473904493,0.0011663396425767953,0.011033412865140734,0.001166434619567013,0.010341538678822993,0.0011431650391568284,0.010925742955072901,0.001143255590522658,0.015860662154810322,0.0013139598005992663,0.015858619223147505,0.0013142083187039613,0.015346196724958332,0.0012889958157017037,0.015345249024671055,0.0012892229498118006,0.006804564958439216,0.01646076274532169,0.0012448444826660301,0.01646076274532169,0.0012448444826660301,0.01646076274532169,0.0012448694239841605,0.01646076274532169,0.0012448694239841605,0.01600543255571915,0.0012997726926598854,0.016006075324315482,0.001299832938086505,0.016326344231656055,0.0012997724855410824,0.01632768261125002,0.0012998341714505822,0.016284451681477782,0.0012419468727657011,0.016284451681477782,0.0012419468727657011,0.016284451681477782,0.001242098321597228,0.016284451681477782,0.001242098321597228,0.013691509642810741,0.0013016441823863849,0.013608891087614526,0.001301707700446445,0.014360051325320772,0.001285519828625072,0.013526216693231707,0.00128568394891029,0.010133357473904493,0.0011663396425767953,0.011033412865140734,0.001166434619567013,0.010341538678822993,0.0011431650391568284,0.010925742955072901,0.001143255590522658,0.014835571597149967,0.001242098321597228,0.014835571597149967,0.001242098321597228,0.016284451681477782,0.001242098321597228,0.016284451681477782,0.001242098321597228,0.010341538678822993,0.001141831664913669,0.010925742955072901,0.0011418639665364658,0.010341538678822993,0.0011431650391568284,0.010925742955072901,0.001143255590522658
EC000142,64.0,0.10998599186214804,0.0048479661591338125,0.022936469454686685,0.0012464518868325193,0.022936469454686685,0.0012464518868325193,0.02457169999143596,0.001245448120705318,0.02457169999143596,0.001245448120705318,0.007942352539509784,0.018798536494383247,0.0012415743042517816,0.018798536494383247,0.0012415743042517816,0.02036886768765826,0.001241573107360684,0.02036886768765826,0.001241573107360684,0.007079738549936177,0.013587097050104916,0.0011673024799568473,0.013115851470641787,0.0011674076859175388,0.013238413027222558,0.0011403463165522768,0.013604991651358403,0.0011403168009474487,0.024295559390948043,0.00131017323437178,0.024294074257559688,0.0013108244251582,0.02318423096648327,0.0013295995625775727,0.02316962072629094,0.001330504738656249,0.0048479661591338125,0.02457169999143596,0.0012446941727520973,0.02457169999143596,0.0012446941727520973,0.02457169999143596,0.001245448120705318,0.02457169999143596,0.001245448120705318,0.020476771803388097,0.0013042855781964459,0.020476034111297486,0.0013044624281531132,0.020874788642793605,0.0013042848845578362,0.0207551005662158,0.001304464259274511,0.02036886768765826,0.0012415317339072786,0.02036886768765826,0.0012415317339072786,0.02036886768765826,0.001241573107360684,0.02036886768765826,0.001241573107360684,0.02293340524122153,0.0013125824531475387,0.0169732409654318,0.0013131470634544118,0.02180299367049682,0.0013370979981225078,0.018461686069278768,0.0013378906580614057,0.013587097050104916,0.0011673024799568473,0.013115851470641787,0.0011674076859175388,0.013238413027222558,0.0011403463165522768,0.013604991651358403,0.0011403168009474487,0.018798536494383247,0.0012415743042517816,0.018798536494383247,0.0012415743042517816,0.02036886768765826,0.001241573107360684,0.02036886768765826,0.001241573107360684,0.013238413027222558,0.0011396428774522783,0.013604991651358403,0.0011396647471661968,0.013238413027222558,0.0011403463165522768,0.013604991651358403,0.0011403168009474487
EC000145,64.0,0.12870963333382665,0.006746952648759887,0.014263490374350004,0.0012471502317443792,0.014263490374350004,0.0012471502317443792,0.015046480244234776,0.0012457720067097686,0.015046480244234776,0.0012457720067097686,0.009246807861678846,0.010511291817274619,0.0012427023717293613,0.010511291817274619,0.0012427023717293613,0.01149330337391501,0.001242702955977159,0.01149330337391501,0.001242702955977159,0.008080271452455854,0.008602197724184442,0.0011695666139765206,0.00831188830104344,0.001169657606497706,0.008944287316832299,0.0011402604086753253,0.008765210439741156,0.00114023210831898,0.014673659840638707,0.0013104575385286669,0.014549597811631872,0.0013108545284644375,0.01418492170512294,0.0013148224882519378,0.014182646349285337,0.0013153828953265101,0.006746952648759887,0.015046480244234776,0.001246076270203938,0.015046480244234776,0.001246076270203938,0.015046480244234776,0.0012457720067097686,0.015046480244234776,0.0012457720067097686,0.012392940243017923,0.0012968467583097242,0.012396437352788777,0.0012972555558512441,0.011997452123088084,0.0012968461838155751,0.01199988937412047,0.0012972555347576923,0.01149330337391501,0.0012427600081830114,0.01149330337391501,0.0012427600081830114,0.01149330337391501,0.001242702955977159,0.01149330337391501,0.001242702955977159,0.01435438188867677,0.0013118745937289332,0.01187822383252857,0.0013122206890955918,0.01383533041500972,0.0013215262921280114,0.01216700476953476,0.0013220624634809038,0.008602197724184442,0.0011695666139765206,0.00831188830104344,0.001169657606497706,0.008944287316832299,0.0011402604086753253,0.008765210439741156,0.00114023210831898,0.010511291817274619,0.0012427023717293613,0.010511291817274619,0.0012427023717293613,0.01149330337391501,0.001242702955977159,0.01149330337391501,0.001242702955977159,0.008944287316832299,0.0011403259827598453,0.008765210439741156,0.0011402388316871352,0.008944287316832299,0.0011402604086753253,0.008765210439741156,0.00114023210831898
EC000154,64.0,0.12517012804989977,0.005821807254991975,0.014295426987420106,0.0012462248312503732,0.014295426987420106,0.0012462248312503732,0.01494928992621751,0.0012450366101999543,0.01494928992621751,0.0012450366101999543,0.008001814019550168,0.014078396277340253,0.0012416723327262828,0.014078396277340253,0.0012416723327262828,0.014636077260266708,0.0012416723327262828,0.014636077260266708,0.0012416723327262828,0.007708509073202679,0.009432572899354327,0.0011679248413972454,0.009203972540854546,0.0011679297150337838,0.00984524942978623,0.0011388937575792354,0.009042216511760959,0.0011389962723174101,0.014842673633583383,0.0013207691431554268,0.014842425852511132,0.0013206622789506753,0.014658025090097443,0.0013037027709098745,0.01465507761942777,0.0013036868844172216,0.005821807254991975,0.01494928992621751,0.0012447826795732625,0.01494928992621751,0.0012447826795732625,0.01494928992621751,0.0012450366101999543,0.01494928992621751,0.0012450366101999543,0.013780861039309002,0.0012747244956125524,0.013760645431892727,0.0012750066662561412,0.014001714777983239,0.001274724335092498,0.014003118632820511,0.0012750090762020925,0.014636077260266708,0.0012417702751115858,0.014636077260266708,0.0012417702751115858,0.014636077260266708,0.0012416723327262828,0.014636077260266708,0.0012416723327262828,0.013889025455758675,0.0013267497713636885,0.012703119734211432,0.001326578192136489,0.013991484323382873,0.0013101764828779001,0.01261843100897729,0.0013101969012872063,0.009432572899354327,0.0011679248413972454,0.009203972540854546,0.0011679297150337838,0.00984524942978623,0.0011388937575792354,0.009042216511760959,0.0011389962723174101,0.014078396277340253,0.0012416723327262828,0.014078396277340253,0.0012416723327262828,0.014636077260266708,0.0012416723327262828,0.014636077260266708,0.0012416723327262828,0.00984524942978623,0.0011390511967209528,0.009042216511760959,0.0011390628027999291,0.00984524942978623,0.0011388937575792354,0.009042216511760959,0.0011389962723174101
EC000155,64.0,0.1366451842654639,0.006027896892840157,0.0197522891007994,0.001246169115505676,0.0197522891007994,0.001246169115505676,0.023334001191997026,0.0012443982981209366,0.023334001191997026,0.0012443982981209366,0.009326654570754142,0.018371231429528914,0.0012419363298069987,0.018371231429528914,0.0012419363298069987,0.020041121927503753,0.0012419363298069987,0.020041121927503753,0.0012419363298069987,0.008767094250141053,0.012513137710211503,0.00116879859149074,0.012487571151496566,0.0011687772928659747,0.013269334529276944,0.0011392389886235481,0.012932783613689472,0.0011393336292918163,0.020258621058106697,0.0013168494875550041,0.020250313962498736,0.0013170677192052486,0.020136443732833395,0.001317901408632816,0.020136839962890996,0.0013183485090239228,0.006027896892840157,0.023334001191997026,0.0012447881490573033,0.023334001191997026,0.0012447881490573033,0.023334001191997026,0.0012443982981209366,0.023334001191997026,0.0012443982981209366,0.017914789928604492,0.0013071426642414312,0.0179077236117623,0.0013075063086902365,0.018320953836281198,0.0013071449685114163,0.018326597530306004,0.00130750496161655,0.020041121927503753,0.001241753180756178,0.020041121927503753,0.001241753180756178,0.020041121927503753,0.0012419363298069987,0.020041121927503753,0.0012419363298069987,0.018688544467407725,0.0013036436253635925,0.017292977539142558,0.0013036884169420756,0.019863964129422422,0.0013139906468994877,0.01756284272515353,0.0013142963212919576,0.012513137710211503,0.00116879859149074,0.012487571151496566,0.0011687772928659747,0.013269334529276944,0.0011392389886235481,0.012932783613689472,0.0011393336292918163,0.018371231429528914,0.0012419363298069987,0.018371231429528914,0.0012419363298069987,0.020041121927503753,0.0012419363298069987,0.020041121927503753,0.0012419363298069987,0.013269334529276944,0.0011409215251405752,0.012932783613689472,0.0011409050176433486,0.013269334529276944,0.0011392389886235481,0.012932783613689472,0.0011393336292918163
EC000158,64.0,0.10260390708661553,0.004797593670449973,0.01676351309634683,0.0012481927661582512,0.01676351309634683,0.0012481927661582512,0.018684543024673837,0.0012472158659938917,0.018684543024673837,0.0012472158659938917,0.006693633887784315,0.012988764590826292,0.001243291351088958,0.012988764590826292,0.001243291351088958,0.014077368284191767,0.001243291351088958,0.014077368284191767,0.001243291351088958,0.005728160013207189,0.011175646895014404,0.0011710842595175754,0.011376773366588771,0.0011709805285137207,0.012081797842837312,0.0011411017274885163,0.012634273834545524,0.00114110070477032,0.016996870626174533,0.001309465389025982,0.016994508219975023,0.0013098429535191027,0.01786267162388725,0.0013004346637873932,0.01786193077624276,0.0013008868944703207,0.004797593670449973,0.018684543024673837,0.001246925002530482,0.018684543024673837,0.001246925002530482,0.018684543024673837,0.0012472158659938917,0.018684543024673837,0.0012472158659938917,0.013742650205351656,0.0012998056476374409,0.01373998568344074,0.001300050063337865,0.014329516506660688,0.0012997974388575802,0.014270620879918153,0.0013000500976963337,0.014077368284191767,0.0012430578178080083,0.014077368284191767,0.0012430578178080083,0.014077368284191767,0.001243291351088958,0.014077368284191767,0.001243291351088958,0.016921519554979093,0.001306961987403925,0.015413500237970792,0.0013073192378410625,0.01789865487220733,0.0013070690273378634,0.01609570414421687,0.0013075608671197587,0.011175646895014404,0.0011710842595175754,0.011376773366588771,0.0011709805285137207,0.012081797842837312,0.0011411017274885163,0.012634273834545524,0.00114110070477032,0.012988764590826292,0.001243291351088958,0.012988764590826292,0.001243291351088958,0.014077368284191767,0.001243291351088958,0.014077368284191767,0.001243291351088958,0.012081797842837312,0.0011394108570658785,0.012634273834545524,0.0011394080013296811,0.012081797842837312,0.0011411017274885163,0.012634273834545524,0.00114110070477032
EC000159,64.0,0.12198779700156263,0.0055107447701326796,0.014911932477241057,0.0012473078626983915,0.014911932477241057,0.0012473078626983915,0.01547513455730109,0.0012462419732193494,0.01547513455730109,0.0012462419732193494,0.007795572688500711,0.01469304676681307,0.0012440641306038754,0.01469304676681307,0.0012440641306038754,0.014854438265289404,0.0012440690047185753,0.014854438265289404,0.0012440690047185753,0.006611758344276484,0.011077056409492572,0.0011688975855458008,0.011247776430556584,0.001168981276480317,0.01147443491198154,0.0011422154286025849,0.010658665347566897,0.001142252297347842,0.01537950965068706,0.001301047785911037,0.015383123995650826,0.0013014272205846866,0.015131783995122343,0.0013186910272713205,0.01514126896725637,0.00131922283674214,0.0055107447701326796,0.01547513455730109,0.001245972987000806,0.01547513455730109,0.001245972987000806,0.01547513455730109,0.0012462419732193494,0.01547513455730109,0.0012462419732193494,0.015288680384383607,0.0013250469252556487,0.01530416462811273,0.001325373631529899,0.015380252897599004,0.001325058147989138,0.01536525004907977,0.0013253792121823438,0.014854438265289404,0.0012435746446190286,0.014854438265289404,0.0012435746446190286,0.014854438265289404,0.0012440690047185753,0.014854438265289404,0.0012440690047185753,0.014742108231069964,0.0012998483987147105,0.014095320889377625,0.001300220329752744,0.014756749312788274,0.0013311680446871587,0.01350782349192646,0.001331691990312581,0.011077056409492572,0.0011688975855458008,0.011247776430556584,0.001168981276480317,0.01147443491198154,0.0011422154286025849,0.010658665347566897,0.001142252297347842,0.01469304676681307,0.0012440641306038754,0.01469304676681307,0.0012440641306038754,0.014854438265289404,0.0012440690047185753,0.014854438265289404,0.0012440690047185753,0.01147443491198154,0.001141159213773133,0.010658665347566897,0.001141171436596761,0.01147443491198154,0.0011422154286025849,0.010658665347566897,0.001142252297347842
EC000162,64.0,0.083450865893176,0.005201350205487829,0.017314397497885187,0.00124925140588972,0.017314397497885187,0.00124925140588972,0.02017956682612094,0.0012474760977489521,0.02017956682612094,0.0012474760977489521,0.006045481211196699,0.013409441007239899,0.0012443558902646072,0.013409441007239899,0.0012443558902646072,0.013948874367352584,0.0012443558902646072,0.013948874367352584,0.0012443558902646072,0.0051524660102231406,0.010563377323221875,0.0011710369813394026,0.010780746475930603,0.0011710722444241044,0.01114775182122957,0.0011435052337764573,0.011770176204426082,0.0011435442028375853,0.018552627358215643,0.0013173344061155714,0.01854653799012995,0.0013175707676937416,0.019412236235165657,0.0012967347906841218,0.019456723626851916,0.0012970767786450778,0.005201350205487829,0.02017956682612094,0.0012473899669573807,0.02017956682612094,0.0012473899669573807,0.02017956682612094,0.0012474760977489521,0.02017956682612094,0.0012474760977489521,0.014303622377754526,0.001294729998034736,0.01430572670737764,0.0012949955830053208,0.014258724395578373,0.0012947297242006507,0.014281195189266094,0.0012949935548291333,0.013948874367352584,0.0012443625508786382,0.013948874367352584,0.0012443625508786382,0.013948874367352584,0.0012443558902646072,0.013948874367352584,0.0012443558902646072,0.017725737015439606,0.001307600504702551,0.014475205380938378,0.001307836020229296,0.0176429078086938,0.0012905986456423686,0.015442315003370172,0.0012909080678712998,0.010563377323221875,0.0011710369813394026,0.010780746475930603,0.0011710722444241044,0.01114775182122957,0.0011435052337764573,0.011770176204426082,0.0011435442028375853,0.013409441007239899,0.0012443558902646072,0.013409441007239899,0.0012443558902646072,0.013948874367352584,0.0012443558902646072,0.013948874367352584,0.0012443558902646072,0.01114775182122957,0.0011421932671935994,0.011770176204426082,0.0011421968271797455,0.01114775182122957,0.0011435052337764573,0.011770176204426082,0.0011435442028375853
EC000171,64.0,0.12182027267186207,0.006466448910753487,0.015913481635476713,0.0012497621414016393,0.015913481635476713,0.0012497621414016393,0.01883671559502816,0.001248106712428247,0.01883671559502816,0.001248106712428247,0.00818248061978471,0.013007048058797039,0.0012462832139244324,0.013007048058797039,0.0012462832139244324,0.014158042947137444,0.0012462832139244324,0.014158042947137444,0.0012462832139244324,0.007356786396367214,0.011248720488551169,0.0011709682218604698,0.010288346732943005,0.0011710364267704294,0.011232004171470047,0.0011420923418374695,0.011264562882619266,0.0011420932990397262,0.016391522822587455,0.0013123602220650404,0.016378330124620866,0.0013128420547899402,0.016573230288931696,0.0013075380959574254,0.01657374479525758,0.0013082173492364008,0.006466448910753487,0.01883671559502816,0.001247788052230752,0.01883671559502816,0.001247788052230752,0.01883671559502816,0.001248106712428247,0.01883671559502816,0.001248106712428247,0.012457322827808023,0.0012903616966427063,0.012465135326128371,0.0012907332003091587,0.01295404900827435,0.0012903704140552993,0.012956253905639531,0.0012907369032234344,0.014158042947137444,0.0012458984353632858,0.014158042947137444,0.0012458984353632858,0.014158042947137444,0.0012462832139244324,0.014158042947137444,0.0012462832139244324,0.015878572980037545,0.0013053919585620643,0.013108766629793553,0.001305908130827347,0.01616632804866895,0.0013008864475519094,0.01382939636384763,0.0013016504151005296,0.011248720488551169,0.0011709682218604698,0.010288346732943005,0.0011710364267704294,0.011232004171470047,0.0011420923418374695,0.011264562882619266,0.0011420932990397262,0.013007048058797039,0.0012462832139244324,0.013007048058797039,0.0012462832139244324,0.014158042947137444,0.0012462832139244324,0.014158042947137444,0.0012462832139244324,0.011232004171470047,0.0011413533652678291,0.011264562882619266,0.0011413945819096858,0.011232004171470047,0.0011420923418374695,0.011264562882619266,0.0011420932990397262
EC103-132DMSO1,384.0,0.4879708221329937,0.029792436796185956,0.007734326352220486,0.0076930089665322,0.007734326352220486,0.0076930089665322,0.007726445800959131,0.007689246918868429,0.007726445800959131,0.007689246918868429,0.04452915724346119,0.007690944714379948,0.007665596906212772,0.007690944714379948,0.007665596906212772,0.007691109965937711,0.007665600953452202,0.007691109965937711,0.007665600953452202,0.03175524611802918,0.007702340916320567,0.0076905370251758,0.00770164928532078,0.007694915811110318,0.007700036801307168,0.007689011289216016,0.007699315028022072,0.007691337082902971,0.007719052527027124,0.007697094815423373,0.00773218709067395,0.007705036946931222,0.007715706984758712,0.00769641678286639,0.00772977505336572,0.007706084801108368,0.029792436796185956,0.007726445800959131,0.007689003035035721,0.007726445800959131,0.007689003035035721,0.007726445800959131,0.007689246918868429,0.007726445800959131,0.007689246918868429,0.007686463227761046,0.007670512633749327,0.007696240941154741,0.007676726665810506,0.0076854893893608415,0.007670511867643255,0.007695265715262964,0.007676728745451136,0.007691109965937711,0.0076661299229421965,0.007691109965937711,0.0076661299229421965,0.007691109965937711,0.007665600953452202,0.007691109965937711,0.007665600953452202,0.007718567455679406,0.007697443126410484,0.007717225641343581,0.0077055632926256975,0.007715614333559138,0.007697208386051666,0.007715170529991249,0.007704754868705518,0.007702340916320567,0.0076905370251758,0.00770164928532078,0.007694915811110318,0.007700036801307168,0.007689011289216016,0.007699315028022072,0.007691337082902971,0.007690944714379948,0.007665596906212772,0.007690944714379948,0.007665596906212772,0.007691109965937711,0.007665600953452202,0.007691109965937711,0.007665600953452202,0.007700036801307168,0.007688440777761455,0.007699315028022072,0.007690861810518382,0.007700036801307168,0.007689011289216016,0.007699315028022072,0.007691337082902971
EC133-171DMSO1,384.0,0.7107068727396614,0.028250459647501405,0.007674744003707968,0.007642877120859596,0.007674744003707968,0.007642877120859596,0.007667976660670633,0.007639573089834077,0.007667976660670633,0.007639573089834077,0.028707652580940587,0.007676523385482698,0.007650905389281853,0.007676523385482698,0.007650905389281853,0.007675816623530639,0.007650899860575697,0.007675816623530639,0.007650899860575697,0.028271621233103436,0.0076527055878835735,0.007644356613206982,0.007653226561237344,0.007645550904027714,0.0076507564234637344,0.007643236602034983,0.007651735894613977,0.007644627085596531,0.007666978607322483,0.007648322107785681,0.007673481209398714,0.007652706249865522,0.007665684932313905,0.007649157614309087,0.0076719974775917715,0.007654083309621776,0.028250459647501405,0.007667976660670633,0.007639524638466411,0.007667976660670633,0.007639524638466411,0.007667976660670633,0.007639573089834077,0.007667976660670633,0.007639573089834077,0.007674709570030758,0.0076559508409209595,0.007681576398950431,0.0076606272893761235,0.007673596841789317,0.007655956170476267,0.007680505556529933,0.007660618256895056,0.007675816623530639,0.007649840482606631,0.007675816623530639,0.007649840482606631,0.007675816623530639,0.007650899860575697,0.007675816623530639,0.007650899860575697,0.007669221425624806,0.007651212471197302,0.007663999741191902,0.00765516565708953,0.007667323690773174,0.007651798441327177,0.007662592519315802,0.0076563750713217445,0.0076527055878835735,0.007644356613206982,0.007653226561237344,0.007645550904027714,0.0076507564234637344,0.007643236602034983,0.007651735894613977,0.007644627085596531,0.007676523385482698,0.007650905389281853,0.007676523385482698,0.007650905389281853,0.007675816623530639,0.007650899860575697,0.007675816623530639,0.007650899860575697,0.0076507564234637344,0.0076429181623166855,0.007651735894613977,0.0076442459627897264,0.0076507564234637344,0.007643236602034983,0.007651735894613977,0.007644627085596531
GR00003280,240.0,0.09447760769875976,0.01577960358366626,0.03064146524927627,0.0046774317833910275,0.03064146524927627,0.0046774317833910275,0.03233712978271293,0.0046751989819187,0.03233712978271293,0.0046751989819187,0.017455037548557827,0.024848321531670943,0.004662817306640029,0.024848321531670943,0.004662817306640029,0.02507448670168711,0.004662809899614928,0.02507448670168711,0.004662809899614928,0.016507540346976667,0.02270224802186315,0.004670600051722605,0.022395942809381876,0.004670170293444699,0.0240589007601518,0.004669270327727562,0.02343679307844045,0.00466899813854505,0.03073171310683229,0.004823353858252213,0.03073307548798213,0.004812701450084081,0.032000792379822236,0.004817536152184348,0.031999321467240875,0.004807238651931958,0.01577960358366626,0.03233712978271293,0.004674571874404285,0.03233712978271293,0.004674571874404285,0.03233712978271293,0.0046751989819187,0.03233712978271293,0.0046751989819187,0.024697716044232744,0.004807010035770913,0.0246901178779653,0.004798204579144135,0.024846029139267017,0.004807010226834647,0.02484264896488825,0.004798202124267339,0.02507448670168711,0.004662927841176572,0.02507448670168711,0.004662927841176572,0.02507448670168711,0.004662809899614928,0.02507448670168711,0.004662809899614928,0.030522099169873036,0.004816495300387794,0.023713148196804108,0.004805630796427285,0.03155284385400338,0.004813886863523103,0.02460673436145437,0.004806374345843722,0.02270224802186315,0.004670600051722605,0.022395942809381876,0.004670170293444699,0.0240589007601518,0.004669270327727562,0.02343679307844045,0.00466899813854505,0.024848321531670943,0.004662817306640029,0.024848321531670943,0.004662817306640029,0.02507448670168711,0.004662809899614928,0.02507448670168711,0.004662809899614928,0.0240589007601518,0.004668792052268906,0.02343679307844045,0.004668219275810738,0.0240589007601518,0.004669270327727562,0.02343679307844045,0.00466899813854505
GR00003282,240.0,0.07282509780501743,0.014422834925778423,0.02599402701721195,0.00467451508214571,0.02599402701721195,0.00467451508214571,0.027943020840099673,0.004672329121714055,0.027943020840099673,0.004672329121714055,0.015545482070055062,0.022300684383751015,0.004660025432179125,0.022300684383751015,0.004660025432179125,0.022453867083346568,0.004660026503269704,0.022453867083346568,0.004660026503269704,0.014638533938899035,0.019861291033942612,0.00466827378394558,0.019117206888861097,0.004668731528063021,0.021112473678190018,0.004667045842573927,0.02037936613845631,0.004667634396222248,0.026022230196069304,0.004816295928396359,0.026018305453567158,0.004806554623842293,0.02731473892443096,0.004810246874135881,0.027315205656240182,0.004800413462668915,0.014422834925778423,0.027943020840099673,0.00467241755802064,0.027943020840099673,0.00467241755802064,0.027943020840099673,0.004672329121714055,0.027943020840099673,0.004672329121714055,0.022041758858836174,0.004808930055405423,0.022038956931849752,0.004802012450982908,0.022111098212906282,0.004808909148050767,0.02210552865679505,0.00480202645029662,0.022453867083346568,0.004660133449103311,0.022453867083346568,0.004660133449103311,0.022453867083346568,0.004660026503269704,0.022453867083346568,0.004660026503269704,0.025869714281930675,0.004811018638753313,0.02141348155705224,0.0048012673633607,0.02703450248278973,0.004805717063565734,0.02241797109707177,0.004796458187448312,0.019861291033942612,0.00466827378394558,0.019117206888861097,0.004668731528063021,0.021112473678190018,0.004667045842573927,0.02037936613845631,0.004667634396222248,0.022300684383751015,0.004660025432179125,0.022300684383751015,0.004660025432179125,0.022453867083346568,0.004660026503269704,0.022453867083346568,0.004660026503269704,0.021112473678190018,0.004667251643751105,0.02037936613845631,0.004667049110520463,0.021112473678190018,0.004667045842573927,0.02037936613845631,0.004667634396222248
GR00003287,240.0,0.03915123864072156,0.01276597826087682,0.033032555868316604,0.004687796285859414,0.033032555868316604,0.004687796285859414,0.03277228805112744,0.004685176042028005,0.03277228805112744,0.004685176042028005,0.015389149806652451,0.028533387814488675,0.0046654689104842885,0.028533387814488675,0.0046654689104842885,0.02791452508673853,0.004665469458206459,0.02791452508673853,0.004665469458206459,0.013696248379303454,0.022049722506505793,0.004679985411578067,0.02251445159589347,0.0046801523417332085,0.022788850224893846,0.004679723638751906,0.02229824497996934,0.004678979754093615,0.032956448081153486,0.004835335439225151,0.03296064444460487,0.004823147167256185,0.032700077998113815,0.004825338925445699,0.032705590146367446,0.0048147944922686346,0.01276597826087682,0.03277228805112744,0.004685796857488619,0.03277228805112744,0.004685796857488619,0.03277228805112744,0.004685176042028005,0.03277228805112744,0.004685176042028005,0.027966565400952284,0.004799450450023214,0.027970349882392612,0.0047898807086859205,0.027568737368454183,0.00479945254347465,0.02756746715832831,0.0047898885738488495,0.02791452508673853,0.004665491276240967,0.02791452508673853,0.004665491276240967,0.02791452508673853,0.004665469458206459,0.02791452508673853,0.004665469458206459,0.03231460223415952,0.004831085300478373,0.026283223069028284,0.004819842718625432,0.03248687248139279,0.004823591015398442,0.02563896511549106,0.004815051296956513,0.022049722506505793,0.004679985411578067,0.02251445159589347,0.0046801523417332085,0.022788850224893846,0.004679723638751906,0.02229824497996934,0.004678979754093615,0.028533387814488675,0.0046654689104842885,0.028533387814488675,0.0046654689104842885,0.02791452508673853,0.004665469458206459,0.02791452508673853,0.004665469458206459,0.022788850224893846,0.004679724850007876,0.02229824497996934,0.004679486850684688,0.022788850224893846,0.004679723638751906,0.02229824497996934,0.004678979754093615
GR00003288,240.0,0.043793913962716584,0.01112517597957377,0.029535976388950783,0.004683285118321009,0.029535976388950783,0.004683285118321009,0.030582790926685928,0.0046806392008721855,0.030582790926685928,0.0046806392008721855,0.014696667955501124,0.029728670341199897,0.004667208626401792,0.029728670341199897,0.004667208626401792,0.030217662927106894,0.0046671993713707826,0.030217662927106894,0.0046671993713707826,0.01186448930437056,0.022106758008460233,0.00467577398814924,0.02172247187639548,0.00467553325232667,0.022681662789614872,0.004675326243264091,0.02225740452884423,0.004674558819660212,0.029240193827158745,0.004819990021154689,0.029256176187621184,0.004809609985931054,0.02999100741545112,0.004814628984289429,0.02998791662860705,0.004804580886569361,0.01112517597957377,0.030582790926685928,0.004680713820394508,0.030582790926685928,0.004680713820394508,0.030582790926685928,0.0046806392008721855,0.030582790926685928,0.0046806392008721855,0.02950215797277166,0.0047962935629832565,0.02950405288157951,0.004787444916527465,0.029669738579547175,0.004796298872357794,0.029672339037363975,0.004787445120527991,0.030217662927106894,0.004667252722201262,0.030217662927106894,0.004667252722201262,0.030217662927106894,0.0046671993713707826,0.030217662927106894,0.0046671993713707826,0.028810527685526378,0.004814549756105236,0.023998314025284236,0.0048034955402248,0.029549479929587785,0.0048147623870901084,0.024718146978648787,0.004801788311746647,0.022106758008460233,0.00467577398814924,0.02172247187639548,0.00467553325232667,0.022681662789614872,0.004675326243264091,0.02225740452884423,0.004674558819660212,0.029728670341199897,0.004667208626401792,0.029728670341199897,0.004667208626401792,0.030217662927106894,0.0046671993713707826,0.030217662927106894,0.0046671993713707826,0.022681662789614872,0.004674852734337849,0.02225740452884423,0.004673860216036996,0.022681662789614872,0.004675326243264091,0.02225740452884423,0.004674558819660212
GR00003296,240.0,0.07652343262678932,0.01343210505189079,0.0453509361133041,0.004690917265175926,0.0453509361133041,0.004690917265175926,0.0478590256402893,0.0046879892194869885,0.0478590256402893,0.0046879892194869885,0.018029787386086973,0.029030187490816886,0.004664423361146751,0.029030187490816886,0.004664423361146751,0.029238544091970006,0.004664421611854911,0.029238544091970006,0.004664421611854911,0.01490747419901326,0.029024766228776193,0.004684452436957193,0.04571131206254751,0.004683362422540545,0.03056701023684453,0.004681937057328451,0.04640461876306063,0.004681100588364627,0.044946569286818394,0.004853023099483247,0.044951559525972296,0.004841059004745708,0.046826825733390955,0.0048362190624563475,0.04683568260109483,0.004825052162098101,0.01343210505189079,0.0478590256402893,0.004688485167839724,0.0478590256402893,0.004688485167839724,0.0478590256402893,0.0046879892194869885,0.0478590256402893,0.0046879892194869885,0.029048827817479975,0.0048101231211145744,0.029047204838222488,0.004802479808984959,0.029120141249663677,0.0048101191220380046,0.02912297749913065,0.0048024790292203745,0.029238544091970006,0.00466462925383829,0.029238544091970006,0.00466462925383829,0.029238544091970006,0.004664421611854911,0.029238544091970006,0.004664421611854911,0.043236085606622544,0.0048470233214246644,0.032192394434655915,0.0048337257666429085,0.04521856482890601,0.004833870999441035,0.03319419596192259,0.004822589111420939,0.029024766228776193,0.004684452436957193,0.04571131206254751,0.004683362422540545,0.03056701023684453,0.004681937057328451,0.04640461876306063,0.004681100588364627,0.029030187490816886,0.004664423361146751,0.029030187490816886,0.004664423361146751,0.029238544091970006,0.004664421611854911,0.029238544091970006,0.004664421611854911,0.03056701023684453,0.0046826145540012735,0.04640461876306063,0.004681838902036177,0.03056701023684453,0.004681937057328451,0.04640461876306063,0.004681100588364627
GR00003298,240.0,0.07095634436401213,0.013544888243504947,0.04463388113665751,0.004686296384080506,0.04463388113665751,0.004686296384080506,0.04453347523232929,0.004682988397057644,0.04453347523232929,0.004682988397057644,0.01805485601439999,0.03043607499093149,0.0046658123449923325,0.03043607499093149,0.0046658123449923325,0.03089890554899817,0.004665816599124676,0.03089890554899817,0.004665816599124676,0.014201162477338483,0.027678925684852838,0.0046791171541157445,0.03864634271293621,0.004678875171562969,0.027822660388062755,0.004677747557415248,0.03777716991655889,0.004677237582273344,0.04494711727990185,0.004838159921319865,0.04495596675857191,0.004825925073931885,0.04475990162411926,0.004828271921718068,0.0447747018179279,0.004816807947180382,0.013544888243504947,0.04453347523232929,0.0046839325343568765,0.04453347523232929,0.0046839325343568765,0.04453347523232929,0.004682988397057644,0.04453347523232929,0.004682988397057644,0.030929412108101406,0.004796179983780609,0.03092848382316042,0.0047862095307698695,0.03108620450406217,0.004796181285085749,0.031082615411513113,0.004786211138931029,0.03089890554899817,0.004665747964879535,0.03089890554899817,0.004665747964879535,0.03089890554899817,0.004665816599124676,0.03089890554899817,0.004665816599124676,0.04342298599583354,0.004830307532151256,0.02954426621844615,0.004818962682202773,0.043356761416545535,0.004823073269441593,0.029755277050917447,0.004812261658941699,0.027678925684852838,0.0046791171541157445,0.03864634271293621,0.004678875171562969,0.027822660388062755,0.004677747557415248,0.03777716991655889,0.004677237582273344,0.03043607499093149,0.0046658123449923325,0.03043607499093149,0.0046658123449923325,0.03089890554899817,0.004665816599124676,0.03089890554899817,0.004665816599124676,0.027822660388062755,0.004678560384389295,0.03777716991655889,0.00467762319299946,0.027822660388062755,0.004677747557415248,0.03777716991655889,0.004677237582273344
GR00003299,240.0,0.052298147732606284,0.015004686044326343,0.04560493200477447,0.004687404873721462,0.04560493200477447,0.004687404873721462,0.04858051132170659,0.004683914002676548,0.04858051132170659,0.004683914002676548,0.018034239106743934,0.030967046799225764,0.004668554567090552,0.030967046799225764,0.004668554567090552,0.03156085754721566,0.0046685610698442735,0.03156085754721566,0.0046685610698442735,0.014879755504397707,0.03189645180181309,0.004681181461353907,0.06388417292636432,0.004680385298110529,0.03314689780512626,0.00467797185880932,0.05923186519906796,0.004677422410589263,0.04536621789900683,0.004841472782948547,0.04536118408796467,0.004828828060554311,0.04831381308816434,0.0048342727754528475,0.048312913064177544,0.0048220402413104045,0.015004686044326343,0.04858051132170659,0.00468384616558721,0.04858051132170659,0.00468384616558721,0.04858051132170659,0.004683914002676548,0.04858051132170659,0.004683914002676548,0.030741443273575204,0.004805459993349957,0.03073868596498059,0.004796952375835422,0.031044749046359947,0.004805459704330206,0.031046797905182458,0.004796956243386782,0.03156085754721566,0.004668435613328705,0.03156085754721566,0.004668435613328705,0.03156085754721566,0.0046685610698442735,0.03156085754721566,0.0046685610698442735,0.04413999397255231,0.004833317023711907,0.035419417613399125,0.00482368222850106,0.046256424582029186,0.0048277290681035916,0.035690674726847844,0.004818121671942366,0.03189645180181309,0.004681181461353907,0.06388417292636432,0.004680385298110529,0.03314689780512626,0.00467797185880932,0.05923186519906796,0.004677422410589263,0.030967046799225764,0.004668554567090552,0.030967046799225764,0.004668554567090552,0.03156085754721566,0.0046685610698442735,0.03156085754721566,0.0046685610698442735,0.03314689780512626,0.004678908915875401,0.05923186519906796,0.004678529400501151,0.03314689780512626,0.00467797185880932,0.05923186519906796,0.004677422410589263
GR00003301,240.0,0.051985385073287746,0.015399851069182605,0.03714096810098122,0.004686830561244205,0.03714096810098122,0.004686830561244205,0.04072155686740667,0.0046831947893014045,0.04072155686740667,0.0046831947893014045,0.017896336979102652,0.030245751264325493,0.004672222928094191,0.030245751264325493,0.004672222928094191,0.030050339566928826,0.00467221387916606,0.030050339566928826,0.00467221387916606,0.015724606800911835,0.025470859972275776,0.004679149659129975,0.032524949649654585,0.0046788393018528255,0.02708520321612441,0.004678420891974329,0.03717525334979981,0.004677445380326998,0.037251832074182596,0.004834992516858862,0.037248875747847195,0.004823644477928134,0.039757683489064714,0.004827590416633257,0.03975859253576279,0.004816637334955497,0.015399851069182605,0.04072155686740667,0.004682653493500288,0.04072155686740667,0.004682653493500288,0.04072155686740667,0.0046831947893014045,0.04072155686740667,0.0046831947893014045,0.02995139015333745,0.004817012175780989,0.02994749623932617,0.004807951062590359,0.029644359195711963,0.004817009115744039,0.029657973562381278,0.00480795000091907,0.030050339566928826,0.004672199118904356,0.030050339566928826,0.004672199118904356,0.030050339566928826,0.00467221387916606,0.030050339566928826,0.00467221387916606,0.03636168687883146,0.004827784014921257,0.027079180399351747,0.00481691161602492,0.03888499373635554,0.004819634533495269,0.029615709063808855,0.004811192440963824,0.025470859972275776,0.004679149659129975,0.032524949649654585,0.0046788393018528255,0.02708520321612441,0.004678420891974329,0.03717525334979981,0.004677445380326998,0.030245751264325493,0.004672222928094191,0.030245751264325493,0.004672222928094191,0.030050339566928826,0.00467221387916606,0.030050339566928826,0.00467221387916606,0.02708520321612441,0.004676151915689678,0.03717525334979981,0.00467510218237589,0.02708520321612441,0.004678420891974329,0.03717525334979981,0.004677445380326998
GR00003307,240.0,0.08395578363471176,0.01438085056827222,0.052091559133702246,0.004683262109090034,0.052091559133702246,0.004683262109090034,0.05715945903071463,0.004680167935183979,0.05715945903071463,0.004680167935183979,0.020583734622175887,0.03236502894155239,0.004665514049043857,0.03236502894155239,0.004665514049043857,0.03224420770293652,0.004665526163277356,0.03224420770293652,0.004665526163277356,0.01809020314134819,0.02933051781552519,0.004676745805703716,0.03689830567582367,0.004676336546141273,0.030994818717949128,0.00467470729987129,0.04052695543695568,0.004674560404502726,0.05206634546219884,0.00484534818575458,0.05207908874218628,0.0048312385673809615,0.05582300865752805,0.004837004944869009,0.055828491474817596,0.00482346188166182,0.01438085056827222,0.05715945903071463,0.004680860694254821,0.05715945903071463,0.004680860694254821,0.05715945903071463,0.004680167935183979,0.05715945903071463,0.004680167935183979,0.0322475207209694,0.0047953669271413426,0.032252147923408865,0.004788507117628306,0.03217369246031182,0.004795375214203079,0.03216730793344098,0.004788504009878541,0.03224420770293652,0.00466555219713773,0.03224420770293652,0.00466555219713773,0.03224420770293652,0.004665526163277356,0.03224420770293652,0.004665526163277356,0.05065294917699032,0.004840048682009353,0.03322558662760672,0.004824029673917748,0.05387421741938968,0.004833633797302795,0.03467875434704643,0.004820337737975694,0.02933051781552519,0.004676745805703716,0.03689830567582367,0.004676336546141273,0.030994818717949128,0.00467470729987129,0.04052695543695568,0.004674560404502726,0.03236502894155239,0.004665514049043857,0.03236502894155239,0.004665514049043857,0.03224420770293652,0.004665526163277356,0.03224420770293652,0.004665526163277356,0.030994818717949128,0.004675592287609641,0.04052695543695568,0.004674966686955741,0.030994818717949128,0.00467470729987129,0.04052695543695568,0.004674560404502726
GR00003308,240.0,0.0656357004332057,0.012205087783951669,0.03730104268647987,0.004680285120133887,0.03730104268647987,0.004680285120133887,0.03750922106756136,0.004677346844139002,0.03750922106756136,0.004677346844139002,0.014885459458182005,0.033139508746596366,0.00466595406324277,0.033139508746596366,0.00466595406324277,0.03325471094336112,0.0046659591108654435,0.03325471094336112,0.0046659591108654435,0.014085205951497854,0.02418485609723347,0.004673067215388591,0.027128987049549535,0.004673282790664526,0.02473160159554958,0.00467166691095049,0.026429766614697717,0.004671448851250834,0.037023749308610625,0.004827535102716828,0.03703094980626991,0.004814321202349022,0.037540299208678754,0.0048165980186082365,0.03754268675510446,0.00480457676301784,0.012205087783951669,0.03750922106756136,0.004677460850909435,0.03750922106756136,0.004677460850909435,0.03750922106756136,0.004677346844139002,0.03750922106756136,0.004677346844139002,0.033357562106578795,0.004791720680151833,0.033363625310498815,0.00478316905824983,0.033322602728756166,0.004791721199300495,0.033317279359098395,0.004783167157398024,0.03325471094336112,0.004666101688934409,0.03325471094336112,0.004666101688934409,0.03325471094336112,0.0046659591108654435,0.03325471094336112,0.0046659591108654435,0.03632352696844406,0.00481999992742958,0.02800485470945439,0.0048076957849182795,0.03670873871716149,0.0048118052707182835,0.027563787233171086,0.004797268936837777,0.02418485609723347,0.004673067215388591,0.027128987049549535,0.004673282790664526,0.02473160159554958,0.00467166691095049,0.026429766614697717,0.004671448851250834,0.033139508746596366,0.00466595406324277,0.033139508746596366,0.00466595406324277,0.03325471094336112,0.0046659591108654435,0.03325471094336112,0.0046659591108654435,0.02473160159554958,0.004672240514166878,0.026429766614697717,0.004671808682450627,0.02473160159554958,0.00467166691095049,0.026429766614697717,0.004671448851250834
GR00003314,240.0,0.19804812970831745,0.024846797252055717,0.04041575929357277,0.004688530227594948,0.04041575929357277,0.004688530227594948,0.042630407091946924,0.004686831230811853,0.042630407091946924,0.004686831230811853,0.028143649372911615,0.030413627245337173,0.00466039536087933,0.030413627245337173,0.00466039536087933,0.030285215714178033,0.004660395949018518,0.030285215714178033,0.004660395949018518,0.02462133868187886,0.028712376600248852,0.004678958820601848,0.040530172222096435,0.004678270581257828,0.030547302628227486,0.0046784435176305764,0.04372241656475993,0.004677686375499492,0.04038330987080079,0.004849663173285265,0.0403874040714167,0.004837611332439675,0.042324094751766884,0.004841973389109789,0.04232097722715526,0.00482998717918698,0.024846797252055717,0.042630407091946924,0.004686428844760273,0.042630407091946924,0.004686428844760273,0.042630407091946924,0.004686831230811853,0.042630407091946924,0.004686831230811853,0.030137635633751634,0.004798434347557972,0.030147130443056606,0.00478997502203053,0.03022894875556059,0.004798437752340395,0.030231196470116,0.004789975790115419,0.030285215714178033,0.004660624856369321,0.030285215714178033,0.004660624856369321,0.030285215714178033,0.004660395949018518,0.030285215714178033,0.004660395949018518,0.039664906439496585,0.004842612388780018,0.030663578759518924,0.004831436573115621,0.04184707650893683,0.004838682401559046,0.032636383238492585,0.004824047659949338,0.028712376600248852,0.004678958820601848,0.040530172222096435,0.004678270581257828,0.030547302628227486,0.0046784435176305764,0.04372241656475993,0.004677686375499492,0.030413627245337173,0.00466039536087933,0.030413627245337173,0.00466039536087933,0.030285215714178033,0.004660395949018518,0.030285215714178033,0.004660395949018518,0.030547302628227486,0.004678019246028499,0.04372241656475993,0.0046768650945070295,0.030547302628227486,0.0046784435176305764,0.04372241656475993,0.004677686375499492
GR00003315,240.0,0.1588047614944883,0.023106354508815166,0.04375608731709517,0.004690967644856668,0.04375608731709517,0.004690967644856668,0.04407246537087018,0.004687856571399436,0.04407246537087018,0.004687856571399436,0.02672111445751699,0.02861024286804462,0.004666341265129845,0.02861024286804462,0.004666341265129845,0.02823304433195129,0.004666343980542462,0.02823304433195129,0.004666343980542462,0.02355208424635041,0.03156830924289329,0.004681361196805073,0.04395798654136943,0.004681336427184213,0.031719661081830046,0.004680077538613959,0.04339483864407814,0.0046796541042480565,0.043793955841242745,0.004859726596704066,0.04379672858050794,0.004844239404725171,0.04444369965458769,0.004855837312774785,0.044444619396280506,0.004841010110001935,0.023106354508815166,0.04407246537087018,0.00468713303050674,0.04407246537087018,0.00468713303050674,0.04407246537087018,0.004687856571399436,0.04407246537087018,0.004687856571399436,0.02799584176258895,0.004808724557861946,0.02799032743668412,0.004799180329182053,0.027954567287135926,0.0048087214113310016,0.02795221449265224,0.004799180449058388,0.02823304433195129,0.004666391125740608,0.02823304433195129,0.004666391125740608,0.02823304433195129,0.004666343980542462,0.02823304433195129,0.004666343980542462,0.04277119917776532,0.004851713266190919,0.032989966976935715,0.004838225432690859,0.04318641057015773,0.004853490572538138,0.0329601772677367,0.0048390033832039995,0.03156830924289329,0.004681361196805073,0.04395798654136943,0.004681336427184213,0.031719661081830046,0.004680077538613959,0.04339483864407814,0.0046796541042480565,0.02861024286804462,0.004666341265129845,0.02861024286804462,0.004666341265129845,0.02823304433195129,0.004666343980542462,0.02823304433195129,0.004666343980542462,0.031719661081830046,0.004679583950696935,0.04339483864407814,0.00467856790496819,0.031719661081830046,0.004680077538613959,0.04339483864407814,0.0046796541042480565
GR00003316,240.0,0.08445212736682897,0.013138953622428307,0.033194734424593524,0.004685007987190694,0.033194734424593524,0.004685007987190694,0.03482081722669717,0.004681923225897634,0.03482081722669717,0.004681923225897634,0.016494621791858795,0.026878419517701944,0.004664336836268992,0.026878419517701944,0.004664336836268992,0.02706705719332868,0.004664332953462333,0.02706705719332868,0.004664332953462333,0.015097835918149744,0.02259801352762808,0.004677551960360225,0.023330613282591135,0.004677691680848513,0.02346035738874857,0.00467515818880873,0.024365445996215852,0.004675229962868297,0.03331534372613264,0.004841535969179199,0.03331708557003653,0.00482822191194371,0.03463672362032733,0.00483071273726965,0.034638197952625314,0.004818412298167536,0.013138953622428307,0.03482081722669717,0.004682604054387868,0.03482081722669717,0.004682604054387868,0.03482081722669717,0.004681923225897634,0.03482081722669717,0.004681923225897634,0.026964972325857546,0.004798319283831043,0.026964619891629127,0.004789619809241334,0.02701528474425039,0.004798323096785018,0.027025644872555262,0.004789619245476966,0.02706705719332868,0.0046645784785169595,0.02706705719332868,0.0046645784785169595,0.02706705719332868,0.004664332953462333,0.02706705719332868,0.004664332953462333,0.032739675866886385,0.004837334120208869,0.024289369579884406,0.004823489227828651,0.03423223946084526,0.004827850811854569,0.025293337882280834,0.004816748356661566,0.02259801352762808,0.004677551960360225,0.023330613282591135,0.004677691680848513,0.02346035738874857,0.00467515818880873,0.024365445996215852,0.004675229962868297,0.026878419517701944,0.004664336836268992,0.026878419517701944,0.004664336836268992,0.02706705719332868,0.004664332953462333,0.02706705719332868,0.004664332953462333,0.02346035738874857,0.004675558417258141,0.024365445996215852,0.004675393584890363,0.02346035738874857,0.00467515818880873,0.024365445996215852,0.004675229962868297
GR00003317,240.0,0.08110527730512995,0.014924410634592076,0.031734553200223885,0.004677687861435134,0.031734553200223885,0.004677687861435134,0.033536053766956384,0.0046752747395029555,0.033536053766956384,0.0046752747395029555,0.01805407354654449,0.025064544118215796,0.0046653126941045365,0.025064544118215796,0.0046653126941045365,0.025336844214623955,0.004665308491549394,0.025336844214623955,0.004665308491549394,0.017077299414226064,0.021121036362061658,0.004671896251963454,0.0208706739131304,0.004671561317738701,0.022119951570860993,0.004670755928752107,0.022197309893302715,0.0046696138161730506,0.03182308704593117,0.004823038009630848,0.03182139529815524,0.0048116299067406075,0.032908039939305946,0.004818449781368503,0.03290986036606473,0.0048073424295454,0.014924410634592076,0.033536053766956384,0.004675451048368824,0.033536053766956384,0.004675451048368824,0.033536053766956384,0.0046752747395029555,0.033536053766956384,0.0046752747395029555,0.025049693668724036,0.00479521764887556,0.025050953544915266,0.0047870055827159246,0.025185676493145577,0.004795214662875935,0.025184071353562487,0.00478701133327115,0.025336844214623955,0.004665336743381672,0.025336844214623955,0.004665336743381672,0.025336844214623955,0.004665308491549394,0.025336844214623955,0.004665308491549394,0.030816618006515084,0.004816068738384462,0.024019864449145757,0.0048058846286815095,0.032183633461555235,0.004812638014304899,0.02526268189529674,0.0048025493799109765,0.021121036362061658,0.004671896251963454,0.0208706739131304,0.004671561317738701,0.022119951570860993,0.004670755928752107,0.022197309893302715,0.0046696138161730506,0.025064544118215796,0.0046653126941045365,0.025064544118215796,0.0046653126941045365,0.025336844214623955,0.004665308491549394,0.025336844214623955,0.004665308491549394,0.022119951570860993,0.004670120988074871,0.022197309893302715,0.004669835083843479,0.022119951570860993,0.004670755928752107,0.022197309893302715,0.0046696138161730506
GR00003331,240.0,0.05499358246538229,0.013077228328383855,0.039348778939668615,0.004690778160244403,0.039348778939668615,0.004690778160244403,0.039954905597574995,0.004686973244303779,0.039954905597574995,0.004686973244303779,0.020627230761897132,0.03196872276715286,0.004668988281993285,0.03196872276715286,0.004668988281993285,0.03233081885816278,0.004668991090677626,0.03233081885816278,0.004668991090677626,0.01683128855095818,0.029274393128436205,0.004682853801661143,0.03371874629444107,0.0046825320583139965,0.02945398433588122,0.004681396706414506,0.0356281669484315,0.0046808851815579216,0.03943679112248614,0.004833315089969889,0.03942975300072374,0.004821592920442863,0.03988975880076027,0.004823343872590458,0.03988333777082315,0.0048124114273093615,0.013077228328383855,0.039954905597574995,0.004687925948219384,0.039954905597574995,0.004687925948219384,0.039954905597574995,0.004686973244303779,0.039954905597574995,0.004686973244303779,0.0321065679901828,0.0047818007137357755,0.03210070451586073,0.00477474003781078,0.0322949058216559,0.004781800778510646,0.032284283244663446,0.00477474242441631,0.03233081885816278,0.004669206875557929,0.03233081885816278,0.004669206875557929,0.03233081885816278,0.004668991090677626,0.03233081885816278,0.004668991090677626,0.03824074673111686,0.004828820168053346,0.03033323587338928,0.0048162736130388985,0.03850774507986564,0.0048212849661288,0.03126655423751526,0.0048109209084076674,0.029274393128436205,0.004682853801661143,0.03371874629444107,0.0046825320583139965,0.02945398433588122,0.004681396706414506,0.0356281669484315,0.0046808851815579216,0.03196872276715286,0.004668988281993285,0.03196872276715286,0.004668988281993285,0.03233081885816278,0.004668991090677626,0.03233081885816278,0.004668991090677626,0.02945398433588122,0.004681144345808226,0.0356281669484315,0.004681399166496822,0.02945398433588122,0.004681396706414506,0.0356281669484315,0.0046808851815579216
GR00003336,240.0,0.04339206265642308,0.01176320715979044,0.034252347427983526,0.004682000354113337,0.034252347427983526,0.004682000354113337,0.038210509943535,0.004679708468172793,0.038210509943535,0.004679708468172793,0.014918583641965303,0.025742018664266248,0.004667905422714644,0.025742018664266248,0.004667905422714644,0.02592324296408009,0.004667904442743215,0.02592324296408009,0.004667904442743215,0.012674014011326331,0.025192001033277057,0.004674801150727857,0.03258591704112541,0.004674240326540194,0.02688137911155226,0.0046747412920305365,0.035592172491927844,0.004674277846539959,0.03423297113139149,0.004813253946020833,0.03423358676493451,0.00480361467488523,0.037459939575293255,0.004802296996055474,0.03746323542295291,0.004793413390319737,0.01176320715979044,0.038210509943535,0.004679750229367004,0.038210509943535,0.004679750229367004,0.038210509943535,0.004679708468172793,0.038210509943535,0.004679708468172793,0.025304657581971663,0.004792948519418986,0.02530316620500827,0.004785492627639421,0.025426166667204434,0.004792947470949471,0.025432925331278788,0.004785485708593125,0.02592324296408009,0.0046679978969172255,0.02592324296408009,0.0046679978969172255,0.02592324296408009,0.004667904442743215,0.02592324296408009,0.004667904442743215,0.03322608364204519,0.004810446145784575,0.026312553296073363,0.004801081787746834,0.03681334673897866,0.004798636537688915,0.0280947583289423,0.004792512855971212,0.025192001033277057,0.004674801150727857,0.03258591704112541,0.004674240326540194,0.02688137911155226,0.0046747412920305365,0.035592172491927844,0.004674277846539959,0.025742018664266248,0.004667905422714644,0.025742018664266248,0.004667905422714644,0.02592324296408009,0.004667904442743215,0.02592324296408009,0.004667904442743215,0.02688137911155226,0.00467417877117475,0.035592172491927844,0.0046735369639262165,0.02688137911155226,0.0046747412920305365,0.035592172491927844,0.004674277846539959
GR00003337,240.0,0.03451951315559646,0.01254328233703066,0.04921805262604127,0.004683764274065119,0.04921805262604127,0.004683764274065119,0.04981849180233542,0.004681013581068342,0.04981849180233542,0.004681013581068342,0.015792528223589165,0.027729818508614442,0.00466894776284392,0.027729818508614442,0.00466894776284392,0.027620852869880582,0.004668948125755208,0.027620852869880582,0.004668948125755208,0.013330114094781869,0.029133671851997216,0.004676931244086422,0.04235692846062771,0.004676980526709987,0.03088220710774024,0.004675365641773998,0.04232595360198234,0.004675559117491031,0.0499575914444195,0.004809130048596841,0.049964499071782915,0.004798829701743298,0.05148979114272368,0.0047983349644514705,0.05149521045066084,0.004788801637930817,0.01254328233703066,0.04981849180233542,0.0046807764647565885,0.04981849180233542,0.0046807764647565885,0.04981849180233542,0.004681013581068342,0.04981849180233542,0.004681013581068342,0.02798214423546303,0.00479140138665183,0.02798155804996781,0.004783274741005178,0.027737912377389214,0.0047913995946543214,0.02774268296228001,0.00478327897185786,0.027620852869880582,0.0046692263282379805,0.027620852869880582,0.0046692263282379805,0.027620852869880582,0.004668948125755208,0.027620852869880582,0.004668948125755208,0.04808998627019138,0.004803615670396382,0.031821089526874416,0.004793703660171336,0.04912034529132669,0.004794133889279886,0.03298028483740714,0.004786172842172466,0.029133671851997216,0.004676931244086422,0.04235692846062771,0.004676980526709987,0.03088220710774024,0.004675365641773998,0.04232595360198234,0.004675559117491031,0.027729818508614442,0.00466894776284392,0.027729818508614442,0.00466894776284392,0.027620852869880582,0.004668948125755208,0.027620852869880582,0.004668948125755208,0.03088220710774024,0.004675597867533119,0.04232595360198234,0.004675462667894636,0.03088220710774024,0.004675365641773998,0.04232595360198234,0.004675559117491031
GR00003338,240.0,0.04942753909656242,0.012796044939191755,0.039585673582913684,0.0046851856618662195,0.039585673582913684,0.0046851856618662195,0.04312056991543716,0.004681558166611823,0.04312056991543716,0.004681558166611823,0.015365999760621944,0.03279306021478281,0.004668996930190653,0.03279306021478281,0.004668996930190653,0.0332939795974378,0.004668991886853525,0.0332939795974378,0.004668991886853525,0.013439912882247067,0.029286917563938704,0.00467829100334848,0.03333003279731203,0.004678214955439707,0.031513423969712726,0.004675774872762822,0.03623674955373326,0.004675356436059039,0.03965416755371102,0.004813706227310521,0.03965706293871913,0.004803091718764742,0.04221069778581529,0.00480210836551359,0.04222108557849276,0.004792475643276641,0.012796044939191755,0.04312056991543716,0.004682237341079842,0.04312056991543716,0.004682237341079842,0.04312056991543716,0.004681558166611823,0.04312056991543716,0.004681558166611823,0.0328354128195671,0.004794095879347078,0.032835994052451405,0.004786915193571541,0.03317802515367302,0.004794096729730386,0.03317982132029106,0.004786915146033247,0.0332939795974378,0.004669168146721534,0.0332939795974378,0.004669168146721534,0.0332939795974378,0.004668991886853525,0.0332939795974378,0.004668991886853525,0.03884187019404928,0.004808836832543715,0.030728372425251553,0.0047991022450439794,0.041153851155668913,0.004794437613874398,0.03306764990921067,0.004786619898645853,0.029286917563938704,0.00467829100334848,0.03333003279731203,0.004678214955439707,0.031513423969712726,0.004675774872762822,0.03623674955373326,0.004675356436059039,0.03279306021478281,0.004668996930190653,0.03279306021478281,0.004668996930190653,0.0332939795974378,0.004668991886853525,0.0332939795974378,0.004668991886853525,0.031513423969712726,0.004676457810493889,0.03623674955373326,0.004676227359118349,0.031513423969712726,0.004675774872762822,0.03623674955373326,0.004675356436059039
GR00003341,240.0,0.09618686801032468,0.016342750846509786,0.04766439805497183,0.004693406674584747,0.04766439805497183,0.004693406674584747,0.05154355910229893,0.004690348963475993,0.05154355910229893,0.004690348963475993,0.021626079734098472,0.027176395926696587,0.004662814469716965,0.027176395926696587,0.004662814469716965,0.027181583616607892,0.00466281655614352,0.027181583616607892,0.00466281655614352,0.01767854835478444,0.029233208653886112,0.004684959414151432,0.04851405566075806,0.004684622141345297,0.03088967337213445,0.004682690621444272,0.05927323488825056,0.004681145263306962,0.0475838965083724,0.004855780592611137,0.04758471983693972,0.004840070130013903,0.051515894530638005,0.0048400932956855535,0.051516114897616844,0.004825558466574344,0.016342750846509786,0.05154355910229893,0.004690405629266241,0.05154355910229893,0.004690405629266241,0.05154355910229893,0.004690348963475993,0.05154355910229893,0.004690348963475993,0.027213707673344887,0.004788956342890549,0.027216633011143694,0.004779785865395508,0.02722149982631514,0.0047889714382144495,0.027219429047863005,0.004779781771421244,0.027181583616607892,0.004662971422876727,0.027181583616607892,0.004662971422876727,0.027181583616607892,0.00466281655614352,0.027181583616607892,0.00466281655614352,0.04580323910631892,0.004850248686612918,0.03134556271797632,0.004836318423936327,0.04971029389001226,0.004839321999467519,0.03460271425248071,0.004825031073628555,0.029233208653886112,0.004684959414151432,0.04851405566075806,0.004684622141345297,0.03088967337213445,0.004682690621444272,0.05927323488825056,0.004681145263306962,0.027176395926696587,0.004662814469716965,0.027176395926696587,0.004662814469716965,0.027181583616607892,0.00466281655614352,0.027181583616607892,0.00466281655614352,0.03088967337213445,0.004682654940910376,0.05927323488825056,0.004682369688636735,0.03088967337213445,0.004682690621444272,0.05927323488825056,0.004681145263306962
GR00003344,240.0,0.06924999007852314,0.015191252811360793,0.040286054735435194,0.004697348155021519,0.040286054735435194,0.004697348155021519,0.04332966783870198,0.004694724430120928,0.04332966783870198,0.004694724430120928,0.02061492816682312,0.025619710586434544,0.0046660285277085696,0.025619710586434544,0.0046660285277085696,0.025960594412062346,0.004666028023260884,0.025960594412062346,0.004666028023260884,0.015303607102755462,0.024356940824503258,0.004689667279679568,0.03191360881192027,0.004689263031622554,0.025452322996167207,0.004687521676666621,0.03367257072483641,0.004686644532063918,0.0402714673024364,0.004834066274293793,0.04027369914444376,0.00482189247573146,0.042662529514976996,0.004822851205071785,0.042665137999776434,0.00481187373169524,0.015191252811360793,0.04332966783870198,0.004694358592127836,0.04332966783870198,0.004694358592127836,0.04332966783870198,0.004694724430120928,0.04332966783870198,0.004694724430120928,0.025740561489511253,0.004796489461369073,0.02574300202177305,0.004788516184662357,0.026035184425842902,0.004796491407440484,0.026025049242261566,0.004788514871842675,0.025960594412062346,0.004666159271223003,0.025960594412062346,0.004666159271223003,0.025960594412062346,0.004666028023260884,0.025960594412062346,0.004666028023260884,0.03956384861763954,0.00482761454424551,0.02683265066834393,0.0048152646511498455,0.041894552960959806,0.0048169466943474605,0.02755158793883423,0.004806913633954548,0.024356940824503258,0.004689667279679568,0.03191360881192027,0.004689263031622554,0.025452322996167207,0.004687521676666621,0.03367257072483641,0.004686644532063918,0.025619710586434544,0.0046660285277085696,0.025619710586434544,0.0046660285277085696,0.025960594412062346,0.004666028023260884,0.025960594412062346,0.004666028023260884,0.025452322996167207,0.004687557168527279,0.03367257072483641,0.004686762511385988,0.025452322996167207,0.004687521676666621,0.03367257072483641,0.004686644532063918
GR00003382,240.0,0.06765673256463395,0.010696070505604673,0.03104220848720466,0.004679243573676489,0.03104220848720466,0.004679243573676489,0.032804756520100876,0.004677388177721372,0.032804756520100876,0.004677388177721372,0.012397666112927428,0.02385659076288641,0.004668120901430125,0.02385659076288641,0.004668120901430125,0.023888656455609916,0.004668118044452102,0.023888656455609916,0.004668118044452102,0.012153104393507743,0.023100455643033535,0.004673768588859679,0.02345959962916875,0.004673615351871443,0.02407777298672494,0.004673076490384131,0.02438213583380344,0.00467277111951953,0.030977458131102312,0.0048041173915982045,0.030983507055747397,0.004797063463801242,0.03214210176499963,0.004797181899759963,0.03213278947820024,0.004790581022931175,0.010696070505604673,0.032804756520100876,0.004676658127661974,0.032804756520100876,0.004676658127661974,0.032804756520100876,0.004677388177721372,0.032804756520100876,0.004677388177721372,0.02377465869722234,0.00478547853483805,0.0237671732713079,0.004778488460723127,0.02378183812199173,0.004785480559943071,0.023780334406225533,0.004778490852388181,0.023888656455609916,0.004668250531038638,0.023888656455609916,0.004668250531038638,0.023888656455609916,0.004668118044452102,0.023888656455609916,0.004668118044452102,0.03054332694489069,0.004798947595636048,0.0243891651063363,0.004793699316706936,0.031779557586015125,0.004793957587883372,0.0255216495985575,0.004785712969574935,0.023100455643033535,0.004673768588859679,0.02345959962916875,0.004673615351871443,0.02407777298672494,0.004673076490384131,0.02438213583380344,0.00467277111951953,0.02385659076288641,0.004668120901430125,0.02385659076288641,0.004668120901430125,0.023888656455609916,0.004668118044452102,0.023888656455609916,0.004668118044452102,0.02407777298672494,0.004672738757137385,0.02438213583380344,0.00467209086720158,0.02407777298672494,0.004673076490384131,0.02438213583380344,0.00467277111951953
GR00003383,240.0,0.063063538665298,0.01142115259932266,0.02657899523451988,0.004678249798881384,0.02657899523451988,0.004678249798881384,0.02950851333602144,0.0046750991251400574,0.02950851333602144,0.0046750991251400574,0.012848989138830175,0.023387480588140216,0.004668929179711745,0.023387480588140216,0.004668929179711745,0.023344557124372046,0.004668932733404334,0.023344557124372046,0.004668932733404334,0.012353272031763333,0.020303830926225615,0.004672109690302149,0.020225896872831956,0.004671994630585863,0.022014345151418188,0.0046706515809703635,0.022045049576635427,0.004670390117345263,0.026448644929960855,0.0048036770244880836,0.02644454494648096,0.004796445077426992,0.028572372744863007,0.004796439341535507,0.02857285056099842,0.004789552483568324,0.01142115259932266,0.02950851333602144,0.004675391112304262,0.02950851333602144,0.004675391112304262,0.02950851333602144,0.0046750991251400574,0.02950851333602144,0.0046750991251400574,0.023253380527472823,0.004802997502210957,0.023253723759530793,0.0047956918014143745,0.023200803451421774,0.004802996778179902,0.023200589418464205,0.004795688178679546,0.023344557124372046,0.004669160831042594,0.023344557124372046,0.004669160831042594,0.023344557124372046,0.004668932733404334,0.023344557124372046,0.004668932733404334,0.02609026610482725,0.004799630786403548,0.02118385932017741,0.004791551620253058,0.028090267835917056,0.004791205894304062,0.02324988687350675,0.004784200086760521,0.020303830926225615,0.004672109690302149,0.020225896872831956,0.004671994630585863,0.022014345151418188,0.0046706515809703635,0.022045049576635427,0.004670390117345263,0.023387480588140216,0.004668929179711745,0.023387480588140216,0.004668929179711745,0.023344557124372046,0.004668932733404334,0.023344557124372046,0.004668932733404334,0.022014345151418188,0.00466977850238041,0.022045049576635427,0.004670375006404438,0.022014345151418188,0.0046706515809703635,0.022045049576635427,0.004670390117345263
GR00003386,240.0,0.054635507837876594,0.012250372713729814,0.027387224001671616,0.004674295409093332,0.027387224001671616,0.004674295409093332,0.030010388781375866,0.004671894133790258,0.030010388781375866,0.004671894133790258,0.013537259940399051,0.027871987390157952,0.004669250444199056,0.027871987390157952,0.004669250444199056,0.028311842045949578,0.004669255379133852,0.028311842045949578,0.004669255379133852,0.013343825801788676,0.0199617593970891,0.0046690672500360846,0.01958301234872063,0.004669199539705045,0.02177185117633877,0.004667446292473521,0.020772854014629017,0.0046672090900648855,0.02727777157681419,0.004812793138310205,0.027289931936640907,0.004806662497571778,0.028828644970865028,0.00481184436515854,0.02883226266298661,0.00480589416400279,0.012250372713729814,0.030010388781375866,0.004671506468975397,0.030010388781375866,0.004671506468975397,0.030010388781375866,0.004671894133790258,0.030010388781375866,0.004671894133790258,0.027838074035938624,0.004788054173213886,0.02783689585655169,0.004781866219880654,0.028083396480945495,0.004788051801586313,0.02808319940054073,0.004781860774783926,0.028311842045949578,0.004669237832664288,0.028311842045949578,0.004669237832664288,0.028311842045949578,0.004669255379133852,0.028311842045949578,0.004669255379133852,0.02688008187986779,0.004806965513240794,0.02139038977868234,0.0048006225208552375,0.02851153165338606,0.004806943477563893,0.0227850072547856,0.004802330062781052,0.0199617593970891,0.0046690672500360846,0.01958301234872063,0.004669199539705045,0.02177185117633877,0.004667446292473521,0.020772854014629017,0.0046672090900648855,0.027871987390157952,0.004669250444199056,0.027871987390157952,0.004669250444199056,0.028311842045949578,0.004669255379133852,0.028311842045949578,0.004669255379133852,0.02177185117633877,0.004666870136455762,0.020772854014629017,0.004666669065749385,0.02177185117633877,0.004667446292473521,0.020772854014629017,0.0046672090900648855
GR00003387,240.0,0.0801619524862013,0.012903167281466156,0.02238010072484102,0.004673862346060927,0.02238010072484102,0.004673862346060927,0.024110664768049173,0.004671497054858612,0.024110664768049173,0.004671497054858612,0.013276875761172717,0.022889461621753062,0.00466736185745092,0.022889461621753062,0.00466736185745092,0.02315230007312956,0.004667368639859812,0.02315230007312956,0.004667368639859812,0.013074754649037422,0.01764122904894414,0.00466727634573034,0.017063760409669906,0.004666939037445254,0.018522446569525494,0.004667534937996667,0.01799267405437203,0.00466670841285671,0.022465779111933693,0.004808837238009876,0.022471852896725358,0.004803041290410409,0.02318886565709066,0.004805933472222921,0.023185025656516377,0.004800109207984293,0.012903167281466156,0.024110664768049173,0.004671474060451097,0.024110664768049173,0.004671474060451097,0.024110664768049173,0.004671497054858612,0.024110664768049173,0.004671497054858612,0.02263438721941004,0.004808980554997433,0.02262687102834823,0.004802948613569046,0.022793738197684207,0.004808979495705897,0.022803407531075078,0.004802946172784264,0.02315230007312956,0.004667253295864295,0.02315230007312956,0.004667253295864295,0.02315230007312956,0.004667368639859812,0.02315230007312956,0.004667368639859812,0.02238493937970801,0.0048020661425843296,0.01894577879143173,0.0047966004753523615,0.023256836723301973,0.004802884180025476,0.02029623163148573,0.004795509189819267,0.01764122904894414,0.00466727634573034,0.017063760409669906,0.004666939037445254,0.018522446569525494,0.004667534937996667,0.01799267405437203,0.00466670841285671,0.022889461621753062,0.00466736185745092,0.022889461621753062,0.00466736185745092,0.02315230007312956,0.004667368639859812,0.02315230007312956,0.004667368639859812,0.018522446569525494,0.004667102148205312,0.01799267405437203,0.004666148489574569,0.018522446569525494,0.004667534937996667,0.01799267405437203,0.00466670841285671
GR00003390,240.0,0.07971962428702566,0.014368680840514961,0.025063333391154453,0.004676736387992425,0.025063333391154453,0.004676736387992425,0.02754128301276338,0.0046736503215327055,0.02754128301276338,0.0046736503215327055,0.016793908716470258,0.022669805722679726,0.004665646016969516,0.022669805722679726,0.004665646016969516,0.022850587167311587,0.0046656428499002684,0.022850587167311587,0.0046656428499002684,0.014804916064171886,0.01930257814002543,0.004670203076322333,0.018855548545983123,0.004670283014949057,0.020977792240231153,0.004669401370328321,0.020411697002889154,0.004668707542925455,0.025027693542237776,0.004825869537168017,0.02502783267357519,0.004816759424616822,0.027324671342497955,0.0048198888504533575,0.027314791088830746,0.004811568751613677,0.014368680840514961,0.02754128301276338,0.004673559633715554,0.02754128301276338,0.004673559633715554,0.02754128301276338,0.0046736503215327055,0.02754128301276338,0.0046736503215327055,0.022755788602646026,0.004800344467109824,0.022753763767003783,0.004792454332968416,0.022889993085403845,0.004800351770232834,0.022892728444841703,0.004792452136352726,0.022850587167311587,0.004665717166877794,0.022850587167311587,0.004665717166877794,0.022850587167311587,0.0046656428499002684,0.022850587167311587,0.0046656428499002684,0.024646479964015835,0.00481958710435053,0.020165145416370354,0.004810831543365979,0.027005401087528073,0.004817897068856858,0.021737844516542346,0.004805452205064679,0.01930257814002543,0.004670203076322333,0.018855548545983123,0.004670283014949057,0.020977792240231153,0.004669401370328321,0.020411697002889154,0.004668707542925455,0.022669805722679726,0.004665646016969516,0.022669805722679726,0.004665646016969516,0.022850587167311587,0.0046656428499002684,0.022850587167311587,0.0046656428499002684,0.020977792240231153,0.004668469933049721,0.020411697002889154,0.004667790992242404,0.020977792240231153,0.004669401370328321,0.020411697002889154,0.004668707542925455
GR00003391,240.0,0.05722431915179634,0.012252858413176367,0.04565695778910518,0.004688793537094202,0.04565695778910518,0.004688793537094202,0.0481842400491954,0.004685356394397828,0.0481842400491954,0.004685356394397828,0.01951717032918572,0.03521229162252441,0.004664528766683177,0.03521229162252441,0.004664528766683177,0.035095588237411136,0.004664521811467243,0.035095588237411136,0.004664521811467243,0.01585058569155173,0.027454363878536545,0.004680309678971077,0.029743184767892283,0.004680164538933607,0.0286014599786269,0.004677786628821415,0.031698571735829274,0.004677008866828252,0.04572726216087986,0.004848334962903534,0.04572756823904663,0.004835027824026455,0.04747104891849346,0.004839710858343784,0.04747426373002321,0.004826696691427628,0.012252858413176367,0.0481842400491954,0.004685673368043419,0.0481842400491954,0.004685673368043419,0.0481842400491954,0.004685356394397828,0.0481842400491954,0.004685356394397828,0.035470321120057886,0.004792070980948712,0.03547277283988363,0.004786613679374272,0.035340395020795154,0.004792066740956879,0.035341116545268364,0.00478662515853857,0.035095588237411136,0.004664686275836231,0.035095588237411136,0.004664686275836231,0.035095588237411136,0.004664521811467243,0.035095588237411136,0.004664521811467243,0.04461137326995468,0.00484369438436067,0.03332778660671149,0.004830262271833735,0.046225293320208215,0.004834911495138932,0.03507012124468977,0.004821167036380904,0.027454363878536545,0.004680309678971077,0.029743184767892283,0.004680164538933607,0.0286014599786269,0.004677786628821415,0.031698571735829274,0.004677008866828252,0.03521229162252441,0.004664528766683177,0.03521229162252441,0.004664528766683177,0.035095588237411136,0.004664521811467243,0.035095588237411136,0.004664521811467243,0.0286014599786269,0.004678048762515115,0.031698571735829274,0.004677980447144701,0.0286014599786269,0.004677786628821415,0.031698571735829274,0.004677008866828252
GR00003393,240.0,0.043728529669531196,0.012360034481894695,0.027451974652095094,0.004683026887400835,0.027451974652095094,0.004683026887400835,0.027858854115517608,0.0046794798150969225,0.027858854115517608,0.0046794798150969225,0.01351513641652497,0.020820247925321098,0.004667417519351525,0.020820247925321098,0.004667417519351525,0.020857270569879724,0.004667419538266559,0.020857270569879724,0.004667419538266559,0.013582318683986298,0.0192334890258347,0.004676204265949007,0.020465465645946253,0.004675867260364717,0.02006558654294385,0.004674106629201354,0.02066733291131057,0.0046734924288085004,0.027184577341788776,0.0048274843208428635,0.027198086091259437,0.004818731492484903,0.02754424293739478,0.00481657325031065,0.02754399190285061,0.004808291051528135,0.012360034481894695,0.027858854115517608,0.0046798683397653975,0.027858854115517608,0.0046798683397653975,0.027858854115517608,0.0046794798150969225,0.027858854115517608,0.0046794798150969225,0.020662591014988956,0.004808728755614718,0.020658806677321704,0.004800474026177195,0.020696186936680284,0.004808729317918507,0.020695280414004643,0.004800478898125737,0.020857270569879724,0.0046673600385006885,0.020857270569879724,0.0046673600385006885,0.020857270569879724,0.004667419538266559,0.020857270569879724,0.004667419538266559,0.026532840452769584,0.004822952587260446,0.020816421401032285,0.004814334512633578,0.02704861786997166,0.004809852306279857,0.021118633978596386,0.0048055167660056445,0.0192334890258347,0.004676204265949007,0.020465465645946253,0.004675867260364717,0.02006558654294385,0.004674106629201354,0.02066733291131057,0.0046734924288085004,0.020820247925321098,0.004667417519351525,0.020820247925321098,0.004667417519351525,0.020857270569879724,0.004667419538266559,0.020857270569879724,0.004667419538266559,0.02006558654294385,0.004674463708477433,0.02066733291131057,0.0046738396026245665,0.02006558654294385,0.004674106629201354,0.02066733291131057,0.0046734924288085004
GR00003396,240.0,0.06228998453827574,0.011345637666363956,0.03083968994719228,0.004677635903118099,0.03083968994719228,0.004677635903118099,0.03253975093191178,0.00467518579466375,0.03253975093191178,0.00467518579466375,0.012971055229939434,0.026517727849692852,0.004666302248574509,0.026517727849692852,0.004666302248574509,0.02656550579173805,0.004666302036327968,0.02656550579173805,0.004666302036327968,0.012876885006690587,0.02140774156962689,0.004672806909483332,0.020195000018126717,0.0046726236723846565,0.02232461187189296,0.004670845195002405,0.02087284021350732,0.0046713172216446995,0.030963869674187752,0.004817044618866432,0.030959442937866413,0.004807454623361738,0.03234472128807702,0.004811161905175558,0.03234708378047021,0.004801350843292763,0.011345637666363956,0.03253975093191178,0.004675423659716019,0.03253975093191178,0.004675423659716019,0.03253975093191178,0.00467518579466375,0.03253975093191178,0.00467518579466375,0.02630926810583795,0.0047987306963390925,0.026323011212433,0.00478989476263554,0.026142676600495175,0.004798719484916655,0.026142737810731998,0.004789893546530205,0.02656550579173805,0.004666443586729704,0.02656550579173805,0.004666443586729704,0.02656550579173805,0.004666302036327968,0.02656550579173805,0.004666302036327968,0.03049443817453009,0.004813603435785376,0.023168899710815635,0.004802833192220188,0.03194070851757744,0.004807592367633493,0.023753666695826847,0.004799520183400594,0.02140774156962689,0.004672806909483332,0.020195000018126717,0.0046726236723846565,0.02232461187189296,0.004670845195002405,0.02087284021350732,0.0046713172216446995,0.026517727849692852,0.004666302248574509,0.026517727849692852,0.004666302248574509,0.02656550579173805,0.004666302036327968,0.02656550579173805,0.004666302036327968,0.02232461187189296,0.004671526214759281,0.02087284021350732,0.004671308975568293,0.02232461187189296,0.004670845195002405,0.02087284021350732,0.0046713172216446995
GR00004367,240.0,0.051770083898605726,0.013468868373241344,0.045655100386728896,0.004685749383972209,0.045655100386728896,0.004685749383972209,0.045704773363897604,0.004682342358884668,0.045704773363897604,0.004682342358884668,0.01907921332864721,0.03258269958415998,0.004671909250021522,0.03258269958415998,0.004671909250021522,0.03277869710496507,0.004671910011463747,0.03277869710496507,0.004671910011463747,0.01616072429231191,0.029592199122468316,0.004679493247505466,0.04711378782832593,0.004679081584748364,0.030329318533233552,0.004677579592169144,0.04464040433999337,0.00467662365393821,0.045543353358695,0.004820920368113779,0.045544946294439406,0.004810349744640159,0.04700416731199408,0.004813629080001351,0.04700333101269362,0.004803941042251704,0.013468868373241344,0.045704773363897604,0.004682605696177961,0.045704773363897604,0.004682605696177961,0.045704773363897604,0.004682342358884668,0.045704773363897604,0.004682342358884668,0.03208600669053533,0.004793916547293118,0.032086108715014806,0.0047850342398430045,0.0320747834655318,0.004793919215365627,0.03207484236035877,0.004785034089040326,0.03277869710496507,0.0046721522184413975,0.03277869710496507,0.0046721522184413975,0.03277869710496507,0.004671910011463747,0.03277869710496507,0.004671910011463747,0.04437627862571725,0.004813856910439925,0.03247416080028472,0.004802608145627086,0.04607857286087491,0.004806690078470996,0.032785705783815414,0.0047943293336348575,0.029592199122468316,0.004679493247505466,0.04711378782832593,0.004679081584748364,0.030329318533233552,0.004677579592169144,0.04464040433999337,0.00467662365393821,0.03258269958415998,0.004671909250021522,0.03258269958415998,0.004671909250021522,0.03277869710496507,0.004671910011463747,0.03277869710496507,0.004671910011463747,0.030329318533233552,0.004678079369329232,0.04464040433999337,0.004677385030281841,0.030329318533233552,0.004677579592169144,0.04464040433999337,0.00467662365393821
GR00004372,240.0,0.04829779438458934,0.011020577213438293,0.030000315135898816,0.004680927958495766,0.030000315135898816,0.004680927958495766,0.03161306002845983,0.004677884304020679,0.03161306002845983,0.004677884304020679,0.01258690028996509,0.02329449032301562,0.004673209464704733,0.02329449032301562,0.004673209464704733,0.02351914620166556,0.004673210615730991,0.02351914620166556,0.004673210615730991,0.011644348965896771,0.021321351725442902,0.004675711107959951,0.021615059237632794,0.004675137253123448,0.02217932028495943,0.004674245097722435,0.02146226737019385,0.004673887663220061,0.030216140957758892,0.004812773891478506,0.030214708575539772,0.004803552355266928,0.031019999487706826,0.004807384784728188,0.031020731876301073,0.004798676091513235,0.011020577213438293,0.03161306002845983,0.004677971157145284,0.03161306002845983,0.004677971157145284,0.03161306002845983,0.004677884304020679,0.03161306002845983,0.004677884304020679,0.023582295708974233,0.00480551093210111,0.023578854410736944,0.004795173363125519,0.023814858817927075,0.0048055105834228845,0.02381303297131109,0.004795172278554341,0.02351914620166556,0.004673130959198139,0.02351914620166556,0.004673130959198139,0.02351914620166556,0.004673210615730991,0.02351914620166556,0.004673210615730991,0.029564487779034528,0.004808220841699287,0.02275740458131314,0.004796950388561265,0.0304362940440373,0.004800364967811086,0.023139425995403973,0.004793300533738831,0.021321351725442902,0.004675711107959951,0.021615059237632794,0.004675137253123448,0.02217932028495943,0.004674245097722435,0.02146226737019385,0.004673887663220061,0.02329449032301562,0.004673209464704733,0.02329449032301562,0.004673209464704733,0.02351914620166556,0.004673210615730991,0.02351914620166556,0.004673210615730991,0.02217932028495943,0.004674334194670648,0.02146226737019385,0.004673902385832328,0.02217932028495943,0.004674245097722435,0.02146226737019385,0.004673887663220061
GR00004374,240.0,0.05804727238849728,0.012273715804112599,0.03444129548661235,0.004680800158458756,0.03444129548661235,0.004680800158458756,0.03579889135517957,0.0046782685792211565,0.03579889135517957,0.0046782685792211565,0.013122826739877141,0.027498801899538485,0.004670286748792556,0.027498801899538485,0.004670286748792556,0.027219526360045886,0.004670288888367727,0.027219526360045886,0.004670288888367727,0.012357533171848654,0.02334590456056287,0.004674468085640332,0.021490312625670954,0.004674162506076977,0.024132164565157304,0.004673758984592014,0.02257113802993552,0.004673476377109409,0.03463949713209328,0.0048113109619463456,0.034637477757275686,0.004802512878474422,0.035719563114839696,0.004807577966234652,0.03572695939820299,0.004799307279680078,0.012273715804112599,0.03579889135517957,0.004678180773050479,0.03579889135517957,0.004678180773050479,0.03579889135517957,0.0046782685792211565,0.03579889135517957,0.0046782685792211565,0.027648307023394252,0.004799357801862511,0.027648564554990755,0.004791081033860776,0.02737829590507197,0.004799357633680289,0.02737833231831954,0.0047910892864325505,0.027219526360045886,0.004670502953191062,0.027219526360045886,0.004670502953191062,0.027219526360045886,0.004670288888367727,0.027219526360045886,0.004670288888367727,0.03385365680639001,0.004804483574199317,0.024225281607485185,0.004795635915394021,0.03469133630572864,0.004804171748583304,0.025489398181090448,0.004792637128818622,0.02334590456056287,0.004674468085640332,0.021490312625670954,0.004674162506076977,0.024132164565157304,0.004673758984592014,0.02257113802993552,0.004673476377109409,0.027498801899538485,0.004670286748792556,0.027498801899538485,0.004670286748792556,0.027219526360045886,0.004670288888367727,0.027219526360045886,0.004670288888367727,0.024132164565157304,0.0046736215620742155,0.02257113802993552,0.004672744291698875,0.024132164565157304,0.004673758984592014,0.02257113802993552,0.004673476377109409
GR00004375,240.0,0.10149462427386541,0.018747091080202626,0.02660266573501456,0.004676509868440887,0.02660266573501456,0.004676509868440887,0.02891982714155127,0.004674162460436106,0.02891982714155127,0.004674162460436106,0.020105191169447596,0.024556195727688027,0.004666684741956846,0.024556195727688027,0.004666684741956846,0.024742036586614023,0.004666688473883907,0.024742036586614023,0.004666688473883907,0.01908404290998324,0.020147864802530745,0.0046702902837387535,0.01936389275759715,0.004670403530917624,0.02101797576557689,0.004670144588452934,0.020209709418843213,0.004670126159086585,0.026620397329282283,0.004815061654517066,0.02662630385769962,0.004806332684528295,0.027830450374722673,0.004810260620234341,0.027824105500957385,0.004802340772764959,0.018747091080202626,0.02891982714155127,0.004674212850571335,0.02891982714155127,0.004674212850571335,0.02891982714155127,0.004674162460436106,0.02891982714155127,0.004674162460436106,0.024834709939158112,0.004800791735594754,0.024830679117045222,0.004791566202955102,0.024915914783033014,0.0048007960776865425,0.02491888865073525,0.004791561992424087,0.024742036586614023,0.004666844271642393,0.024742036586614023,0.004666844271642393,0.024742036586614023,0.004666688473883907,0.024742036586614023,0.004666688473883907,0.026259735621465514,0.004809624412175503,0.02176144401738432,0.004802093668629135,0.027438423071462985,0.00480507703210365,0.022824670858397695,0.00479669157760201,0.020147864802530745,0.0046702902837387535,0.01936389275759715,0.004670403530917624,0.02101797576557689,0.004670144588452934,0.020209709418843213,0.004670126159086585,0.024556195727688027,0.004666684741956846,0.024556195727688027,0.004666684741956846,0.024742036586614023,0.004666688473883907,0.024742036586614023,0.004666688473883907,0.02101797576557689,0.004669419831118946,0.020209709418843213,0.0046691936014781514,0.02101797576557689,0.004670144588452934,0.020209709418843213,0.004670126159086585
GR00004377,240.0,0.06576035241536876,0.012626565396478974,0.040887493330169014,0.004689474311110625,0.040887493330169014,0.004689474311110625,0.04230088690589976,0.004685987623966699,0.04230088690589976,0.004685987623966699,0.017091411262861456,0.03282440363936117,0.004665296216265167,0.03282440363936117,0.004665296216265167,0.03304749618901294,0.004665284911915296,0.03304749618901294,0.004665284911915296,0.013425105967544714,0.027049731997213795,0.00468161893981171,0.04115191333680836,0.004681400898290394,0.027475547217680037,0.004678968227110538,0.03821615687250679,0.004678778121579556,0.04098548949829996,0.004835877111238291,0.04098159054042361,0.004825515622148167,0.04179394438769571,0.004824901221238964,0.041791211115122136,0.004815271243300915,0.012626565396478974,0.04230088690589976,0.004686204873846275,0.04230088690589976,0.004686204873846275,0.04230088690589976,0.004685987623966699,0.04230088690589976,0.004685987623966699,0.03233603285939854,0.004801881810537798,0.032324199829981366,0.004795716003119319,0.03229860619210331,0.004801884693416466,0.032298080008729364,0.004795718979119434,0.03304749618901294,0.004665412874319696,0.03304749618901294,0.004665412874319696,0.03304749618901294,0.004665284911915296,0.03304749618901294,0.004665284911915296,0.04040191679891647,0.004829844022966433,0.029060886466812198,0.004816629216495492,0.04081062499022325,0.004818194296303621,0.029025536962643924,0.004808122857400671,0.027049731997213795,0.00468161893981171,0.04115191333680836,0.004681400898290394,0.027475547217680037,0.004678968227110538,0.03821615687250679,0.004678778121579556,0.03282440363936117,0.004665296216265167,0.03282440363936117,0.004665296216265167,0.03304749618901294,0.004665284911915296,0.03304749618901294,0.004665284911915296,0.027475547217680037,0.004679933720645015,0.03821615687250679,0.004679429534314208,0.027475547217680037,0.004678968227110538,0.03821615687250679,0.004678778121579556
GR00004379,240.0,0.04325592216391281,0.012383919734921985,0.027903096270143254,0.004703640585046511,0.027903096270143254,0.004703640585046511,0.031059398220821585,0.004701051325761135,0.031059398220821585,0.004701051325761135,0.014423080384729984,0.02306898631303998,0.00467842726046003,0.02306898631303998,0.00467842726046003,0.023085893466040678,0.004678422078075031,0.023085893466040678,0.004678422078075031,0.011907283124412348,0.020732604920238207,0.004694317983022936,0.019563617098276365,0.004693752920414509,0.021826452403667995,0.004692361528161727,0.02057390811132225,0.004691573292515063,0.02798003375557656,0.004852100540675613,0.027988929514805406,0.004843520710534923,0.03024205190383484,0.004848935032684027,0.030247871449485226,0.004841682781245519,0.012383919734921985,0.031059398220821585,0.0047007423901849294,0.031059398220821585,0.0047007423901849294,0.031059398220821585,0.0047010518627441916,0.031059398220821585,0.0047010518627441916,0.023280702144106675,0.004834512994220455,0.023288101665568935,0.004825588225156991,0.02324798888262344,0.004834516423094616,0.023243418708521316,0.0048255953681440355,0.023085893466040678,0.004678305124761552,0.023085893466040678,0.004678305124761552,0.023085893466040678,0.004678422078075031,0.023085893466040678,0.004678422078075031,0.027660862611573234,0.004844787941318967,0.022440997905587453,0.004835406653032801,0.02941299398860848,0.004839522489092159,0.023543844439731527,0.004832558466609417,0.020732604920238207,0.004694317983022936,0.019563617098276365,0.004693752920414509,0.021826452403667995,0.004692361528161727,0.02057390811132225,0.004691573292515063,0.02306898631303998,0.00467842726046003,0.02306898631303998,0.00467842726046003,0.023085893466040678,0.004678422078075031,0.023085893466040678,0.004678422078075031,0.021826452403667995,0.00469146194212966,0.02057390811132225,0.004690675022175899,0.021826452403667995,0.004692361528161727,0.02057390811132225,0.004691573292515063
GR00004383,240.0,0.05750313624430205,0.011651185689336367,0.030039024408333427,0.0046878219779800815,0.030039024408333427,0.0046878219779800815,0.03152815842042582,0.00468476096509215,0.03152815842042582,0.00468476096509215,0.013414756656028648,0.027131342507073372,0.004673104446280355,0.027131342507073372,0.004673104446280355,0.027156688554982267,0.0046731022230215346,0.027156688554982267,0.0046731022230215346,0.01147912226100621,0.02234812191804628,0.004681648280166718,0.021945844364673135,0.004681709577579172,0.023189464902203683,0.004680903312096597,0.023109942386814724,0.004680611915750477,0.030049007898352218,0.004823424934146415,0.030052767070528858,0.004813965897898601,0.0316949588479278,0.004816600913630861,0.031696902014533505,0.004807593981844402,0.011651185689336367,0.03152815842042582,0.0046855944112005644,0.03152815842042582,0.0046855944112005644,0.03152815842042582,0.00468476096509215,0.03152815842042582,0.00468476096509215,0.026777351059931176,0.004804562199199081,0.026784783188703375,0.004795240398221391,0.026588018869377287,0.004804558258695361,0.026580283143068525,0.004795244037253463,0.027156688554982267,0.00467329589602904,0.027156688554982267,0.00467329589602904,0.027156688554982267,0.0046731022230215346,0.027156688554982267,0.0046731022230215346,0.029662886027784458,0.004820799778319863,0.0215003679447738,0.004810381704454116,0.030889713616518974,0.0048149509035062465,0.022610297519168977,0.004806811748839788,0.02234812191804628,0.004681648280166718,0.021945844364673135,0.004681709577579172,0.023189464902203683,0.004680903312096597,0.023109942386814724,0.004680611915750477,0.027131342507073372,0.004673104446280355,0.027131342507073372,0.004673104446280355,0.027156688554982267,0.0046731022230215346,0.027156688554982267,0.0046731022230215346,0.023189464902203683,0.0046812741258507925,0.023109942386814724,0.004680741148535479,0.023189464902203683,0.004680903312096597,0.023109942386814724,0.004680611915750477
GR00004385,240.0,0.1646737122060745,0.026740396739907087,0.04075906891082913,0.004682951274586714,0.04075906891082913,0.004682951274586714,0.04311995816879847,0.0046806055900088465,0.04311995816879847,0.0046806055900088465,0.03136602152600755,0.03652181140365176,0.004669827678174092,0.03652181140365176,0.004669827678174092,0.036651589262850136,0.004669824865261879,0.036651589262850136,0.004669824865261879,0.028099385360387155,0.02698625806725619,0.004676802749114583,0.03127795465571165,0.004676088859316866,0.027673993998738884,0.004675634912080065,0.031288884707738204,0.004675049208338193,0.041075777619562576,0.004825199375407498,0.04107912628789936,0.004813412046779943,0.041598067493488926,0.004817705408063051,0.04160182044279713,0.004806745770672975,0.026740396739907087,0.04311995816879847,0.004680628319360615,0.04311995816879847,0.004680628319360615,0.04311995816879847,0.0046806055900088465,0.04311995816879847,0.0046806055900088465,0.03667848881926892,0.004809863977542665,0.036687977125401255,0.004799501061673803,0.03663489790605738,0.004809850121938067,0.0366361117096551,0.004799503401491556,0.036651589262850136,0.004669862301389471,0.036651589262850136,0.004669862301389471,0.036651589262850136,0.004669824865261879,0.036651589262850136,0.004669824865261879,0.04045379131672511,0.004819185238311388,0.02993803693933997,0.004806107371611445,0.04117116135992841,0.004816102303030034,0.030341531225101113,0.004802708147268796,0.02698625806725619,0.004676802749114583,0.03127795465571165,0.004676088859316866,0.027673993998738884,0.004675634912080065,0.031288884707738204,0.004675049208338193,0.03652181140365176,0.004669827678174092,0.03652181140365176,0.004669827678174092,0.036651589262850136,0.004669824865261879,0.036651589262850136,0.004669824865261879,0.027673993998738884,0.004676542972564451,0.031288884707738204,0.004675578684038084,0.027673993998738884,0.004675634912080065,0.031288884707738204,0.004675049208338193
GR00004394,240.0,0.05933360821259434,0.013531062869001553,0.03671874971777304,0.004682738217266029,0.03671874971777304,0.004682738217266029,0.040927611642801134,0.004678455315901386,0.040927611642801134,0.004678455315901386,0.016566850193159014,0.029669807025910502,0.004668994256294568,0.029669807025910502,0.004668994256294568,0.029622443050679573,0.004668998753840819,0.029622443050679573,0.004668998753840819,0.015096137588218667,0.02490887788397064,0.004676490769951642,0.028315050751617336,0.004675640130184199,0.02711796245913815,0.004673166582740714,0.03035913984492813,0.004672874370737932,0.0368527984150324,0.004807691756004387,0.036855028796462165,0.004797116196148038,0.04053106293242702,0.004803340704835133,0.040540024784149746,0.004792707493609337,0.013531062869001553,0.040927611642801134,0.0046795295123940985,0.040927611642801134,0.0046795295123940985,0.040927611642801134,0.004678455315901386,0.040927611642801134,0.004678455315901386,0.028802589543431137,0.004802608857583732,0.028804148851612962,0.004791955408526455,0.0288029476575378,0.004802611240388967,0.028801592555336833,0.00479195427349105,0.029622443050679573,0.00466907633305059,0.029622443050679573,0.00466907633305059,0.029622443050679573,0.004668998753840819,0.029622443050679573,0.004668998753840819,0.03609498277515923,0.0048059581324988105,0.02779063435963357,0.004795425530565588,0.03961524944425656,0.0048034229931341885,0.02967739919124549,0.0047921152818363585,0.02490887788397064,0.004676490769951642,0.028315050751617336,0.004675640130184199,0.02711796245913815,0.004673166582740714,0.03035913984492813,0.004672874370737932,0.029669807025910502,0.004668994256294568,0.029669807025910502,0.004668994256294568,0.029622443050679573,0.004668998753840819,0.029622443050679573,0.004668998753840819,0.02711796245913815,0.004675139064592203,0.03035913984492813,0.004674145680479011,0.02711796245913815,0.004673166582740714,0.03035913984492813,0.004672874370737932
GR00004399,240.0,0.0402317596887402,0.01372337716900679,0.026363842831184255,0.004692473085041468,0.026363842831184255,0.004692473085041468,0.029828818618501233,0.004689429646263958,0.029828818618501233,0.004689429646263958,0.014353768280854107,0.023934136125747806,0.004678398225183669,0.023934136125747806,0.004678398225183669,0.02414891496758821,0.004678396198602993,0.02414891496758821,0.004678396198602993,0.013755136855329728,0.020001285885731544,0.004684174460699859,0.020258160371463337,0.004683419228398971,0.021693403434562126,0.00468308821341709,0.022201170830813625,0.0046827191006124326,0.026541819678414503,0.004819372428935307,0.02653386537585236,0.004810225585330833,0.029281548434084422,0.004808305747884542,0.029283818077724868,0.004799953638629575,0.01372337716900679,0.029828818618501233,0.004689476272537543,0.029828818618501233,0.004689476272537543,0.029828818618501233,0.004689429646263958,0.029828818618501233,0.004689429646263958,0.023688192116074914,0.004790167716195781,0.02370087143921494,0.004782232580419153,0.023702476986843624,0.004790165544875989,0.023699491445778886,0.004782248842489076,0.02414891496758821,0.004678372827940385,0.02414891496758821,0.004678372827940385,0.02414891496758821,0.004678396198602993,0.02414891496758821,0.004678396198602993,0.026234396198719655,0.00481431162155704,0.022024139819825077,0.004803829486655164,0.028962552518420295,0.004805100366302838,0.023947661653153898,0.004794243843439359,0.020001285885731544,0.004684174460699859,0.020258160371463337,0.004683419228398971,0.021693403434562126,0.00468308821341709,0.022201170830813625,0.0046827191006124326,0.023934136125747806,0.004678398225183669,0.023934136125747806,0.004678398225183669,0.02414891496758821,0.004678396198602993,0.02414891496758821,0.004678396198602993,0.021693403434562126,0.004682633484360928,0.022201170830813625,0.0046818881097444335,0.021693403434562126,0.00468308821341709,0.022201170830813625,0.0046827191006124326
GR00004400,240.0,0.05576395746754861,0.012355220040858537,0.029166879730209094,0.004690759145808281,0.029166879730209094,0.004690759145808281,0.029745204866520117,0.0046876095613473815,0.029745204866520117,0.0046876095613473815,0.013084900598906955,0.02119127020768053,0.004676823031433712,0.02119127020768053,0.004676823031433712,0.021086144042406958,0.0046768257855172015,0.021086144042406958,0.0046768257855172015,0.012796445693404834,0.021651538241244404,0.0046833644283881416,0.023104424309578722,0.0046830857451327975,0.022400118911165095,0.004681401824869635,0.022854343898640914,0.004681179196429988,0.029419610029619563,0.004810622390704293,0.029424542595817973,0.004800343500947083,0.029815686306997484,0.004800728652678808,0.02982559240791485,0.004792026412569018,0.012355220040858537,0.029745204866520117,0.004687979064094804,0.029745204866520117,0.004687979064094804,0.029745204866520117,0.0046876095613473815,0.029745204866520117,0.0046876095613473815,0.02104181345551659,0.0047831719197366585,0.021046150846399825,0.004775719379893039,0.02086299007451931,0.004783178399717323,0.020867809521915127,0.004775717759764524,0.021086144042406958,0.004676839987205677,0.021086144042406958,0.004676839987205677,0.021086144042406958,0.0046768257855172015,0.021086144042406958,0.0046768257855172015,0.02886444410773253,0.004808101306531445,0.023342488760696438,0.0047970939390530225,0.029400832040642963,0.004797087057478258,0.023111287886566505,0.00479030835433003,0.021651538241244404,0.0046833644283881416,0.023104424309578722,0.0046830857451327975,0.022400118911165095,0.004681401824869635,0.022854343898640914,0.004681179196429988,0.02119127020768053,0.004676823031433712,0.02119127020768053,0.004676823031433712,0.021086144042406958,0.0046768257855172015,0.021086144042406958,0.0046768257855172015,0.022400118911165095,0.004682570702862223,0.022854343898640914,0.004682504862119146,0.022400118911165095,0.004681401824869635,0.022854343898640914,0.004681179196429988
GR00004401,240.0,0.04355530736193225,0.014101167339905152,0.026045512680424442,0.004693747988443453,0.026045512680424442,0.004693747988443453,0.02757493924839228,0.004690867771740946,0.02757493924839228,0.004690867771740946,0.014468717704910978,0.024610013902466667,0.004674781870981499,0.024610013902466667,0.004674781870981499,0.02457695663361426,0.004674782107274459,0.02457695663361426,0.004674782107274459,0.01360181072979225,0.020325957567171562,0.004685132172949926,0.0219831205648909,0.00468513080739541,0.021150614814119804,0.004683329590609363,0.022474186372125227,0.004683205991113642,0.026041389500874094,0.004803045909509172,0.02603173569909922,0.004792954556076209,0.027143664525263258,0.004799333460924575,0.027136133867187308,0.004789687980532178,0.014101167339905152,0.02757493924839228,0.004690254220310361,0.02757493924839228,0.004690254220310361,0.02757493924839228,0.004690867771740946,0.02757493924839228,0.004690867771740946,0.024676403220279308,0.004782426800150535,0.0246798399362343,0.004776038948219478,0.024649935501947953,0.00478242659267806,0.024651564592851335,0.004776046115809504,0.02457695663361426,0.004674833232798407,0.02457695663361426,0.004674833232798407,0.02457695663361426,0.004674782107274459,0.02457695663361426,0.004674782107274459,0.0258662591362524,0.004794231951667249,0.021581569006854207,0.004783993445630719,0.027043843060778408,0.004792942350791089,0.02207014396808755,0.004782031279929067,0.020325957567171562,0.004685132172949926,0.0219831205648909,0.00468513080739541,0.021150614814119804,0.004683329590609363,0.022474186372125227,0.004683205991113642,0.024610013902466667,0.004674781870981499,0.024610013902466667,0.004674781870981499,0.02457695663361426,0.004674782107274459,0.02457695663361426,0.004674782107274459,0.021150614814119804,0.004683012421263953,0.022474186372125227,0.004682142656170071,0.021150614814119804,0.004683329590609363,0.022474186372125227,0.004683205991113642
GR00004405,240.0,0.1903901617572159,0.019602497261826616,0.04784523319599231,0.004687506460805628,0.04784523319599231,0.004687506460805628,0.05249150226905659,0.004684660170251673,0.05249150226905659,0.004684660170251673,0.025399671449959017,0.03313199040621982,0.0046662363928355426,0.03313199040621982,0.0046662363928355426,0.033751713595197345,0.004666237114736604,0.033751713595197345,0.004666237114736604,0.02029438303712318,0.031178363285496533,0.004679469581432411,0.04841345473275317,0.004678906415418945,0.03337260375072683,0.004677328960035363,0.05492022520912474,0.004676572458334039,0.048017922571768824,0.004827527697715383,0.0480146475133086,0.004816821781306615,0.05133388851394371,0.0048145866603570954,0.05133635034708331,0.004804874785570041,0.019602497261826616,0.05249150226905659,0.004684721155919508,0.05249150226905659,0.004684721155919508,0.05249150226905659,0.004684660170251673,0.05249150226905659,0.004684660170251673,0.03327675987274595,0.004787532396101048,0.03327526528941378,0.004778468334016797,0.03370100491544797,0.004787533722455829,0.033698376236185525,0.004778474413013785,0.033751713595197345,0.004666295386581653,0.033751713595197345,0.004666295386581653,0.033751713595197345,0.004666237114736604,0.033751713595197345,0.004666237114736604,0.0462370919195125,0.0048227098480896295,0.03138273187621531,0.004810982536460198,0.04946756536205746,0.0048068630175387385,0.03385009598995811,0.004798575748642194,0.031178363285496533,0.004679469581432411,0.04841345473275317,0.004678906415418945,0.03337260375072683,0.004677328960035363,0.05492022520912474,0.004676572458334039,0.03313199040621982,0.0046662363928355426,0.03313199040621982,0.0046662363928355426,0.033751713595197345,0.004666237114736604,0.033751713595197345,0.004666237114736604,0.03337260375072683,0.004677784173347082,0.05492022520912474,0.0046771959088236816,0.03337260375072683,0.004677328960035363,0.05492022520912474,0.004676572458334039
GR00004410,240.0,0.07719689968092065,0.012963990864826145,0.03433448545687575,0.004688889005388201,0.03433448545687575,0.004688889005388201,0.035940784122124286,0.004685892830927386,0.035940784122124286,0.004685892830927386,0.01673540192819204,0.026786422635262087,0.004667427304881506,0.026786422635262087,0.004667427304881506,0.02658082323134441,0.004667428044683845,0.02658082323134441,0.004667428044683845,0.013441407976934624,0.02451218255005204,0.004681329315276224,0.02977624274419611,0.0046804966374951185,0.02582703637474136,0.0046800156275919064,0.02984536367916809,0.004679587560530577,0.03442356637412548,0.004828175294250439,0.034426925394175106,0.004814149675459543,0.03589863642553838,0.004818227667331216,0.03589339375629887,0.004804937794758971,0.012963990864826145,0.035940784122124286,0.004686171629210447,0.035940784122124286,0.004686171629210447,0.035940784122124286,0.004685892830927386,0.035940784122124286,0.004685892830927386,0.026684099502959562,0.004795836750027354,0.02668143357277738,0.0047864296295295795,0.02643224333089759,0.004795826552863829,0.026433172045679933,0.004786423229569772,0.02658082323134441,0.004667582574404692,0.02658082323134441,0.004667582574404692,0.02658082323134441,0.004667428044683845,0.02658082323134441,0.004667428044683845,0.03336416108021382,0.004820966186526638,0.025674274771250012,0.004805824761543274,0.03471111283128906,0.004812358491629697,0.02652815053155991,0.0047976458890184644,0.02451218255005204,0.004681329315276224,0.02977624274419611,0.0046804966374951185,0.02582703637474136,0.0046800156275919064,0.02984536367916809,0.004679587560530577,0.026786422635262087,0.004667427304881506,0.026786422635262087,0.004667427304881506,0.02658082323134441,0.004667428044683845,0.02658082323134441,0.004667428044683845,0.02582703637474136,0.004680330889156092,0.02984536367916809,0.004679561732868132,0.02582703637474136,0.0046800156275919064,0.02984536367916809,0.004679587560530577
GR00004416,240.0,0.23572140275717876,0.02116841066929205,0.04009989605287653,0.004674003256438076,0.04009989605287653,0.004674003256438076,0.04074578356185266,0.004671487279372801,0.04074578356185266,0.004671487279372801,0.026795633482591917,0.037419788081166326,0.004666045738326632,0.037419788081166326,0.004666045738326632,0.03722111576083223,0.004666037302763145,0.03722111576083223,0.004666037302763145,0.02379248060466171,0.028944660605358555,0.004669427243855687,0.030726599302431556,0.004669051042242043,0.02987698713724441,0.00466873217892401,0.030802175140631504,0.004668290080518286,0.040151166251236096,0.004801302050049696,0.04015629555068067,0.004792845758188913,0.04148612054511537,0.004795838836689746,0.04148498093183224,0.004787510196208405,0.02116841066929205,0.04074578356185266,0.004671787733586056,0.04074578356185266,0.004671787733586056,0.04074578356185266,0.004671487279372801,0.04074578356185266,0.004671487279372801,0.03740490035229439,0.004799302021043687,0.03740915896314031,0.004790749954375912,0.03722456071670099,0.0047992965769073585,0.03722089614091149,0.004790757759187694,0.03722111576083223,0.004665983196006257,0.03722111576083223,0.004665983196006257,0.03722111576083223,0.004666037302763145,0.03722111576083223,0.004666037302763145,0.0395185719656549,0.004798145819263062,0.030342558748071975,0.004790367395317897,0.04101937051008519,0.004792218594372659,0.03081110921079312,0.004782619738564424,0.028944660605358555,0.004669427243855687,0.030726599302431556,0.004669051042242043,0.02987698713724441,0.00466873217892401,0.030802175140631504,0.004668290080518286,0.037419788081166326,0.004666045738326632,0.037419788081166326,0.004666045738326632,0.03722111576083223,0.004666037302763145,0.03722111576083223,0.004666037302763145,0.02987698713724441,0.004668596437369959,0.030802175140631504,0.004667979870578075,0.02987698713724441,0.00466873217892401,0.030802175140631504,0.004668290080518286
GR00004418,240.0,0.32015055603307796,0.03812690431069998,0.028007338255145908,0.004669053817878727,0.028007338255145908,0.004669053817878727,0.02898975241479044,0.004666724837967425,0.02898975241479044,0.004666724837967425,0.03950550345316196,0.028740821715152756,0.004660899850834143,0.028740821715152756,0.004660899850834143,0.029113459668043826,0.004660901176873023,0.029113459668043826,0.004660901176873023,0.03427286163344529,0.021473009186008987,0.004663400084282177,0.020506858902539882,0.004663112898538108,0.02216767035665441,0.004662097746939593,0.02089018328787148,0.004662121271983704,0.02786985448537005,0.004818073313686636,0.027876172263733116,0.004812326162874847,0.028576443154323554,0.004813772054883708,0.02857370867515196,0.004807760640911954,0.03812690431069998,0.02898975241479044,0.004666650085010546,0.02898975241479044,0.004666650085010546,0.02898975241479044,0.004666724837967425,0.02898975241479044,0.004666724837967425,0.028472961900383873,0.004813787140873132,0.028476687674365214,0.004808983483810322,0.02874602696463515,0.0048137880309292915,0.028751383322340285,0.004808975962972557,0.029113459668043826,0.004661038078680696,0.029113459668043826,0.004661038078680696,0.029113459668043826,0.004660901176873023,0.029113459668043826,0.004660901176873023,0.027531393044815725,0.004812978754740149,0.02315942984499007,0.004806291621790869,0.028266766422711,0.004809118187152878,0.02362307562845559,0.004803714851534993,0.021473009186008987,0.004663400084282177,0.020506858902539882,0.004663112898538108,0.02216767035665441,0.004662097746939593,0.02089018328787148,0.004662121271983704,0.028740821715152756,0.004660899850834143,0.028740821715152756,0.004660899850834143,0.029113459668043826,0.004660901176873023,0.029113459668043826,0.004660901176873023,0.02216767035665441,0.004662299422159121,0.02089018328787148,0.004662012538990278,0.02216767035665441,0.004662097746939593,0.02089018328787148,0.004662121271983704
J12424c,64.0,0.3628920193500271,0.01106213685691702,0.014863159353207044,0.0012443413232601371,0.014863159353207044,0.0012443413232601371,0.01587995913242802,0.0012421608461878435,0.01587995913242802,0.0012421608461878435,0.012062306212341486,0.013305007963195673,0.0012398308019211039,0.013305007963195673,0.0012398308019211039,0.013747617400740382,0.0012398308019211039,0.013747617400740382,0.0012398308019211039,0.011328087118486955,0.010074650210299364,0.0011669339962998894,0.010819000106455926,0.0011670393200805614,0.010520901566328669,0.001137936852565513,0.01074717953733534,0.0011379387646507468,0.014948547760201908,0.001314127184408432,0.014945444730781568,0.0013147982037664224,0.015300225131276723,0.001302127704476558,0.015301443314804694,0.0013027720160789557,0.01106213685691702,0.01587995913242802,0.0012432520025615816,0.01587995913242802,0.0012432520025615816,0.01587995913242802,0.0012421608461878435,0.01587995913242802,0.0012421608461878435,0.013241123290500091,0.0013022473505773459,0.013200761861814087,0.0013028421723689202,0.013229902003813425,0.0013022450791652894,0.013226476392331222,0.0013028507981271624,0.013747617400740382,0.0012396729580780978,0.013747617400740382,0.0012396729580780978,0.013747617400740382,0.0012398308019211039,0.013747617400740382,0.0012398308019211039,0.014728080902057792,0.0013061521199101988,0.012926158791227497,0.0013067814318534234,0.015075792072766716,0.0012966329660759944,0.012670471287056638,0.0012972298039805536,0.010074650210299364,0.0011669339962998894,0.010819000106455926,0.0011670393200805614,0.010520901566328669,0.001137936852565513,0.01074717953733534,0.0011379387646507468,0.013305007963195673,0.0012398308019211039,0.013305007963195673,0.0012398308019211039,0.013747617400740382,0.0012398308019211039,0.013747617400740382,0.0012398308019211039,0.010520901566328669,0.001139919932083551,0.01074717953733534,0.001139990220508957,0.010520901566328669,0.001137936852565513,0.01074717953733534,0.0011379387646507468
J12432c,64.0,0.11266211013249922,0.008519828296522659,0.022142559118745596,0.0012486335544115625,0.022142559118745596,0.0012486335544115625,0.024032554718174406,0.001247245753195055,0.024032554718174406,0.001247245753195055,0.010183684979514775,0.015422488165194894,0.0012429629898294196,0.015422488165194894,0.0012429629898294196,0.016522143606265412,0.0012429629898294196,0.016522143606265412,0.0012429629898294196,0.008846651948847947,0.010641482362642498,0.0011707476078105835,0.011019587061577359,0.0011708102576266028,0.010681143749392014,0.001144022697293809,0.011464762992168568,0.001144088447585711,0.023034982483952707,0.0013164802405693512,0.023040922479692798,0.0013171112077479293,0.02405625965124385,0.001329852357492164,0.02406715797027129,0.0013305452457012534,0.008519828296522659,0.024032554718174406,0.0012467548810393707,0.024032554718174406,0.0012467548810393707,0.024032554718174406,0.001247245753195055,0.024032554718174406,0.001247245753195055,0.015911562587478577,0.0013001122209172474,0.015913389900257993,0.00130040229162596,0.016342941648608316,0.0013001124601881894,0.01636906802485483,0.0013004073671796527,0.016522143606265412,0.001242877439051525,0.016522143606265412,0.001242877439051525,0.016522143606265412,0.0012429629898294196,0.016522143606265412,0.0012429629898294196,0.022066761344563056,0.0013075919186559544,0.016357703051786535,0.0013081324277419745,0.022376297038919427,0.0013361244626062274,0.01677574705815923,0.0013368269871075244,0.010641482362642498,0.0011707476078105835,0.011019587061577359,0.0011708102576266028,0.010681143749392014,0.001144022697293809,0.011464762992168568,0.001144088447585711,0.015422488165194894,0.0012429629898294196,0.015422488165194894,0.0012429629898294196,0.016522143606265412,0.0012429629898294196,0.016522143606265412,0.0012429629898294196,0.010681143749392014,0.0011407136664049174,0.011464762992168568,0.0011406405437129972,0.010681143749392014,0.001144022697293809,0.011464762992168568,0.001144088447585711
J12436d,64.0,0.14598403240472074,0.011471982797291558,0.0221400404054932,0.0012481850744515536,0.0221400404054932,0.0012481850744515536,0.02601452904423197,0.0012471081767999304,0.02601452904423197,0.0012471081767999304,0.01234812499041829,0.023284274681031555,0.0012433655635267688,0.023284274681031555,0.0012433655635267688,0.024546702522094618,0.0012433640543341304,0.024546702522094618,0.0012433640543341304,0.010362352445513326,0.011540586304100818,0.0011696901288508696,0.013071287127119373,0.0011697811602926216,0.01249776387991084,0.0011422115292449163,0.013188916023832195,0.001142101255785737,0.022793964045270093,0.001323848117267075,0.02281581984770737,0.00132453666146229,0.023190504328831355,0.0013103817266069719,0.02318824292317623,0.0013110271703491636,0.011471982797291558,0.02601452904423197,0.001246920679694073,0.02601452904423197,0.001246920679694073,0.02601452904423197,0.0012471081767999304,0.02601452904423197,0.0012471081767999304,0.022247138422809672,0.0012889072963264865,0.022297629567484312,0.0012894783643897065,0.022346500876719515,0.0012889101537262911,0.02234868492952441,0.0012894766764244819,0.024546702522094618,0.0012426792673172595,0.024546702522094618,0.0012426792673172595,0.024546702522094618,0.0012433640543341304,0.024546702522094618,0.0012433640543341304,0.022150853622613223,0.0013154304225773351,0.018054783857050796,0.00131606954866049,0.0226819397422724,0.0013192078310011463,0.017814378543614347,0.0013200566937152018,0.011540586304100818,0.0011696901288508696,0.013071287127119373,0.0011697811602926216,0.01249776387991084,0.0011422115292449163,0.013188916023832195,0.001142101255785737,0.023284274681031555,0.0012433655635267688,0.023284274681031555,0.0012433655635267688,0.024546702522094618,0.0012433640543341304,0.024546702522094618,0.0012433640543341304,0.01249776387991084,0.0011423988939769894,0.013188916023832195,0.0011424726865673857,0.01249776387991084,0.0011422115292449163,0.013188916023832195,0.001142101255785737
J12440a,64.0,0.14069609159210547,0.0101507028954632,0.014288711239673221,0.0012480945981856882,0.014288711239673221,0.0012480945981856882,0.01560610554216872,0.0012470356119806964,0.01560610554216872,0.0012470356119806964,0.010939462940231556,0.015318487829597745,0.0012426123994217545,0.015318487829597745,0.0012426123994217545,0.01605669971499248,0.0012426169152072446,0.01605669971499248,0.0012426169152072446,0.010604274490439124,0.010152594339695849,0.0011698298406554602,0.009939282586363795,0.0011699093131404361,0.01098892859927694,0.0011433282368272335,0.010384712425338208,0.001143309991779146,0.01459973937234828,0.0013099613121200263,0.014618748701154467,0.001310610903643823,0.014448639371315521,0.0013160605707205173,0.014450719698750905,0.0013168387808094122,0.0101507028954632,0.01560610554216872,0.0012459212305455196,0.01560610554216872,0.0012459212305455196,0.01560610554216872,0.0012470356119806964,0.01560610554216872,0.0012470356119806964,0.014489867103770445,0.001311597265878851,0.014493187816588413,0.0013119875831696694,0.01464891758838098,0.001311597329631025,0.01464849166495949,0.0013119852583210728,0.01605669971499248,0.0012422098325696636,0.01605669971499248,0.0012422098325696636,0.01605669971499248,0.0012426169152072446,0.01605669971499248,0.0012426169152072446,0.01450708389355095,0.0013023786625340945,0.01270726559542468,0.001302893232221777,0.014371870079484452,0.0013037021554973766,0.012878010983706542,0.0013042843213601862,0.010152594339695849,0.0011698298406554602,0.009939282586363795,0.0011699093131404361,0.01098892859927694,0.0011433282368272335,0.010384712425338208,0.001143309991779146,0.015318487829597745,0.0012426123994217545,0.015318487829597745,0.0012426123994217545,0.01605669971499248,0.0012426169152072446,0.01605669971499248,0.0012426169152072446,0.01098892859927694,0.0011391422616306044,0.010384712425338208,0.0011392166101863665,0.01098892859927694,0.0011433282368272335,0.010384712425338208,0.001143309991779146
J12446a,64.0,0.2056045259746895,0.006462770100374264,0.01898127325194367,0.001248106288800444,0.01898127325194367,0.001248106288800444,0.020572754242104772,0.0012469207875282758,0.020572754242104772,0.0012469207875282758,0.008544810234228376,0.015747766618809004,0.0012431458166502598,0.015747766618809004,0.0012431458166502598,0.016946434913886546,0.0012431342014962777,0.016946434913886546,0.0012431342014962777,0.007915651073135115,0.011373808935001273,0.0011699460144239874,0.010669928118458245,0.0011700082554402563,0.012156536963038707,0.0011415567237223394,0.011293989740327599,0.0011416647428128684,0.019043404650178643,0.001320294193891402,0.019043179011858077,0.0013209859653534463,0.019211647798702006,0.001354272661463742,0.01921229339556072,0.0013552690285997264,0.006462770100374264,0.020572754242104772,0.0012467989688168422,0.020572754242104772,0.0012467989688168422,0.020572754242104772,0.0012469207875282758,0.020572754242104772,0.0012469207875282758,0.015599108752844619,0.0013322380473137015,0.015584456982838307,0.001333019853846463,0.015673457760756862,0.0013322374798561834,0.015671832088442146,0.0013330196806775564,0.016946434913886546,0.0012430921775722114,0.016946434913886546,0.0012430921775722114,0.016946434913886546,0.0012431342014962777,0.016946434913886546,0.0012431342014962777,0.018359722412007458,0.0013063713050182153,0.015047287684201242,0.0013070371310098716,0.018893003226207756,0.0013528188136288182,0.015242965157088664,0.0013538313368514007,0.011373808935001273,0.0011699460144239874,0.010669928118458245,0.0011700082554402563,0.012156536963038707,0.0011415567237223394,0.011293989740327599,0.0011416647428128684,0.015747766618809004,0.0012431458166502598,0.015747766618809004,0.0012431458166502598,0.016946434913886546,0.0012431342014962777,0.016946434913886546,0.0012431342014962777,0.012156536963038707,0.0011420656643376576,0.011293989740327599,0.0011420558753114365,0.012156536963038707,0.0011415567237223394,0.011293989740327599,0.0011416647428128684
J12459c,64.0,0.33151001930829693,0.014415276150557571,0.013870311413904447,0.0012439937322273051,0.013870311413904447,0.0012439937322273051,0.015766457108644966,0.0012425341572758247,0.015766457108644966,0.0012425341572758247,0.014062148276799365,0.013267416309503496,0.001239784247705171,0.013267416309503496,0.001239784247705171,0.013989937118029204,0.001239784247705171,0.013989937118029204,0.001239784247705171,0.014424624414882625,0.008483692191302744,0.0011670873986109214,0.007402139453695117,0.001167118372526479,0.00882587356615161,0.001139165507080941,0.008567756354319547,0.001139235226331073,0.014323385203271947,0.0013047619998622034,0.014317756920930583,0.0013052916434447344,0.014314713881840158,0.001318639389430361,0.01432201141374685,0.0013192564976420434,0.014415276150557571,0.015766457108644966,0.0012425036904826084,0.015766457108644966,0.0012425036904826084,0.015766457108644966,0.0012425341572758247,0.015766457108644966,0.0012425341572758247,0.013317308239409143,0.001301099508201209,0.01330820540017132,0.0013017612042808047,0.013465412663550492,0.0013010983775446202,0.013341849223632228,0.001301762555282075,0.013989937118029204,0.0012400239999218114,0.013989937118029204,0.0012400239999218114,0.013989937118029204,0.001239784247705171,0.013989937118029204,0.001239784247705171,0.014083965990224576,0.0012930653114783415,0.01086838245676281,0.001293566333140605,0.014429635214565535,0.001309815944870456,0.011402013675551971,0.0013104426989144957,0.008483692191302744,0.0011670873986109214,0.007402139453695117,0.001167118372526479,0.00882587356615161,0.001139165507080941,0.008567756354319547,0.001139235226331073,0.013267416309503496,0.001239784247705171,0.013267416309503496,0.001239784247705171,0.013989937118029204,0.001239784247705171,0.013989937118029204,0.001239784247705171,0.00882587356615161,0.0011390771038741556,0.008567756354319547,0.0011391254538577207,0.00882587356615161,0.001139165507080941,0.008567756354319547,0.001139235226331073
P24P27cW,64.0,0.37555044303625273,0.006243807885367977,0.008565606276394166,0.001243356078468809,0.008565606276394166,0.001243356078468809,0.009518801502855084,0.0012427595795232115,0.009518801502855084,0.0012427595795232115,0.00826235589380994,0.007805931091441144,0.0012385295355014255,0.007805931091441144,0.0012385295355014255,0.00844056173074899,0.0012385295355014255,0.00844056173074899,0.0012385295355014255,0.007082173934324998,0.00447351673626037,0.0011648655045042703,0.0043361244994395325,0.001164925818148324,0.004584924187565372,0.0011377933601597063,0.004519017296767176,0.0011378975761635603,0.00900288609099999,0.001352381138516385,0.008973107833627243,0.0013518426262446714,0.008526381868606547,0.0013453125088710854,0.00848559321310223,0.0013446479508236262,0.006243807885367977,0.009518801502855084,0.0012424424167333291,0.009518801502855084,0.0012424424167333291,0.009518801502855084,0.0012427595795232115,0.009518801502855084,0.0012427595795232115,0.007785897476603247,0.001343878430679241,0.007788795653310533,0.0013437155193312099,0.007507837566336313,0.0013438758653874002,0.0074631174751504,0.0013437172095337707,0.00844056173074899,0.0012382361153069257,0.00844056173074899,0.0012382361153069257,0.00844056173074899,0.0012385295355014255,0.00844056173074899,0.0012385295355014255,0.00920916319559487,0.0013469975458316294,0.007492348072157693,0.0013465443943114514,0.008000552360973828,0.0013427784314748322,0.007184679455471284,0.0013422007388818854,0.00447351673626037,0.0011648655045042703,0.0043361244994395325,0.001164925818148324,0.004584924187565372,0.0011377933601597063,0.004519017296767176,0.0011378975761635603,0.007805931091441144,0.0012385295355014255,0.007805931091441144,0.0012385295355014255,0.00844056173074899,0.0012385295355014255,0.00844056173074899,0.0012385295355014255,0.004584924187565372,0.0011367253130119656,0.004519017296767176,0.0011367096406213288,0.004584924187565372,0.0011377933601597063,0.004519017296767176,0.0011378975761635603
P24P27dW,45.0,0.3014530176878764,0.004242392763317352,0.009219769756300183,0.0008298397829274345,0.009219769756300183,0.0008298397829274345,0.009991806245266542,0.0008291074355796652,0.009991806245266542,0.0008291074355796652,0.005680909730489503,0.009448585284332445,0.000826187070531543,0.009448585284332445,0.000826187070531543,0.010082696444803278,0.0008261708197227093,0.010082696444803278,0.0008261708197227093,0.004972825135038589,0.005487369762174812,0.0007778380869950917,0.005114630829254363,0.0007778664657262681,0.005826213550833607,0.0007646638929122207,0.005927476792536048,0.0007646610857965988,0.010008269153388911,0.000969389153558364,0.010008504920464874,0.0009689930939406067,0.009319912344400936,0.0009873147258598338,0.009572019241299863,0.000986888289992579,0.004242392763317352,0.009991806245266542,0.0008290004005474534,0.009991806245266542,0.0008290004005474534,0.009991806245266542,0.0008291074355796652,0.009991806245266542,0.0008291074355796652,0.009810779167013405,0.00097006812890925,0.009556618370169757,0.0009697920039306007,0.009667314176359975,0.0009700639088639496,0.009669168523520196,0.0009698138131239425,0.010082696444803278,0.000825947619786909,0.010082696444803278,0.000825947619786909,0.010082696444803278,0.0008261708197227093,0.010082696444803278,0.0008261708197227093,0.009698181927681794,0.0009741560485889927,0.008573300492985627,0.0009737778508968193,0.009958543340862798,0.0009944393783502619,0.00867456014140031,0.0009941126150178879,0.005487369762174812,0.0007778380869950917,0.005114630829254363,0.0007778664657262681,0.005826213550833607,0.0007646638929122207,0.005927476792536048,0.0007646610857965988,0.009448585284332445,0.000826187070531543,0.009448585284332445,0.000826187070531543,0.010082696444803278,0.0008261708197227093,0.010082696444803278,0.0008261708197227093,0.005826213550833607,0.0007633903036327989,0.005927476792536048,0.0007634011367664502,0.005826213550833607,0.0007646638929122207,0.005927476792536048,0.0007646610857965988
SP01P04b,61.0,0.0893824749961163,0.00598663353509192,0.01296932936689305,0.0011797629174061448,0.01296932936689305,0.0011797629174061448,0.015679888897337037,0.0011788247940108514,0.015679888897337037,0.0011788247940108514,0.009243022901707821,0.011355240815645542,0.001174874292063103,0.011355240815645542,0.001174874292063103,0.012289095028466543,0.001174874292063103,0.012289095028466543,0.001174874292063103,0.008854512681040143,0.008564553619352742,0.0011083477663670657,0.0076903382718574494,0.0011083837728606512,0.009167517976304426,0.0010820661592229348,0.008558898677909293,0.0010821514138960433,0.013258439594020377,0.0012454034752732318,0.013257873506441004,0.001245928997661504,0.01411496788613464,0.0012427240196903225,0.013997937936231228,0.0012433596200014413,0.00598663353509192,0.015679888897337037,0.001178517886413636,0.015679888897337037,0.001178517886413636,0.015679888897337037,0.0011788247940108514,0.015679888897337037,0.0011788247940108514,0.010583459880925773,0.0012206539939177469,0.010569327486825807,0.001220981353859361,0.011161276955263323,0.0012206534586336473,0.011172532347442154,0.0012209867311876528,0.012289095028466543,0.0011753120825938944,0.012289095028466543,0.0011753120825938944,0.012289095028466543,0.001174874292063103,0.012289095028466543,0.001174874292063103,0.012383850056596288,0.0012362288400092631,0.010159089404798092,0.0012367637512381,0.012936827623693399,0.0012383784359197027,0.011287639591200015,0.00123891055905225,0.008564553619352742,0.0011083477663670657,0.0076903382718574494,0.0011083837728606512,0.009167517976304426,0.0010820661592229348,0.008558898677909293,0.0010821514138960433,0.011355240815645542,0.001174874292063103,0.011355240815645542,0.001174874292063103,0.012289095028466543,0.001174874292063103,0.012289095028466543,0.001174874292063103,0.009167517976304426,0.0010804836500606164,0.008558898677909293,0.0010805978307348303,0.009167517976304426,0.0010820661592229348,0.008558898677909293,0.0010821514138960433
SP13P16c,64.0,0.11717621219118712,0.009237053759820495,0.022508801864347117,0.0012482406859209954,0.022508801864347117,0.0012482406859209954,0.025730288326182578,0.001246104696185652,0.025730288326182578,0.001246104696185652,0.01135980179886331,0.016153423316821694,0.0012423578548432406,0.016153423316821694,0.0012423578548432406,0.0172737737721728,0.0012423578548432406,0.0172737737721728,0.0012423578548432406,0.01067239673562141,0.010779924531379659,0.001172003060429556,0.011075784775910692,0.0011720918958814152,0.012728050650884924,0.001140330061409414,0.013159178790909772,0.001140373140531688,0.023148133585018636,0.0013198334013821624,0.023173432898029287,0.001320300164775408,0.025167246360526592,0.0013118033291556722,0.025172110717186728,0.001312454171660518,0.009237053759820495,0.025730288326182578,0.0012465602316948504,0.025730288326182578,0.0012465602316948504,0.025730288326182578,0.001246104696185652,0.025730288326182578,0.001246104696185652,0.017247461760470505,0.0012973083503490799,0.017243009743847428,0.001298174781554175,0.017674246788927022,0.0012973068557338683,0.01762748431031811,0.001298182327295864,0.0172737737721728,0.001242342945233968,0.0172737737721728,0.001242342945233968,0.0172737737721728,0.0012423578548432406,0.0172737737721728,0.0012423578548432406,0.021163909649005122,0.001314681034343553,0.016783066168791404,0.0013152317035554746,0.024293603293015067,0.0013168886445669658,0.018615828949495622,0.0013174216996375155,0.010779924531379659,0.001172003060429556,0.011075784775910692,0.0011720918958814152,0.012728050650884924,0.001140330061409414,0.013159178790909772,0.001140373140531688,0.016153423316821694,0.0012423578548432406,0.016153423316821694,0.0012423578548432406,0.0172737737721728,0.0012423578548432406,0.0172737737721728,0.0012423578548432406,0.012728050650884924,0.001141378531669952,0.013159178790909772,0.0011413791501121255,0.012728050650884924,0.001140330061409414,0.013159178790909772,0.001140373140531688
SP16P19d,64.0,0.1729140224774199,0.0049718249391925195,0.014413387026504612,0.0012512962644848633,0.014413387026504612,0.0012512962644848633,0.015734370135105334,0.001250096626844311,0.015734370135105334,0.001250096626844311,0.008913833847513068,0.014648615603821491,0.0012461873602380913,0.014648615603821491,0.0012461873602380913,0.014726598371925588,0.0012461895078210302,0.014726598371925588,0.0012461895078210302,0.007814569324040694,0.00946742945917596,0.0011737280271871976,0.008862906542344189,0.0011737277863238084,0.009870829509791741,0.0011428083413919043,0.009698448867607866,0.0011428926296402036,0.014953787142968628,0.0013302576161589989,0.014944423727512222,0.00133110018310762,0.015462321470933021,0.0013153212294713056,0.015474604804759245,0.0013162208702969817,0.0049718249391925195,0.015734370135105334,0.0012500263577479602,0.015734370135105334,0.0012500263577479602,0.015734370135105334,0.001250096626844311,0.015734370135105334,0.001250096626844311,0.014185449451552121,0.0013051750386829633,0.014185681269290994,0.0013057261035028375,0.014429864427648986,0.0013051712599363094,0.014429928774998236,0.001305729463481179,0.014726598371925588,0.001246337626163573,0.014726598371925588,0.001246337626163573,0.014726598371925588,0.0012461895078210302,0.014726598371925588,0.0012461895078210302,0.014448549882130488,0.00132583768485889,0.011417687922495602,0.001326549961656466,0.014531942474009452,0.0013161935503446212,0.012049627816437146,0.0013169789646902772,0.00946742945917596,0.0011737280271871976,0.008862906542344189,0.0011737277863238084,0.009870829509791741,0.0011428083413919043,0.009698448867607866,0.0011428926296402036,0.014648615603821491,0.0012461873602380913,0.014648615603821491,0.0012461873602380913,0.014726598371925588,0.0012461895078210302,0.014726598371925588,0.0012461895078210302,0.009870829509791741,0.0011440990243523593,0.009698448867607866,0.0011442447902458915,0.009870829509791741,0.0011428083413919043,0.009698448867607866,0.0011428926296402036
SP24P27b,64.0,0.23029258058047142,0.012147683203180255,0.020464663292121772,0.001245544985897084,0.020464663292121772,0.001245544985897084,0.022416713431310537,0.001243163749465491,0.022416713431310537,0.001243163749465491,0.01699849825263607,0.021529134689728162,0.0012397916637232006,0.021529134689728162,0.0012397916637232006,0.023969391223205037,0.0012397823294931854,0.023969391223205037,0.0012397823294931854,0.016372575293886922,0.009501416106159418,0.001167585618589214,0.009701402426156846,0.0011677319685828723,0.009294210853795682,0.00113881873295809,0.009991204730864098,0.0011388479896993434,0.021045880655044164,0.0013211947902583288,0.021045363575842926,0.0013215821475016938,0.02094766876528057,0.0013162199713639456,0.02098162461492542,0.0013167878695578747,0.012147683203180255,0.022416713431310537,0.0012431747051991529,0.022416713431310537,0.0012431747051991529,0.022416713431310537,0.001243163749465491,0.022416713431310537,0.001243163749465491,0.02358058166505451,0.0013119426071799914,0.02359840416217438,0.0013123222228324657,0.0235248636481414,0.001311943093725661,0.023500716901521793,0.0013123214074602242,0.023969391223205037,0.0012400108377392095,0.023969391223205037,0.0012400108377392095,0.023969391223205037,0.0012397823294931854,0.023969391223205037,0.0012397823294931854,0.02015561067620006,0.0013156204767452821,0.018425661681611312,0.0013159868606302443,0.019819544507375508,0.0013132504181386443,0.017239767507489942,0.0013138215885251073,0.009501416106159418,0.001167585618589214,0.009701402426156846,0.0011677319685828723,0.009294210853795682,0.00113881873295809,0.009991204730864098,0.0011388479896993434,0.021529134689728162,0.0012397916637232006,0.021529134689728162,0.0012397916637232006,0.023969391223205037,0.0012397823294931854,0.023969391223205037,0.0012397823294931854,0.009294210853795682,0.0011414917279260533,0.009991204730864098,0.0011414544189144293,0.009294210853795682,0.00113881873295809,0.009991204730864098,0.0011388479896993434
SP28P31c,64.0,0.19263509831406028,0.010878275044652858,0.01497912709921763,0.0012462940761428078,0.01497912709921763,0.0012462940761428078,0.01615446127410773,0.0012451056793109261,0.01615446127410773,0.0012451056793109261,0.012567034970395725,0.013964107095865515,0.0012423624460049555,0.013964107095865515,0.0012423624460049555,0.014407980349980306,0.0012423624460049555,0.014407980349980306,0.0012423624460049555,0.01184734724711307,0.009880680951101808,0.0011683388674069279,0.009612469359536408,0.0011682948460354215,0.009645676656823093,0.001143161514990405,0.010117282490731587,0.0011432029291166908,0.016157042129736763,0.0013274700907564346,0.01615537076462497,0.001327905181954895,0.016665127642140926,0.0013173451882712603,0.01666951042926463,0.0013177691563067387,0.010878275044652858,0.01615446127410773,0.001245256400697972,0.01615446127410773,0.001245256400697972,0.01615446127410773,0.0012451056793109261,0.01615446127410773,0.0012451056793109261,0.014320773426140871,0.0012829853544632991,0.014319763011022541,0.0012834054871614198,0.014487562680862936,0.0012829851027616375,0.01447385360440868,0.0012834100292759682,0.014407980349980306,0.0012419868202737255,0.014407980349980306,0.0012419868202737255,0.014407980349980306,0.0012423624460049555,0.014407980349980306,0.0012423624460049555,0.015248517252691255,0.0013128009113038135,0.012762248157411386,0.0013131356156373603,0.015871097408540945,0.0013136834819920736,0.012728104336381517,0.001314107200519472,0.009880680951101808,0.0011683388674069279,0.009612469359536408,0.0011682948460354215,0.009645676656823093,0.001143161514990405,0.010117282490731587,0.0011432029291166908,0.013964107095865515,0.0012423624460049555,0.013964107095865515,0.0012423624460049555,0.014407980349980306,0.0012423624460049555,0.014407980349980306,0.0012423624460049555,0.009645676656823093,0.001145419238560982,0.010117282490731587,0.0011455066838275156,0.009645676656823093,0.001143161514990405,0.010117282490731587,0.0011432029291166908
SP36P38b,64.0,0.1506037681568581,0.009344049817461208,0.017043689217850086,0.001247064591900351,0.017043689217850086,0.001247064591900351,0.018592348398292095,0.0012456139914798006,0.018592348398292095,0.0012456139914798006,0.011313180160270612,0.014708292660561527,0.001242586197059296,0.014708292660561527,0.001242586197059296,0.01531338641543462,0.0012425862867134316,0.01531338641543462,0.0012425862867134316,0.010044297122131368,0.012601604572632805,0.001169810693632129,0.012659599136086708,0.001169838126314355,0.01338577942487663,0.0011384420434137313,0.013127161406391266,0.0011386092443257056,0.01767860620981907,0.0013120419278165572,0.01768589765598416,0.0013126137449268778,0.018343978334075164,0.0013322984077595358,0.01831011816776764,0.0013330671118992497,0.009344049817461208,0.018592348398292095,0.0012455454583263721,0.018592348398292095,0.0012455454583263721,0.018592348398292095,0.0012456139914798006,0.018592348398292095,0.0012456139914798006,0.01492858628793459,0.0013176118549173958,0.014927959952311947,0.00131814367445969,0.014657037409836484,0.0013176184631935645,0.014654754956354614,0.001318144003447357,0.01531338641543462,0.0012421118539339597,0.01531338641543462,0.0012421118539339597,0.01531338641543462,0.0012425862867134316,0.01531338641543462,0.0012425862867134316,0.017091615863225787,0.0013094188840115139,0.014625280210776056,0.0013100016030625245,0.01771447042771012,0.0013258642107866216,0.015155456514129384,0.0013265393346634513,0.012601604572632805,0.001169810693632129,0.012659599136086708,0.001169838126314355,0.01338577942487663,0.0011384420434137313,0.013127161406391266,0.0011386092443257056,0.014708292660561527,0.001242586197059296,0.014708292660561527,0.001242586197059296,0.01531338641543462,0.0012425862867134316,0.01531338641543462,0.0012425862867134316,0.01338577942487663,0.0011397319287894535,0.013127161406391266,0.0011397013484633776,0.01338577942487663,0.0011384420434137313,0.013127161406391266,0.0011386092443257056
UL000081,193.0,0.05519116226011258,0.013182505892063781,0.01142619089780627,0.004026715990974949,0.01142619089780627,0.004026715990974949,0.012121252908360658,0.004023815821949585,0.012121252908360658,0.004023815821949585,0.014093356643730045,0.011004743590426733,0.004114959482823492,0.011004743590426733,0.004114959482823492,0.011096797014617174,0.004114936064545265,0.011096797014617174,0.004114936064545265,0.012489253242090038,0.00956513334426387,0.003912908996947243,0.009163254107353084,0.003913007695784077,0.00984965455328973,0.003909679440956752,0.009346910760632056,0.003909791473148908,0.011419994048322701,0.004010661991556941,0.011420207766430799,0.004010993532266694,0.011739488051360242,0.00399143938881408,0.011738346035030841,0.003991912958239811,0.013182505892063781,0.012121252908360658,0.0040229757483089875,0.012121252908360658,0.0040229757483089875,0.012121252908360658,0.004023815821949585,0.012121252908360658,0.004023815821949585,0.010920357786504188,0.004008712432643304,0.010920461916657844,0.0040093132124477595,0.01098683909130209,0.004008767760429603,0.01097820248401629,0.004009287291847265,0.011096797014617174,0.004115022115630034,0.011096797014617174,0.004115022115630034,0.011096797014617174,0.004114936064545265,0.011096797014617174,0.004114936064545265,0.01120198605162075,0.003943749222768469,0.009640684404026182,0.003944258092331846,0.011526530811229384,0.003930868290091704,0.009772687114630849,0.003931599191296754,0.00956513334426387,0.003912908996947243,0.009163254107353084,0.003913007695784077,0.00984965455328973,0.003909679440956752,0.009346910760632056,0.003909791473148908,0.011004743590426733,0.004114959482823492,0.011004743590426733,0.004114959482823492,0.011096797014617174,0.004114936064545265,0.011096797014617174,0.004114936064545265,0.00984965455328973,0.003907626040520776,0.009346910760632056,0.0039072121298171225,0.00984965455328973,0.003909679440956752,0.009346910760632056,0.003909791473148908
UL000083,176.0,0.10766488167572477,0.11170224572813496,0.008095624284802766,0.0037229804716136126,0.008095624284802766,0.0037229804716136126,0.009723660875809524,0.003716345739410178,0.009723660875809524,0.003716345739410178,0.21377487457430303,0.007047285669041442,0.003716615746131521,0.007047285669041442,0.003716615746131521,0.007061073083646443,0.0037166021037446442,0.007061073083646443,0.0037166021037446442,0.11494452967645191,0.0070068906370351035,0.003566012977794854,0.006173612504259659,0.003566022948955767,0.0075143407794496025,0.003540060781162993,0.006780626718959573,0.0035402712313235855,0.008165770296474374,0.0036846939463519275,0.00816529096420354,0.003684799448927035,0.008793873408862687,0.0036650834565993082,0.00879580289498495,0.0036654220285854454,0.11170224572813496,0.009723660875809524,0.0037166288441046035,0.009723660875809524,0.0037166288441046035,0.009723660875809524,0.003716345739410178,0.009723660875809524,0.003716345739410178,0.006886522250380297,0.0036564497662045694,0.006887330621394693,0.003656563513040684,0.006891224036804807,0.003656449925933406,0.0068898276268396594,0.003656577341804522,0.007061073083646443,0.0037157589545804403,0.007061073083646443,0.0037157589545804403,0.007061073083646443,0.0037166021037446442,0.007061073083646443,0.0037166021037446442,0.007882514450234966,0.0036204703081800485,0.0065743569847242,0.003620736159390804,0.008553676525760235,0.0036050734857417557,0.007254355525348421,0.0036052782642128993,0.0070068906370351035,0.003566012977794854,0.006173612504259659,0.003566022948955767,0.0075143407794496025,0.003540060781162993,0.006780626718959573,0.0035402712313235855,0.007047285669041442,0.003716615746131521,0.007047285669041442,0.003716615746131521,0.007061073083646443,0.0037166021037446442,0.007061073083646443,0.0037166021037446442,0.0075143407794496025,0.0035375614366998376,0.006780626718959573,0.003537675076808595,0.0075143407794496025,0.003540060781162993,0.006780626718959573,0.0035402712313235855
UL000087,192.0,0.0511356909533374,0.010173516174700721,0.014514545962033715,0.0040901647704296796,0.014514545962033715,0.0040901647704296796,0.015211566453451458,0.0040922431951494805,0.015211566453451458,0.0040922431951494805,0.011391027146729286,0.011964257288899707,0.0040917261527289115,0.011964257288899707,0.0040917261527289115,0.011914413767947095,0.004091725760361862,0.011914413767947095,0.004091725760361862,0.011308851557430452,0.011616674392357368,0.003913441523828475,0.010942814936469867,0.003913566842254345,0.012054400120864893,0.003912794740720189,0.011332241926602156,0.003912891493500305,0.014615512054350849,0.0040183585495814815,0.014629011456929046,0.004019101732054191,0.015130432964343224,0.004003262379910934,0.015133765491173323,0.0040040572935005,0.010173516174700721,0.015211566453451458,0.004094171731029598,0.015211566453451458,0.004094171731029598,0.015211566453451458,0.0040922431951494805,0.015211566453451458,0.0040922431951494805,0.011786936099525304,0.003979098877115578,0.011788165663482576,0.003979577464981716,0.011727152895627412,0.0039791000952902784,0.011728731317621628,0.003979576812157824,0.011914413767947095,0.00409228903417053,0.011914413767947095,0.00409228903417053,0.011914413767947095,0.004091725760361862,0.011914413767947095,0.004091725760361862,0.014444774344798668,0.003946031568621147,0.011896110222969818,0.003946924823354151,0.014812980281004444,0.0039408403059863475,0.012625759317203604,0.0039415517114690804,0.011616674392357368,0.003913441523828475,0.010942814936469867,0.003913566842254345,0.012054400120864893,0.003912794740720189,0.011332241926602156,0.003912891493500305,0.011964257288899707,0.0040917261527289115,0.011964257288899707,0.0040917261527289115,0.011914413767947095,0.004091725760361862,0.011914413767947095,0.004091725760361862,0.012054400120864893,0.003913094236323766,0.011332241926602156,0.003913146945070253,0.012054400120864893,0.003912794740720189,0.011332241926602156,0.003912891493500305
UL000089,777.0,0.2632217997144603,0.043757627136037335,0.016853162848387292,0.01654565444199043,0.016853162848387292,0.01654565444199043,0.016853305447926802,0.016541394645925203,0.016853305447926802,0.016541394645925203,0.04423887161559672,0.016884030420814482,0.016565505841840196,0.016884030420814482,0.016565505841840196,0.01688077045093621,0.016565511638740166,0.01688077045093621,0.016565511638740166,0.0428720619098669,0.016799978769670595,0.016524730014042883,0.01676096581544744,0.0165428484222139,0.016806537798504925,0.016520755496499513,0.016772357747373217,0.016535069932716785,0.01681581311581878,0.016517944772775614,0.016850008738476516,0.016540761602940237,0.016827411622485515,0.016513813729292826,0.016857193234652932,0.01653848988802912,0.043757627136037335,0.016853305447926802,0.01653977373660653,0.016853305447926802,0.01653977373660653,0.016853305447926802,0.01654139467422113,0.016853305447926802,0.01654139467422113,0.016870638716427647,0.016550715721565103,0.016884927451666257,0.016564640375695053,0.016869004696152094,0.016550716093397113,0.016883601164220677,0.016564666007485754,0.01688077045093621,0.016566531348679907,0.01688077045093621,0.016566531348679907,0.01688077045093621,0.016565511638740166,0.01688077045093621,0.016565511638740166,0.016813986786278948,0.016515018596347665,0.016799202523589192,0.01654073540986991,0.016824627989374275,0.016517155994288647,0.01681208090552445,0.01654135554359914,0.016799978769670595,0.016524730014042883,0.01676096581544744,0.0165428484222139,0.016806537798504925,0.016520755496499513,0.016772357747373217,0.016535069932716785,0.016884030420814482,0.016565505841840196,0.016884030420814482,0.016565505841840196,0.01688077045093621,0.016565511638740166,0.01688077045093621,0.016565511638740166,0.016806537798504925,0.016517114145075562,0.016772357747373217,0.016534880928597572,0.016806537798504925,0.016520755496499513,0.016772357747373217,0.016535069932716785
UL000091,193.0,0.05792470782142171,0.010498299203045767,0.010180257520453784,0.004025978146726546,0.010180257520453784,0.004025978146726546,0.011015286828231032,0.004022168075284224,0.011015286828231032,0.004022168075284224,0.010869119432876564,0.009866195316032429,0.004116410784107252,0.009866195316032429,0.004116410784107252,0.00980653825100023,0.004116417507368498,0.00980653825100023,0.004116417507368498,0.010568259236265354,0.008627282158524765,0.00391617393138418,0.008042132181899487,0.003916260551187281,0.008923528663336344,0.003914427029087602,0.008294462467751921,0.003914079711625384,0.0101995250660111,0.004024191421119082,0.010198738058950453,0.004024480270122816,0.010568470881174102,0.004012318540163005,0.010572747887710754,0.004012627219650502,0.010498299203045767,0.011015286828231032,0.004021681774196008,0.011015286828231032,0.004021681774196008,0.011015286828231032,0.004022168075284224,0.011015286828231032,0.004022168075284224,0.009776131385883874,0.004014573383932567,0.009786460936254428,0.004015153411227216,0.009657667965468754,0.004014570494339093,0.009662768894994891,0.004015152316923872,0.00980653825100023,0.004116293738959979,0.00980653825100023,0.004116293738959979,0.00980653825100023,0.004116417507368498,0.00980653825100023,0.004116417507368498,0.009976697262122807,0.00396207115000758,0.00855459427554034,0.003963081846784103,0.010412730805204872,0.003951908569850527,0.008749313955710948,0.003952373744704716,0.008627282158524765,0.00391617393138418,0.008042132181899487,0.003916260551187281,0.008923528663336344,0.003914427029087602,0.008294462467751921,0.003914079711625384,0.009866195316032429,0.004116410784107252,0.009866195316032429,0.004116410784107252,0.00980653825100023,0.004116417507368498,0.00980653825100023,0.004116417507368498,0.008923528663336344,0.00391368998737662,0.008294462467751921,0.003913652851508702,0.008923528663336344,0.003914427029087602,0.008294462467751921,0.003914079711625384
UL000093,194.0,0.11359380049738388,0.026720929482549456,0.015392229340522407,0.004000382445885199,0.015392229340522407,0.004000382445885199,0.016046350927501025,0.003997733001082918,0.016046350927501025,0.003997733001082918,0.03177376113973129,0.014312400850842906,0.0040314523105446,0.014312400850842906,0.0040314523105446,0.014351532743273138,0.004031462188884373,0.014351532743273138,0.004031462188884373,0.027813896415446203,0.012176844365641655,0.00391595036212851,0.010602747218166333,0.003916274968995253,0.012926194224402976,0.003914868938869113,0.011290612440227093,0.003914753753939546,0.015362856422267403,0.004018276012144426,0.015367502256618048,0.00401861336806108,0.015891060832694804,0.004010159863907273,0.015893480030168772,0.004010483567510196,0.026720929482549456,0.016046350927501025,0.003997751458542517,0.016046350927501025,0.003997751458542517,0.016046350927501025,0.003997733001082918,0.016046350927501025,0.003997733001082918,0.014245936586480578,0.004006258892959196,0.014253178038189101,0.004006408148971889,0.014222102667252311,0.004006260919279679,0.014222706311002939,0.004006402333105133,0.014351532743273138,0.0040318994557594235,0.014351532743273138,0.0040318994557594235,0.014351532743273138,0.004031462188884373,0.014351532743273138,0.004031462188884373,0.01509366630849572,0.003964022794380321,0.011580111314951225,0.003964179662258549,0.015708758849817157,0.00395907039068909,0.012222824789930668,0.003959098213374,0.012176844365641655,0.00391595036212851,0.010602747218166333,0.003916274968995253,0.012926194224402976,0.003914868938869113,0.011290612440227093,0.003914753753939546,0.014312400850842906,0.0040314523105446,0.014312400850842906,0.0040314523105446,0.014351532743273138,0.004031462188884373,0.014351532743273138,0.004031462188884373,0.012926194224402976,0.003913433559069869,0.011290612440227093,0.003913330610911733,0.012926194224402976,0.003914868938869113,0.011290612440227093,0.003914753753939546
UL000095,192.0,0.12986131145359173,0.020576111475159097,0.014587098159329922,0.004079412819402395,0.014587098159329922,0.004079412819402395,0.01448587116997635,0.004082241824442531,0.01448587116997635,0.004082241824442531,0.02100509117940465,0.011816566043990133,0.004080533278518394,0.011816566043990133,0.004080533278518394,0.011743787895377264,0.004080535760749799,0.011743787895377264,0.004080535760749799,0.021382256172948606,0.0118763487583063,0.003905262473318819,0.010615820048306704,0.003905585575148656,0.011828969475318815,0.003906981129707395,0.01087149192551041,0.003907184591477614,0.014626599298977217,0.0040214276228313405,0.014628796936461278,0.004022054389698735,0.014450173656781189,0.0040129572001151685,0.01445636430638185,0.004013448706393706,0.020576111475159097,0.01448587116997635,0.004082366862132838,0.01448587116997635,0.004082366862132838,0.01448587116997635,0.004082241824442531,0.01448587116997635,0.004082241824442531,0.011641700828297949,0.003990061161878962,0.011648002784040571,0.003990408021632814,0.011596239396443282,0.003990070921622865,0.011606021461045625,0.003990416169689987,0.011743787895377264,0.0040803386696052595,0.011743787895377264,0.0040803386696052595,0.011743787895377264,0.004080535760749799,0.011743787895377264,0.004080535760749799,0.014569285120168063,0.003948074217165853,0.011095180591248118,0.003948729300424753,0.014230426650555713,0.003943021875934105,0.011366647660724745,0.003943454764387322,0.0118763487583063,0.003905262473318819,0.010615820048306704,0.003905585575148656,0.011828969475318815,0.003906981129707395,0.01087149192551041,0.003907184591477614,0.011816566043990133,0.004080533278518394,0.011816566043990133,0.004080533278518394,0.011743787895377264,0.004080535760749799,0.011743787895377264,0.004080535760749799,0.011828969475318815,0.003906161335132926,0.01087149192551041,0.0039063371899148505,0.011828969475318815,0.003906981129707395,0.01087149192551041,0.003907184591477614
UL000097,192.0,0.13763817190268018,0.022189317571837747,0.015594518947504655,0.00406593597846232,0.015594518947504655,0.00406593597846232,0.01526899395322244,0.004072699251018318,0.01526899395322244,0.004072699251018318,0.02310464369303826,0.012598459119300137,0.004080953124098178,0.012598459119300137,0.004080953124098178,0.01266454337363524,0.004080958707266103,0.01266454337363524,0.004080958707266103,0.022775636272141853,0.012428735101208663,0.0039062324998385633,0.011340335418178629,0.0039062214010099766,0.012296223405888936,0.003904990072205946,0.011418202542606592,0.0039047881671807083,0.015411502474505985,0.0040190055556461575,0.015409659532912,0.004019391058013051,0.014992557339795513,0.0040077606870454014,0.014994668082182028,0.004008156403425031,0.022189317571837747,0.01526899395322244,0.004076562381035486,0.01526899395322244,0.004076562381035486,0.01526899395322244,0.004072699251018318,0.01526899395322244,0.004072699251018318,0.012587796226483207,0.003975924638955471,0.012589181385456455,0.003976329886223319,0.012634353201974771,0.003975932445459696,0.012633108532946484,0.003976337003571701,0.01266454337363524,0.004081242274834456,0.01266454337363524,0.004081242274834456,0.01266454337363524,0.004080958707266103,0.01266454337363524,0.004080958707266103,0.015390113431850974,0.003947518382672741,0.011928967999930875,0.003947811753109063,0.014789907183929423,0.003940932355057211,0.011727893865306758,0.003940998868605873,0.012428735101208663,0.0039062324998385633,0.011340335418178629,0.0039062214010099766,0.012296223405888936,0.003904990072205946,0.011418202542606592,0.0039047881671807083,0.012598459119300137,0.004080953124098178,0.012598459119300137,0.004080953124098178,0.01266454337363524,0.004080958707266103,0.01266454337363524,0.004080958707266103,0.012296223405888936,0.003906233144682473,0.011418202542606592,0.0039061433705669672,0.012296223405888936,0.003904990072205946,0.011418202542606592,0.0039047881671807083
UL000579,226.0,0.13876468662832706,0.011570325191508869,0.011291121294542593,0.0044138064673563135,0.011291121294542593,0.0044138064673563135,0.011818563761015359,0.004411582474572445,0.011818563761015359,0.004411582474572445,0.014603627424969637,0.01136911695071584,0.004404822383319898,0.01136911695071584,0.004404822383319898,0.01117834633783556,0.004404821553595701,0.01117834633783556,0.004404821553595701,0.012289860764733452,0.010243072324211431,0.004404369653479145,0.008868353020959115,0.004403864982883219,0.010688725245674484,0.004403658409086952,0.009655899799132145,0.004403305742356275,0.01124422348759039,0.004477310063328523,0.011243323248269115,0.00447711182545654,0.011567648036261629,0.004477072815438943,0.011577899799754704,0.004477148576965472,0.011570325191508869,0.011818563761015359,0.004411638054378478,0.011818563761015359,0.004411638054378478,0.011818563761015359,0.004411582474572445,0.011818563761015359,0.004411582474572445,0.011142405076634079,0.004475570917523271,0.011147361498349778,0.0044753603513741054,0.011041803564428361,0.004475582505055428,0.011036035478236918,0.0044753594450798765,0.01117834633783556,0.004404827657883823,0.01117834633783556,0.004404827657883823,0.01117834633783556,0.004404821553595701,0.01117834633783556,0.004404821553595701,0.01109744471716102,0.004469577304913727,0.009254509840672144,0.004469208822463059,0.011401360898119429,0.0044687955640515895,0.0101446995175621,0.004468734641269363,0.010243072324211431,0.004404369653479145,0.008868353020959115,0.004403864982883219,0.010688725245674484,0.004403658409086952,0.009655899799132145,0.004403305742356275,0.01136911695071584,0.004404822383319898,0.01136911695071584,0.004404822383319898,0.01117834633783556,0.004404821553595701,0.01117834633783556,0.004404821553595701,0.010688725245674484,0.004403517779406481,0.009655899799132145,0.00440320882908054,0.010688725245674484,0.004403658409086952,0.009655899799132145,0.004403305742356275
UL000581,228.0,0.1045279561124154,0.022878424293237512,0.011400469916828939,0.004448630983867204,0.011400469916828939,0.004448630983867204,0.011692874695319804,0.004446603001097475,0.011692874695319804,0.004446603001097475,0.02657247162053645,0.01142146139954558,0.004442667007839383,0.01142146139954558,0.004442667007839383,0.01144365475716579,0.004442671919393907,0.01144365475716579,0.004442671919393907,0.02282249141476744,0.010329427318010365,0.004439203440305072,0.008563245501925448,0.004438533154945701,0.010571641744506637,0.004439460631049715,0.008919521806289648,0.004438641338556429,0.011379946336221271,0.004513523181997216,0.011383088179013616,0.0045131853871879755,0.011404762408299811,0.004511259908060708,0.011405460705463687,0.004510854824757173,0.022878424293237512,0.011692874695319804,0.004446286036690616,0.011692874695319804,0.004446286036690616,0.011692874695319804,0.004446603001097475,0.011692874695319804,0.004446603001097475,0.0112908261964707,0.004514226073205601,0.011297135421856572,0.00451335131273145,0.011319782423829632,0.004514225633079658,0.011321710829906892,0.004513354171040707,0.01144365475716579,0.00444256711645827,0.01144365475716579,0.00444256711645827,0.01144365475716579,0.004442671919393907,0.01144365475716579,0.004442671919393907,0.011196778944376274,0.004504339963553104,0.008968594265125052,0.004502728931125441,0.011119846563321871,0.004503682025949392,0.00935707264649715,0.004501865784371601,0.010329427318010365,0.004439203440305072,0.008563245501925448,0.004438533154945701,0.010571641744506637,0.004439460631049715,0.008919521806289648,0.004438641338556429,0.01142146139954558,0.004442667007839383,0.01142146139954558,0.004442667007839383,0.01144365475716579,0.004442671919393907,0.01144365475716579,0.004442671919393907,0.010571641744506637,0.004438665268386399,0.008919521806289648,0.0044380801972413245,0.010571641744506637,0.004439460631049715,0.008919521806289648,0.004438641338556429
UL000583,489.0,0.29750800969769,0.020671468667002542,0.01061492324205987,0.010031298831293296,0.01061492324205987,0.010031298831293296,0.010628018127472405,0.010025659794197388,0.010628018127472405,0.010025659794197388,0.02244047580575103,0.010553132580761994,0.010000140657545103,0.010553132580761994,0.010000140657545103,0.010549686911183279,0.010000149221781607,0.010549686911183279,0.010000149221781607,0.02119837301726383,0.01048188774593515,0.010025401383271524,0.010459055008724875,0.01003168413690481,0.010485128472731293,0.010023325885521281,0.010459725449303237,0.010030270478754266,0.010592783971891784,0.010051023373345838,0.010610392307357865,0.010063874032650588,0.010595059190734238,0.01005055167271491,0.010618456077772818,0.010064546069698308,0.020671468667002542,0.010628018127472405,0.010025750832529769,0.010628018127472405,0.010025750832529769,0.010628018127472405,0.010025659794197388,0.010628018127472405,0.010025659794197388,0.010521164859279682,0.010017073098007655,0.010535502181858163,0.010026676766272145,0.010520806787873213,0.010017078783164447,0.010535352239253473,0.010026675291298194,0.010549686911183279,0.009998138685349881,0.010549686911183279,0.009998138685349881,0.010549686911183279,0.010000149221781607,0.010549686911183279,0.010000149221781607,0.010587886472694027,0.010053992118375972,0.010545609295596097,0.010062277153605866,0.010588440939505584,0.010052470528020645,0.01054608509560832,0.010062775254893123,0.01048188774593515,0.010025401383271524,0.010459055008724875,0.01003168413690481,0.010485128472731293,0.010023325885521281,0.010459725449303237,0.010030270478754266,0.010553132580761994,0.010000140657545103,0.010553132580761994,0.010000140657545103,0.010549686911183279,0.010000149221781607,0.010549686911183279,0.010000149221781607,0.010485128472731293,0.010022724890350896,0.010459725449303237,0.010029349139331513,0.010485128472731293,0.010023325885521281,0.010459725449303237,0.010030270478754266
UL000587,551.0,0.26707239134461913,0.021239633950584702,0.011712666864160979,0.011397296150532171,0.011712666864160979,0.011397296150532171,0.011736062269622791,0.01139523993192953,0.011736062269622791,0.01139523993192953,0.021738965491183083,0.011687577195451894,0.011380701289042734,0.011687577195451894,0.011380701289042734,0.0116898800498973,0.011380697237451415,0.0116898800498973,0.011380697237451415,0.021755630065774096,0.011654238611583684,0.011389013089516037,0.011646267300755847,0.011398855404415782,0.01165694265329825,0.01138846257566827,0.011636936659761114,0.011397226957595612,0.011694521313672232,0.011397624054533876,0.011713748625633047,0.011403579232644527,0.011701032347109504,0.011395903370830164,0.011721457119690368,0.011402398558430008,0.021239633950584702,0.011736062269622791,0.011394357641146397,0.011736062269622791,0.011394357641146397,0.011736062269622791,0.01139523993192953,0.011736062269622791,0.01139523993192953,0.011670994924890498,0.011384300584519903,0.011677958712026884,0.011387445513810528,0.01166972610207601,0.011384307262052334,0.011678357011600403,0.011387440893388678,0.0116898800498973,0.011379640746260964,0.0116898800498973,0.011379640746260964,0.0116898800498973,0.011380697237451415,0.0116898800498973,0.011380697237451415,0.011695424484695462,0.01139983303560805,0.011687699968919892,0.011406782537293414,0.01170763414489775,0.011398858273586665,0.011698676057949567,0.011405241750441171,0.011654238611583684,0.011389013089516037,0.011646267300755847,0.011398855404415782,0.01165694265329825,0.01138846257566827,0.011636936659761114,0.011397226957595612,0.011687577195451894,0.011380701289042734,0.011687577195451894,0.011380701289042734,0.0116898800498973,0.011380697237451415,0.0116898800498973,0.011380697237451415,0.01165694265329825,0.011386572266628205,0.011636936659761114,0.011395754912323804,0.01165694265329825,0.01138846257566827,0.011636936659761114,0.011397226957595612
UL000593,192.0,0.06530843336930396,0.009428413219933224,0.008639495902319475,0.004095098879794626,0.008639495902319475,0.004095098879794626,0.009496992373502027,0.004094080998468878,0.009496992373502027,0.004094080998468878,0.01070597611560162,0.007873246868363545,0.004091999164758594,0.007873246868363545,0.004091999164758594,0.007930140659787253,0.0040920020829336825,0.007930140659787253,0.0040920020829336825,0.009542453862983408,0.007292756596775662,0.0039179442131528205,0.006361881612377472,0.003917994391765071,0.007686345603257787,0.00391786554929486,0.006606653561285658,0.003917954807373698,0.00861650654043728,0.004047190736268688,0.008624919840827966,0.004047528963959743,0.009055165624700868,0.004041801008811394,0.009065384940118056,0.00404212093138888,0.009428413219933224,0.009496992373502027,0.004094246637899832,0.009496992373502027,0.004094246637899832,0.009496992373502027,0.004094080998468878,0.009496992373502027,0.004094080998468878,0.007609991271961928,0.004027644513872524,0.007612597221650086,0.00402798226817581,0.007655117716951917,0.004027661852324337,0.007655057703121477,0.004027985788692797,0.007930140659787253,0.004092035515311793,0.007930140659787253,0.004092035515311793,0.007930140659787253,0.0040920020829336825,0.007930140659787253,0.0040920020829336825,0.008496757263272056,0.003973646358562386,0.006812759817381864,0.003973934161258658,0.008880621630662602,0.003968396294094386,0.007317763783577059,0.003968743815607634,0.007292756596775662,0.0039179442131528205,0.006361881612377472,0.003917994391765071,0.007686345603257787,0.00391786554929486,0.006606653561285658,0.003917954807373698,0.007873246868363545,0.004091999164758594,0.007873246868363545,0.004091999164758594,0.007930140659787253,0.0040920020829336825,0.007930140659787253,0.0040920020829336825,0.007686345603257787,0.0039164155261076404,0.006606653561285658,0.00391644462421937,0.007686345603257787,0.00391786554929486,0.006606653561285658,0.003917954807373698
UL000597,192.0,0.8206180245997853,0.18119403572074158,0.009347544736565063,0.00406562202190467,0.009347544736565063,0.00406562202190467,0.010812932193986213,0.004069916704809705,0.010812932193986213,0.004069916704809705,0.2667391833696378,0.008822986908545544,0.004071747570585375,0.008822986908545544,0.004071747570585375,0.008825546748518117,0.004071772252485558,0.008825546748518117,0.004071772252485558,0.18475781177508596,0.008023456006344258,0.0038958078934306557,0.00712158054813553,0.0038957261466414945,0.008753121610253154,0.0038940390093819203,0.007869837552548019,0.0038938433637275825,0.009233386328981187,0.004037536782028073,0.00922976891992572,0.004037571281374596,0.010339120822897339,0.004032588040889874,0.010340821527568942,0.0040326565549093675,0.18119403572074158,0.010812932193986213,0.004070812500525168,0.010812932193986213,0.004070812500525168,0.010812932193986213,0.004069916704809705,0.010812932193986213,0.004069916704809705,0.008746001383843367,0.004007488033925363,0.008741029235373579,0.004007561935648103,0.008681073817927086,0.004007486026148877,0.008692158731433124,0.004007554910725279,0.008825546748518117,0.004071974720273107,0.008825546748518117,0.004071974720273107,0.008825546748518117,0.004071772252485558,0.008825546748518117,0.004071772252485558,0.009187066015487749,0.003963215955363852,0.007557269223333308,0.003963236748425576,0.010222484425827086,0.003958040399569503,0.008405381870497495,0.003957999383374219,0.008023456006344258,0.0038958078934306557,0.00712158054813553,0.0038957261466414945,0.008753121610253154,0.0038940390093819203,0.007869837552548019,0.0038938433637275825,0.008822986908545544,0.004071747570585375,0.008822986908545544,0.004071747570585375,0.008825546748518117,0.004071772252485558,0.008825546748518117,0.004071772252485558,0.008753121610253154,0.0038929286438752586,0.007869837552548019,0.0038928436799594633,0.008753121610253154,0.0038940390093819203,0.007869837552548019,0.0038938433637275825
UL000599,524.0,0.22565053600588522,0.021754549290658697,0.011210067167211478,0.010799478454255588,0.011210067167211478,0.010799478454255588,0.011219422415725716,0.010795180819084019,0.011219422415725716,0.010795180819084019,0.02244359286454104,0.011225040353306999,0.010779555156549867,0.011225040353306999,0.010779555156549867,0.011226846298266533,0.010779548802251534,0.011226846298266533,0.010779548802251534,0.022052198674283447,0.011126025838966056,0.010799423301529434,0.011093799454876423,0.010808643574165399,0.01113501173976774,0.010788561933494006,0.011091605926507132,0.0108005241506398,0.011188639227838722,0.010803073229970348,0.011208366015842052,0.010818384439709639,0.011200438772235139,0.010801452590747922,0.011222098720739527,0.010818260966927024,0.021754549290658697,0.011219422415725716,0.010794203945581232,0.011219422415725716,0.010794203945581232,0.011219422415725716,0.010795180880034332,0.011219422415725716,0.010795180880034332,0.011200713918849057,0.010788321515868792,0.011211624533809587,0.010798026720457616,0.011198127322868883,0.010788326783232818,0.011214965960600332,0.010798026069300809,0.011226846298266533,0.010780025372857235,0.011226846298266533,0.010780025372857235,0.011226846298266533,0.010779548802251534,0.011226846298266533,0.010779548802251534,0.01118520287856652,0.01081115729726686,0.011153662796905611,0.010827703507663782,0.011203731618803052,0.010804287675722129,0.01116623886361987,0.010820499020745234,0.011126025838966056,0.010799423301529434,0.011093799454876423,0.010808643574165399,0.01113501173976774,0.010788561933494006,0.011091605926507132,0.0108005241506398,0.011225040353306999,0.010779555156549867,0.011225040353306999,0.010779555156549867,0.011226846298266533,0.010779548802251534,0.011226846298266533,0.010779548802251534,0.01113501173976774,0.010792083594076095,0.011091605926507132,0.010799525106513106,0.01113501173976774,0.010788561933494006,0.011091605926507132,0.0108005241506398
UL001641,192.0,0.05208697740692306,0.009479984224128627,0.0118955197235031,0.00408777415348677,0.0118955197235031,0.00408777415348677,0.012448000823581518,0.004093708160866749,0.012448000823581518,0.004093708160866749,0.009604002858589294,0.010668608413878082,0.004094680431539008,0.010668608413878082,0.004094680431539008,0.010611916084041557,0.004094665618776623,0.010611916084041557,0.004094665618776623,0.009460276469930093,0.009194115461797108,0.003921955460203511,0.008707779152128446,0.003921845011965204,0.009314451179842208,0.003916316130515805,0.008579717532840918,0.003916399358460687,0.011922126959006227,0.004023976950768434,0.011920512799852102,0.004024604591789254,0.012132004629275243,0.00401003114396572,0.01213081003313097,0.004010655343353958,0.009479984224128627,0.012448000823581518,0.004094305378187497,0.012448000823581518,0.004094305378187497,0.012448000823581518,0.004093708160866749,0.012448000823581518,0.004093708160866749,0.010499167149092917,0.004006534830008258,0.010497747026431302,0.004007063779549393,0.010449193444792877,0.004006552154648091,0.010455019774849758,0.004007061326650504,0.010611916084041557,0.004094786702201634,0.010611916084041557,0.004094786702201634,0.010611916084041557,0.004094665618776623,0.010611916084041557,0.004094665618776623,0.01188524356067957,0.003950802045963249,0.009141940758828553,0.003951040572451028,0.01203285930542436,0.003940787835316223,0.009159422272266625,0.0039411189404387065,0.009194115461797108,0.003921955460203511,0.008707779152128446,0.003921845011965204,0.009314451179842208,0.003916316130515805,0.008579717532840918,0.003916399358460687,0.010668608413878082,0.004094680431539008,0.010668608413878082,0.004094680431539008,0.010611916084041557,0.004094665618776623,0.010611916084041557,0.004094665618776623,0.009314451179842208,0.003916892145883917,0.008579717532840918,0.003916930361219728,0.009314451179842208,0.003916316130515805,0.008579717532840918,0.003916399358460687
UL001643,192.0,0.058739238814174165,0.009060904983545424,0.013565392725870963,0.004098188192165067,0.013565392725870963,0.004098188192165067,0.014719487019995134,0.004096027385473428,0.014719487019995134,0.004096027385473428,0.00920001625456965,0.012164847985124247,0.004096420733141965,0.012164847985124247,0.004096420733141965,0.012172852595785386,0.00409642523822618,0.012172852595785386,0.00409642523822618,0.00886963347660549,0.010824377483989867,0.003915109918224404,0.009943591778948905,0.0039152911466485574,0.011501121127782099,0.003910332245187644,0.0102651209023323,0.003910122828684613,0.013504541205627522,0.00401680082079202,0.01350120722162096,0.004017375663084975,0.01436613377201121,0.0039938316586764135,0.01436603069928063,0.003994371109547219,0.009060904983545424,0.014719487019995134,0.004096336476881013,0.014719487019995134,0.004096336476881013,0.014719487019995134,0.004096027385473428,0.014719487019995134,0.004096027385473428,0.012150854310337453,0.0039708282737122135,0.01215673180741491,0.00397116486117184,0.01211747380948073,0.003970817319761232,0.012124871196427911,0.003971176638689684,0.012172852595785386,0.0040965627229732834,0.012172852595785386,0.0040965627229732834,0.012172852595785386,0.00409642523822618,0.012172852595785386,0.00409642523822618,0.013408813470404115,0.003940073605907763,0.010493741076234533,0.00394063792572455,0.014168021998013555,0.003925528255275216,0.01097030845437818,0.003925985617966415,0.010824377483989867,0.003915109918224404,0.009943591778948905,0.0039152911466485574,0.011501121127782099,0.003910332245187644,0.0102651209023323,0.003910122828684613,0.012164847985124247,0.004096420733141965,0.012164847985124247,0.004096420733141965,0.012172852595785386,0.00409642523822618,0.012172852595785386,0.00409642523822618,0.011501121127782099,0.003909898533377301,0.0102651209023323,0.003909967922562151,0.011501121127782099,0.003910332245187644,0.0102651209023323,0.003910122828684613
UL001645,192.0,0.07733027939937524,0.00978912687292319,0.011816476985695412,0.0040878289105990735,0.011816476985695412,0.0040878289105990735,0.01265780977937391,0.004096344634146054,0.01265780977937391,0.004096344634146054,0.010008299845928109,0.011212563029721288,0.004093979999568905,0.011212563029721288,0.004093979999568905,0.011271687059802344,0.0040939835935577375,0.011271687059802344,0.0040939835935577375,0.009732510886936533,0.009725173970388438,0.003917269426098477,0.00859109263823814,0.003917361773715406,0.010246173680544575,0.003919788436333683,0.008991373914349047,0.003919786075295108,0.011922575576341668,0.004028441472013695,0.011922488914453654,0.004028823139464768,0.012433482716836307,0.004010833890523526,0.012433881370738642,0.00401122413531125,0.00978912687292319,0.01265780977937391,0.00409710680355307,0.01265780977937391,0.00409710680355307,0.01265780977937391,0.004096344634146054,0.01265780977937391,0.004096344634146054,0.011081108693932439,0.003996740184377699,0.01107686565791275,0.003997383393105387,0.011085620354877505,0.003996746185699837,0.011089144932500385,0.003997378447188331,0.011271687059802344,0.004094523685074541,0.011271687059802344,0.004094523685074541,0.011271687059802344,0.0040939835935577375,0.011271687059802344,0.0040939835935577375,0.011736853700823823,0.003954155458185828,0.009431378156599118,0.003954668570127484,0.012250642755570501,0.003946179196793811,0.009711074987209849,0.003946232361577614,0.009725173970388438,0.003917269426098477,0.00859109263823814,0.003917361773715406,0.010246173680544575,0.003919788436333683,0.008991373914349047,0.003919786075295108,0.011212563029721288,0.004093979999568905,0.011212563029721288,0.004093979999568905,0.011271687059802344,0.0040939835935577375,0.011271687059802344,0.0040939835935577375,0.010246173680544575,0.003917608531486569,0.008991373914349047,0.0039178432093624925,0.010246173680544575,0.003919788436333683,0.008991373914349047,0.003919786075295108
UL001647,192.0,0.05570739606745013,0.011387577936262744,0.011933854664386062,0.0040900924461085165,0.011933854664386062,0.0040900924461085165,0.012569096997788706,0.004093190639057749,0.012569096997788706,0.004093190639057749,0.01190458619308031,0.011136731188569303,0.004090575829929408,0.011136731188569303,0.004090575829929408,0.011094992590311971,0.004090569273558984,0.011094992590311971,0.004090569273558984,0.0116307566080059,0.009735656432755294,0.003912135306361327,0.009607531748174308,0.003911991033593483,0.00980152234076257,0.003910753813739465,0.009679449897962775,0.003910853430005041,0.011932373794487798,0.004005452144887795,0.011936920613758882,0.004006367687602218,0.012393019547303097,0.0039955731592114345,0.012394034115318654,0.003996166648961125,0.011387577936262744,0.012569096997788706,0.004092970144969707,0.012569096997788706,0.004092970144969707,0.012569096997788706,0.004093190639057749,0.012569096997788706,0.004093190639057749,0.011018525420141206,0.003972767336700511,0.011032683073562706,0.0039732664426955335,0.010939885542558881,0.0039727712250406345,0.01092366125247665,0.00397326070737081,0.011094992590311971,0.004091080635464549,0.011094992590311971,0.004091080635464549,0.011094992590311971,0.004090569273558984,0.011094992590311971,0.004090569273558984,0.011792256463616514,0.003936823851509064,0.00979212046592281,0.0039375236591023275,0.012250897644844709,0.003931352633364807,0.010045169063417533,0.00393177959116383,0.009735656432755294,0.003912135306361327,0.009607531748174308,0.003911991033593483,0.00980152234076257,0.003910753813739465,0.009679449897962775,0.003910853430005041,0.011136731188569303,0.004090575829929408,0.011136731188569303,0.004090575829929408,0.011094992590311971,0.004090569273558984,0.011094992590311971,0.004090569273558984,0.00980152234076257,0.003909611317009152,0.009679449897962775,0.003909525494817522,0.00980152234076257,0.003910753813739465,0.009679449897962775,0.003910853430005041
UL001649,192.0,0.04290422388061777,0.008871783895847123,0.011907110490134563,0.004091782410436178,0.011907110490134563,0.004091782410436178,0.01315374983203428,0.004095336872778869,0.01315374983203428,0.004095336872778869,0.009078209119055316,0.01148829967847441,0.004095532986601299,0.01148829967847441,0.004095532986601299,0.011284869030710333,0.004095534831035588,0.011284869030710333,0.004095534831035588,0.00882453411309595,0.009889170294216109,0.003917334478858547,0.008937027082002336,0.003917531483509053,0.010546357630900017,0.00391529139108133,0.00973189066715982,0.003915531616621572,0.011914088159121221,0.004020714803985171,0.011914016669239087,0.004021100786026677,0.012743548638785393,0.004004552424231374,0.012751515836993091,0.004005123395099754,0.008871783895847123,0.01315374983203428,0.0040950704697335005,0.01315374983203428,0.0040950704697335005,0.01315374983203428,0.004095336872778869,0.01315374983203428,0.004095336872778869,0.011492310116050716,0.003997570104073395,0.011488277727162854,0.0039978890053209626,0.011351707443987077,0.003997587897378154,0.01136184267545961,0.003997888196536606,0.011284869030710333,0.004096301861228235,0.011284869030710333,0.004096301861228235,0.011284869030710333,0.004095534831035588,0.011284869030710333,0.004095534831035588,0.011826119058784125,0.003948075412811944,0.009402121795818978,0.003948867132058783,0.0128131700252465,0.003939123975123677,0.010166157260220887,0.0039396088975015816,0.009889170294216109,0.003917334478858547,0.008937027082002336,0.003917531483509053,0.010546357630900017,0.00391529139108133,0.00973189066715982,0.003915531616621572,0.01148829967847441,0.004095532986601299,0.01148829967847441,0.004095532986601299,0.011284869030710333,0.004095534831035588,0.011284869030710333,0.004095534831035588,0.010546357630900017,0.003913325819021175,0.00973189066715982,0.003913440144955465,0.010546357630900017,0.00391529139108133,0.00973189066715982,0.003915531616621572
UL001651,192.0,0.04496864405708035,0.008230575073584875,0.011237868459653529,0.004099564127879328,0.011237868459653529,0.004099564127879328,0.012135941658629646,0.004099280184163571,0.012135941658629646,0.004099280184163571,0.008637449051150612,0.012464996668365307,0.004095912597756841,0.012464996668365307,0.004095912597756841,0.012366269008812174,0.004095899176574235,0.012366269008812174,0.004095899176574235,0.00860469147385165,0.009817878451314972,0.003920473734166432,0.009345158272277448,0.0039205917994355015,0.010366760773736454,0.00391596043706481,0.009716289358290338,0.0039161863349221875,0.011219319334334824,0.004015081215639295,0.011213587942094186,0.004015815576360781,0.011709067127609872,0.003994506074645975,0.011710096184835102,0.003995189162145968,0.008230575073584875,0.012135941658629646,0.004099139202570399,0.012135941658629646,0.004099139202570399,0.012135941658629646,0.004099280184163571,0.012135941658629646,0.004099280184163571,0.01222845135546606,0.0039906511795882735,0.012229373635963102,0.0039911177905951134,0.01218194391658605,0.003990645771808667,0.01218932867640502,0.003991113269138345,0.012366269008812174,0.004096876768239944,0.012366269008812174,0.004096876768239944,0.012366269008812174,0.004095899176574235,0.012366269008812174,0.004095899176574235,0.011136183357305504,0.003944931402016965,0.009652934422900558,0.003945855520887046,0.011589413298712678,0.0039282216120814515,0.0101215672852272,0.0039289733579874,0.009817878451314972,0.003920473734166432,0.009345158272277448,0.0039205917994355015,0.010366760773736454,0.00391596043706481,0.009716289358290338,0.0039161863349221875,0.012464996668365307,0.004095912597756841,0.012464996668365307,0.004095912597756841,0.012366269008812174,0.004095899176574235,0.012366269008812174,0.004095899176574235,0.010366760773736454,0.00391487179128256,0.009716289358290338,0.00391521460338272,0.010366760773736454,0.00391596043706481,0.009716289358290338,0.0039161863349221875
UL001653,192.0,0.05511305703258764,0.008086562975019043,0.01284552311619956,0.004092415760472043,0.01284552311619956,0.004092415760472043,0.013322068965225907,0.0040960723766757445,0.013322068965225907,0.0040960723766757445,0.008306543336791579,0.01118836528295535,0.004096054836694813,0.01118836528295535,0.004096054836694813,0.011183864735255011,0.004096052353529602,0.011183864735255011,0.004096052353529602,0.008317729962373647,0.010794846505402328,0.003918208708131863,0.010191631411269888,0.003918238205724931,0.011245650502631462,0.003913438711685804,0.010370926626928423,0.00391358863467199,0.012791688272443187,0.004001866863131116,0.01277761045805357,0.004002916947477346,0.013405046840896826,0.003984918432440068,0.01341625901229012,0.003986022352319779,0.008086562975019043,0.013322068965225907,0.004096562240617808,0.013322068965225907,0.004096562240617808,0.013322068965225907,0.0040960723766757445,0.013322068965225907,0.0040960723766757445,0.011148056032386972,0.003982762129652736,0.011152747020679176,0.003983190395284604,0.011144668809343653,0.003982775416805162,0.011149337858994053,0.003983183094997987,0.011183864735255011,0.004096020803500129,0.011183864735255011,0.004096020803500129,0.011183864735255011,0.004096052353529602,0.011183864735255011,0.004096052353529602,0.012521823935065032,0.003936017780475068,0.011044207662546353,0.003936923736961689,0.013187538706593713,0.003923357362310758,0.011057478229460087,0.003923979541785727,0.010794846505402328,0.003918208708131863,0.010191631411269888,0.003918238205724931,0.011245650502631462,0.003913438711685804,0.010370926626928423,0.00391358863467199,0.01118836528295535,0.004096054836694813,0.01118836528295535,0.004096054836694813,0.011183864735255011,0.004096052353529602,0.011183864735255011,0.004096052353529602,0.011245650502631462,0.00391275370234719,0.010370926626928423,0.00391303699324987,0.011245650502631462,0.003913438711685804,0.010370926626928423,0.00391358863467199
UL001655,192.0,0.0623017058878217,0.010480694819411605,0.015741873807844062,0.004099447099760973,0.015741873807844062,0.004099447099760973,0.01638808462607574,0.004096892085945999,0.01638808462607574,0.004096892085945999,0.011117088164763589,0.013174019336546945,0.0040960923403200525,0.013174019336546945,0.0040960923403200525,0.01316568815592215,0.004096087142194693,0.01316568815592215,0.004096087142194693,0.01027091734532474,0.011610055797302747,0.003918795832377042,0.011387008818266839,0.003918699068842187,0.0116157162252542,0.003914782618196911,0.010965968959785119,0.003915224235725017,0.015727991384859166,0.00401865087653019,0.015728740695182392,0.004019210963541843,0.01627001899108776,0.0040066881451986955,0.01626625549575545,0.004007356291081956,0.010480694819411605,0.01638808462607574,0.004096692885294783,0.01638808462607574,0.004096692885294783,0.01638808462607574,0.004096892085945999,0.01638808462607574,0.004096892085945999,0.012871821848572962,0.003980515438632117,0.012877107279262197,0.0039808704177226725,0.012829873142938276,0.003980486264337293,0.012830934462040436,0.003980867716107,0.01316568815592215,0.004096254418694877,0.01316568815592215,0.004096254418694877,0.01316568815592215,0.004096087142194693,0.01316568815592215,0.004096087142194693,0.015503374732873923,0.0039472220702487775,0.012237136676309277,0.003947809313124224,0.015898333158396324,0.00393890099232038,0.012113497010699935,0.003939349345616471,0.011610055797302747,0.003918795832377042,0.011387008818266839,0.003918699068842187,0.0116157162252542,0.003914782618196911,0.010965968959785119,0.003915224235725017,0.013174019336546945,0.0040960923403200525,0.013174019336546945,0.0040960923403200525,0.01316568815592215,0.004096087142194693,0.01316568815592215,0.004096087142194693,0.0116157162252542,0.003914118065830015,0.010965968959785119,0.003914113138968929,0.0116157162252542,0.003914782618196911,0.010965968959785119,0.003915224235725017
UL001665,192.0,0.07297553549833548,0.016255361692987844,0.012416708919244216,0.004092675416164109,0.012416708919244216,0.004092675416164109,0.012872964927980296,0.004091479805158292,0.012872964927980296,0.004091479805158292,0.01586956510133311,0.013742508218719115,0.004086717756173062,0.013742508218719115,0.004086717756173062,0.013913687984096224,0.004086747568964194,0.013913687984096224,0.004086747568964194,0.015985148398135328,0.01016413385191551,0.0039117672341331235,0.009600391477387085,0.003911854787172409,0.010584608966072663,0.0039101771270335164,0.009922873523681609,0.003910301164679559,0.012617156557991241,0.004019610807027917,0.012619633727667385,0.0040198902874615155,0.0126456463556726,0.004009475510160254,0.012648674844031593,0.004009702011756608,0.016255361692987844,0.012872964927980296,0.004092022048669286,0.012872964927980296,0.004092022048669286,0.012872964927980296,0.004091479805158292,0.012872964927980296,0.004091479805158292,0.013268191025773124,0.003999007084032473,0.013280013565613862,0.003999328151666784,0.013348023951684329,0.003999001642682818,0.013349552645691475,0.003999329368101428,0.013913687984096224,0.004086382809210867,0.013913687984096224,0.004086382809210867,0.013913687984096224,0.004086747568964194,0.013913687984096224,0.004086747568964194,0.012411800092719492,0.003946962517235574,0.010167131232129617,0.003947465098685281,0.012541017819903704,0.003938877721100889,0.010302395620397036,0.003939159562389676,0.01016413385191551,0.0039117672341331235,0.009600391477387085,0.003911854787172409,0.010584608966072663,0.0039101771270335164,0.009922873523681609,0.003910301164679559,0.013742508218719115,0.004086717756173062,0.013742508218719115,0.004086717756173062,0.013913687984096224,0.004086747568964194,0.013913687984096224,0.004086747568964194,0.010584608966072663,0.003910812909903037,0.009922873523681609,0.003911088965373468,0.010584608966072663,0.0039101771270335164,0.009922873523681609,0.003910301164679559
UL001667,194.0,0.08976279865700919,0.02198441763925051,0.011215734719778134,0.003993773255897466,0.011215734719778134,0.003993773255897466,0.012312090287013144,0.003991184482462985,0.012312090287013144,0.003991184482462985,0.02152347996162743,0.010627205222116905,0.004039616866344234,0.010627205222116905,0.004039616866344234,0.010552915903951344,0.004039613921832617,0.010552915903951344,0.004039613921832617,0.020629278531575056,0.009173738412686648,0.00391679413257092,0.008522143615725442,0.003917036346767232,0.009420347154329118,0.003916407267577341,0.00870403721669767,0.003916312377362073,0.011201492866046842,0.004003790325944936,0.011201991011089324,0.004004154360020992,0.011647242589311237,0.003995831731539582,0.01165080339862996,0.0039960132874787505,0.02198441763925051,0.012312090287013144,0.00399094893688127,0.012312090287013144,0.00399094893688127,0.012312090287013144,0.003991184482462985,0.012312090287013144,0.003991184482462985,0.010271425248434536,0.004013208932610977,0.010278407397895655,0.004013482882635867,0.010247881541125955,0.004013201907886842,0.010226463056835073,0.004013480489764265,0.010552915903951344,0.0040395961970372965,0.010552915903951344,0.0040395961970372965,0.010552915903951344,0.004039613921832617,0.010552915903951344,0.004039613921832617,0.011046243673597607,0.003953845106649436,0.0090590393514598,0.003954456301729795,0.01138791300692826,0.003947643137954881,0.009339626092226175,0.003947671026408341,0.009173738412686648,0.00391679413257092,0.008522143615725442,0.003917036346767232,0.009420347154329118,0.003916407267577341,0.00870403721669767,0.003916312377362073,0.010627205222116905,0.004039616866344234,0.010627205222116905,0.004039616866344234,0.010552915903951344,0.004039613921832617,0.010552915903951344,0.004039613921832617,0.009420347154329118,0.0039164598523448255,0.00870403721669767,0.003915986536318473,0.009420347154329118,0.003916407267577341,0.00870403721669767,0.003916312377362073
UL001669,192.0,0.3526505128285939,0.013797371196494018,0.012604400977772776,0.004094993786954126,0.012604400977772776,0.004094993786954126,0.013409500727407833,0.0040932271364523915,0.013409500727407833,0.0040932271364523915,0.014703629938464913,0.012920387328675648,0.004089849516905429,0.012920387328675648,0.004089849516905429,0.012914397117262798,0.004089859700197633,0.012914397117262798,0.004089859700197633,0.013496248894399142,0.011117799939661284,0.003911791061635175,0.010466616602939629,0.0039117661262875235,0.011388863469010512,0.003908882934242817,0.010711622858191085,0.0039089420514508465,0.012567626989409135,0.004012914905237858,0.012558889593792184,0.004013575520807563,0.013029534973323063,0.003996444443807366,0.013030520834422686,0.003997127040477079,0.013797371196494018,0.013409500727407833,0.004091966269424545,0.013409500727407833,0.004091966269424545,0.013409500727407833,0.0040932271364523915,0.013409500727407833,0.0040932271364523915,0.012583946325417887,0.004000051305516692,0.012567290414219912,0.004000429123174175,0.012523741818534028,0.004000041722294443,0.012523858146547717,0.004000416074491389,0.012914397117262798,0.004090876987363326,0.012914397117262798,0.004090876987363326,0.012914397117262798,0.004089859700197633,0.012914397117262798,0.004089859700197633,0.012527428175243495,0.0039375855305640835,0.010774810368497494,0.00393820916992901,0.012923468860796976,0.003928097485737642,0.011347628320345525,0.003928609019259282,0.011117799939661284,0.003911791061635175,0.010466616602939629,0.0039117661262875235,0.011388863469010512,0.003908882934242817,0.010711622858191085,0.0039089420514508465,0.012920387328675648,0.004089849516905429,0.012920387328675648,0.004089849516905429,0.012914397117262798,0.004089859700197633,0.012914397117262798,0.004089859700197633,0.011388863469010512,0.003907484744375781,0.010711622858191085,0.003907526617645915,0.011388863469010512,0.003908882934242817,0.010711622858191085,0.0039089420514508465
UL001671,192.0,0.08194721627487635,0.00993861483020631,0.012894947337609763,0.004080826127322597,0.012894947337609763,0.004080826127322597,0.013429979344701005,0.004088823755389297,0.013429979344701005,0.004088823755389297,0.01078738029362175,0.01220108605135551,0.004093750341231849,0.01220108605135551,0.004093750341231849,0.012265372815050078,0.004093792826150697,0.012265372815050078,0.004093792826150697,0.01008680247004797,0.011127122156436797,0.003923388787493599,0.010429358386995569,0.003923376947507906,0.011427872384205782,0.003919475425354133,0.01089524279828808,0.003919476682374175,0.012818094507157131,0.00402394320037196,0.012819430044331588,0.0040245865255635295,0.013096161207170541,0.004014463030211312,0.013095900344517608,0.00401512865653296,0.00993861483020631,0.013429979344701005,0.004091480480283049,0.013429979344701005,0.004091480480283049,0.013429979344701005,0.004088823755389297,0.013429979344701005,0.004088823755389297,0.012005943584618614,0.0039955270284473664,0.012001256574097048,0.003995840998739542,0.011989762336183136,0.0039955567485568605,0.011997327096070876,0.003995845702962875,0.012265372815050078,0.004094575816513121,0.012265372815050078,0.004094575816513121,0.012265372815050078,0.004093792826150697,0.012265372815050078,0.004093792826150697,0.01265551892639894,0.003950711557648961,0.01091073519262274,0.00395119246104091,0.01284937653527162,0.003941827060622081,0.011383759013769262,0.0039422771011652985,0.011127122156436797,0.003923388787493599,0.010429358386995569,0.003923376947507906,0.011427872384205782,0.003919475425354133,0.01089524279828808,0.003919476682374175,0.01220108605135551,0.004093750341231849,0.01220108605135551,0.004093750341231849,0.012265372815050078,0.004093792826150697,0.012265372815050078,0.004093792826150697,0.011427872384205782,0.003920110649616679,0.01089524279828808,0.003920053589664399,0.011427872384205782,0.003919475425354133,0.01089524279828808,0.003919476682374175
UL001673,192.0,0.05114323126746959,0.00942367914009599,0.013989292222805634,0.004086880558959881,0.013989292222805634,0.004086880558959881,0.015219240104408066,0.004091480223016073,0.015219240104408066,0.004091480223016073,0.009544425350311254,0.013958767064959876,0.00409137502390452,0.013958767064959876,0.00409137502390452,0.01403352638334267,0.0040913616793493745,0.01403352638334267,0.0040913616793493745,0.009678884496440705,0.011369246697898995,0.0039132699859360754,0.010857731881974022,0.003913095020854838,0.011874429877859706,0.0039122635237733945,0.010847174177337769,0.003912485846959786,0.014060578287924487,0.00401308594561843,0.014062722766698512,0.004013767411634286,0.014967260931118607,0.004004690361661418,0.01497273154525682,0.004005194704502042,0.00942367914009599,0.015219240104408066,0.004091902385934573,0.015219240104408066,0.004091902385934573,0.015219240104408066,0.004091480223016073,0.015219240104408066,0.004091480223016073,0.013533493680312004,0.003989613994141246,0.013539764354341954,0.003990049673972527,0.013532683234058361,0.003989616301750242,0.013537484628766397,0.003990060229695119,0.01403352638334267,0.004091582615001466,0.01403352638334267,0.004091582615001466,0.01403352638334267,0.0040913616793493745,0.01403352638334267,0.0040913616793493745,0.013896533327535395,0.003940124062857413,0.011635357798658236,0.003940851817427138,0.014773002858612999,0.003936620345179011,0.011782724200287122,0.003937130843772786,0.011369246697898995,0.0039132699859360754,0.010857731881974022,0.003913095020854838,0.011874429877859706,0.0039122635237733945,0.010847174177337769,0.003912485846959786,0.013958767064959876,0.00409137502390452,0.013958767064959876,0.00409137502390452,0.01403352638334267,0.0040913616793493745,0.01403352638334267,0.0040913616793493745,0.011874429877859706,0.003912016912022958,0.010847174177337769,0.003912088941885114,0.011874429877859706,0.0039122635237733945,0.010847174177337769,0.003912485846959786
UL001675,192.0,0.04655110229775163,0.009601265119204614,0.014092190468087034,0.004080375177447486,0.014092190468087034,0.004080375177447486,0.014769202207315061,0.004088887350085413,0.014769202207315061,0.004088887350085413,0.009612836583973477,0.010785496225048602,0.0040904711753485526,0.010785496225048602,0.0040904711753485526,0.01098968473629218,0.004090464543280225,0.01098968473629218,0.004090464543280225,0.009355586124452095,0.010885376441325397,0.0039113368658123945,0.010416682944434173,0.003911786715599178,0.011398963744866908,0.003912822983833379,0.010962024342243555,0.003912984809689594,0.014002010120172452,0.003999640884126942,0.01400046390961022,0.004000403538467871,0.014466477493323979,0.003990292588891955,0.014461772825500702,0.00399106674967181,0.009601265119204614,0.014769202207315061,0.004090855814951072,0.014769202207315061,0.004090855814951072,0.014769202207315061,0.004088887350085413,0.014769202207315061,0.004088887350085413,0.010581154883518185,0.003995682769933786,0.010574004238327836,0.003995987693974206,0.010756243448401105,0.003995684227511116,0.010754249969075378,0.0039959679336491385,0.01098968473629218,0.004090446374566456,0.01098968473629218,0.004090446374566456,0.01098968473629218,0.004090464543280225,0.01098968473629218,0.004090464543280225,0.013759995159897424,0.003934481577445728,0.010941174659716302,0.003935277448026766,0.014392738038144936,0.00392825790398572,0.01176520668762008,0.0039287328123951805,0.010885376441325397,0.0039113368658123945,0.010416682944434173,0.003911786715599178,0.011398963744866908,0.003912822983833379,0.010962024342243555,0.003912984809689594,0.010785496225048602,0.0040904711753485526,0.010785496225048602,0.0040904711753485526,0.01098968473629218,0.004090464543280225,0.01098968473629218,0.004090464543280225,0.011398963744866908,0.00391223692597801,0.010962024342243555,0.003912329225210716,0.011398963744866908,0.003912822983833379,0.010962024342243555,0.003912984809689594
UL001677,192.0,0.04160027697403126,0.009816184513706501,0.013597606564354233,0.004096844897011542,0.013597606564354233,0.004096844897011542,0.01490387566878762,0.0040968161929450025,0.01490387566878762,0.0040968161929450025,0.010342634919459155,0.012308434363224235,0.004094112294938268,0.012308434363224235,0.004094112294938268,0.01230008206917819,0.004094077075610255,0.01230008206917819,0.004094077075610255,0.009908487664201502,0.010682670211388981,0.003921058365431647,0.009719828897680012,0.003921039182671286,0.011145444938977525,0.0039192301654287715,0.010191523760764197,0.003919044464888503,0.013572626099065848,0.004017700698240389,0.013567805884996181,0.0040186921537879805,0.014711139553144612,0.0040022739239112225,0.01470618450741224,0.004003014931054147,0.009816184513706501,0.01490387566878762,0.004097217552481744,0.01490387566878762,0.004097217552481744,0.01490387566878762,0.0040968161929450025,0.01490387566878762,0.0040968161929450025,0.012143935396811698,0.003998555946614604,0.012147711138509954,0.003999060779923603,0.012193831140485077,0.003998546539111919,0.012196274469849633,0.003999046230213855,0.01230008206917819,0.004094160021931122,0.01230008206917819,0.004094160021931122,0.01230008206917819,0.004094077075610255,0.01230008206917819,0.004094077075610255,0.013467255354912104,0.003948660804787132,0.010206924528048805,0.003949523524847274,0.014422721495982322,0.003935957764220984,0.010714509535004172,0.003936462026454448,0.010682670211388981,0.003921058365431647,0.009719828897680012,0.003921039182671286,0.011145444938977525,0.0039192301654287715,0.010191523760764197,0.003919044464888503,0.012308434363224235,0.004094112294938268,0.012308434363224235,0.004094112294938268,0.01230008206917819,0.004094077075610255,0.01230008206917819,0.004094077075610255,0.011145444938977525,0.003917837317823812,0.010191523760764197,0.003918092415501205,0.011145444938977525,0.0039192301654287715,0.010191523760764197,0.003919044464888503
UL001679,992.0,0.3558195658858791,0.04596601487541131,0.021500564441422832,0.021431163526669243,0.021500564441422832,0.021431163526669243,0.021499419100997626,0.02142796926015484,0.021499419100997626,0.02142796926015484,0.045592279203672204,0.02157739553801759,0.02142137775988358,0.02157739553801759,0.02142137775988358,0.021573627194266684,0.02142137786178861,0.021573627194266684,0.02142137786178861,0.04577793069611182,0.021421789104978006,0.021410461423709424,0.021386803673432656,0.021428942485563294,0.021428309765656076,0.021410819907953436,0.0214043589679632,0.021430747956391345,0.021449126412807277,0.021413487556265196,0.02149727052393494,0.021443363882841415,0.021459170541366257,0.021417679789105845,0.021507666113460364,0.02144874884351604,0.04596601487541131,0.021499419128367194,0.021427422492490078,0.021499419128367194,0.021427422492490078,0.021499419100997626,0.021427969244255777,0.021499419100997626,0.021427969244255777,0.0215487448024825,0.021409131445378635,0.021578349902990266,0.021424615332744354,0.021546682306989397,0.021409133218309447,0.021576372450296068,0.021424620461421167,0.021573627194266684,0.021417891963058985,0.021573627194266684,0.021417891963058985,0.021573627194266684,0.02142137786178861,0.021573627194266684,0.02142137786178861,0.021448392760240333,0.02141410859712945,0.021461061530140577,0.021442108130359815,0.02145935157543202,0.02141869486738169,0.021478140130234233,0.02144848347840482,0.021421789104978006,0.021410461423709424,0.021386803673432656,0.021428942485563294,0.021428309765656076,0.021410819907953436,0.0214043589679632,0.021430747956391345,0.02157739553801759,0.02142137775988358,0.02157739553801759,0.02142137775988358,0.021573627194266684,0.02142137786178861,0.021573627194266684,0.02142137786178861,0.021428309765656076,0.02140620830396268,0.0214043589679632,0.02142589564339277,0.021428309765656076,0.021410819907953436,0.0214043589679632,0.021430747956391345
UL001713,228.0,0.1387841199475547,0.010011984567840347,0.01496056469616382,0.004445690714633233,0.01496056469616382,0.004445690714633233,0.01513642932094923,0.004443455634513428,0.01513642932094923,0.004443455634513428,0.01055749343063507,0.013536236125091887,0.004442643892351206,0.013536236125091887,0.004442643892351206,0.013484652881459171,0.004442642811049603,0.013484652881459171,0.004442642811049603,0.010065622934120484,0.012401940939005804,0.004437364461641652,0.010574390950394362,0.004437061845256296,0.012421284702621434,0.0044364513970093595,0.011082711558826099,0.004436112661554314,0.014948510182276165,0.0044902464594056375,0.014934349541453798,0.004490774729244616,0.014836132526119667,0.004488449615429729,0.014833830523268407,0.004489223115205965,0.010011984567840347,0.01513642932094923,0.004443516357951321,0.01513642932094923,0.004443516357951321,0.01513642932094923,0.004443455634513428,0.01513642932094923,0.004443455634513428,0.01326793267462252,0.004493345379782324,0.013270505753509704,0.0044928052850067976,0.013250281856869509,0.004493341506685442,0.013252783418150485,0.004492815744503563,0.013484652881459171,0.004442805072787034,0.013484652881459171,0.004442805072787034,0.013484652881459171,0.004442642811049603,0.013484652881459171,0.004442642811049603,0.014713932523144633,0.004482470718260629,0.011402300577767959,0.004482445776944214,0.014566528900648265,0.00448002128193289,0.012052766612125433,0.004480421888639105,0.012401940939005804,0.004437364461641652,0.010574390950394362,0.004437061845256296,0.012421284702621434,0.0044364513970093595,0.011082711558826099,0.004436112661554314,0.013536236125091887,0.004442643892351206,0.013536236125091887,0.004442643892351206,0.013484652881459171,0.004442642811049603,0.013484652881459171,0.004442642811049603,0.012421284702621434,0.0044356346779355176,0.011082711558826099,0.004435004534427756,0.012421284702621434,0.0044364513970093595,0.011082711558826099,0.004436112661554314
UL001719,207.0,0.10593295786053428,0.01769477667521132,0.012710146155576014,0.004094540487487986,0.012710146155576014,0.004094540487487986,0.012914562187705836,0.004092724559078534,0.012914562187705836,0.004092724559078534,0.020348620757688323,0.011078672519983077,0.00409829510452833,0.011078672519983077,0.00409829510452833,0.011191249605063519,0.0040982839620856155,0.011191249605063519,0.0040982839620856155,0.017585965451792078,0.010166983835925073,0.0040717558797048374,0.00893973129626704,0.004072179424000782,0.010161197266310831,0.004071872815629284,0.009006342555518224,0.0040719219862724336,0.01264368054366991,0.004133052268893028,0.012649957872984592,0.004132849385294441,0.012713399625336297,0.004131380293763638,0.0127110647190834,0.004131092180099989,0.01769477667521132,0.012914562187705836,0.004092535008978525,0.012914562187705836,0.004092535008978525,0.012914562187705836,0.004092724559078534,0.012914562187705836,0.004092724559078534,0.011154629724561972,0.00413842961473998,0.01115337259115822,0.004137407250763065,0.011206950442098615,0.004138435112788423,0.011201552817573731,0.0041374068068868695,0.011191249605063519,0.0040983447290501305,0.011191249605063519,0.0040983447290501305,0.011191249605063519,0.0040982839620856155,0.011191249605063519,0.0040982839620856155,0.012523789587304938,0.004114291942252735,0.009646107287899665,0.004114350860397452,0.012478357536314722,0.00411329868935146,0.00976607168039709,0.004112977784119008,0.010166983835925073,0.0040717558797048374,0.00893973129626704,0.004072179424000782,0.010161197266310831,0.004071872815629284,0.009006342555518224,0.0040719219862724336,0.011078672519983077,0.00409829510452833,0.011078672519983077,0.00409829510452833,0.011191249605063519,0.0040982839620856155,0.011191249605063519,0.0040982839620856155,0.010161197266310831,0.0040710961585056485,0.009006342555518224,0.0040708293455794554,0.010161197266310831,0.004071872815629284,0.009006342555518224,0.0040719219862724336
UL001765,193.0,0.056462847817100044,0.01881753449874435,0.01165332628645806,0.0040203724836539115,0.01165332628645806,0.0040203724836539115,0.012670355652347186,0.00401933506694051,0.012670355652347186,0.00401933506694051,0.018074195810164773,0.011092959440801279,0.0041094712646941095,0.011092959440801279,0.0041094712646941095,0.011095886880127902,0.004109516577405806,0.011095886880127902,0.004109516577405806,0.01657877219769519,0.009960323056735729,0.003911898997590906,0.009232970434886906,0.003912022117535853,0.010306773703240688,0.003912573935813283,0.009446733085003763,0.0039124376780475655,0.011631259626274695,0.0040140229013956455,0.011631488528216634,0.004014409624726461,0.012153118215998826,0.003996078653860384,0.012149454079670453,0.0039964039910639956,0.01881753449874435,0.012670355652347186,0.004018669969776241,0.012670355652347186,0.004018669969776241,0.012670355652347186,0.00401933506694051,0.012670355652347186,0.00401933506694051,0.010893944774085337,0.003998316987908759,0.010898830364894639,0.0039986758023348706,0.01086202150290622,0.003998298304100393,0.010864911698919883,0.003998746478045385,0.011095886880127902,0.004109447365368475,0.011095886880127902,0.004109447365368475,0.011095886880127902,0.004109516577405806,0.011095886880127902,0.004109516577405806,0.011486900367287037,0.003947865338303606,0.009745330623841484,0.003948651134280446,0.011940396196739485,0.003938863947102697,0.00994155756741965,0.00393896199157721,0.009960323056735729,0.003911898997590906,0.009232970434886906,0.003912022117535853,0.010306773703240688,0.003912573935813283,0.009446733085003763,0.0039124376780475655,0.011092959440801279,0.0041094712646941095,0.011092959440801279,0.0041094712646941095,0.011095886880127902,0.004109516577405806,0.011095886880127902,0.004109516577405806,0.010306773703240688,0.003911016644681924,0.009446733085003763,0.003910986287361287,0.010306773703240688,0.003912573935813283,0.009446733085003763,0.0039124376780475655
UL001769,194.0,0.12052747775152811,0.02374837345088521,0.01353179599615974,0.004001568032492474,0.01353179599615974,0.004001568032492474,0.014100533290589523,0.00399979835574872,0.014100533290589523,0.00399979835574872,0.02399068805139566,0.014146226683754008,0.004025849316895753,0.014146226683754008,0.004025849316895753,0.014081746918072393,0.004025855589085297,0.014081746918072393,0.004025855589085297,0.023979068099496303,0.011219639721238822,0.003913420402254445,0.010374013177067204,0.003913222115884623,0.011552789572325656,0.003912330070306093,0.010633832447025557,0.00391257984686131,0.013704034666370449,0.004009752497956344,0.01371309295105344,0.004010294948633476,0.013913233840978314,0.003998752194582335,0.013930517388137978,0.003998800071525683,0.02374837345088521,0.014100533290589523,0.003999932930534395,0.014100533290589523,0.003999932930534395,0.014100533290589523,0.00399979835574872,0.014100533290589523,0.00399979835574872,0.014216981705281252,0.004002434215178261,0.014217394638124731,0.004002971104356834,0.014128903334152827,0.004002460734323499,0.01412676118985324,0.00400296813641324,0.014081746918072393,0.004025751965494068,0.014081746918072393,0.004025751965494068,0.014081746918072393,0.004025855589085297,0.014081746918072393,0.004025855589085297,0.013523053124804438,0.003953181653710436,0.010776642003184431,0.00395381833379494,0.013704532158318627,0.003945000033121672,0.011165519455040742,0.00394515641538608,0.011219639721238822,0.003913420402254445,0.010374013177067204,0.003913222115884623,0.011552789572325656,0.003912330070306093,0.010633832447025557,0.00391257984686131,0.014146226683754008,0.004025849316895753,0.014146226683754008,0.004025849316895753,0.014081746918072393,0.004025855589085297,0.014081746918072393,0.004025855589085297,0.011552789572325656,0.003911089000544532,0.010633832447025557,0.003911600063126686,0.011552789572325656,0.003912330070306093,0.010633832447025557,0.00391257984686131
UL001771,192.0,0.12269153039150614,0.02030679667072627,0.013616718438926137,0.004087876854185099,0.013616718438926137,0.004087876854185099,0.014847395877198103,0.004086198625243571,0.014847395877198103,0.004086198625243571,0.023150488655497483,0.013022020367455207,0.00408175026257337,0.013022020367455207,0.00408175026257337,0.012847906792689039,0.004081746126685623,0.012847906792689039,0.004081746126685623,0.021548376354573823,0.01090867924863402,0.0039060981617067246,0.010196145465890306,0.003906398138979228,0.011275464009863304,0.003903120730414693,0.010493274141299467,0.003903045123419244,0.013513735239779999,0.004013075900732605,0.0135203902167332,0.004013605466771124,0.014353903465026413,0.004005393805667879,0.01435927981800572,0.004005907361439895,0.02030679667072627,0.014847395877198103,0.0040868692832019575,0.014847395877198103,0.0040868692832019575,0.014847395877198103,0.004086198625243571,0.014847395877198103,0.004086198625243571,0.012879547739408173,0.003997794153944919,0.012883329449209118,0.003998417443843674,0.012728515816208008,0.0039978040587270456,0.01274796303877372,0.003998464781138668,0.012847906792689039,0.004081849255109606,0.012847906792689039,0.004081849255109606,0.012847906792689039,0.004081746126685623,0.012847906792689039,0.004081746126685623,0.013344711895565485,0.0039395982455790665,0.010843525124917507,0.003940380295759113,0.01417235736673215,0.003931939974995283,0.011191731560820812,0.00393240833386686,0.01090867924863402,0.0039060981617067246,0.010196145465890306,0.003906398138979228,0.011275464009863304,0.003903120730414693,0.010493274141299467,0.003903045123419244,0.013022020367455207,0.00408175026257337,0.013022020367455207,0.00408175026257337,0.012847906792689039,0.004081746126685623,0.012847906792689039,0.004081746126685623,0.011275464009863304,0.0039046067347371202,0.010493274141299467,0.0039046696299687186,0.011275464009863304,0.003903120730414693,0.010493274141299467,0.003903045123419244
UL001773,206.0,0.2900086455255147,0.014083523494269196,0.013212110999626632,0.00408502357388331,0.013212110999626632,0.00408502357388331,0.014810394262604321,0.004082487475575703,0.014810394262604321,0.004082487475575703,0.01581636409753695,0.010287538313799523,0.004086544430488826,0.010287538313799523,0.004086544430488826,0.010387339777678745,0.004086541284680682,0.010387339777678745,0.004086541284680682,0.014142282248197259,0.01044950295848144,0.004059486490413514,0.00943582275230566,0.004059078505501814,0.011134606421913277,0.004057382504100934,0.009806275012476672,0.004057649411130152,0.013348865646271007,0.004135596986110062,0.01335536984217513,0.004135207579273794,0.014373229655856147,0.004133057157798679,0.014381312982224283,0.004132595736329308,0.014083523494269196,0.014810394262604321,0.00408278056403066,0.014810394262604321,0.00408278056403066,0.014810394262604321,0.004082487475575703,0.014810394262604321,0.004082487475575703,0.010038533183666775,0.00413723307581639,0.010042610499358489,0.004136554586252184,0.010130777257476778,0.004137239871839172,0.010121725542577648,0.0041365567277523085,0.010387339777678745,0.0040865504885105874,0.010387339777678745,0.0040865504885105874,0.010387339777678745,0.004086541284680682,0.010387339777678745,0.004086541284680682,0.013140400688364808,0.004115227991126746,0.00998350657535224,0.00411418895161823,0.014208227351643742,0.004113270578198641,0.010664048444861594,0.004111840491994405,0.01044950295848144,0.004059486490413514,0.00943582275230566,0.004059078505501814,0.011134606421913277,0.004057382504100934,0.009806275012476672,0.004057649411130152,0.010287538313799523,0.004086544430488826,0.010287538313799523,0.004086544430488826,0.010387339777678745,0.004086541284680682,0.010387339777678745,0.004086541284680682,0.011134606421913277,0.0040572760546141225,0.009806275012476672,0.0040571067982809435,0.011134606421913277,0.004057382504100934,0.009806275012476672,0.004057649411130152
UL001781,320.0,0.16161341758389497,0.01577751830616835,0.009521358835332061,0.006306693377504939,0.009521358835332061,0.006306693377504939,0.00966364115223344,0.006303594439805703,0.00966364115223344,0.006303594439805703,0.015592526267929941,0.009302874748795544,0.0062928552653118445,0.009302874748795544,0.0062928552653118445,0.009290710010778651,0.006292860037777755,0.009290710010778651,0.006292860037777755,0.015567605026766624,0.008980877820673144,0.006306936686099348,0.008640305910844017,0.006307777654899127,0.009001312885550799,0.00630532180668286,0.008622232541562308,0.006306090745459088,0.009508097436989393,0.006326402986014043,0.009509852623887828,0.006328860808924348,0.009602079475579152,0.006327012277859966,0.0096066965919821,0.00632934427403231,0.01577751830616835,0.00966364115223344,0.00630321773733291,0.00966364115223344,0.00630321773733291,0.00966364115223344,0.006303594441973761,0.00966364115223344,0.006303594441973761,0.00925848219104457,0.006321667466004757,0.009264046472475477,0.00632220566276904,0.009263689745358183,0.006321669082168588,0.009263839355428067,0.006322207219583704,0.009290710010778651,0.006292837426456919,0.009290710010778651,0.006292837426456919,0.009290710010778651,0.006292860037777755,0.009290710010778651,0.006292860037777755,0.009502779326951543,0.0063281690026206995,0.008821733167542112,0.006329578403229742,0.009561085038798222,0.006328033596140918,0.008871178786249058,0.0063287811824991585,0.008980877820673144,0.006306936686099348,0.008640305910844017,0.006307777654899127,0.009001312885550799,0.00630532180668286,0.008622232541562308,0.006306090745459088,0.009302874748795544,0.0062928552653118445,0.009302874748795544,0.0062928552653118445,0.009290710010778651,0.006292860037777755,0.009290710010778651,0.006292860037777755,0.009001312885550799,0.006304026694044817,0.008622232541562308,0.006304991003422619,0.009001312885550799,0.00630532180668286,0.008622232541562308,0.006306090745459088
UL001783,192.0,0.10575354973479617,0.010110675457137773,0.011189637208710594,0.004095607430778873,0.011189637208710594,0.004095607430778873,0.011777621193719156,0.004092348686502546,0.011777621193719156,0.004092348686502546,0.0097732373965781,0.011397618109932077,0.0040922508421674135,0.011397618109932077,0.0040922508421674135,0.0115357108313981,0.0040922529872802595,0.0115357108313981,0.0040922529872802595,0.009754838644254268,0.00968190494509746,0.003915847197535839,0.00923171522881174,0.003916037660552709,0.009927168818696964,0.003912031271358977,0.009519682152624226,0.003912202265389117,0.011132078097729564,0.004002695976462517,0.011137483136444986,0.004003480471419517,0.011344032128874927,0.0039954053348004,0.011349928688220094,0.003996120918915986,0.010110675457137773,0.011777621193719156,0.004092758511197111,0.011777621193719156,0.004092758511197111,0.011777621193719156,0.004092348686502546,0.011777621193719156,0.004092348686502546,0.011106656117413148,0.004000114649073752,0.011122604932115282,0.0040005863953535776,0.011150345559586557,0.004000105076072105,0.011141394141645744,0.004000600640764425,0.0115357108313981,0.0040920672842748125,0.0115357108313981,0.0040920672842748125,0.0115357108313981,0.0040922529872802595,0.0115357108313981,0.0040922529872802595,0.011069442200608471,0.003936030856085438,0.009923778299938653,0.003936748347272452,0.011273887205396182,0.003930446230794439,0.010359306966877207,0.003930876174422074,0.00968190494509746,0.003915847197535839,0.00923171522881174,0.003916037660552709,0.009927168818696964,0.003912031271358977,0.009519682152624226,0.003912202265389117,0.011397618109932077,0.0040922508421674135,0.011397618109932077,0.0040922508421674135,0.0115357108313981,0.0040922529872802595,0.0115357108313981,0.0040922529872802595,0.009927168818696964,0.003910058186887297,0.009519682152624226,0.003909981799154888,0.009927168818696964,0.003912031271358977,0.009519682152624226,0.003912202265389117
UL001785,187.0,0.05698595735396584,0.008546562188309905,0.011865597264818926,0.003963179725598219,0.011865597264818926,0.003963179725598219,0.013090468049536728,0.003955606788285781,0.013090468049536728,0.003955606788285781,0.009108363365998679,0.009310156957903324,0.003951418997250646,0.009310156957903324,0.003951418997250646,0.009342670623564588,0.003951395474088249,0.009342670623564588,0.003951395474088249,0.008326715358516626,0.010432798569032562,0.003806818805786621,0.00956268764625831,0.0038072831682326226,0.010673924587270091,0.0037963331837108693,0.009889720206788761,0.003796607949529024,0.011913072908238058,0.003911871558643528,0.011914629941455321,0.003912574591130931,0.012397196872458265,0.0039039405401814654,0.012408133636536962,0.0039046517385778775,0.008546562188309905,0.013090468049536728,0.003954732473425233,0.013090468049536728,0.003954732473425233,0.013090468049536728,0.003955606788285781,0.013090468049536728,0.003955606788285781,0.009134801537240249,0.003894080871738245,0.009142850031632423,0.003894497398862187,0.009057001821178485,0.003894074022903952,0.009055946392089615,0.003894482818187804,0.009342670623564588,0.003951360534238258,0.009342670623564588,0.003951360534238258,0.009342670623564588,0.003951395474088249,0.009342670623564588,0.003951395474088249,0.011779502596987892,0.0038426500369926155,0.009772491433870703,0.0038434431724088335,0.012292071488384262,0.003833026233914005,0.010192759492255319,0.0038337421516336286,0.010432798569032562,0.003806818805786621,0.00956268764625831,0.0038072831682326226,0.010673924587270091,0.0037963331837108693,0.009889720206788761,0.003796607949529024,0.009310156957903324,0.003951418997250646,0.009310156957903324,0.003951418997250646,0.009342670623564588,0.003951395474088249,0.009342670623564588,0.003951395474088249,0.010673924587270091,0.0037952482013468443,0.009889720206788761,0.0037953659731140657,0.010673924587270091,0.0037963331837108693,0.009889720206788761,0.003796607949529024
UL001787,190.0,0.05468406739446584,0.009044488869010115,0.014055974261040877,0.004053321402348182,0.014055974261040877,0.004053321402348182,0.015731452443253465,0.004054811251636304,0.015731452443253465,0.004054811251636304,0.009910800046522799,0.013720188615474352,0.004053022508652594,0.013720188615474352,0.004053022508652594,0.013639437131200704,0.004053031191910039,0.013639437131200704,0.004053031191910039,0.009051658208847865,0.011324921918508897,0.0038765524405808913,0.010898716750191348,0.003876621901527615,0.011739840586411462,0.0038751859104374695,0.011111777500756858,0.0038749240162817473,0.014015731974150956,0.003976162854566904,0.013997881401166326,0.003976997757945321,0.014972854787306884,0.003965063556876382,0.014966870434079026,0.003965888026589213,0.009044488869010115,0.015731452443253465,0.004054716047674899,0.015731452443253465,0.004054716047674899,0.015731452443253465,0.004054811251636304,0.015731452443253465,0.004054811251636304,0.013711712167365404,0.003938078758297568,0.013707577978007835,0.003938671252000354,0.013649958487649822,0.003938073998317634,0.013649794196985093,0.003938652571563786,0.013639437131200704,0.004052690338106834,0.013639437131200704,0.004052690338106834,0.013639437131200704,0.004053031191910039,0.013639437131200704,0.004053031191910039,0.013883863501553241,0.0039022598672848186,0.011518329956838458,0.003903018407893351,0.014930098092045565,0.003896417147501338,0.012015871109373638,0.003897072190172287,0.011324921918508897,0.0038765524405808913,0.010898716750191348,0.003876621901527615,0.011739840586411462,0.0038751859104374695,0.011111777500756858,0.0038749240162817473,0.013720188615474352,0.004053022508652594,0.013720188615474352,0.004053022508652594,0.013639437131200704,0.004053031191910039,0.013639437131200704,0.004053031191910039,0.011739840586411462,0.0038740232262626374,0.011111777500756858,0.003874101285229439,0.011739840586411462,0.0038751859104374695,0.011111777500756858,0.0038749240162817473
UL001789,192.0,0.06855163012879212,0.009222002374214036,0.011899810750041083,0.004092679685100305,0.011899810750041083,0.004092679685100305,0.012790650240330595,0.004094521165254813,0.012790650240330595,0.004094521165254813,0.009512985806624892,0.010057541051457947,0.0040927048705373305,0.010057541051457947,0.0040927048705373305,0.009992307378250015,0.004092705119238376,0.009992307378250015,0.004092705119238376,0.009316693971892363,0.009928800080605043,0.0039164990472773465,0.009584404902536436,0.003916669238485657,0.010485042114892679,0.003913599376829894,0.00992394777936794,0.003913507508884965,0.011820259852400474,0.004023388111344488,0.01180484479309121,0.004024232195866872,0.01250927662666313,0.004010381538371079,0.012509837166168691,0.004011076267572958,0.009222002374214036,0.012790650240330595,0.004094476475903426,0.012790650240330595,0.004094476475903426,0.012790650240330595,0.004094521165254813,0.012790650240330595,0.004094521165254813,0.009854984456630418,0.004002663003359662,0.009862160588858606,0.004003234024662506,0.009801348891630311,0.0040026571360949606,0.009790788753048098,0.004003233252658891,0.009992307378250015,0.004092912371914295,0.009992307378250015,0.004092912371914295,0.009992307378250015,0.004092705119238376,0.009992307378250015,0.004092705119238376,0.011550151418352859,0.003951796914006792,0.009966494066456567,0.00395266221429799,0.012282200562084832,0.003941695683306173,0.01025734384831276,0.0039419898031306634,0.009928800080605043,0.0039164990472773465,0.009584404902536436,0.003916669238485657,0.010485042114892679,0.003913599376829894,0.00992394777936794,0.003913507508884965,0.010057541051457947,0.0040927048705373305,0.010057541051457947,0.0040927048705373305,0.009992307378250015,0.004092705119238376,0.009992307378250015,0.004092705119238376,0.010485042114892679,0.003912521979258537,0.00992394777936794,0.003912463468905094,0.010485042114892679,0.003913599376829894,0.00992394777936794,0.003913507508884965
UL001791,192.0,0.06566750010245018,0.009601382309090757,0.01446114074368552,0.004075780181198385,0.01446114074368552,0.004075780181198385,0.014979860623640373,0.0040844519594006685,0.014979860623640373,0.0040844519594006685,0.010314724615363924,0.01166428755387188,0.004094117816833421,0.01166428755387188,0.004094117816833421,0.011807760386017748,0.004094096746268767,0.011807760386017748,0.004094096746268767,0.010113850750102318,0.011790514137866746,0.00391407266866405,0.010150913024061813,0.003914371566711236,0.011973975631649057,0.0039129706583389086,0.010704940921337043,0.003913089963567807,0.014397046991257557,0.0040077357320562204,0.014393590685209505,0.00400841422011539,0.014549838911397191,0.0039916989667042714,0.01454871456992179,0.003992293491945509,0.009601382309090757,0.014979860623640373,0.0040870658245845985,0.014979860623640373,0.0040870658245845985,0.014979860623640373,0.0040844519594006685,0.014979860623640373,0.0040844519594006685,0.011517578445259769,0.0039883268016208855,0.011522299747908726,0.003988860326543639,0.011545108027268311,0.003988331972282959,0.011546575381945881,0.003988867236088899,0.011807760386017748,0.004093964621501978,0.011807760386017748,0.004093964621501978,0.011807760386017748,0.004094096746268767,0.011807760386017748,0.004094096746268767,0.014284272828227335,0.0039344515131353175,0.010889918579307134,0.003935046504444734,0.014171104017739732,0.003925726359979641,0.011326643295720208,0.0039260704065915,0.011790514137866746,0.00391407266866405,0.010150913024061813,0.003914371566711236,0.011973975631649057,0.0039129706583389086,0.010704940921337043,0.003913089963567807,0.01166428755387188,0.004094117816833421,0.01166428755387188,0.004094117816833421,0.011807760386017748,0.004094096746268767,0.011807760386017748,0.004094096746268767,0.011973975631649057,0.003913681924118737,0.010704940921337043,0.0039135397090404285,0.011973975631649057,0.0039129706583389086,0.010704940921337043,0.003913089963567807
UL001793,192.0,0.08507094762746781,0.01157909223154438,0.015201680038723872,0.004085937615929256,0.015201680038723872,0.004085937615929256,0.017340190461606366,0.00409039757608322,0.017340190461606366,0.00409039757608322,0.011613563786844227,0.012620708079766627,0.004092862480100659,0.012620708079766627,0.004092862480100659,0.01257955753442328,0.004092853481550487,0.01257955753442328,0.004092853481550487,0.011592832006795189,0.010621413798179559,0.0039168306316460805,0.009926091441321493,0.003917057419060154,0.011206587216564595,0.003915530117014058,0.010454692031125314,0.003915785802599104,0.015329057593241978,0.0040236494769977605,0.015339703325373271,0.004024539483987544,0.01625834638431817,0.004010503407488546,0.016244004627098237,0.004011245182564027,0.01157909223154438,0.017340190461606366,0.0040916986587048055,0.017340190461606366,0.0040916986587048055,0.017340190461606366,0.00409039757608322,0.017340190461606366,0.00409039757608322,0.01260155350868502,0.004008417118933782,0.012599955124815881,0.004008983954882216,0.01259281005206371,0.004008425420196069,0.012606706983975619,0.004008995671637085,0.01257955753442328,0.004092636664050584,0.01257955753442328,0.004092636664050584,0.01257955753442328,0.004092853481550487,0.01257955753442328,0.004092853481550487,0.014893250524340575,0.003948749273117796,0.010946605027909985,0.003949536331045759,0.015767062267778947,0.003941312985727569,0.01190757817187476,0.003941964488134335,0.010621413798179559,0.0039168306316460805,0.009926091441321493,0.003917057419060154,0.011206587216564595,0.003915530117014058,0.010454692031125314,0.003915785802599104,0.012620708079766627,0.004092862480100659,0.012620708079766627,0.004092862480100659,0.01257955753442328,0.004092853481550487,0.01257955753442328,0.004092853481550487,0.011206587216564595,0.003914637760891741,0.010454692031125314,0.003914683433254527,0.011206587216564595,0.003915530117014058,0.010454692031125314,0.003915785802599104
UL001795,191.0,0.09786144375607089,0.010319130231961418,0.012747556729043721,0.004076256993271339,0.012747556729043721,0.004076256993271339,0.012915056026525951,0.004071653364560261,0.012915056026525951,0.004071653364560261,0.01088111437465445,0.010979936482794736,0.0040716722649618495,0.010979936482794736,0.0040716722649618495,0.010990784598198926,0.004071672548629904,0.010990784598198926,0.004071672548629904,0.01041592583715643,0.010293903426480684,0.003889604083812976,0.009678575529474629,0.0038895189911222084,0.010583440522191276,0.003889411795025707,0.009828531620481506,0.0038896047714822306,0.012718016819757752,0.003999657881068324,0.01272428778289128,0.00400006794688528,0.01279996428555519,0.00399711907950165,0.012807861897894955,0.003997538025291217,0.010319130231961418,0.012915056026525951,0.00407214721575359,0.012915056026525951,0.00407214721575359,0.012915056026525951,0.004071653364560261,0.012915056026525951,0.004071653364560261,0.010875799419164918,0.003978890794464093,0.010879958323226566,0.003979023212918469,0.010830105449287267,0.003978880586556258,0.010828850435894823,0.003979019327204041,0.010990784598198926,0.004072081368584992,0.010990784598198926,0.004072081368584992,0.010990784598198926,0.004071672548629904,0.010990784598198926,0.004071672548629904,0.012488898979625308,0.003926400450189758,0.010254531260761257,0.0039269360670231325,0.012796270904755661,0.003924766182507166,0.010399414737463348,0.003925137820097711,0.010293903426480684,0.003889604083812976,0.009678575529474629,0.0038895189911222084,0.010583440522191276,0.003889411795025707,0.009828531620481506,0.0038896047714822306,0.010979936482794736,0.0040716722649618495,0.010979936482794736,0.0040716722649618495,0.010990784598198926,0.004071672548629904,0.010990784598198926,0.004071672548629904,0.010583440522191276,0.0038898966541093716,0.009828531620481506,0.003890030843933866,0.010583440522191276,0.003889411795025707,0.009828531620481506,0.0038896047714822306
Mean mAP,115.09536082474227,0.1108644638825597,0.010470924781359128,0.01886064856078641,0.0022912125229478473,0.01886064856078641,0.0022912125229478473,0.0204992820511433,0.0022896188219542783,0.0204992820511433,0.0022896188219542783,0.013960899469214574,0.015808862959065945,0.0022862884383654416,0.015808862959065945,0.0022862884383654416,0.01636934030666756,0.0022862887533879536,0.01636934030666756,0.0022862887533879536,0.01192078352711355,0.011812465140934349,0.0022188760679718845,0.012855200326748976,0.0022190912143781687,0.01219702572570624,0.0021976000259119983,0.013220643852637574,0.002197789005614154,0.01936789075211066,0.0023516006120805136,0.019368863234684907,0.0023512972202914192,0.01972113634943428,0.0023623404185257784,0.01972451209595912,0.002362295919902783,0.010470924781359128,0.02049928205121384,0.0022895674105226785,0.02049928205121384,0.0022895674105226785,0.020499282050868043,0.002289618823340148,0.020499282050868043,0.002289618823340148,0.01610798928967698,0.002334755167029726,0.01610725487872939,0.002334412777367864,0.016216091094381112,0.0023347553900688357,0.016216253637160203,0.0023344132438870993,0.01636934030666756,0.0022862377706149043,0.01636934030666756,0.0022862377706149043,0.01636934030666756,0.0022862887533879536,0.01636934030666756,0.0022862887533879536,0.018626577546902213,0.0023401375894729817,0.01519710785239424,0.0023397886502611923,0.018970252939668027,0.0023570197404096716,0.015558347816908106,0.002356873631176984,0.011812465140934349,0.0022188760679718845,0.012855200326748976,0.0022190912143781687,0.01219702572570624,0.0021976000259119983,0.013220643852637574,0.002197789005614154,0.015808862959065945,0.0022862884383654416,0.015808862959065945,0.0022862884383654416,0.01636934030666756,0.0022862887533879536,0.01636934030666756,0.0022862887533879536,0.01219702572570624,0.0021973500005146433,0.013220643852637574,0.002197531156495433,0.01219702572570624,0.0021976000259119983,0.013220643852637574,0.002197789005614154
