Label,Number of Queries,mAP (Embeddings_Raw),mAP (Embeddings_Raw__Int),mAP (Embeddings_Raw__Res11),mAP (Embeddings_Raw__Res01),mAP (Embeddings_Raw__ZCA_N_C),mAP (Embeddings_Raw__ZCA_C),mAP (Embeddings_Raw__rZMs_C),mAP (Embeddings_Raw__Int__ZCA_N_C),mAP (Embeddings_Raw__Int__ZCA_C),mAP (Embeddings_Raw__Int__rZMs_C),mAP (Embeddings_Raw__Res11__ZCA_C),mAP (Embeddings_Raw__Res01__ZCA_C),mAP (Embeddings_Raw__Res11__rZMs_C),mAP (Embeddings_Raw__Res01__rZMs_C),mAP (Embeddings_Raw__ZCA_N_C__Int),mAP (Embeddings_Raw__ZCA_C__Int),mAP (Embeddings_Raw__ZCA_C__Res11),mAP (Embeddings_Raw__ZCA_C__Res01),mAP (Embeddings_Raw__ZCA_N_C__rZMs_C),mAP (Embeddings_Raw__ZCA_C__rZMs_C),mAP (Embeddings_Raw__rZMs_C__Int),mAP (Embeddings_Raw__rZMs_C__Res11),mAP (Embeddings_Raw__rZMs_C__Res01),mAP (Embeddings_Raw__rZMs_C__ZCA_N_C),mAP (Embeddings_Raw__rZMs_C__ZCA_C),mAP (Embeddings_Raw__Int__ZCA_N_C__rZMs_C),mAP (Embeddings_Raw__Int__ZCA_C__rZMs_C),mAP (Embeddings_Raw__Int__rZMs_C__ZCA_N_C),mAP (Embeddings_Raw__Int__rZMs_C__ZCA_C),mAP (Embeddings_Raw__Res11__ZCA_C__rZMs_C),mAP (Embeddings_Raw__Res01__ZCA_C__rZMs_C),mAP (Embeddings_Raw__Res11__rZMs_C__ZCA_C),mAP (Embeddings_Raw__Res01__rZMs_C__ZCA_C),mAP (Embeddings_Raw__ZCA_N_C__Int__rZMs_C),mAP (Embeddings_Raw__ZCA_C__Int__rZMs_C),mAP (Embeddings_Raw__ZCA_C__Res11__rZMs_C),mAP (Embeddings_Raw__ZCA_C__Res01__rZMs_C),mAP (Embeddings_Raw__ZCA_N_C__rZMs_C__Int),mAP (Embeddings_Raw__ZCA_C__rZMs_C__Int),mAP (Embeddings_Raw__ZCA_C__rZMs_C__Res11),mAP (Embeddings_Raw__ZCA_C__rZMs_C__Res01),mAP (Embeddings_Raw__rZMs_C__Int__ZCA_N_C),mAP (Embeddings_Raw__rZMs_C__Int__ZCA_C),mAP (Embeddings_Raw__rZMs_C__Res11__ZCA_C),mAP (Embeddings_Raw__rZMs_C__Res01__ZCA_C),mAP (Embeddings_Raw__rZMs_C__ZCA_N_C__Int),mAP (Embeddings_Raw__rZMs_C__ZCA_C__Int),mAP (Embeddings_Raw__rZMs_C__ZCA_C__Res11),mAP (Embeddings_Raw__rZMs_C__ZCA_C__Res01)
1053597950,64.0,0.0340174881093824,0.002018016342999969,0.027171582925035232,0.01431316469538401,0.005736679955454299,0.005736679955454299,0.003042485183459624,0.004556086727934749,0.004556086727934749,0.002901647917573453,0.004910707094013018,0.004910685868187687,0.003042485183459624,0.003042485183459624,0.0024977309202340505,0.0027472218252040654,0.40767070701428415,0.3587878750501929,0.006477575886918187,0.006477575437692125,0.002018016342999969,0.027171582925035232,0.01431316469538401,0.006816917316892111,0.006816917316892111,0.005331210975979114,0.005331209671185365,0.005705519297387303,0.005705519297387303,0.005046643111297522,0.00504687429713214,0.006816917316892111,0.006816917316892111,0.006226499811004945,0.0046545963758847595,0.006477575437692125,0.006477575437692125,0.0024977309202340505,0.0027472218252040654,0.40767070701428415,0.3587878750501929,0.004556086727934749,0.004556086727934749,0.004910707094013018,0.004910685868187687,0.0024606215798126433,0.0026888246957904216,0.40158115083430973,0.3555935634179936
1053597981,64.0,0.037682992762163116,0.001955443322378636,0.019842810977572164,0.011845774527327565,0.006025838508794816,0.006025838508794816,0.0025570543975379626,0.005276890649318682,0.005276890649318682,0.002445968571967012,0.005457562083071568,0.005457585080432155,0.0025570543975379626,0.0025570543975379626,0.0038142887761775405,0.00395122608125798,0.3756590798291271,0.3477838084192282,0.006290484621714863,0.00629048376470581,0.001955443322378636,0.019842810977572164,0.011845774527327565,0.006402497583068966,0.006402497583068966,0.005528709397464635,0.00552871226267201,0.005917744542325735,0.005917744542325735,0.005462887419577314,0.005462898237231962,0.006402497583068966,0.006402497583068966,0.006145490750220263,0.005513279399953865,0.00629048376470581,0.00629048376470581,0.0038142887761775405,0.00395122608125798,0.3756590798291271,0.3477838084192282,0.005276890649318682,0.005276890649318682,0.005457562083071568,0.005457585080432155,0.0033889868880064523,0.0035304135109017498,0.3681232329676564,0.3424215292783607
1053597998,64.0,0.036654316624083826,0.0028897100301181495,0.021900851803740493,0.016859040632900266,0.007044403719877182,0.007044403719877182,0.0040040676904256126,0.006018099548378217,0.006018099548378217,0.0032766875401094996,0.006331843730475229,0.0063315781995583395,0.0040040676904256126,0.0040040676904256126,0.003283730629727801,0.003808646874164192,0.37266216649294587,0.3453810545557915,0.007790364464728296,0.00779036304911267,0.0028897100301181495,0.021900851803740493,0.016859040632900266,0.00861323722394641,0.00861323722394641,0.006524044544757772,0.006524043306842622,0.007337211059754672,0.007337211059754672,0.0062916467889002,0.006291631648584655,0.00861323722394641,0.00861323722394641,0.007390896962985256,0.00649482979965696,0.00779036304911267,0.00779036304911267,0.003283730629727801,0.003808646874164192,0.37266216649294587,0.3453810545557915,0.006018099548378217,0.006018099548378217,0.006331843730475229,0.0063315781995583395,0.0032644756300512804,0.003693342017338907,0.36996866263856115,0.34384167264557175
1053599589,64.0,0.04378032240942488,0.0028807690709199713,0.043662931888146364,0.02349572398522684,0.012057864572483437,0.012057864572483437,0.005343913810122735,0.008744081815435656,0.008744081815435656,0.0045178624713438495,0.009541193176995168,0.009541176597409409,0.005343913810122735,0.005343913810122735,0.004945624034309445,0.005825122817830708,0.377243547293415,0.3420119369430086,0.01375545849294844,0.013755458393150101,0.0028807690709199713,0.043662931888146364,0.02349572398522684,0.014309797150480879,0.014309797150480879,0.009550112652221963,0.009550113110545478,0.010380661290163871,0.010380661290163871,0.010937371741237102,0.010937377512080564,0.014309797150480879,0.014309797150480879,0.01246697061131981,0.010267211663866968,0.013755458393150101,0.013755458393150101,0.004945624034309445,0.005825122817830708,0.377243547293415,0.3420119369430086,0.008744081815435656,0.008744081815435656,0.009541193176995168,0.009541176597409409,0.004773825235254483,0.005541848997984773,0.3697168172843977,0.33692908492618273
1053599619,64.0,0.041219209176150996,0.002744351183072982,0.026272473069085752,0.01606247439155587,0.009493044004536457,0.009493044004536457,0.00427381393056909,0.006871328315564077,0.006871328315564077,0.00356430148055038,0.00818828297785958,0.00818828539889415,0.00427381393056909,0.00427381393056909,0.005034008859169701,0.0054761518114600895,0.3752075487535012,0.3544507895310117,0.009925941563076458,0.009925937389172915,0.002744351183072982,0.026272473069085752,0.01606247439155587,0.01011074577457711,0.01011074577457711,0.008088743062449357,0.008088743062449357,0.008883138372054946,0.008883138372054946,0.008847573951443881,0.008847567138182457,0.01011074577457711,0.01011074577457711,0.009644971623789206,0.00897000082291016,0.009925937389172915,0.009925937389172915,0.005034008859169701,0.0054761518114600895,0.3752075487535012,0.3544507895310117,0.006871328315564077,0.006871328315564077,0.00818828297785958,0.00818828539889415,0.004845237146698878,0.005076519947873671,0.36863989365076644,0.3502658804014121
1053599626,64.0,0.034322990406629346,0.0023667330133882937,0.037871086456149713,0.020190266640986197,0.008810005321175542,0.008810005321175542,0.0045211206034574715,0.006649738434692518,0.006649738434692518,0.003445112020257726,0.007630851578928165,0.007630755610555105,0.0045211206034574715,0.0045211206034574715,0.004819040083065356,0.005610524953252355,0.3820432545973271,0.34916607424386187,0.009878562559221822,0.009878561289633063,0.0023667330133882937,0.037871086456149713,0.020190266640986197,0.009638310208098482,0.009638310208098482,0.007286798007337785,0.007286799970610681,0.008261460338991769,0.008261460338991769,0.00852799058849613,0.008527970854975428,0.009638310208098482,0.009638310208098482,0.009377567300121945,0.00807506071142967,0.009878561289633063,0.009878561289633063,0.004819040083065356,0.005610524953252355,0.3820432545973271,0.34916607424386187,0.006649738434692518,0.006649738434692518,0.007630851578928165,0.007630755610555105,0.004620930174112704,0.005090190393102316,0.3746231214827366,0.34549993174760646
1053600728,64.0,0.01605754864793292,0.002574229620472041,0.027581590916260876,0.021666122659289862,0.01133754260037122,0.01133754260037122,0.004280077523604766,0.008558020546607242,0.008558020546607242,0.003593874884930029,0.010343581929123416,0.01034360606260817,0.004280077523604766,0.004280077523604766,0.006893488846070348,0.007510297401781416,0.3921168285835805,0.36394271788120175,0.012166652464588638,0.012166652030733473,0.002574229620472041,0.027581590916260876,0.021666122659289862,0.012074847312887447,0.012074847312887447,0.009481053521010642,0.009481053657524928,0.01011860752372792,0.01011860752372792,0.010473621995834799,0.010473610092304953,0.012074847312887447,0.012074847312887447,0.011241277586690454,0.01039602072376192,0.012166652030733473,0.012166652030733473,0.006893488846070348,0.007510297401781416,0.3921168285835805,0.36394271788120175,0.008558020546607242,0.008558020546607242,0.010343581929123416,0.01034360606260817,0.006508559014432924,0.007137490242062713,0.3818891358791836,0.3578739612784027
1053600865,64.0,0.015038593267807402,0.0025018653007678818,0.029242388814316223,0.018937485620277306,0.009583337193403865,0.009583337193403865,0.003694787834445214,0.006976551018286422,0.006976551018286422,0.003248100028164935,0.007695724474338112,0.007696477280282057,0.003694787834445214,0.003694787834445214,0.004754395375211624,0.005210692977583603,0.42842118480112623,0.3611975562336631,0.010612558080261153,0.010612557112267,0.0025018653007678818,0.029242388814316223,0.018937485620277306,0.010579355216927643,0.010579355216927643,0.007694219253761679,0.007694219852199346,0.008171042118519356,0.008171042118519356,0.008349337202385397,0.008349329534164772,0.010579355216927643,0.010579355216927643,0.010036801493364328,0.007749655270691233,0.010612557112267,0.010612557112267,0.004754395375211624,0.005210692977583603,0.42842118480112623,0.3611975562336631,0.006976551018286422,0.006976551018286422,0.007695724474338112,0.007696477280282057,0.004677913890282778,0.005080874992792483,0.4244934723094985,0.35872236988678036
1053600872,64.0,0.016797897792696255,0.002351353912296929,0.03597738566470665,0.02712725461379213,0.008749167104581753,0.008749167104581753,0.0036581993279164596,0.006001060690125222,0.006001060690125222,0.0030167192210011633,0.007370689465623964,0.007372910493268332,0.0036581993279164596,0.0036581993279164596,0.004250672602382834,0.005139035939389756,0.40677339113889643,0.36612629642416183,0.009615267515914834,0.009615267889434176,0.002351353912296929,0.03597738566470665,0.02712725461379213,0.009581497159461374,0.009581497159461374,0.006881544974289588,0.006881544974289588,0.006948702672462784,0.006948702672462784,0.007747510164419752,0.0077474779599479935,0.009581497159461374,0.009581497159461374,0.008780291457126867,0.0073291103967742305,0.009615267889434176,0.009615267889434176,0.004250672602382834,0.005139035939389756,0.40677339113889643,0.36612629642416183,0.006001060690125222,0.006001060690125222,0.007370689465623964,0.007372910493268332,0.00417767598661464,0.004990072741881035,0.3986391321854378,0.3616357843296062
1053601770,64.0,0.015055581611051246,0.0020474878866646655,0.03498187417967836,0.020615975834560298,0.009055132010783382,0.009055132010783382,0.0030649886912618657,0.0053622521646123494,0.0053622521646123494,0.0026222431214317915,0.006875289369492976,0.006875253056979412,0.0030649886912618657,0.0030649886912618657,0.003477849386032009,0.004029403556838619,0.408501207967147,0.35696872575799643,0.00977566077162372,0.009775664364817416,0.0020474878866646655,0.03498187417967836,0.020615975834560298,0.010100838201712021,0.010100838201712021,0.006262922499058247,0.006262916333092991,0.006840077479962333,0.006840077479962333,0.007352912225286468,0.007352928060672709,0.010100838201712021,0.010100838201712021,0.008850955254150918,0.0074291494261725976,0.009775664364817416,0.009775664364817416,0.003477849386032009,0.004029403556838619,0.408501207967147,0.35696872575799643,0.0053622521646123494,0.0053622521646123494,0.006875289369492976,0.006875253056979412,0.0033651376441907075,0.003684492491674721,0.4021632310262728,0.35257759114207854
1053601794,64.0,0.016277668896132712,0.002085569076563879,0.03761406803618887,0.02259091950025961,0.00956172114096704,0.00956172114096704,0.0036397382075037616,0.007072402497877773,0.007072402497877773,0.003027134825590127,0.007967086574145365,0.007967052553276652,0.0036397382075037616,0.0036397382075037616,0.005332688120615726,0.005375451625184092,0.42455316902612483,0.3685999174610372,0.01067413357132441,0.010674135064062316,0.002085569076563879,0.03761406803618887,0.02259091950025961,0.010811135193893505,0.010811135193893505,0.0073907576466535905,0.007390757634977948,0.008194667324561982,0.008194667324561982,0.008436549277932305,0.00843618444790113,0.010811135193893505,0.010811135193893505,0.00983956389599846,0.008221537953176228,0.010674135064062316,0.010674135064062316,0.005332688120615726,0.005375451625184092,0.42455316902612483,0.3685999174610372,0.007072402497877773,0.007072402497877773,0.007967086574145365,0.007967052553276652,0.005174460941616117,0.005146360859720905,0.42040528401188204,0.36740934068947056
1053601909,64.0,0.015185922137198745,0.002484906421589045,0.05966265523267216,0.039943875711905844,0.01185080573269998,0.01185080573269998,0.003922835714288055,0.008579620093329382,0.008579620093329382,0.0034243571479573636,0.010319419975817297,0.010319408189799558,0.003922835714288055,0.003922835714288055,0.007001495599890974,0.0073900441074011055,0.4408235725096327,0.3918333573426991,0.012969686165484044,0.01296968511174078,0.002484906421589045,0.05966265523267216,0.039943875711905844,0.013283776216824132,0.013283776216824132,0.009477817068144734,0.009477816948622007,0.009778380975068281,0.009778380975068281,0.010598505593346583,0.010598664252607037,0.013283776216824132,0.013283776216824132,0.012261722287250762,0.010548002557391705,0.01296968511174078,0.01296968511174078,0.007001495599890974,0.0073900441074011055,0.4408235725096327,0.3918333573426991,0.008579620093329382,0.008579620093329382,0.010319419975817297,0.010319408189799558,0.006804436675937929,0.006915862175968352,0.43598979908817287,0.38666138911310804
1086289747,64.0,0.012140398150593564,0.0025019841240214767,0.06477635635094828,0.04325564080543307,0.00949496031318012,0.00949496031318012,0.004680633481271561,0.006637838703357938,0.006637838703357938,0.003889966071176856,0.008190372602551904,0.008190343358957903,0.004680633481271561,0.004680633481271561,0.004904614981200469,0.005563947475674548,0.42930126891381065,0.394053395294139,0.010621621920370418,0.010621621886110742,0.0025019841240214767,0.06477635635094828,0.04325564080543307,0.010694669509283238,0.010694669509283238,0.007615946084246412,0.0076159458341941485,0.007799723730264415,0.007799723730264415,0.008536277569190034,0.008536306802944546,0.010694669509283238,0.010694669509283238,0.009729908707477657,0.00859558920790389,0.010621621886110742,0.010621621886110742,0.004904614981200469,0.005563947475674548,0.42930126891381065,0.394053395294139,0.006637838703357938,0.006637838703357938,0.008190372602551904,0.008190343358957903,0.0047119938929495,0.005325846146980771,0.42546421872538714,0.38941924972473185
1086289761,64.0,0.00895451821712613,0.0021067868228175557,0.0284687376084672,0.019997883053189454,0.011064993097825642,0.011064993097825642,0.004324263451414978,0.007366626268324489,0.007366626268324489,0.0034215349255968417,0.009342999122992413,0.009342946547309315,0.004324263451414978,0.004324263451414978,0.004777208814854865,0.005808531209733162,0.4194137938577242,0.3857881964853084,0.012222052729283802,0.012222052640676188,0.0021067868228175557,0.0284687376084672,0.019997883053189454,0.012692015617443585,0.012692015617443585,0.008267076298467948,0.008267077930205173,0.009036259953085945,0.009036259953085945,0.010033002884667989,0.01003303295341673,0.012692015617443585,0.012692015617443585,0.011427475244224298,0.009426398978265384,0.012222052640676188,0.012222052640676188,0.004777208814854865,0.005808531209733162,0.4194137938577242,0.3857881964853084,0.007366626268324489,0.007366626268324489,0.009342999122992413,0.009342946547309315,0.004580727799057611,0.005276667228311353,0.4111918912768123,0.38070780945770893
1086289785,64.0,0.010528616677733067,0.0022650298059635793,0.03120097251154394,0.02279279784552511,0.01073595445239554,0.01073595445239554,0.004753598780120565,0.008175478924320701,0.008175478924320701,0.003968538829065095,0.009443805785502845,0.009443824981244084,0.004753598780120565,0.004753598780120565,0.004768009127455826,0.005638447077573351,0.4277914575695304,0.3943047116689022,0.01210261684019563,0.012102613190356899,0.0022650298059635793,0.03120097251154394,0.02279279784552511,0.012485172393557469,0.012485172393557469,0.008743763432499527,0.008743763517292355,0.009092120814478251,0.009092120814478251,0.01027505715619141,0.010275183379795116,0.012485172393557469,0.012485172393557469,0.01145854661992731,0.008909220360705145,0.012102613190356899,0.012102613190356899,0.004768009127455826,0.005638447077573351,0.4277914575695304,0.3943047116689022,0.008175478924320701,0.008175478924320701,0.009443805785502845,0.009443824981244084,0.004588030674123271,0.005402610921700838,0.4256884484502626,0.39065755213758885
1086290354,64.0,0.010531888217081831,0.00235809051196164,0.04926644716122622,0.02398323588363756,0.009887568073688291,0.009887568073688291,0.0033584243438658534,0.006706880639269599,0.006706880639269599,0.002788039788885371,0.008132053552457354,0.008132298232619923,0.0033584243438658534,0.0033584243438658534,0.004145478303172507,0.00515113282052454,0.44973691313466957,0.41227592378015404,0.011069031665655885,0.01106904035307499,0.00235809051196164,0.04926644716122622,0.02398323588363756,0.011226423364656525,0.011226423364656525,0.0078033176711087265,0.007803317500166863,0.00836602517711936,0.00836602517711936,0.008915747020726224,0.008915683046047111,0.011226423364656525,0.011226423364656525,0.009508193105417137,0.007949810829524293,0.01106904035307499,0.01106904035307499,0.004145478303172507,0.00515113282052454,0.44973691313466957,0.41227592378015404,0.006706880639269599,0.006706880639269599,0.008132053552457354,0.008132298232619923,0.004030226523432034,0.004880195837440612,0.44475620024881174,0.40653325975961285
1086290361,64.0,0.008518734510620116,0.0027621896627512245,0.061283165683423055,0.0372423856906883,0.010513314935760054,0.010513314935760054,0.005205624705670256,0.007928174807930637,0.007928174807930637,0.0038965754493030668,0.009280894410098125,0.009280857741487836,0.005205624705670256,0.005205624705670256,0.004783373674651921,0.006393700295893761,0.4219575443325909,0.3872053996820472,0.011059211738101503,0.011059207493469822,0.0027621896627512245,0.061283165683423055,0.0372423856906883,0.01155224446378111,0.01155224446378111,0.00885506500690071,0.00885506481929276,0.009150483942762695,0.009150483942762695,0.009722640456935406,0.00972263817628558,0.01155224446378111,0.01155224446378111,0.01073089324527015,0.00846585419050556,0.011059207493469822,0.011059207493469822,0.004783373674651921,0.006393700295893761,0.4219575443325909,0.3872053996820472,0.007928174807930637,0.007928174807930637,0.009280894410098125,0.009280857741487836,0.004628260684492205,0.006094533441379215,0.4151920449552077,0.38406784840783953
1086290453,384.0,0.19284693986800172,0.00980762631835731,0.028384318566383484,0.05481345069849703,0.008384010700764217,0.008384010700764217,0.010061733951596891,0.00837553061519567,0.00837553061519567,0.010067489896220768,0.008380668642570884,0.00838024400992422,0.010061733951596891,0.010061733951596891,0.00810823368250332,0.008111693529743398,0.07824720596473615,0.01447898605780462,0.008196678576486344,0.008196675493119697,0.00980762631835731,0.028384318566383484,0.05481345069849703,0.008378670263244818,0.008378670263244818,0.007962952860736325,0.007962955759677107,0.008370244225977461,0.008370244225977461,0.007950849177544388,0.007950919138728972,0.008378670263244818,0.008378670263244818,0.008142385613435011,0.00812505249218525,0.008196675493119697,0.008196675493119697,0.00810823368250332,0.008111693529743398,0.07824720596473615,0.01447898605780462,0.00837553061519567,0.00837553061519567,0.008380668642570884,0.00838024400992422,0.007896245855260631,0.007896598854768221,0.07255682897031457,0.014420846021929341
1086290477,384.0,0.14180793574298045,0.009931180820535648,0.030876491642605877,0.055442561183671794,0.00838133055174022,0.00838133055174022,0.010055255565992995,0.008367034388538065,0.008367034388538065,0.010107144597220794,0.008374822271008142,0.008374827782706032,0.010055255565992995,0.010055255565992995,0.008106228531872125,0.008105430261200645,0.08980639245486509,0.015018191222976068,0.008190904128984202,0.00819090057393127,0.009931180820535648,0.030876491642605877,0.055442561183671794,0.008375799134085798,0.008375799134085798,0.00796663279425185,0.007966632800935642,0.008363039176470377,0.008363039176470377,0.007967503564569198,0.007967500428325548,0.008375799134085798,0.008375799134085798,0.008139031991981191,0.008120239661864386,0.00819090057393127,0.00819090057393127,0.008106228531872125,0.008105430261200645,0.08980639245486509,0.015018191222976068,0.008367034388538065,0.008367034388538065,0.008374822271008142,0.008374827782706032,0.007916506917544754,0.00791591115681826,0.08264270475832299,0.014985676695833417
1086290484,64.0,0.010088278712074093,0.0023984183499649384,0.037023937988235105,0.024752029286531408,0.012971539891363803,0.012971539891363803,0.0050080330395461566,0.009520158602141832,0.009520158602141832,0.003435826859502233,0.011080158750015348,0.011080235047713707,0.0050080330395461566,0.0050080330395461566,0.006124254730279425,0.007458477124426498,0.4381243967595227,0.3894897220536093,0.013915600596480416,0.013915602064768511,0.0023984183499649384,0.037023937988235105,0.024752029286531408,0.013957227449881593,0.013957227449881593,0.010312427685640111,0.010312421094753046,0.011117697439850383,0.011117697439850383,0.011681195439661094,0.01168117688585206,0.013957227449881593,0.013957227449881593,0.012936511692830867,0.010922712795120292,0.013915602064768511,0.013915602064768511,0.006124254730279425,0.007458477124426498,0.4381243967595227,0.3894897220536093,0.009520158602141832,0.009520158602141832,0.011080158750015348,0.011080235047713707,0.005762153087940249,0.00692703359166875,0.43375524386994313,0.386226082700399
1086290644,64.0,0.01002235726549769,0.002338267330700991,0.03643318888707657,0.017795780311492197,0.007129468380770757,0.007129468380770757,0.0033452836996547535,0.005061797001724274,0.005061797001724274,0.0028333064444480754,0.005826104054238834,0.005826098780099063,0.0033452836996547535,0.0033452836996547535,0.0031618645224326483,0.003687752854211567,0.4075075077896653,0.37177389899053437,0.007949835140692819,0.007949836977338028,0.002338267330700991,0.03643318888707657,0.017795780311492197,0.008601902881164166,0.008601902881164166,0.005550531911313945,0.005550531911313945,0.0058858626856623806,0.0058858626856623806,0.005922311841815432,0.005922406629418446,0.008601902881164166,0.008601902881164166,0.007403752719584231,0.00627721668213866,0.007949836977338028,0.007949836977338028,0.0031618645224326483,0.003687752854211567,0.4075075077896653,0.37177389899053437,0.005061797001724274,0.005061797001724274,0.005826104054238834,0.005826098780099063,0.0031119696868834304,0.0034948413684434253,0.40370090493338495,0.36855310081844506
1086291962,64.0,0.010491481637849197,0.00239403200756134,0.03388261600055103,0.02644557661870611,0.010276366095524132,0.010276366095524132,0.00395159359743077,0.007256137213277579,0.007256137213277579,0.0035833810027936113,0.008801466224005383,0.008801479778592386,0.00395159359743077,0.00395159359743077,0.004830880455876003,0.005503628981586339,0.3755002225104708,0.36260052148853256,0.01176252817607264,0.011762527481916373,0.00239403200756134,0.03388261600055103,0.02644557661870611,0.011860120234008073,0.011860120234008073,0.008203015764606353,0.008203015764606353,0.008611551164622097,0.008611551164622097,0.008798718969860701,0.008798691540398723,0.011860120234008073,0.011860120234008073,0.011317997577958426,0.008697878815650675,0.011762527481916373,0.011762527481916373,0.004830880455876003,0.005503628981586339,0.3755002225104708,0.36260052148853256,0.007256137213277579,0.007256137213277579,0.008801466224005383,0.008801479778592386,0.004668886762739386,0.005295209846152997,0.3706044856979003,0.3567111250876905
1086292082,64.0,0.013128772135996749,0.0023831150323439464,0.05604329035284438,0.038057820434016024,0.00859601923867081,0.00859601923867081,0.0032055525484051698,0.005894568115184035,0.005894568115184035,0.0026789391061268954,0.007359316297084146,0.007359310875760444,0.0032055525484051698,0.0032055525484051698,0.004373541496319981,0.0047541438979088885,0.43764123001711236,0.41457972975226537,0.009553218223889874,0.009553221494611635,0.0023831150323439464,0.05604329035284438,0.038057820434016024,0.009609122036433345,0.009609122036433345,0.0067804155876028584,0.0067804155876028584,0.007379135009235857,0.007379135009235857,0.0079562280688055,0.007956205008910368,0.009609122036433345,0.009609122036433345,0.009057274140939221,0.007599138397074727,0.009553221494611635,0.009553221494611635,0.004373541496319981,0.0047541438979088885,0.43764123001711236,0.41457972975226537,0.005894568115184035,0.005894568115184035,0.007359316297084146,0.007359310875760444,0.004069962675633919,0.0043694241529426804,0.4312649473477034,0.4100849733880735
1086292150,64.0,0.00950448770488583,0.001975905282314797,0.01972776565039447,0.011325601618229451,0.010404874326517412,0.010404874326517412,0.0033152369949888565,0.00720110621940259,0.00720110621940259,0.0029275241883631627,0.008843635891819185,0.008843624449175993,0.0033152369949888565,0.0033152369949888565,0.004895802022474081,0.005349047555582016,0.3912565330152055,0.36877999610357637,0.011420418073444917,0.011420416921213608,0.001975905282314797,0.01972776565039447,0.011325601618229451,0.0114572160015052,0.0114572160015052,0.00827808425705375,0.008278079242072998,0.009019720862058291,0.009019720862058291,0.009506517101648385,0.00950651815498325,0.0114572160015052,0.0114572160015052,0.010632876470167798,0.008473388338313206,0.011420416921213608,0.011420416921213608,0.004895802022474081,0.005349047555582016,0.3912565330152055,0.36877999610357637,0.00720110621940259,0.00720110621940259,0.008843635891819185,0.008843624449175993,0.004618773313547477,0.00505349922680951,0.384820195539394,0.3599477155483716
1086292273,64.0,0.012835547351255978,0.0023244902104719153,0.06173365459939887,0.03958935664551658,0.01161747296535178,0.01161747296535178,0.004269038825521875,0.007847099703822675,0.007847099703822675,0.0035096236704537697,0.010282404654740045,0.010282162824408187,0.004269038825521875,0.004269038825521875,0.004744208815032911,0.0057899601413707825,0.42429817069480075,0.41302256624492145,0.012835888747848495,0.012835888893941032,0.0023244902104719153,0.06173365459939887,0.03958935664551658,0.01290293100598669,0.01290293100598669,0.009030999981643544,0.009030999685762249,0.009739003613302304,0.009739003613302304,0.010295444200720894,0.010295445750644047,0.01290293100598669,0.01290293100598669,0.011961465043889946,0.009771429477425276,0.012835888893941032,0.012835888893941032,0.004744208815032911,0.0057899601413707825,0.42429817069480075,0.41302256624492145,0.007847099703822675,0.007847099703822675,0.010282404654740045,0.010282162824408187,0.004497929211608095,0.005257566576830434,0.41808008310619493,0.4071064524724906
1086292440,64.0,0.009912315604618561,0.002751827020735882,0.05732532720634988,0.03670321200823281,0.008708775828176061,0.008708775828176061,0.0042417536068329416,0.006537452359572167,0.006537452359572167,0.0036136488230848847,0.007882442993760914,0.007883604452781301,0.0042417536068329416,0.0042417536068329416,0.004219425359394071,0.004984761157678352,0.37244422679796374,0.3603626341512427,0.009639758446721157,0.00963975571637664,0.002751827020735882,0.05732532720634988,0.03670321200823281,0.009555100566590608,0.009555100566590608,0.007205135902782637,0.007205135839376664,0.007765419649311437,0.007765419649311437,0.0077242763201575545,0.0077242779687894895,0.009555100566590608,0.009555100566590608,0.009179439765866123,0.007767768426060958,0.00963975571637664,0.00963975571637664,0.004219425359394071,0.004984761157678352,0.37244422679796374,0.3603626341512427,0.006537452359572167,0.006537452359572167,0.007882442993760914,0.007883604452781301,0.004136329411594679,0.004778143477406312,0.3682413585637753,0.35689272615277634
1086292495,64.0,0.011556026798265999,0.0023790687184193217,0.03593769380435655,0.02356506186719105,0.00803762247427557,0.00803762247427557,0.0038855707237262075,0.006134928405765699,0.006134928405765699,0.003240189094467017,0.0071580072630772875,0.007158078242024459,0.0038855707237262075,0.0038855707237262075,0.00375861736771508,0.004779493048153936,0.3866876099733398,0.3584827660490093,0.008796959305549804,0.008796960208593309,0.0023790687184193217,0.03593769380435655,0.02356506186719105,0.008989511979222011,0.008989511979222011,0.006647523319695508,0.006647523319695508,0.007024902616970094,0.007024902616970094,0.0071421321706771745,0.0071421181577984785,0.008989511979222011,0.008989511979222011,0.008160561140975752,0.007507701111621964,0.008796960208593309,0.008796960208593309,0.00375861736771508,0.004779493048153936,0.3866876099733398,0.3584827660490093,0.006134928405765699,0.006134928405765699,0.0071580072630772875,0.007158078242024459,0.0036120391599990275,0.004428225350108518,0.3806185023116108,0.355359423960081
1086292778,64.0,0.009867733842335443,0.0027787340887287775,0.04538282245491308,0.03403017714948535,0.007032408138186753,0.007032408138186753,0.003706728938335175,0.005667311816061038,0.005667311816061038,0.00309389436299306,0.006561961177728613,0.006561992104469604,0.003706728938335175,0.003706728938335175,0.003968838875040404,0.004863231266034685,0.40928682889809487,0.37981694249907255,0.0077474200410814625,0.007747419399812921,0.0027787340887287775,0.04538282245491308,0.03403017714948535,0.007988675499190676,0.007988675499190676,0.005640932345638338,0.0056409320907672,0.006172554218521356,0.006172554218521356,0.00643376699786993,0.0064337604852722375,0.007988675499190676,0.007988675499190676,0.0072206278697437825,0.006358152580734439,0.007747419399812921,0.007747419399812921,0.003968838875040404,0.004863231266034685,0.40928682889809487,0.37981694249907255,0.005667311816061038,0.005667311816061038,0.006561961177728613,0.006561992104469604,0.0038641306213976294,0.004543810616703348,0.40533317087351195,0.376174638138838
1086292891,64.0,0.01095577351230836,0.0021375441339967077,0.04470887975175128,0.026434830136538977,0.012339027990601239,0.012339027990601239,0.004686643910841691,0.007981925917904248,0.007981925917904248,0.003402652855749641,0.009722924291506755,0.009723190878484257,0.004686643910841691,0.004686643910841691,0.005453298406027293,0.00595726757160483,0.41310386469886107,0.3763541484123661,0.013501119995434536,0.013501127956579794,0.0021375441339967077,0.04470887975175128,0.026434830136538977,0.013263225620291419,0.013263225620291419,0.009368635948463037,0.009368636188101138,0.009886895577357157,0.009886895577357157,0.011165364862514566,0.011165345487697584,0.013263225620291419,0.013263225620291419,0.012710059378013677,0.010681497319969263,0.013501127956579794,0.013501127956579794,0.005453298406027293,0.00595726757160483,0.41310386469886107,0.3763541484123661,0.007981925917904248,0.007981925917904248,0.009722924291506755,0.009723190878484257,0.005062451188075048,0.005493237113355658,0.40797958731887085,0.37076563844584565
1086292952,64.0,0.012035606689231568,0.002117638419792303,0.04166759478505374,0.031018231753820957,0.014333874071614645,0.014333874071614645,0.004389978456395651,0.010918048409307332,0.010918048409307332,0.0030173585412131424,0.012900390067402187,0.01290037035615958,0.004389978456395651,0.004389978456395651,0.006263421520038676,0.00786987717710313,0.3989289112874463,0.3584276047994796,0.015539832577672308,0.01553983083119782,0.002117638419792303,0.04166759478505374,0.031018231753820957,0.015522529937526073,0.015522529937526073,0.011715699166744347,0.011715699154429597,0.012827673457047219,0.012827673457047219,0.013365685761713472,0.01336578650562621,0.015522529937526073,0.015522529937526073,0.01424190324365451,0.012508166812790194,0.01553983083119782,0.01553983083119782,0.006263421520038676,0.00786987717710313,0.3989289112874463,0.3584276047994796,0.010918048409307332,0.010918048409307332,0.012900390067402187,0.01290037035615958,0.005978458864735471,0.0074241718069804515,0.3937905542717176,0.3542568118812827
1086293195,64.0,0.011328301852980864,0.0016699332531557548,0.0329891541702031,0.024656247647859994,0.008131962898811726,0.008131962898811726,0.0020498598610803275,0.0049281881904868164,0.0049281881904868164,0.001807656736731278,0.006255170440652018,0.006255215630962525,0.0020498598610803275,0.0020498598610803275,0.0038024243267237765,0.004299909546461982,0.4199101572030931,0.36312720153518857,0.009700772817952978,0.009700771498782559,0.0016699332531557548,0.0329891541702031,0.024656247647859994,0.010051355422018403,0.010051355422018403,0.0060407041956966065,0.006040705662616905,0.006364712073985688,0.006364712073985688,0.006884719393755461,0.0068847273412049985,0.010051355422018403,0.010051355422018403,0.009060605889057478,0.0070454615751302276,0.009700771498782559,0.009700771498782559,0.0038024243267237765,0.004299909546461982,0.4199101572030931,0.36312720153518857,0.0049281881904868164,0.0049281881904868164,0.006255170440652018,0.006255215630962525,0.00370822180729556,0.004128437416820806,0.41472511184693844,0.36065992846203776
1086293218,64.0,0.008788372844287125,0.00212642769224527,0.027246838352946615,0.01642933984274493,0.009748807071031759,0.009748807071031759,0.0026389716660838577,0.006939855400895763,0.006939855400895763,0.002315625084032792,0.008220469283507162,0.008220475407318335,0.0026389716660838577,0.0026389716660838577,0.004742388381533206,0.005221370720051618,0.36287318580746,0.3378260124466568,0.010811749284958478,0.010811748567086528,0.00212642769224527,0.027246838352946615,0.01642933984274493,0.011057988118502773,0.011057988118502773,0.007204618555035763,0.007204618555035763,0.007876358829014636,0.007876358829014636,0.007970987642188093,0.007970924369424804,0.011057988118502773,0.011057988118502773,0.009751991689154749,0.009008689541035547,0.010811748567086528,0.010811748567086528,0.004742388381533206,0.005221370720051618,0.36287318580746,0.3378260124466568,0.006939855400895763,0.006939855400895763,0.008220469283507162,0.008220475407318335,0.004227175997112265,0.0049277691689612125,0.3532478542420436,0.3324309645424473
1086293225,64.0,0.01077049488314639,0.002779771826069924,0.029518889174618753,0.019157102867274258,0.008249489024307019,0.008249489024307019,0.005165051844856681,0.0063506164172034,0.0063506164172034,0.0041189925845640666,0.007564519305278446,0.007564440720561138,0.005165051844856681,0.005165051844856681,0.004179845197197432,0.004789600234433547,0.352028322439502,0.3454650287437897,0.009268902631872581,0.009268907575930817,0.002779771826069924,0.029518889174618753,0.019157102867274258,0.00951216443707997,0.00951216443707997,0.006996006127189328,0.00699600611634656,0.0075160770194682945,0.0075160770194682945,0.007772698846005986,0.007772713164393712,0.00951216443707997,0.00951216443707997,0.008685662594791962,0.007878155341970393,0.009268907575930817,0.009268907575930817,0.004179845197197432,0.004789600234433547,0.352028322439502,0.3454650287437897,0.0063506164172034,0.0063506164172034,0.007564519305278446,0.007564440720561138,0.004131123325014957,0.004455238567674754,0.3483448848056571,0.34061518804904356
1086293386,384.0,0.16977609213788444,0.010105044978004147,0.027571272290296527,0.05380101689586151,0.008384364108370757,0.008384364108370757,0.010334458329643335,0.00836889334897226,0.00836889334897226,0.010393223700372042,0.00837922322533156,0.008379288658090485,0.010334458329643335,0.010334458329643335,0.008112016976623736,0.008111577888984855,0.06618300042498164,0.01423639404425187,0.008197860826913218,0.008197877052931365,0.010105044978004147,0.027571272290296527,0.05380101689586151,0.008375816100394977,0.008375816100394977,0.007962336200968647,0.00796233766263007,0.00836508342008313,0.00836508342008313,0.007959966775959587,0.007960082145148784,0.008375816100394977,0.008375816100394977,0.008143850293723283,0.008125487624612612,0.008197877052931365,0.008197877052931365,0.008112016976623736,0.008111577888984855,0.06618300042498164,0.01423639404425187,0.00836889334897226,0.00836889334897226,0.00837922322533156,0.008379288658090485,0.007912829418594539,0.007911011914005032,0.0664079114427518,0.01430343245040173
1086293478,64.0,0.013360339383896866,0.0033206625415005122,0.03332519796331716,0.026906414676387297,0.011456018211573556,0.011456018211573556,0.006129352885918195,0.008657477321372608,0.008657477321372608,0.005095767083550084,0.009777218108148578,0.009777340877639458,0.006129352885918195,0.006129352885918195,0.006448453001903555,0.0070401790887388415,0.38633450193127344,0.3573634463705973,0.012018375328119543,0.012018375859530372,0.0033206625415005122,0.03332519796331716,0.026906414676387297,0.012110460982919588,0.012110460982919588,0.009342215439161637,0.00934221506130488,0.010091646759549114,0.010091646759549114,0.010173539485637708,0.010173560682684662,0.012110460982919588,0.012110460982919588,0.01136345464741684,0.009765424431105726,0.012018375859530372,0.012018375859530372,0.006448453001903555,0.0070401790887388415,0.38633450193127344,0.3573634463705973,0.008657477321372608,0.008657477321372608,0.009777218108148578,0.009777340877639458,0.006343019303451804,0.006857921615732225,0.37999865853152237,0.35263591484467344
1086293553,64.0,0.01686170052420986,0.0027102478900402544,0.04175920078817204,0.025748420547481245,0.007765663747221311,0.007765663747221311,0.004049360614688503,0.006142599447375353,0.006142599447375353,0.003141645188318569,0.006744233815626017,0.006744229816969986,0.004049360614688503,0.004049360614688503,0.005022268137559815,0.005235844379736303,0.44427994185471126,0.3917503312508598,0.00861860039577107,0.008618599478733944,0.0027102478900402544,0.04175920078817204,0.025748420547481245,0.008893055939321756,0.008893055939321756,0.006876591303676598,0.006876591303676598,0.007254343979562972,0.007254343979562972,0.007123402968749283,0.007123809923862188,0.008893055939321756,0.008893055939321756,0.008130533893110673,0.00730186546857948,0.008618599478733944,0.008618599478733944,0.005022268137559815,0.005235844379736303,0.44427994185471126,0.3917503312508598,0.006142599447375353,0.006142599447375353,0.006744233815626017,0.006744229816969986,0.0049127360643229515,0.005223507279578635,0.43773622421934877,0.38751850734444426
1086293850,64.0,0.017757478421019247,0.0024626312508522707,0.0755653370745436,0.04582449199759903,0.012196229718988883,0.012196229718988883,0.004018982685755224,0.008472371208439314,0.008472371208439314,0.0037182403473368254,0.010178480161602515,0.01017847872720817,0.004018982685755224,0.004018982685755224,0.0037823291379958665,0.005003833567855366,0.43220059134100725,0.4086716210687076,0.013549740282418555,0.013549737447923526,0.0024626312508522707,0.0755653370745436,0.04582449199759903,0.014353344741945948,0.014353344741945948,0.00885245795924193,0.008852458413248075,0.010054146437443968,0.010054146437443968,0.010441494507773786,0.010441515372026327,0.014353344741945948,0.014353344741945948,0.012101446601532347,0.01006846860500157,0.013549737447923526,0.013549737447923526,0.0037823291379958665,0.005003833567855366,0.43220059134100725,0.4086716210687076,0.008472371208439314,0.008472371208439314,0.010178480161602515,0.01017847872720817,0.0035311490173868267,0.004766196963276537,0.42588857547047787,0.404355454420273
1086293942,64.0,0.0136961067445694,0.0021083251772024904,0.03009756025081703,0.023590690945986245,0.010178171710459491,0.010178171710459491,0.004274968875764843,0.008441159100675314,0.008441159100675314,0.003055769116925155,0.009404010420377591,0.009404481485683814,0.004274968875764843,0.004274968875764843,0.007277166164349953,0.007818568829600461,0.3831223746082145,0.3577173796343551,0.010759405126603843,0.010759404818253495,0.0021083251772024904,0.03009756025081703,0.023590690945986245,0.01075710577096296,0.01075710577096296,0.00905284849981185,0.00905284849981185,0.009455017992212433,0.009455017992212433,0.00966663164840492,0.009666647952560493,0.01075710577096296,0.01075710577096296,0.01046793011662797,0.009372329756853228,0.010759404818253495,0.010759404818253495,0.007277166164349953,0.007818568829600461,0.3831223746082145,0.3577173796343551,0.008441159100675314,0.008441159100675314,0.009404010420377591,0.009404481485683814,0.006968911945679983,0.007313354146228132,0.37662154704356265,0.3525207325161032
1086294024,384.0,0.15683305972265232,0.010218784380972123,0.02839034961747733,0.05434893334547575,0.008386278544853425,0.008386278544853425,0.010383742348481016,0.008369018759762014,0.008369018759762014,0.010453532939131758,0.00838345250764983,0.008383136358595061,0.010383742348481016,0.010383742348481016,0.008110172221636321,0.008107733651177956,0.07517323106416143,0.014327675849731611,0.008196922805573563,0.008196888160898476,0.010218784380972123,0.02839034961747733,0.05434893334547575,0.00838134427546961,0.00838134427546961,0.007972221551009866,0.007972223420362258,0.008370470428954448,0.008370470428954448,0.007971200788543924,0.007971232426859433,0.00838134427546961,0.00838134427546961,0.008142257604545018,0.00812441863827973,0.008196888160898476,0.008196888160898476,0.008110172221636321,0.008107733651177956,0.07517323106416143,0.014327675849731611,0.008369018759762014,0.008369018759762014,0.00838345250764983,0.008383136358595061,0.007923250997437277,0.007920413446354795,0.07585598702690008,0.01439676199927384
110000293082,64.0,0.012762160332155562,0.0025510980525697787,0.04501837206664782,0.029014328227379607,0.010484847116229271,0.010484847116229271,0.004643669222753009,0.008199691842450224,0.008199691842450224,0.003861395374561226,0.009896766974176324,0.009896234392569331,0.004643669222753009,0.004643669222753009,0.0070118823514123425,0.006947290945366044,0.46702483316494336,0.41859592477086893,0.012315189089979662,0.012313802969089306,0.0025510980525697787,0.04501837206664782,0.029014328227379607,0.012225034638280025,0.012225034638280025,0.009123252603791437,0.009123252148464208,0.009373044095507701,0.009373044095507701,0.01054739865021682,0.010547393378157442,0.012225034638280025,0.012225034638280025,0.011065064639544278,0.009452525068803591,0.012313802969089306,0.012313802969089306,0.0070118823514123425,0.006947290945366044,0.46702483316494336,0.41859592477086893,0.008199691842450224,0.008199691842450224,0.009896766974176324,0.009896234392569331,0.006980467304706283,0.006749731463768142,0.4619033889864119,0.4148011073328289
110000293084,64.0,0.010537155313078443,0.002084076729794355,0.04127288107753412,0.028009378071437264,0.00903148600097632,0.00903148600097632,0.0036140873101196,0.006892803477732376,0.006892803477732376,0.002813678545169203,0.008039092343904507,0.00803909457430692,0.0036140873101196,0.0036140873101196,0.0044362984586962875,0.004662160760209766,0.4695173769249741,0.4276866084559449,0.00947073678706065,0.009470736260031741,0.002084076729794355,0.04127288107753412,0.028009378071437264,0.009746273266381089,0.009746273266381089,0.0075943766997230815,0.0075943766997230815,0.008015752768297777,0.008015752768297777,0.008681026691847006,0.008681053560433038,0.009746273266381089,0.009746273266381089,0.009102944768790772,0.0076694867344037475,0.009470736260031741,0.009470736260031741,0.0044362984586962875,0.004662160760209766,0.4695173769249741,0.4276866084559449,0.006892803477732376,0.006892803477732376,0.008039092343904507,0.00803909457430692,0.004303348280737919,0.004233383638812622,0.4564798564473254,0.4200542466291531
110000293088,64.0,0.013928909995738724,0.0018282757334828796,0.06741089448383959,0.03923658944328119,0.007576684367356618,0.007576684367356618,0.0027588618164465692,0.00618517810677175,0.00618517810677175,0.0022768754778263655,0.006873185960407879,0.006873611811679191,0.0027588618164465692,0.0027588618164465692,0.005016462681074411,0.0050846928200464344,0.559677184084001,0.4869410036469477,0.007974640772546927,0.0079746528111094,0.0018282757334828796,0.06741089448383959,0.03923658944328119,0.00820028409764504,0.00820028409764504,0.006160351809867364,0.0061603520419678676,0.006772571938614558,0.006772571938614558,0.006559767751343229,0.006559576188623221,0.00820028409764504,0.00820028409764504,0.007543858265168847,0.006581615740804632,0.0079746528111094,0.0079746528111094,0.005016462681074411,0.0050846928200464344,0.559677184084001,0.4869410036469477,0.00618517810677175,0.00618517810677175,0.006873185960407879,0.006873611811679191,0.004678137788468074,0.0044073790997948,0.5525371465449325,0.4833040267367674
110000293096,64.0,0.008975371855095306,0.0018822224664392915,0.04118630526612336,0.028651204245054525,0.00679545904738006,0.00679545904738006,0.002265402060259874,0.005033090033872601,0.005033090033872601,0.002041857037189017,0.006318464616641904,0.0063184257263536854,0.002265402060259874,0.002265402060259874,0.0036500880095949183,0.0035632438277349047,0.5146016838834848,0.4598393773965326,0.0078051506293587165,0.007805136061428675,0.0018822224664392915,0.04118630526612336,0.028651204245054525,0.007829167529377973,0.007829167529377973,0.005439535244990245,0.005439535244990245,0.005732660321755843,0.005732660321755843,0.006501128590498057,0.00650112974465015,0.007829167529377973,0.007829167529377973,0.006964547027745637,0.0063643352842262845,0.007805136061428675,0.007805136061428675,0.0036500880095949183,0.0035632438277349047,0.5146016838834848,0.4598393773965326,0.005033090033872601,0.005033090033872601,0.006318464616641904,0.0063184257263536854,0.0034832074384612316,0.003516032885421321,0.5094638772489772,0.4551201644318108
110000293098,64.0,0.01255864631382509,0.0020582197241247988,0.07468020009296009,0.03995193454231719,0.007621508882258298,0.007621508882258298,0.0024617357269896014,0.0051524556009892464,0.0051524556009892464,0.002125015778594068,0.006174469243898428,0.0061744493461320105,0.0024617357269896014,0.0024617357269896014,0.0032528265062112954,0.003340526686252252,0.5429473081166292,0.45415896527886723,0.008599264555842397,0.008599264278977515,0.0020582197241247988,0.07468020009296009,0.03995193454231719,0.008682157232233822,0.008682157232233822,0.005642923268304088,0.0056429229092705155,0.006135542719281521,0.006135542719281521,0.006418084119488332,0.0064191030321928645,0.008682157232233822,0.008682157232233822,0.007940897380794405,0.0062917169222979075,0.008599264278977515,0.008599264278977515,0.0032528265062112954,0.003340526686252252,0.5429473081166292,0.45415896527886723,0.0051524556009892464,0.0051524556009892464,0.006174469243898428,0.0061744493461320105,0.003097072771447619,0.003105671069558276,0.5370303030198815,0.4506020663817164
110000293237,64.0,0.01542490294264942,0.0017456472034219788,0.03435004706441597,0.01982923451635672,0.00964810209698605,0.00964810209698605,0.002619424712367958,0.007145044295533488,0.007145044295533488,0.002221161312174017,0.00806479636059723,0.00806478965629793,0.002619424712367958,0.002619424712367958,0.00408360986823448,0.004784757018105152,0.4697318070342612,0.41957193187845865,0.010693497002319596,0.010693490993317626,0.0017456472034219788,0.03435004706441597,0.01982923451635672,0.011325263181237126,0.011325263181237126,0.00803913157480534,0.00803913157480534,0.008416727662403903,0.008416727662403903,0.00841253426774733,0.008412533984300136,0.011325263181237126,0.011325263181237126,0.009761058290528256,0.008116780897931134,0.010693490993317626,0.010693490993317626,0.00408360986823448,0.004784757018105152,0.4697318070342612,0.41957193187845865,0.007145044295533488,0.007145044295533488,0.00806479636059723,0.00806478965629793,0.0038848281147910034,0.0042523518796355846,0.4624536172140324,0.4137155539224972
110000294883,64.0,0.020662234315062342,0.001990138429313839,0.03719002037250361,0.02777425034191202,0.008510726276001093,0.008510726276001093,0.002889690959520206,0.0062015033992635325,0.0062015033992635325,0.00250464447990029,0.007464300918088884,0.007464327503089205,0.002889690959520206,0.002889690959520206,0.004334356447786734,0.004684675859341422,0.47776679470961986,0.42616007233591746,0.009255425938300926,0.009255422081884087,0.001990138429313839,0.03719002037250361,0.02777425034191202,0.009647694476252074,0.009647694476252074,0.007193592440270254,0.007193592440270254,0.00757912324538404,0.00757912324538404,0.008115767057703305,0.008115786656974445,0.009647694476252074,0.009647694476252074,0.008877147429267944,0.007429521379202431,0.009255422081884087,0.009255422081884087,0.004334356447786734,0.004684675859341422,0.47776679470961986,0.42616007233591746,0.0062015033992635325,0.0062015033992635325,0.007464300918088884,0.007464327503089205,0.004158004338189168,0.0045798940192310926,0.47177287951565583,0.42349423169668315
110000294888,64.0,0.017745373670097143,0.0023089114328447534,0.08079811470089646,0.06428857742630177,0.0066004167074487155,0.0066004167074487155,0.0038137483620078088,0.005147397597589622,0.005147397597589622,0.003007512325248898,0.005725145626415969,0.005725070370414719,0.0038137483620078088,0.0038137483620078088,0.004116770634845222,0.004240246645215407,0.490258730432614,0.4376981913969929,0.007342622713365573,0.007342624573156953,0.0023089114328447534,0.08079811470089646,0.06428857742630177,0.0073342626115666925,0.0073342626115666925,0.0056314922218032625,0.005631492293034526,0.00562531904289383,0.00562531904289383,0.006160065001747644,0.006160029742938051,0.0073342626115666925,0.0073342626115666925,0.006679694276460271,0.005499230235794588,0.007342624573156953,0.007342624573156953,0.004116770634845222,0.004240246645215407,0.490258730432614,0.4376981913969929,0.005147397597589622,0.005147397597589622,0.005725145626415969,0.005725070370414719,0.004033221080063779,0.004231587731134835,0.4840111346352038,0.43288160625069594
110000294890,64.0,0.01693483116195353,0.0023531474227157043,0.052155060209585005,0.04305456329835832,0.008314563590933246,0.008314563590933246,0.004216967269213606,0.005960889564441949,0.005960889564441949,0.0034338393859766917,0.007119016008148082,0.0071190278726589945,0.004216967269213606,0.004216967269213606,0.004513030766597325,0.004961297160094856,0.5060805921790367,0.4503901641154004,0.009405401802216815,0.009405400742940336,0.0023531474227157043,0.052155060209585005,0.04305456329835832,0.00936616656712426,0.00936616656712426,0.006692527794576753,0.006692527794576753,0.007159065658392383,0.007159065658392383,0.00784582091207048,0.00784579795475989,0.00936616656712426,0.00936616656712426,0.008848536334185999,0.007512007736051838,0.009405400742940336,0.009405400742940336,0.004513030766597325,0.004961297160094856,0.5060805921790367,0.4503901641154004,0.005960889564441949,0.005960889564441949,0.007119016008148082,0.0071190278726589945,0.004409779320359169,0.0048963750443530496,0.49550134866207296,0.4449800136842203
110000294899,384.0,0.2113367746411173,0.011859362844590422,0.0749437567280347,0.10826717764980794,0.00837910444868156,0.00837910444868156,0.011979579173834203,0.008367387741789589,0.008367387741789589,0.011945960744072026,0.008374678789748678,0.008373455775893194,0.011979579173834203,0.011979579173834203,0.008110215652186508,0.008103765955569065,0.09933317185162933,0.014573550425052269,0.008208439467854467,0.008208442256484837,0.011859362844590422,0.0749437567280347,0.10826717764980794,0.008368054738339212,0.008368054738339212,0.007931402691230905,0.007931402516965716,0.008364095387688139,0.008364095387688139,0.007863296522843928,0.007863238608218066,0.008368054738339212,0.008368054738339212,0.00814794402359385,0.008130094738575674,0.008208442256484837,0.008208442256484837,0.008110215652186508,0.008103765955569065,0.09933317185162933,0.014573550425052269,0.008367387741789589,0.008367387741789589,0.008374678789748678,0.008373455775893194,0.007847733414190233,0.0078378441314214,0.09943574350712014,0.014579760065078334
110000294902,64.0,0.012608942353983575,0.0023500887364898836,0.09915004138729235,0.08344249812721165,0.009459282054616816,0.009459282054616816,0.00486739010138636,0.00617354372128382,0.00617354372128382,0.003984708466546099,0.008432929767718627,0.00843294079256285,0.00486739010138636,0.00486739010138636,0.005751244032370208,0.005497223825844415,0.5402813329743061,0.49166298800523517,0.010117783386480604,0.010117785064089852,0.0023500887364898836,0.09915004138729235,0.08344249812721165,0.01055909213495893,0.01055909213495893,0.006946928441601227,0.006946928232516302,0.007175986728790191,0.007175986728790191,0.00860001472028164,0.008599784581826938,0.01055909213495893,0.01055909213495893,0.009483143420653817,0.008102077554604365,0.010117785064089852,0.010117785064089852,0.005751244032370208,0.005497223825844415,0.5402813329743061,0.49166298800523517,0.00617354372128382,0.00617354372128382,0.008432929767718627,0.00843294079256285,0.005581627855011432,0.0052865467844636985,0.5348561279501721,0.4851693047084549
110000294903,64.0,0.01382205786680307,0.00226921945334417,0.10377263492020858,0.07650872709624248,0.009376808845977061,0.009376808845977061,0.0037300229370853676,0.006599643176012878,0.006599643176012878,0.002945024667855807,0.008157916363017652,0.008157836694391537,0.0037300229370853676,0.0037300229370853676,0.006090026282268693,0.005287013789761049,0.590921399820095,0.5602311034055939,0.010209574777569168,0.010209574548642653,0.00226921945334417,0.10377263492020858,0.07650872709624248,0.010493090369729485,0.010493090369729485,0.007352350024590724,0.007352350024590724,0.0079912476616647,0.0079912476616647,0.008703677282852412,0.008704317420015059,0.010493090369729485,0.010493090369729485,0.009974867144491657,0.008608713708386697,0.010209574548642653,0.010209574548642653,0.006090026282268693,0.005287013789761049,0.590921399820095,0.5602311034055939,0.006599643176012878,0.006599643176012878,0.008157916363017652,0.008157836694391537,0.0057477129225917585,0.0048699950826962286,0.5854130543581173,0.5510328645395295
110000295495,64.0,0.020121678537698088,0.0021822548822131305,0.056699054539288446,0.035022862314153726,0.009723940368989326,0.009723940368989326,0.0034013007590597147,0.007017594664957474,0.007017594664957474,0.002891358476386013,0.008373168898669393,0.00837310407329961,0.0034013007590597147,0.0034013007590597147,0.0053478745919637045,0.005817326163147267,0.5132360432142552,0.4520892570712277,0.010670974997803699,0.010670976028317042,0.0021822548822131305,0.056699054539288446,0.035022862314153726,0.011026205507279703,0.011026205507279703,0.007679489341136027,0.007679489277312137,0.008473312735168475,0.008473312735168475,0.009066047859295222,0.009066037358313546,0.011026205507279703,0.011026205507279703,0.00992171250583767,0.008520094653477178,0.010670976028317042,0.010670976028317042,0.0053478745919637045,0.005817326163147267,0.5132360432142552,0.4520892570712277,0.007017594664957474,0.007017594664957474,0.008373168898669393,0.00837310407329961,0.005262049487006777,0.005622816477269828,0.5094163275595677,0.4487742405686498
110000295507,64.0,0.01298759329912389,0.0019062339492864318,0.028279963916482638,0.014684237547094822,0.007383351666766773,0.007383351666766773,0.002218909570360663,0.005535036317284376,0.005535036317284376,0.002080812285517568,0.006419889268388689,0.00641994176020093,0.002218909570360663,0.002218909570360663,0.003321920322112922,0.003328185896968034,0.47236834849001236,0.41084641366235825,0.008865845082759595,0.008865845563321878,0.0019062339492864318,0.028279963916482638,0.014684237547094822,0.009419841520505134,0.009419841520505134,0.006069752530498553,0.006069752530498553,0.006917493898975744,0.006917493898975744,0.006908592124344883,0.006908617784210734,0.009419841520505134,0.009419841520505134,0.008129931867779133,0.006931491883166057,0.008865845563321878,0.008865845563321878,0.003321920322112922,0.003328185896968034,0.47236834849001236,0.41084641366235825,0.005535036317284376,0.005535036317284376,0.006419889268388689,0.00641994176020093,0.0030826164626526144,0.0031127926494825585,0.46583339827443493,0.4050509375484947
110000295542,64.0,0.01604933347172551,0.0018914954313343584,0.04248367678634643,0.026714204419307008,0.005740755259343789,0.005740755259343789,0.002341376005367238,0.003882905795306856,0.003882905795306856,0.0021591867201262906,0.004350249331976957,0.004350236370040585,0.002341376005367238,0.002341376005367238,0.002922568016400373,0.003053851256717155,0.48164837625876217,0.42607059072868925,0.006229520482995703,0.006229519576623589,0.0018914954313343584,0.04248367678634643,0.026714204419307008,0.0065255120782027505,0.0065255120782027505,0.0046027811133359155,0.004602781159752817,0.004661285387440388,0.004661285387440388,0.004983226411981128,0.004983246397686818,0.0065255120782027505,0.0065255120782027505,0.005826420520419568,0.004676226308726472,0.006229519576623589,0.006229519576623589,0.002922568016400373,0.003053851256717155,0.48164837625876217,0.42607059072868925,0.003882905795306856,0.003882905795306856,0.004350249331976957,0.004350236370040585,0.002838070064047849,0.0030025731123025385,0.4786036457321015,0.4230768858059055
110000295544,64.0,0.022298559005399225,0.0023212497374730722,0.04990529943383442,0.02804332536358609,0.005494098355201078,0.005494098355201078,0.0028390828436613137,0.004315103209844499,0.004315103209844499,0.002499832054312509,0.004685837758558283,0.004685893127461231,0.0028390828436613137,0.0028390828436613137,0.0037167030772913253,0.003817274697195949,0.4965609169043972,0.41080453879809253,0.006372514466091611,0.006372514670354392,0.0023212497374730722,0.04990529943383442,0.02804332536358609,0.006477055461230792,0.006477055461230792,0.004450902784672801,0.004450902619214083,0.004687047480642737,0.004687047480642737,0.0052053806953367915,0.005205378475613613,0.006477055461230792,0.006477055461230792,0.00591204341340785,0.0050750654415771925,0.006372514670354392,0.006372514670354392,0.0037167030772913253,0.003817274697195949,0.4965609169043972,0.41080453879809253,0.004315103209844499,0.004315103209844499,0.004685837758558283,0.004685893127461231,0.003640429644704847,0.0037510502791471777,0.49108647775547765,0.40830129744969185
110000295563,64.0,0.02827829341199238,0.002190209495908786,0.026382885361802024,0.02247354534702645,0.008417192650495727,0.008417192650495727,0.003896801245274058,0.0069160518139996215,0.0069160518139996215,0.002929640159886078,0.00710889296892541,0.007109033595009675,0.003896801245274058,0.003896801245274058,0.0048698831655297065,0.005099760203716671,0.4870795647567984,0.41185567538870477,0.009514758663591328,0.009514756309306099,0.002190209495908786,0.026382885361802024,0.02247354534702645,0.0099866855015311,0.0099866855015311,0.007788855913137676,0.007788855913137676,0.008504099559962005,0.008504099559962005,0.008254228264537115,0.008253991649687384,0.0099866855015311,0.0099866855015311,0.009001794154152629,0.007797577917157215,0.009514756309306099,0.009514756309306099,0.0048698831655297065,0.005099760203716671,0.4870795647567984,0.41185567538870477,0.0069160518139996215,0.0069160518139996215,0.00710889296892541,0.007109033595009675,0.0049792559974486195,0.00495916726057443,0.4793138536661531,0.405946954915076
110000295576,64.0,0.02263163292711271,0.002094426668508189,0.037176623079886895,0.02457155938309592,0.007622879034469199,0.007622879034469199,0.003100967073494798,0.005990488489253923,0.005990488489253923,0.0028680387581475814,0.006762063235200115,0.006762136309723403,0.003100967073494798,0.003100967073494798,0.003909907196778752,0.004307799222311419,0.5079390133422733,0.4263185519736999,0.008849345668503537,0.008849342347489046,0.002094426668508189,0.037176623079886895,0.02457155938309592,0.009209350866146254,0.009209350866146254,0.0063358937406632135,0.006335895559560699,0.007095073017518545,0.007095073017518545,0.007094811612865778,0.007094711389846142,0.009209350866146254,0.009209350866146254,0.007785794972269414,0.006584963597239499,0.008849342347489046,0.008849342347489046,0.003909907196778752,0.004307799222311419,0.5079390133422733,0.4263185519736999,0.005990488489253923,0.005990488489253923,0.006762063235200115,0.006762136309723403,0.003801371559661926,0.004218746502305613,0.5015180544982998,0.42267858086021987
110000295604,64.0,0.00855136948699402,0.002201594595368425,0.04366103109870462,0.035580841879090164,0.012859623941848246,0.012859623941848246,0.004109890619177412,0.010252134881897391,0.010252134881897391,0.0034330493272205385,0.011973974518432934,0.011973898123992046,0.004109890619177412,0.004109890619177412,0.005482548361190596,0.005946196611689578,0.4849528436199029,0.4352741443943874,0.014201772195339067,0.014201772813965039,0.002201594595368425,0.04366103109870462,0.035580841879090164,0.014333805318547667,0.014333805318547667,0.011321380102028105,0.01132137950360466,0.011902241370180125,0.011902241370180125,0.012838810128078918,0.012838799565025191,0.014333805318547667,0.014333805318547667,0.013588038143675686,0.010816474032655087,0.014201772813965039,0.014201772813965039,0.005482548361190596,0.005946196611689578,0.4849528436199029,0.4352741443943874,0.010252134881897391,0.010252134881897391,0.011973974518432934,0.011973898123992046,0.0053689965063905285,0.005811545430687574,0.47903437772471863,0.43111510788947877
110000295615,64.0,0.01183089050423139,0.002942360408978503,0.09295830908151045,0.07595224348936191,0.012020647978617467,0.012020647978617467,0.00441456659356043,0.009323268484616721,0.009323268484616721,0.003613201254336985,0.01071322007334411,0.010713166091395793,0.00441456659356043,0.00441456659356043,0.006562448350150725,0.006992813885690185,0.5107933420052392,0.4701508950141116,0.013682594364815786,0.013682599966954822,0.002942360408978503,0.09295830908151045,0.07595224348936191,0.013769705901274179,0.013769705901274179,0.010104262843704751,0.010104263174480235,0.010134912679326239,0.010134912679326239,0.011445486865017424,0.011445356624534707,0.013769705901274179,0.013769705901274179,0.012437136991837926,0.010124983466840922,0.013682599966954822,0.013682599966954822,0.006562448350150725,0.006992813885690185,0.5107933420052392,0.4701508950141116,0.009323268484616721,0.009323268484616721,0.01071322007334411,0.010713166091395793,0.006258335340862682,0.00669659905903098,0.503095578979818,0.46313638770298454
110000295618,64.0,0.01597789419089058,0.002062525298381754,0.09588973415867869,0.06993835502552873,0.00673993659158914,0.00673993659158914,0.002937905158702031,0.005458357787133208,0.005458357787133208,0.00263993236689734,0.006195669252354808,0.00619567702991348,0.002937905158702031,0.002937905158702031,0.0033228151389916058,0.0036560590553554096,0.5271674148812472,0.48288325268203536,0.007870408290547163,0.007870410235209275,0.002062525298381754,0.09588973415867869,0.06993835502552873,0.007795407685876352,0.007795407685876352,0.006425478054737767,0.006425478054737767,0.00642961433940599,0.00642961433940599,0.006372234009975339,0.006331016196461319,0.007795407685876352,0.007795407685876352,0.007595116187636602,0.005712842652616331,0.007870410235209275,0.007870410235209275,0.0033228151389916058,0.0036560590553554096,0.5271674148812472,0.48288325268203536,0.005458357787133208,0.005458357787133208,0.006195669252354808,0.00619567702991348,0.0031162510523607806,0.003590140918218768,0.5215093987320877,0.4793363706172984
110000296166,64.0,0.01894988752725739,0.0022262990373112584,0.030921582104382634,0.020764650696452062,0.01127676075652589,0.01127676075652589,0.003758003022971533,0.009236242510099581,0.009236242510099581,0.002950261005499207,0.010540160458294758,0.010540154572060034,0.003758003022971533,0.003758003022971533,0.005146378288489483,0.005087232687153841,0.4640481740579087,0.3859200966258266,0.012416958006390902,0.012416962307750008,0.0022262990373112584,0.030921582104382634,0.020764650696452062,0.012866334570657204,0.012866334570657204,0.009702823295022192,0.009702823295022192,0.01044929387127479,0.01044929387127479,0.010414867819676134,0.010414869979521738,0.012866334570657204,0.012866334570657204,0.011542394026084167,0.009835163540500966,0.012416962307750008,0.012416962307750008,0.005146378288489483,0.005087232687153841,0.4640481740579087,0.3859200966258266,0.009236242510099581,0.009236242510099581,0.010540160458294758,0.010540154572060034,0.004867834004886508,0.004821689845570816,0.4563288381632305,0.3823488344560394
110000296170,64.0,0.0152079057032126,0.0019145922204172616,0.05566689947863572,0.03107123250572424,0.0082111077395339,0.0082111077395339,0.003215670825929635,0.006400966923863282,0.006400966923863282,0.0026395142197642553,0.007044388498767191,0.007044446725177891,0.003215670825929635,0.003215670825929635,0.005301513959088592,0.00534185780995125,0.4859646786390888,0.4107552023128246,0.00870316791211479,0.008703171504576062,0.0019145922204172616,0.05566689947863572,0.03107123250572424,0.009117580622050243,0.009117580622050243,0.0066707422767452165,0.0066707422767452165,0.007428486904375523,0.007428486904375523,0.007476031828942743,0.007476064556572458,0.009117580622050243,0.009117580622050243,0.008362932091193704,0.00731810533129056,0.008703171504576062,0.008703171504576062,0.005301513959088592,0.00534185780995125,0.4859646786390888,0.4107552023128246,0.006400966923863282,0.006400966923863282,0.007044388498767191,0.007044446725177891,0.004999588355632997,0.005159281068013451,0.47895523310311333,0.40525837947155036
110000296298,384.0,0.21359354785302728,0.010810750921893139,0.042572778296106645,0.06864390166652772,0.008374966305824625,0.008374966305824625,0.010877019765880007,0.008362971564532378,0.008362971564532378,0.010940872269126304,0.00837319511163941,0.008372968425863958,0.010877019765880007,0.010877019765880007,0.008112260166745792,0.00810891234313631,0.09393537649362245,0.014696039971727325,0.00820287071250217,0.008202871711198236,0.010810750921893139,0.042572778296106645,0.06864390166652772,0.008372600545913345,0.008372600545913345,0.007920294518738573,0.007920298059112329,0.008362067047648235,0.008362067047648235,0.007920075578320552,0.007920141360447481,0.008372600545913345,0.008372600545913345,0.008143115471419127,0.00812694948635453,0.008202871711198236,0.008202871711198236,0.008112260166745792,0.00810891234313631,0.09393537649362245,0.014696039971727325,0.008362971564532378,0.008362971564532378,0.00837319511163941,0.008372968425863958,0.007865247672149299,0.007861093507177905,0.08976348751879294,0.01472718489100077
110000296300,64.0,0.010433013895724142,0.0022251183273769622,0.03322859353263319,0.02024937970396605,0.006472952916271463,0.006472952916271463,0.0033816251748717417,0.005183066251185446,0.005183066251185446,0.003098382978415033,0.005810804085972142,0.005811249594239809,0.0033816251748717417,0.0033816251748717417,0.003284588237775542,0.0035504424854843936,0.458441051946653,0.42091850122725794,0.006972508737240192,0.006972509315209255,0.0022251183273769622,0.03322859353263319,0.02024937970396605,0.0074201614542738995,0.0074201614542738995,0.006280112578446406,0.006280110468640827,0.006304128704128586,0.006304128704128586,0.006065135232720566,0.006065156414913926,0.0074201614542738995,0.0074201614542738995,0.006733056816790605,0.006050777438038457,0.006972509315209255,0.006972509315209255,0.003284588237775542,0.0035504424854843936,0.458441051946653,0.42091850122725794,0.005183066251185446,0.005183066251185446,0.005810804085972142,0.005811249594239809,0.0032225497066451806,0.0033697906184009746,0.4491596312046636,0.41558674900998543
110000296303,64.0,0.016261144482258665,0.002079943667850686,0.02559601238732815,0.019296189365431003,0.007981271302211154,0.007981271302211154,0.002548593107468308,0.005951249906089329,0.005951249906089329,0.002459653048152127,0.006898441938992473,0.006898420056861993,0.002548593107468308,0.002548593107468308,0.0030367096735158783,0.003426566166776182,0.4392001628599833,0.3824239133574466,0.008969843342953678,0.008969841417495157,0.002079943667850686,0.02559601238732815,0.019296189365431003,0.009251389630934036,0.009251389630934036,0.006577716913668395,0.006577720740103092,0.0070707300495013075,0.0070707300495013075,0.0073836189411863535,0.007383815204325148,0.009251389630934036,0.009251389630934036,0.00841937775151831,0.0066599550183032334,0.008969841417495157,0.008969841417495157,0.0030367096735158783,0.003426566166776182,0.4392001628599833,0.3824239133574466,0.005951249906089329,0.005951249906089329,0.006898441938992473,0.006898420056861993,0.0030342158934520205,0.003241404393327353,0.43358410122972424,0.37987028366652553
110000296329,64.0,0.017020989408406517,0.002448212370572863,0.04110002042047676,0.03435120838606469,0.007359269158991761,0.007359269158991761,0.0033303780369128852,0.005500228233193303,0.005500228233193303,0.0029686745054655628,0.006312261045574277,0.006312207277441043,0.0033303780369128852,0.0033303780369128852,0.0042630904655671905,0.004681332637591629,0.49578598607449315,0.43592422992271723,0.008269536291830356,0.008269537518857653,0.002448212370572863,0.04110002042047676,0.03435120838606469,0.008340385817399343,0.008340385817399343,0.006036593898418125,0.006036593898418125,0.0063952017145423425,0.0063952017145423425,0.006619967671373616,0.006620023781255979,0.008340385817399343,0.008340385817399343,0.00785616259190794,0.0062676349804078576,0.008269537518857653,0.008269537518857653,0.0042630904655671905,0.004681332637591629,0.49578598607449315,0.43592422992271723,0.005500228233193303,0.005500228233193303,0.006312261045574277,0.006312207277441043,0.004194913013841081,0.004583144682898033,0.4869729281799914,0.42823557486206837
110000296341,64.0,0.010296528248723036,0.0020726676812334757,0.08806029330464234,0.07153239412081637,0.012504829030824253,0.012504829030824253,0.0034159655230620576,0.007793234894450453,0.007793234894450453,0.002727697754040295,0.010366897753202953,0.010366816139320407,0.0034159655230620576,0.0034159655230620576,0.005040291329607661,0.0050350254258953245,0.4932994383843236,0.45849758100972454,0.01337947494786896,0.01337947575592056,0.0020726676812334757,0.08806029330464234,0.07153239412081637,0.013192601586661216,0.013192601586661216,0.009027253382198687,0.009027245518539449,0.009293994641864955,0.009293994641864955,0.010939061788932556,0.01093904990799542,0.013192601586661216,0.013192601586661216,0.012466819576243892,0.010040977411182107,0.01337947575592056,0.01337947575592056,0.005040291329607661,0.0050350254258953245,0.4932994383843236,0.45849758100972454,0.007793234894450453,0.007793234894450453,0.010366897753202953,0.010366816139320407,0.004804789974493607,0.004808142585961638,0.4870338181908187,0.4531476237495852
110000296342,64.0,0.01510477841624343,0.003296222851854252,0.08083604883110633,0.07163893874812242,0.013380840850652397,0.013380840850652397,0.004943054740272425,0.008625174371137108,0.008625174371137108,0.004060164252488246,0.01161540465998503,0.011615414412179021,0.004943054740272425,0.004943054740272425,0.007146074225810656,0.006965387742700765,0.5329492460164482,0.48672676795687386,0.014038810460836416,0.014038812528381411,0.003296222851854252,0.08083604883110633,0.07163893874812242,0.014567842672827206,0.014567842672827206,0.009909868018329868,0.009909868595541414,0.009957957499182383,0.009957957499182383,0.012177512488789503,0.012176905468486219,0.014567842672827206,0.014567842672827206,0.01364478230377399,0.010995551529996438,0.014038812528381411,0.014038812528381411,0.007146074225810656,0.006965387742700765,0.5329492460164482,0.48672676795687386,0.008625174371137108,0.008625174371137108,0.01161540465998503,0.011615414412179021,0.0069170976569073025,0.0065710794925706575,0.524923993003656,0.47918327670333777
110000296351,64.0,0.01196584413523973,0.0018929394652874383,0.08570534370183405,0.05717537584961672,0.010019537938973687,0.010019537938973687,0.0026760249746249788,0.006927977750092223,0.006927977750092223,0.0022855161795712294,0.00843998329458058,0.008440870005469146,0.0026760249746249788,0.0026760249746249788,0.0033053644984499145,0.00405184067081975,0.5508981982677233,0.4987169176858114,0.011859410783353452,0.01185940513517638,0.0018929394652874383,0.08570534370183405,0.05717537584961672,0.01132557104931553,0.01132557104931553,0.007441001464901379,0.007441001392863323,0.007962025549283392,0.007962025549283392,0.009611239793856915,0.009611250014558745,0.01132557104931553,0.01132557104931553,0.011365523703035136,0.006645206395292882,0.01185940513517638,0.01185940513517638,0.0033053644984499145,0.00405184067081975,0.5508981982677233,0.4987169176858114,0.006927977750092223,0.006927977750092223,0.00843998329458058,0.008440870005469146,0.0034388084345485788,0.003936456364423174,0.5433637891928963,0.49288957942601724
110000296370,64.0,0.014105528860547235,0.002659226695786209,0.12381205155844534,0.09526628263016781,0.013287524528776162,0.013287524528776162,0.004767704685577664,0.008789791150247769,0.008789791150247769,0.00350502633373921,0.011877311787421414,0.011877322010828232,0.004767704685577664,0.004767704685577664,0.00657745803033328,0.007076728020111227,0.5648715865667132,0.5273442827425511,0.014124265859969221,0.014124270101992315,0.002659226695786209,0.12381205155844534,0.09526628263016781,0.01445650798717548,0.01445650798717548,0.009332556676734974,0.009332556676734974,0.009690537882083846,0.009690537882083846,0.012344296106671782,0.012344254853119574,0.01445650798717548,0.01445650798717548,0.013299855467287127,0.010675796502891164,0.014124270101992315,0.014124270101992315,0.00657745803033328,0.007076728020111227,0.5648715865667132,0.5273442827425511,0.008789791150247769,0.008789791150247769,0.011877311787421414,0.011877322010828232,0.006287407498743276,0.006678952779401235,0.5561612557423585,0.5192666818190643
110000296373,64.0,0.021468380573485914,0.002554238121640706,0.15394137735821684,0.13707467457201378,0.011984450548709422,0.011984450548709422,0.004728254680884167,0.009352382716363397,0.009352382716363397,0.0033953646430035576,0.010978845735045543,0.010978896737956314,0.004728254680884167,0.004728254680884167,0.006044661375393953,0.00657626396593934,0.5813971323112717,0.5207168302907988,0.012802173590217611,0.012802175916839388,0.002554238121640706,0.15394137735821684,0.13707467457201378,0.01267272338175393,0.01267272338175393,0.009552002084523907,0.009552002084523907,0.010301850383238135,0.010301850383238135,0.01094981195527261,0.010949797170347261,0.01267272338175393,0.01267272338175393,0.012415553435770187,0.009953509954511717,0.012802175916839388,0.012802175916839388,0.006044661375393953,0.00657626396593934,0.5813971323112717,0.5207168302907988,0.009352382716363397,0.009352382716363397,0.010978845735045543,0.010978896737956314,0.0058970105953956315,0.006279135016346963,0.5700562176928422,0.5154373915437859
110000296380,64.0,0.012433962008611563,0.0029110950747064904,0.11678386051685413,0.10695313937792508,0.011219638801963167,0.011219638801963167,0.005076107181854177,0.007385444184209155,0.007385444184209155,0.0036291005425711236,0.009940536657495148,0.009940447166199831,0.005076107181854177,0.005076107181854177,0.0067786240743173175,0.006521007434698929,0.5619629599914812,0.5169895266423209,0.011760054679232395,0.01176005668089977,0.0029110950747064904,0.11678386051685413,0.10695313937792508,0.011867555289419799,0.011867555289419799,0.008234114950675627,0.00823411495719843,0.008764345633055157,0.008764345633055157,0.010550122194918944,0.01055060175889349,0.011867555289419799,0.011867555289419799,0.011385186820648364,0.009801210019565007,0.01176005668089977,0.01176005668089977,0.0067786240743173175,0.006521007434698929,0.5619629599914812,0.5169895266423209,0.007385444184209155,0.007385444184209155,0.009940536657495148,0.009940447166199831,0.006238949094103492,0.006001568245886736,0.5553376449457579,0.5094036236486759
110000296686,64.0,0.011715029161144466,0.002849838218031888,0.0903448912843189,0.06497968213555388,0.00666298815492898,0.00666298815492898,0.003325780619782027,0.00539487904355613,0.00539487904355613,0.0029565631009342993,0.005467494576834935,0.005467461258257293,0.003325780619782027,0.003325780619782027,0.0037315148450065704,0.0036789770712829678,0.5536899062298047,0.48386036036797003,0.007586953448792116,0.007586951862671917,0.002849838218031888,0.0903448912843189,0.06497968213555388,0.007647715233004352,0.007647715233004352,0.006511856733545666,0.006511852587203581,0.006527847105493947,0.006527847105493947,0.00629270693666201,0.006292733850272736,0.007647715233004352,0.007647715233004352,0.007130591672118011,0.006145692720658206,0.007586951862671917,0.007586951862671917,0.0037315148450065704,0.0036789770712829678,0.5536899062298047,0.48386036036797003,0.00539487904355613,0.00539487904355613,0.005467494576834935,0.005467461258257293,0.003632127180735763,0.0034838445859960345,0.5460722984129701,0.47779306240397296
110000296689,64.0,0.012415334019324896,0.002859644487659022,0.043424735829975476,0.03454983428529927,0.00794740240963283,0.00794740240963283,0.004637820513031713,0.006978253370737097,0.006978253370737097,0.003973621105737485,0.0076538221396988985,0.0076539172851278064,0.004637820513031713,0.004637820513031713,0.005323228635649846,0.005156364891451801,0.5401510749021557,0.4672180661103629,0.008843507395926355,0.008843507341967023,0.002859644487659022,0.043424735829975476,0.03454983428529927,0.009112611614408917,0.009112611614408917,0.00732500563502273,0.007325003574932594,0.007657405591375157,0.007657405591375157,0.007446769613790403,0.007446816275061455,0.009112611614408917,0.009112611614408917,0.008264259672900679,0.007423544283326974,0.008843507341967023,0.008843507341967023,0.005323228635649846,0.005156364891451801,0.5401510749021557,0.4672180661103629,0.006978253370737097,0.006978253370737097,0.0076538221396988985,0.0076539172851278064,0.0048649541833054085,0.004788480145498436,0.5351069279678279,0.46088570655899364
110000296691,64.0,0.015179133727643974,0.00240328375056829,0.0778629320983778,0.0471815154707131,0.008850378670071733,0.008850378670071733,0.0035280810738609614,0.006137839686548295,0.006137839686548295,0.0031609080078923834,0.007315763202894746,0.0073157275979007855,0.0035280810738609614,0.0035280810738609614,0.004369757654547554,0.004269194942886888,0.5039930313220152,0.44568431030908034,0.009919049058267706,0.009919046287646562,0.00240328375056829,0.0778629320983778,0.0471815154707131,0.010445002623539137,0.010445002623539137,0.00711276752213657,0.00711276917637057,0.007446812738481651,0.007446812738481651,0.008043688011126355,0.008043687430218327,0.010445002623539137,0.010445002623539137,0.009478721007626983,0.007829172427847697,0.009919046287646562,0.009919046287646562,0.004369757654547554,0.004269194942886888,0.5039930313220152,0.44568431030908034,0.006137839686548295,0.006137839686548295,0.007315763202894746,0.0073157275979007855,0.004230047182375089,0.004145347630092142,0.4941448577406543,0.4392880291946196
110000297112,64.0,0.014908615327867159,0.0029358495185058606,0.19468667449101307,0.16403444840865472,0.01503208762550945,0.01503208762550945,0.004643623954660518,0.01033110711087505,0.01033110711087505,0.0034657814035375825,0.012533973519134704,0.012534067477084857,0.004643623954660518,0.004643623954660518,0.007003003436266603,0.007931663205859855,0.562631486605782,0.5348728690841423,0.016144542301928806,0.016144545159618977,0.0029358495185058606,0.19468667449101307,0.16403444840865472,0.016118247513501223,0.016118247513501223,0.010888417143835592,0.010888417580826204,0.011266621611548944,0.011266621611548944,0.012549066867294196,0.012549041277532027,0.016118247513501223,0.016118247513501223,0.0152385658152153,0.012112007105692057,0.016144545159618977,0.016144545159618977,0.007003003436266603,0.007931663205859855,0.562631486605782,0.5348728690841423,0.01033110711087505,0.01033110711087505,0.012533973519134704,0.012534067477084857,0.006884433714164442,0.007712004526101934,0.5569040468449246,0.531220028663952
110000297115,64.0,0.017781535331129424,0.002597257992950025,0.16510263464592617,0.14045906106033706,0.013338252849732859,0.013338252849732859,0.004839056532168205,0.008782463489717169,0.008782463489717169,0.0035756929026235914,0.01171089561468195,0.011710880452252636,0.004839056532168205,0.004839056532168205,0.0063374364660816526,0.0065955972005601994,0.5688788910840006,0.5377435271383727,0.014668529573245416,0.014668531120018567,0.002597257992950025,0.16510263464592617,0.14045906106033706,0.015049586786918749,0.015049586786918749,0.008949113839044134,0.008949113748267339,0.009743762572447877,0.009743762572447877,0.012176771760148584,0.012176887052878834,0.015049586786918749,0.015049586786918749,0.01395368780579813,0.010457752921384376,0.014668531120018567,0.014668531120018567,0.0063374364660816526,0.0065955972005601994,0.5688788910840006,0.5377435271383727,0.008782463489717169,0.008782463489717169,0.01171089561468195,0.011710880452252636,0.005945299804138233,0.0061011038858453685,0.5614781346811181,0.5298177342916424
110000297118,384.0,0.21566191558784473,0.011906389109605701,0.06879995933577378,0.1088529476219071,0.008367379224048345,0.008367379224048345,0.011887435900618254,0.008355873648698794,0.008355873648698794,0.011828304262521835,0.00835906458201646,0.008358563200189921,0.011887435900618254,0.011887435900618254,0.0081002623559867,0.008093310029429415,0.10215727522367517,0.014465853454971977,0.008198686677585764,0.008198697662692074,0.011906389109605701,0.06879995933577378,0.1088529476219071,0.008359372697679987,0.008359372697679987,0.007921768195295388,0.007921770422194028,0.008351557036379612,0.008351557036379612,0.007870247159144547,0.007870203244622865,0.008359372697679987,0.008359372697679987,0.008137121189697973,0.008119585228392174,0.008198697662692074,0.008198697662692074,0.0081002623559867,0.008093310029429415,0.10215727522367517,0.014465853454971977,0.008355873648698794,0.008355873648698794,0.00835906458201646,0.008358563200189921,0.00783594919260556,0.007827379294985637,0.09842922170436498,0.014358224548934755
A1166128,384.0,0.1766297266104753,0.010466229871351538,0.03572321899628617,0.07178640849922883,0.008390419174268814,0.008390419174268814,0.010643107903009846,0.008375798515271426,0.008375798515271426,0.010719485404064063,0.00838095539565866,0.008381222540829217,0.010643107903009846,0.010643107903009846,0.008120470783329335,0.008121037432570914,0.07002549984895318,0.014185834699299753,0.008208258395601986,0.008208283718709077,0.010466229871351538,0.03572321899628617,0.07178640849922883,0.008383072714648042,0.008383072714648042,0.007935411638416335,0.007935410387945856,0.008374977164838067,0.008374977164838067,0.007924298960877858,0.007924290115842973,0.008383072714648042,0.008383072714648042,0.008154017791943247,0.00813652473570121,0.008208283718709077,0.008208283718709077,0.008120470783329335,0.008121037432570914,0.07002549984895318,0.014185834699299753,0.008375798515271426,0.008375798515271426,0.00838095539565866,0.008381222540829217,0.00787631045443534,0.00787496333232214,0.06460733162451825,0.014087486490650315
A1166130,65.0,0.012086468503459478,0.0022398916438628315,0.01748420938302129,0.01654909236284723,0.012259727469368797,0.012259727469368797,0.003414447210237275,0.008002934495546248,0.008002934495546248,0.0029679876473962716,0.009855860439818875,0.009855900718104648,0.003414447210237275,0.003414447210237275,0.005307408763945187,0.006601047440199772,0.3803328548148209,0.36333439148921237,0.013718712620131206,0.013718713195320892,0.0022398916438628315,0.01748420938302129,0.01654909236284723,0.013368729764212757,0.013368729764212757,0.008735636019418593,0.00873563360915568,0.009060510695400571,0.009060510695400571,0.01057235620362965,0.010572450206975148,0.013368729764212757,0.013368729764212757,0.012838326462068849,0.011053135760706195,0.013718713195320892,0.013718713195320892,0.005307408763945187,0.006601047440199772,0.3803328548148209,0.36333439148921237,0.008002934495546248,0.008002934495546248,0.009855860439818875,0.009855900718104648,0.005155057233307095,0.006301968357972711,0.36951434230352637,0.35464323572113876
A1166133,64.0,0.015558484461812756,0.001948985415859604,0.04592601900121954,0.0417038018828187,0.00821685723761168,0.00821685723761168,0.002786282335126313,0.004074128695637988,0.004074128695637988,0.002515165911832779,0.005978692341102206,0.005978601374171075,0.002786282335126313,0.002786282335126313,0.00308986796906699,0.003894909977575207,0.45511034449897386,0.4330113040782291,0.008683605029275282,0.008683603916255457,0.001948985415859604,0.04592601900121954,0.0417038018828187,0.008714307911015464,0.008714307911015464,0.004615359336474803,0.004615359228411297,0.005377032759344421,0.005377032759344421,0.006629607995306895,0.006629568748966892,0.008714307911015464,0.008714307911015464,0.008020122236685894,0.0069245651926167886,0.008683603916255457,0.008683603916255457,0.00308986796906699,0.003894909977575207,0.45511034449897386,0.4330113040782291,0.004074128695637988,0.004074128695637988,0.005978692341102206,0.005978601374171075,0.002866647783862974,0.0036224402963232643,0.44753814510580314,0.4240734098078188
A1166137,64.0,0.013791229337257276,0.002222264250519167,0.03138320963341535,0.02706794678005046,0.008593007844921502,0.008593007844921502,0.002765031752326544,0.0057029040687656485,0.0057029040687656485,0.0024667694078699116,0.007191753195578028,0.007191767476584244,0.002765031752326544,0.002765031752326544,0.0034754591030047607,0.004248994886678596,0.4260886554695906,0.408730329980861,0.00976717209555064,0.009767170092972623,0.002222264250519167,0.03138320963341535,0.02706794678005046,0.00990617307279467,0.00990617307279467,0.006296702022573989,0.006296703721672299,0.006934576926522286,0.006934576926522286,0.007679668316815977,0.007679656122598976,0.00990617307279467,0.00990617307279467,0.009213506560538874,0.007428011310588661,0.009767170092972623,0.009767170092972623,0.0034754591030047607,0.004248994886678596,0.4260886554695906,0.408730329980861,0.0057029040687656485,0.0057029040687656485,0.007191753195578028,0.007191767476584244,0.003323345914088866,0.003989335200229751,0.4177804890294396,0.40176350164551117
A1166142,64.0,0.013627983351629723,0.0023059316327878783,0.028703564713814866,0.02605386474676511,0.01391820743261319,0.01391820743261319,0.004588922210036155,0.010029724280576788,0.010029724280576788,0.002910813527649816,0.011835003435064712,0.011835412805858377,0.004588922210036155,0.004588922210036155,0.0061562158553919505,0.00801172113090896,0.41045411940010934,0.3911222580787476,0.014909554301550663,0.014909553200279743,0.0023059316327878783,0.028703564713814866,0.02605386474676511,0.014688460105292189,0.014688460105292189,0.01074468686604119,0.01074468686604119,0.010949209444909274,0.010949209444909274,0.01237877191359906,0.01237877350921344,0.014688460105292189,0.014688460105292189,0.013790259950274908,0.01174890917288248,0.014909553200279743,0.014909553200279743,0.0061562158553919505,0.00801172113090896,0.41045411940010934,0.3911222580787476,0.010029724280576788,0.010029724280576788,0.011835003435064712,0.011835412805858377,0.005938585462123027,0.0074263415052434455,0.4018392904811754,0.3822014685627459
A1166144,64.0,0.013008059674001126,0.0021082301402393796,0.03862859268647548,0.03638432265535267,0.00801467281226641,0.00801467281226641,0.0036922021745828,0.0047746898441879465,0.0047746898441879465,0.0027272227761119747,0.006228818408576503,0.006228857030930198,0.0036922021745828,0.0036922021745828,0.004123150568730365,0.004801288785003375,0.41925159442443527,0.39313633305663526,0.008341489081986637,0.008341489845211512,0.0021082301402393796,0.03862859268647548,0.03638432265535267,0.008361674252964753,0.008361674252964753,0.005269345571132798,0.005269345571132798,0.005395869848578612,0.005395869848578612,0.00650812573491157,0.006507941308314401,0.008361674252964753,0.008361674252964753,0.00794916669939033,0.006846971994462659,0.008341489845211512,0.008341489845211512,0.004123150568730365,0.004801288785003375,0.41925159442443527,0.39313633305663526,0.0047746898441879465,0.0047746898441879465,0.006228818408576503,0.006228857030930198,0.004007813900798886,0.0045599846662515205,0.40741660466754803,0.3853329617104614
A1166147,64.0,0.013268397820909716,0.002113523454769873,0.03565359371007127,0.030815853580168823,0.011433990648680488,0.011433990648680488,0.00448138865452878,0.00853722735106605,0.00853722735106605,0.0026189514311493337,0.010414654616240254,0.010414674524918338,0.00448138865452878,0.00448138865452878,0.0063107066504978675,0.007331321539055816,0.4240395113103853,0.4193048706837896,0.01273274898711679,0.01273275571598166,0.002113523454769873,0.03565359371007127,0.030815853580168823,0.01246404039495822,0.01246404039495822,0.009657838506289382,0.009657839199796656,0.01019507762093909,0.01019507762093909,0.010527873077133317,0.010527916037580966,0.01246404039495822,0.01246404039495822,0.012027361047683186,0.010731903642639271,0.01273275571598166,0.01273275571598166,0.0063107066504978675,0.007331321539055816,0.4240395113103853,0.4193048706837896,0.00853722735106605,0.00853722735106605,0.010414654616240254,0.010414674524918338,0.006062163215909375,0.006957049781001347,0.41753464724834866,0.4125441066193741
A1166150,64.0,0.012391528610179127,0.00209142238047404,0.04430577033209256,0.0388932199706191,0.009314380663500077,0.009314380663500077,0.00412397896426621,0.006022317899542611,0.006022317899542611,0.003252160037248197,0.007848931059918995,0.007848921197210144,0.00412397896426621,0.00412397896426621,0.004329490125358193,0.005133836767299617,0.4067520678567497,0.3807060774578529,0.009774256119753872,0.009774203223354297,0.00209142238047404,0.04430577033209256,0.0388932199706191,0.009929437474608813,0.009929437474608813,0.00703395919656905,0.0070339595634110776,0.007238478532608545,0.007238478532608545,0.008090854587066244,0.008090853125129109,0.009929437474608813,0.009929437474608813,0.00931418114774163,0.008704918798283164,0.009774203223354297,0.009774203223354297,0.004329490125358193,0.005133836767299617,0.4067520678567497,0.3807060774578529,0.006022317899542611,0.006022317899542611,0.007848931059918995,0.007848921197210144,0.00425388751476958,0.00499732246684515,0.3988140372252969,0.37508108100749077
A1166151,64.0,0.011418013974758359,0.0022532518555700466,0.18665215523147768,0.15531866019951826,0.010872936705726798,0.010872936705726798,0.0038723246103872584,0.006565693059166574,0.006565693059166574,0.002806231160697598,0.009655753134530366,0.009655796357093977,0.0038723246103872584,0.0038723246103872584,0.005612403835032359,0.006378927212940686,0.5081002443781806,0.49319990273240605,0.011836708967128295,0.011836706174544066,0.0022532518555700466,0.18665215523147768,0.15531866019951826,0.012783178847655874,0.012783178847655874,0.0075441817290138585,0.0075441818177458915,0.007991826637814437,0.007991826637814437,0.009703058109086822,0.009703070257926934,0.012783178847655874,0.012783178847655874,0.010933468632914585,0.008995828195225337,0.011836706174544066,0.011836706174544066,0.005612403835032359,0.006378927212940686,0.5081002443781806,0.49319990273240605,0.006565693059166574,0.006565693059166574,0.009655753134530366,0.009655796357093977,0.005389589975513313,0.00593429686259828,0.49840279667866705,0.4846556434227626
A1166153,64.0,0.010815412281221588,0.002507280568124307,0.03935889115147571,0.035800343068312056,0.01694567242148086,0.01694567242148086,0.004771372684609529,0.012321772966147526,0.012321772966147526,0.0037020973348235874,0.015015646789302403,0.015015717625040103,0.004771372684609529,0.004771372684609529,0.006508205458989022,0.008365755530665481,0.4146592480288921,0.4002154728880085,0.01785767473227503,0.01785767712037656,0.002507280568124307,0.03935889115147571,0.035800343068312056,0.01824157426347587,0.01824157426347587,0.012901394273327876,0.012901393585593812,0.013760337415563291,0.013760337415563291,0.015329181192001131,0.01532911516833719,0.01824157426347587,0.01824157426347587,0.017384869843940828,0.014056000222547575,0.01785767712037656,0.01785767712037656,0.006508205458989022,0.008365755530665481,0.4146592480288921,0.4002154728880085,0.012321772966147526,0.012321772966147526,0.015015646789302403,0.015015717625040103,0.0060339370561920715,0.008026572077930973,0.4081438631323247,0.39206074820947423
A1166158,64.0,0.015501529547873231,0.0027100702417276286,0.061270156909975525,0.0583215535426264,0.012762724328838623,0.012762724328838623,0.0040118089171242485,0.008312762659323231,0.008312762659323231,0.002765707574869921,0.01073923311313506,0.010739245517020522,0.0040118089171242485,0.0040118089171242485,0.005464124809554103,0.0075240982885484585,0.4500190847292152,0.4191048175855595,0.013072567624671108,0.013072562390595715,0.0027100702417276286,0.061270156909975525,0.0583215535426264,0.01308222917088956,0.01308222917088956,0.008983513774611412,0.008983513659170847,0.009424929749939926,0.009424929749939926,0.011233340094702166,0.011233360495705341,0.01308222917088956,0.01308222917088956,0.012498589724035789,0.010527966273810559,0.013072562390595715,0.013072562390595715,0.005464124809554103,0.0075240982885484585,0.4500190847292152,0.4191048175855595,0.008312762659323231,0.008312762659323231,0.01073923311313506,0.010739245517020522,0.005320146947316255,0.007149432129659689,0.4413266337286966,0.41131015321330494
A1166164,64.0,0.01259470058582528,0.002619304406043997,0.05175183182142463,0.05314721847531384,0.013809251423028813,0.013809251423028813,0.004406426341063424,0.009753575042852394,0.009753575042852394,0.003136754164745398,0.013036633165073192,0.013036668568892481,0.004406426341063424,0.004406426341063424,0.006482520603880421,0.007006050529311674,0.4521319889204504,0.434192182373622,0.0145441743327483,0.014544174737020377,0.002619304406043997,0.05175183182142463,0.05314721847531384,0.014568877770837702,0.014568877770837702,0.010454274190653966,0.010454274189917592,0.011338225557627197,0.011338225557627197,0.012622131514847772,0.012620439550076449,0.014568877770837702,0.014568877770837702,0.014029908521231699,0.011953358788467641,0.014544174737020377,0.014544174737020377,0.006482520603880421,0.007006050529311674,0.4521319889204504,0.434192182373622,0.009753575042852394,0.009753575042852394,0.013036633165073192,0.013036668568892481,0.005771350691189688,0.006548142267140786,0.44542130457182816,0.4276363934189159
A1166165,64.0,0.013156479978190343,0.001985477168982748,0.03076596287742343,0.029654918420356904,0.01099182729939302,0.01099182729939302,0.0036221290138502213,0.007446190008604462,0.007446190008604462,0.002528204384618857,0.00945460382304209,0.009454583539456603,0.0036221290138502213,0.0036221290138502213,0.00656508530701047,0.007341270375743609,0.4556697074166852,0.4119678689483662,0.011666999470474908,0.011666999613908,0.001985477168982748,0.03076596287742343,0.029654918420356904,0.011871619014081678,0.011871619014081678,0.008181737330679898,0.008181737314077524,0.008318676330266887,0.008318676330266887,0.00976871775663822,0.0097686988824969,0.011871619014081678,0.011871619014081678,0.01100828775704481,0.009397701745979705,0.011666999613908,0.011666999613908,0.00656508530701047,0.007341270375743609,0.4556697074166852,0.4119678689483662,0.007446190008604462,0.007446190008604462,0.00945460382304209,0.009454583539456603,0.006381632728239791,0.0070054720643077965,0.44396396106132924,0.40495562460518947
A1170389,64.0,0.012774723374751808,0.002780572278833284,0.03581049361919704,0.03478302335357677,0.009780903342381358,0.009780903342381358,0.004171750595357449,0.006636456614909592,0.006636456614909592,0.0032791105397105835,0.008603400914722016,0.008603518048490862,0.004171750595357449,0.004171750595357449,0.006156275831196981,0.0065796252454014895,0.47910552208878454,0.4620824484876016,0.010887275507036182,0.010887275506610273,0.002780572278833284,0.03581049361919704,0.03478302335357677,0.010819235108820015,0.010819235108820015,0.007287943560608974,0.007287943560608974,0.007747320513375015,0.007747320513375015,0.009219200817372169,0.009219239842044659,0.010819235108820015,0.010819235108820015,0.00989768478108125,0.00898133152897299,0.010887275506610273,0.010887275506610273,0.006156275831196981,0.0065796252454014895,0.47910552208878454,0.4620824484876016,0.006636456614909592,0.006636456614909592,0.008603400914722016,0.008603518048490862,0.005995095476415181,0.006319414279405876,0.4745380498394326,0.4548705038815238
A1170391,64.0,0.0171010201370852,0.002411854829743553,0.1106669348928197,0.09605329497150536,0.010877026809774853,0.010877026809774853,0.0037436075703958815,0.00697811150791677,0.00697811150791677,0.0031440081204885456,0.009734677324041026,0.009734649294506481,0.0037436075703958815,0.0037436075703958815,0.006768571741752869,0.007718948721966012,0.5135661266783803,0.47859087198898165,0.01128568600666063,0.011285689260816903,0.002411854829743553,0.1106669348928197,0.09605329497150536,0.01113322360350089,0.01113322360350089,0.007756710906520256,0.007756711140208759,0.00805960704986444,0.00805960704986444,0.010352522637707584,0.010352495876813837,0.01113322360350089,0.01113322360350089,0.011091946528922094,0.010151979576050022,0.011285689260816903,0.011285689260816903,0.006768571741752869,0.007718948721966012,0.5135661266783803,0.47859087198898165,0.00697811150791677,0.00697811150791677,0.009734677324041026,0.009734649294506481,0.006498582825149409,0.007441921282447313,0.5055896115989311,0.47229290483777703
A1170395,64.0,0.01437114795390006,0.003118572966510201,0.08682624748387258,0.07594216831384994,0.01148651740292286,0.01148651740292286,0.005763928795750398,0.008322655764384911,0.008322655764384911,0.0036832554885829817,0.0102085278073507,0.010208540103121017,0.005763928795750398,0.005763928795750398,0.006339293607721985,0.007776373146857573,0.520169024257776,0.5068837133418497,0.012125802803676306,0.012125802207082032,0.003118572966510201,0.08682624748387258,0.07594216831384994,0.01259509185614587,0.01259509185614587,0.008915449439006231,0.008915448179043637,0.009226560969391336,0.009226560969391336,0.01080144288992153,0.010801389143851767,0.01259509185614587,0.01259509185614587,0.011527238763394669,0.00982464311557027,0.012125802207082032,0.012125802207082032,0.006339293607721985,0.007776373146857573,0.520169024257776,0.5068837133418497,0.008322655764384911,0.008322655764384911,0.0102085278073507,0.010208540103121017,0.006407224622816302,0.007583279483584817,0.5096551794583963,0.4973249770098182
A1170398,64.0,0.01630774523656611,0.002182567530544496,0.07420521603439234,0.06760008294009974,0.011886383746415622,0.011886383746415622,0.004436768744722214,0.007563216357290347,0.007563216357290347,0.003709121194141998,0.009998439086090988,0.00999838066878627,0.004436768744722214,0.004436768744722214,0.006135417228485638,0.006918068065007724,0.4578506329021351,0.4578296633639396,0.013066619946603929,0.013066619853775833,0.002182567530544496,0.07420521603439234,0.06760008294009974,0.013640980220919575,0.013640980220919575,0.008284878481853426,0.008284878481853426,0.008961660929041526,0.008961660929041526,0.010524424916414954,0.010524356987163221,0.013640980220919575,0.013640980220919575,0.012032159740797816,0.010602178804868604,0.013066619853775833,0.013066619853775833,0.006135417228485638,0.006918068065007724,0.4578506329021351,0.4578296633639396,0.007563216357290347,0.007563216357290347,0.009998439086090988,0.00999838066878627,0.005706282637025338,0.006541621122340249,0.4477620386137077,0.4401542679019527
A1170399,64.0,0.011330806254149712,0.0025566258665312464,0.061943637979340875,0.0653716012757429,0.008380544747430965,0.008380544747430965,0.0034938757773083635,0.004708326331764248,0.004708326331764248,0.0028380274261262605,0.006951759394417378,0.006951785476474118,0.0034938757773083635,0.0034938757773083635,0.003350429450354659,0.004538760381933956,0.45997230764714325,0.421096733259605,0.009371244694102223,0.009371243369152408,0.0025566258665312464,0.061943637979340875,0.0653716012757429,0.009698766751194176,0.009698766751194176,0.005168989991819208,0.005168989991819208,0.005610486362861228,0.005610486362861228,0.007723300879154267,0.007723312073201684,0.009698766751194176,0.009698766751194176,0.008592300060722417,0.006595403101942575,0.009371243369152408,0.009371243369152408,0.003350429450354659,0.004538760381933956,0.45997230764714325,0.421096733259605,0.004708326331764248,0.004708326331764248,0.006951759394417378,0.006951785476474118,0.003316856783189833,0.004322165191406583,0.45508831393897387,0.41781630154200294
A1170405,64.0,0.012744203363720752,0.0023830953003334027,0.0967009802073611,0.08873149559096184,0.008890419944846349,0.008890419944846349,0.0037538599888042347,0.006068404193534058,0.006068404193534058,0.0031161838810738213,0.007604204052435428,0.007604223396845415,0.0037538599888042347,0.0037538599888042347,0.0051408498235747,0.005572269987322387,0.5104261129173377,0.5063973873343691,0.009647197824768985,0.009647197836632659,0.0023830953003334027,0.0967009802073611,0.08873149559096184,0.009795140138460001,0.009795140138460001,0.006906711088618551,0.0069067108918110555,0.007385931511607458,0.007385931511607458,0.007944474857154124,0.007944587930011354,0.009795140138460001,0.009795140138460001,0.009156471247763828,0.007924513939486056,0.009647197836632659,0.009647197836632659,0.0051408498235747,0.005572269987322387,0.5104261129173377,0.5063973873343691,0.006068404193534058,0.006068404193534058,0.007604204052435428,0.007604223396845415,0.00500800776587465,0.005444597400804931,0.5028971097835618,0.501749628458005
A1170407,64.0,0.014182051637367557,0.003004133377344143,0.05963302022547118,0.05844386999727195,0.009843476316604921,0.009843476316604921,0.004569271668280781,0.007273476300274456,0.007273476300274456,0.0033462939855113537,0.00892845618523095,0.008928356850267858,0.004569271668280781,0.004569271668280781,0.005320404394183823,0.00560191647197617,0.47763949242291126,0.45567024710276066,0.010869259506096709,0.01086926216618243,0.003004133377344143,0.05963302022547118,0.05844386999727195,0.011051192554834405,0.011051192554834405,0.007636163165023117,0.007636163170341243,0.007954615351614958,0.007954615351614958,0.009000128000200823,0.009000144771270455,0.011051192554834405,0.011051192554834405,0.010490100892805729,0.00867515232632862,0.01086926216618243,0.01086926216618243,0.005320404394183823,0.00560191647197617,0.47763949242291126,0.45567024710276066,0.007273476300274456,0.007273476300274456,0.00892845618523095,0.008928356850267858,0.005066340537607887,0.005350153483068054,0.4735236299794017,0.45197243888634503
A1170409,64.0,0.018738555797508178,0.0025112494570689514,0.07197693694801717,0.07612670939673682,0.014571628787609774,0.014571628787609774,0.005186527579802519,0.008978831592327548,0.008978831592327548,0.003430487375051422,0.012395260306337873,0.012395340654023927,0.005186527579802519,0.005186527579802519,0.006233516913369805,0.007539344666646099,0.5157438975159986,0.4964472254097128,0.015757952228459104,0.015757955398473696,0.0025112494570689514,0.07197693694801717,0.07612670939673682,0.015790760214518498,0.015790760214518498,0.009120023414829316,0.009120023414829316,0.009963569137295063,0.009963569137295063,0.013493208636815631,0.013493193643538983,0.015790760214518498,0.015790760214518498,0.014529112717351274,0.01101673905083055,0.015757955398473696,0.015757955398473696,0.006233516913369805,0.007539344666646099,0.5157438975159986,0.4964472254097128,0.008978831592327548,0.008978831592327548,0.012395260306337873,0.012395340654023927,0.00618257375069283,0.00725350448696498,0.5091231026865606,0.48657841796888124
A1170412,64.0,0.015212244405644323,0.0023347935258542893,0.05652436296647605,0.05104291741216838,0.012970856622757123,0.012970856622757123,0.004008045278281937,0.008596144931465287,0.008596144931465287,0.002871459916544403,0.01089039675109212,0.010890407904057427,0.004008045278281937,0.004008045278281937,0.006915242378600133,0.008185661763022165,0.5009851696029656,0.4592637458935366,0.01452119772400287,0.014521188328207356,0.0023347935258542893,0.05652436296647605,0.05104291741216838,0.014602125979137317,0.014602125979137317,0.009402288723834754,0.009402288274148404,0.009888226364933798,0.009888226364933798,0.011835967446929154,0.011835941170526018,0.014602125979137317,0.014602125979137317,0.013254057017486784,0.011103167027171713,0.014521188328207356,0.014521188328207356,0.006915242378600133,0.008185661763022165,0.5009851696029656,0.4592637458935366,0.008596144931465287,0.008596144931465287,0.01089039675109212,0.010890407904057427,0.006604091638556709,0.007717398653368407,0.4956707120947059,0.4511932892245011
A1170415,64.0,0.01997990667802737,0.002832453354191061,0.09177881096514222,0.08663149024338529,0.013108010516635559,0.013108010516635559,0.00461540843444794,0.00848194445918203,0.00848194445918203,0.003846690297245041,0.010942946783566563,0.010942909767737754,0.00461540843444794,0.00461540843444794,0.006420544223050712,0.007721347117277551,0.47599465274458586,0.46115301315102775,0.013894143773683703,0.013894153599358474,0.002832453354191061,0.09177881096514222,0.08663149024338529,0.01334527325448746,0.01334527325448746,0.009158960519777418,0.009158960519777418,0.009153851687107703,0.009153851687107703,0.011228955858512924,0.011229222637553691,0.01334527325448746,0.01334527325448746,0.012932809496948435,0.009892765180947439,0.013894153599358474,0.013894153599358474,0.006420544223050712,0.007721347117277551,0.47599465274458586,0.46115301315102775,0.00848194445918203,0.00848194445918203,0.010942946783566563,0.010942909767737754,0.006307135669315866,0.007326066808567374,0.46917358357599503,0.4561850550196144
A1170417,64.0,0.024783975880733472,0.0025181676356522686,0.09735306676543962,0.10346375133677713,0.013109790738113226,0.013109790738113226,0.004683098067063251,0.008143042027422344,0.008143042027422344,0.0029977839742353785,0.011066132678298982,0.01106614089647627,0.004683098067063251,0.004683098067063251,0.007003037436668909,0.007957847588642823,0.5089295384371734,0.49710391366418527,0.013790500111539374,0.013790499075728655,0.0025181676356522686,0.09735306676543962,0.10346375133677713,0.013867140288530692,0.013867140288530692,0.00869430624573186,0.00869430624573186,0.009204172065972748,0.009204172065972748,0.012122397221871343,0.01212256232189068,0.013867140288530692,0.013867140288530692,0.013144036748031024,0.010878871925866795,0.013790499075728655,0.013790499075728655,0.007003037436668909,0.007957847588642823,0.5089295384371734,0.49710391366418527,0.008143042027422344,0.008143042027422344,0.011066132678298982,0.01106614089647627,0.0068231026884925895,0.007665122874905929,0.5064546117364518,0.4933031349779991
A1170421,64.0,0.01466743497857367,0.0026526767701355904,0.07301091787135341,0.07026211103691034,0.010739689882277107,0.010739689882277107,0.004789185902464439,0.00804786261051833,0.00804786261051833,0.003250483811057891,0.010043178189248957,0.010043174316471722,0.004789185902464439,0.004789185902464439,0.006436409320422431,0.007041973686973489,0.5162139910198023,0.5025751156763085,0.011556313830138266,0.011556311643908263,0.0026526767701355904,0.07301091787135341,0.07026211103691034,0.012143905123241034,0.012143905123241034,0.008424626464990342,0.008424627366643548,0.00934071828790445,0.00934071828790445,0.0101519609048326,0.010151358543015146,0.012143905123241034,0.012143905123241034,0.011162450548729694,0.0097196913695617,0.011556311643908263,0.011556311643908263,0.006436409320422431,0.007041973686973489,0.5162139910198023,0.5025751156763085,0.00804786261051833,0.00804786261051833,0.010043178189248957,0.010043174316471722,0.0061801875784024745,0.0066789211644407015,0.5119486680302787,0.49898294608338956
A1170441,64.0,0.010292692349762173,0.002061425687834431,0.024027062028283398,0.019448141343305237,0.009669289538365858,0.009669289538365858,0.0036381333516539945,0.006466386008079601,0.006466386008079601,0.0029127051600748724,0.008233912043670544,0.008233852407098246,0.0036381333516539945,0.0036381333516539945,0.004887220826314274,0.005621389764886571,0.4405434880853698,0.4004188567249035,0.010335440540674763,0.010335437242187032,0.002061425687834431,0.024027062028283398,0.019448141343305237,0.010156147890047507,0.010156147890047507,0.007580566478927027,0.007580566478927027,0.007494727988786038,0.007494727988786038,0.00866708547628986,0.008667061230652279,0.010156147890047507,0.010156147890047507,0.009905125871903573,0.008458264216556939,0.010335437242187032,0.010335437242187032,0.004887220826314274,0.005621389764886571,0.4405434880853698,0.4004188567249035,0.006466386008079601,0.006466386008079601,0.008233912043670544,0.008233852407098246,0.004878562270769848,0.005436328218086961,0.4326901581835569,0.39477057480237254
A1170442,64.0,0.023000621737536305,0.0024609330301791346,0.03948276124868181,0.035742140652660945,0.009242040696844124,0.009242040696844124,0.004299244673148787,0.006629789828719902,0.006629789828719902,0.0032776520648695718,0.008267119525166124,0.008267105627160206,0.004299244673148787,0.004299244673148787,0.00538680181737486,0.005914083947859106,0.4668816214862077,0.4442605680616737,0.010390546614094496,0.010390543724340243,0.0024609330301791346,0.03948276124868181,0.035742140652660945,0.009942871619608844,0.009942871619608844,0.008023965695246034,0.008023962832049926,0.008191180671419317,0.008191180671419317,0.008935289106296727,0.008935310410834243,0.009942871619608844,0.009942871619608844,0.00975586636828504,0.008283517667953514,0.010390543724340243,0.010390543724340243,0.00538680181737486,0.005914083947859106,0.4668816214862077,0.4442605680616737,0.006629789828719902,0.006629789828719902,0.008267119525166124,0.008267105627160206,0.005233132356449925,0.005544236131185408,0.4581429126214692,0.43515258184055927
A1170448,64.0,0.015374245551402306,0.0023478195923188126,0.06427456392923954,0.060382939561951114,0.01537060495799239,0.01537060495799239,0.0033065302515090807,0.00872299593021416,0.00872299593021416,0.002278645761205436,0.01221266630437451,0.012221538524385992,0.0033065302515090807,0.0033065302515090807,0.0061282324294458885,0.007279814147074874,0.4370189384101929,0.42183137021069256,0.016462441363245952,0.01646244078161981,0.0023478195923188126,0.06427456392923954,0.060382939561951114,0.016375544683801133,0.016375544683801133,0.009114338043785197,0.009114338043785197,0.009847962985511886,0.009847962985511886,0.012226247406659375,0.012226287160075679,0.016375544683801133,0.016375544683801133,0.015039514947754707,0.01073377292514202,0.01646244078161981,0.01646244078161981,0.0061282324294458885,0.007279814147074874,0.4370189384101929,0.42183137021069256,0.00872299593021416,0.00872299593021416,0.01221266630437451,0.012221538524385992,0.0058193164282540205,0.00691027861730511,0.4288942663027865,0.4146250073988211
A1170452,64.0,0.014711886297583408,0.002398514572933873,0.05799806239713929,0.04992719443462519,0.011214233118454887,0.011214233118454887,0.0047111177365196,0.0066642994858675765,0.0066642994858675765,0.004266550146370174,0.009137029872319478,0.009135103708733657,0.0047111177365196,0.0047111177365196,0.0038127495334313,0.004613941962302584,0.5037300572734794,0.48219116158260245,0.011902468651921785,0.0119024642070913,0.002398514572933873,0.05799806239713929,0.04992719443462519,0.012194499749086315,0.012194499749086315,0.007711610992294553,0.007711610992294553,0.008460476692445925,0.008460476692445925,0.008965598648172715,0.008965628127888377,0.012194499749086315,0.012194499749086315,0.011539716883731246,0.009770524789755024,0.0119024642070913,0.0119024642070913,0.0038127495334313,0.004613941962302584,0.5037300572734794,0.48219116158260245,0.0066642994858675765,0.0066642994858675765,0.009137029872319478,0.009135103708733657,0.003607674451146661,0.004371393012312374,0.4911516173703652,0.4681742364477617
A1170453,64.0,0.018966460644951232,0.0020145131511538276,0.0506434609056941,0.05998883412350411,0.008910993067186658,0.008910993067186658,0.003611823573167086,0.004973634169779352,0.004973634169779352,0.002682015034156484,0.006443613645258297,0.006443618899495318,0.003611823573167086,0.003611823573167086,0.0038354088335441957,0.004722567113432916,0.44968271760039835,0.4316918482116271,0.010097387824706266,0.010097395327063637,0.0020145131511538276,0.0506434609056941,0.05998883412350411,0.010197887297528345,0.010197887297528345,0.005840066146110252,0.005840066214263122,0.006085668391901268,0.006085668391901268,0.00713452516539859,0.007134536802928338,0.010197887297528345,0.010197887297528345,0.009216754382319904,0.007201787988561763,0.010097395327063637,0.010097395327063637,0.0038354088335441957,0.004722567113432916,0.44968271760039835,0.4316918482116271,0.004973634169779352,0.004973634169779352,0.006443613645258297,0.006443618899495318,0.003736599541429598,0.004323574212197766,0.44040623124222067,0.4248125983892998
A1170459,64.0,0.011448308965813276,0.0023753357196768213,0.04547562724935568,0.04053269014579301,0.009321523427559656,0.009321523427559656,0.0034868649591927336,0.006778229385388223,0.006778229385388223,0.0026965764302607524,0.008395397497146087,0.008395445231041614,0.0034868649591927336,0.0034868649591927336,0.004160642780713405,0.004849182276076623,0.4570694859215262,0.42861777649377636,0.010851083535715135,0.01085108521545162,0.0023753357196768213,0.04547562724935568,0.04053269014579301,0.011005286277714925,0.011005286277714925,0.0076550294852393294,0.007655029753842589,0.007642549811574368,0.007642549811574368,0.00813081759375794,0.008109057210139851,0.011005286277714925,0.011005286277714925,0.009484413743680909,0.0076477291191977175,0.01085108521545162,0.01085108521545162,0.004160642780713405,0.004849182276076623,0.4570694859215262,0.42861777649377636,0.006778229385388223,0.006778229385388223,0.008395397497146087,0.008395445231041614,0.003969706247105682,0.0046935388102204495,0.4475939972175934,0.41715236310520043
A1170466,64.0,0.011954478125017487,0.0020968167644587012,0.05830147265647011,0.04735226803023866,0.011202646788250671,0.011202646788250671,0.003850212707807283,0.007991850218040428,0.007991850218040428,0.0031640923108393797,0.009724005083640715,0.009724079361971696,0.003850212707807283,0.003850212707807283,0.006283052692092963,0.007105473353408133,0.5403132857811979,0.49797918418965276,0.012496460882671636,0.012496454845403364,0.0020968167644587012,0.05830147265647011,0.04735226803023866,0.012067788395494732,0.012067788395494732,0.008694890352583473,0.008694891247420794,0.009032621258914783,0.009032621258914783,0.010335610873023352,0.01033562518135412,0.012067788395494732,0.012067788395494732,0.011293097070032287,0.01058302146634057,0.012496454845403364,0.012496454845403364,0.006283052692092963,0.007105473353408133,0.5403132857811979,0.49797918418965276,0.007991850218040428,0.007991850218040428,0.009724005083640715,0.009724079361971696,0.005994186944924881,0.00659624261293481,0.5325156240721313,0.4879701146839285
A1170469,64.0,0.016931851659523923,0.002294299643455272,0.062128744758588275,0.05844839161589676,0.015295503158353992,0.015295503158353992,0.006351682641560972,0.012173487306484803,0.012173487306484803,0.003435901816445166,0.014401969676039744,0.014401861454078825,0.006351682641560972,0.006351682641560972,0.007944317612311574,0.009460694524716996,0.4579477428128531,0.4450203950582735,0.01582773812175262,0.01582773762489116,0.002294299643455272,0.062128744758588275,0.05844839161589676,0.01585077178944478,0.01585077178944478,0.01227404954374424,0.01227404954374424,0.012999188988828535,0.012999188988828535,0.014117518682814464,0.014117563271447177,0.01585077178944478,0.01585077178944478,0.01515920148520672,0.01371614243772994,0.01582773762489116,0.01582773762489116,0.007944317612311574,0.009460694524716996,0.4579477428128531,0.4450203950582735,0.012173487306484803,0.012173487306484803,0.014401969676039744,0.014401861454078825,0.007606577255866136,0.009067499194541714,0.4540201530774297,0.43986797335793326
A1170471,64.0,0.01517177939360746,0.0025366134106247573,0.06522154465627436,0.061153513789729615,0.013164930243859143,0.013164930243859143,0.005534917383416165,0.00987075561178376,0.00987075561178376,0.0030589571426217605,0.01257938420893265,0.01257941820604685,0.005534917383416165,0.005534917383416165,0.007572070580828333,0.008280764934118195,0.45553540549054033,0.42357011956307083,0.013829367537298102,0.01382937496765682,0.0025366134106247573,0.06522154465627436,0.061153513789729615,0.013750735323251448,0.013750735323251448,0.011110578082158432,0.011110576509286095,0.011754897477854858,0.011754897477854858,0.012375343080395054,0.01237573011951389,0.013750735323251448,0.013750735323251448,0.013490106944332265,0.01199400033846133,0.01382937496765682,0.01382937496765682,0.007572070580828333,0.008280764934118195,0.45553540549054033,0.42357011956307083,0.00987075561178376,0.00987075561178376,0.01257938420893265,0.01257941820604685,0.007280872362408621,0.007939886220294,0.44870547099075603,0.416892627969789
A1170476,64.0,0.011933487163227936,0.0025063891107677014,0.04913479020285847,0.03822978031143562,0.013754863675935987,0.013754863675935987,0.004444154258057456,0.009927308363337292,0.009927308363337292,0.0030394854302664685,0.012283781466970048,0.012283813219262873,0.004444154258057456,0.004444154258057456,0.007127999401630405,0.007731672916993863,0.4769905473978087,0.45216856342878103,0.015083065451420238,0.015083062298948657,0.0025063891107677014,0.04913479020285847,0.03822978031143562,0.014987818015541023,0.014987818015541023,0.011072877350181866,0.011072877350181866,0.01149376386696169,0.01149376386696169,0.013403966631509459,0.013403982316611832,0.014987818015541023,0.014987818015541023,0.014341419042704018,0.012107041151390259,0.015083062298948657,0.015083062298948657,0.007127999401630405,0.007731672916993863,0.4769905473978087,0.45216856342878103,0.009927308363337292,0.009927308363337292,0.012283781466970048,0.012283813219262873,0.007032135131348171,0.007623977103040648,0.4728199570394306,0.4464468093481271
A1170479,64.0,0.017409978795882852,0.0029648031547221125,0.05150816510985602,0.05947273299126965,0.013849522710790728,0.013849522710790728,0.004671893789380026,0.010015249330987614,0.010015249330987614,0.0034341992060192717,0.012666848117743604,0.012666824263291996,0.004671893789380026,0.004671893789380026,0.007588356137390608,0.008952926737715982,0.4669079539905678,0.43743771785667107,0.014741095308755938,0.014741093189214726,0.0029648031547221125,0.05150816510985602,0.05947273299126965,0.01476643640749166,0.01476643640749166,0.010615443261161556,0.01061544413454548,0.01127800208194448,0.01127800208194448,0.013071084288543129,0.013071076483856879,0.01476643640749166,0.01476643640749166,0.01434249993330319,0.012332470698809286,0.014741093189214726,0.014741093189214726,0.007588356137390608,0.008952926737715982,0.4669079539905678,0.43743771785667107,0.010015249330987614,0.010015249330987614,0.012666848117743604,0.012666824263291996,0.007362418056563062,0.00870870482487976,0.4613420725268249,0.43247917278426007
A1170480,64.0,0.013135956256363835,0.002599980922296756,0.06128749647128041,0.06214705600206762,0.01261398831570203,0.01261398831570203,0.00359496040352809,0.007357752698671668,0.007357752698671668,0.0028079859208065406,0.010776184723527078,0.010776237878832787,0.00359496040352809,0.00359496040352809,0.007736839230573005,0.008246289016212887,0.48124811907900744,0.4557030900588298,0.013513448312464246,0.013513448963076786,0.002599980922296756,0.06128749647128041,0.06214705600206762,0.013269032734835578,0.013269032734835578,0.008284879820250637,0.008284879820250637,0.009062483540672907,0.009062483540672907,0.011936472482699818,0.011936430128294819,0.013269032734835578,0.013269032734835578,0.012573377570038518,0.011671963247847276,0.013513448963076786,0.013513448963076786,0.007736839230573005,0.008246289016212887,0.48124811907900744,0.4557030900588298,0.007357752698671668,0.007357752698671668,0.010776184723527078,0.010776237878832787,0.007109776926969439,0.007850266442710635,0.476103937447399,0.4504527970508666
A1170493,64.0,0.027307135163578744,0.0021663414359495243,0.08800482740779086,0.06548725618861619,0.008332567995929187,0.008332567995929187,0.0032972967634477797,0.005471649055482454,0.005471649055482454,0.0028534943090802165,0.007310012421040881,0.007310003754707541,0.0032972967634477797,0.0032972967634477797,0.003865699155742843,0.004536622422526045,0.44198215482542513,0.42206541563153976,0.009163514528672305,0.009163513571129914,0.0021663414359495243,0.08800482740779086,0.06548725618861619,0.009243368633016471,0.009243368633016471,0.0058651619177936334,0.005865161818399682,0.006757432602051172,0.006757432602051172,0.007207866551576672,0.007207892505101409,0.009243368633016471,0.009243368633016471,0.008545726783351387,0.007271501809779397,0.009163513571129914,0.009163513571129914,0.003865699155742843,0.004536622422526045,0.44198215482542513,0.42206541563153976,0.005471649055482454,0.005471649055482454,0.007310012421040881,0.007310003754707541,0.0036990570961357334,0.004281306406535295,0.4357066871847445,0.417712420088791
A1170499,64.0,0.02561119206471654,0.002818749727600227,0.03782687352576219,0.030150528608012244,0.011775403196587772,0.011775403196587772,0.005265256201232786,0.006852081118089592,0.006852081118089592,0.0040920321726338246,0.009603878764580022,0.009603714597604165,0.005265256201232786,0.005265256201232786,0.005107324649765681,0.0061012706508064,0.43581774515476085,0.41505656506021704,0.012668307268920974,0.012668184987454291,0.002818749727600227,0.03782687352576219,0.030150528608012244,0.012995037939080816,0.012995037939080816,0.008336366418132842,0.008336366418132842,0.009030636188899257,0.009030636188899257,0.010399591594914503,0.010400003219288412,0.012995037939080816,0.012995037939080816,0.011797220093227308,0.010391250262704987,0.012668184987454291,0.012668184987454291,0.005107324649765681,0.0061012706508064,0.43581774515476085,0.41505656506021704,0.006852081118089592,0.006852081118089592,0.009603878764580022,0.009603714597604165,0.004652881435217091,0.005677586980906951,0.4237278208906579,0.40596273906949865
A1170504,64.0,0.019147763732602657,0.0022387243762424817,0.05377594016621553,0.03972564174195939,0.010973827883185284,0.010973827883185284,0.004067538485576013,0.00784655917409996,0.00784655917409996,0.0032914005612768543,0.009271033640028311,0.009270930796746853,0.004067538485576013,0.004067538485576013,0.005159390957941076,0.005829148734153378,0.462513126640601,0.44815909446906627,0.011811516976017736,0.011811515399182005,0.0022387243762424817,0.05377594016621553,0.03972564174195939,0.011846235435762622,0.011846235435762622,0.008909362529745168,0.008909362286523188,0.0089594815957003,0.0089594815957003,0.009932703352160354,0.009932760347115273,0.011846235435762622,0.011846235435762622,0.011230613013002386,0.00951981040253334,0.011811515399182005,0.011811515399182005,0.005159390957941076,0.005829148734153378,0.462513126640601,0.44815909446906627,0.00784655917409996,0.00784655917409996,0.009271033640028311,0.009270930796746853,0.004712314550515254,0.00559408183524212,0.4562208808826852,0.44013081176637614
A1170507,64.0,0.020276035655329806,0.0024357407366661565,0.047689363784174425,0.039485518085817996,0.008477392430300011,0.008477392430300011,0.0039061990538125594,0.006295135032016254,0.006295135032016254,0.0032118752426477833,0.007537782018374753,0.00753782555475019,0.0039061990538125594,0.0039061990538125594,0.004527209561649819,0.005241734575835284,0.4277954666592043,0.40870285114754534,0.009073065057626542,0.009073061225048898,0.0024357407366661565,0.047689363784174425,0.039485518085817996,0.00938125777427583,0.00938125777427583,0.0067589507688794095,0.006758948715410183,0.007429847023659917,0.007429847023659917,0.007589793113666629,0.0075898123626700256,0.00938125777427583,0.00938125777427583,0.008622813224909934,0.008373221587927358,0.009073061225048898,0.009073061225048898,0.004527209561649819,0.005241734575835284,0.4277954666592043,0.40870285114754534,0.006295135032016254,0.006295135032016254,0.007537782018374753,0.00753782555475019,0.0044134220299054784,0.005029441319467138,0.4151991840764339,0.4016126072400821
A1170513,64.0,0.015394512481338702,0.0022364665912677456,0.0421566795153442,0.03742188326388674,0.010256342200455923,0.010256342200455923,0.0038067410627113103,0.005878562359923103,0.005878562359923103,0.0033143496629115137,0.007669979601376492,0.007670063884719201,0.0038067410627113103,0.0038067410627113103,0.003300359832092722,0.00445331418262793,0.40436885307388115,0.38217121647930363,0.011201651760081787,0.011201650256431646,0.0022364665912677456,0.0421566795153442,0.03742188326388674,0.010983644224002408,0.010983644224002408,0.0069559936585155465,0.006955994021350564,0.007249332627730066,0.007249332627730066,0.008265463687595285,0.008265427380321506,0.010983644224002408,0.010983644224002408,0.010443283706692926,0.00848945832262805,0.011201650256431646,0.011201650256431646,0.003300359832092722,0.00445331418262793,0.40436885307388115,0.38217121647930363,0.005878562359923103,0.005878562359923103,0.007669979601376492,0.007670063884719201,0.003003872239738024,0.003975278156677126,0.39884051509759727,0.3774887157978446
A1170515,64.0,0.018346936421832324,0.003325839675163383,0.038352407222689414,0.03760744756556779,0.012154858141965428,0.012154858141965428,0.0059137976011969405,0.008667980719784224,0.008667980719784224,0.0045567748177851135,0.010204070863537562,0.010204086775139001,0.0059137976011969405,0.0059137976011969405,0.004591649967731507,0.005831732028280741,0.4404470452904619,0.40772205454233085,0.013063205168305902,0.013063203218166118,0.003325839675163383,0.038352407222689414,0.03760744756556779,0.013922731595624438,0.013922731595624438,0.009922307938196461,0.009922307938196461,0.010536122302093274,0.010536122302093274,0.011204462237616902,0.011204479882988066,0.013922731595624438,0.013922731595624438,0.012557762263162514,0.010391658251085845,0.013063203218166118,0.013063203218166118,0.004591649967731507,0.005831732028280741,0.4404470452904619,0.40772205454233085,0.008667980719784224,0.008667980719784224,0.010204070863537562,0.010204086775139001,0.004526847178046704,0.0056325481154470645,0.4326607709776714,0.4015189127987949
A1170516,64.0,0.017574507470103005,0.0029146444868762104,0.039568561545821196,0.030652908773295528,0.011388999544086837,0.011388999544086837,0.005060138967242553,0.008180186535679881,0.008180186535679881,0.004186587622674957,0.00994444788881857,0.009944451009267618,0.005060138967242553,0.005060138967242553,0.005645827208099023,0.006998162138742178,0.4088036476825955,0.3730480536063862,0.012597633942285144,0.012597636759262362,0.0029146444868762104,0.039568561545821196,0.030652908773295528,0.012510993934882907,0.012510993934882907,0.009450952323634671,0.009450950178394327,0.009701074971563025,0.009701074971563025,0.01029283881613514,0.01029283987778671,0.012510993934882907,0.012510993934882907,0.011812235223698515,0.010479639680361696,0.012597636759262362,0.012597636759262362,0.005645827208099023,0.006998162138742178,0.4088036476825955,0.3730480536063862,0.008180186535679881,0.008180186535679881,0.00994444788881857,0.009944451009267618,0.0049304991102273425,0.0064883636507443825,0.39314721213040743,0.3612621222527703
A1170518,64.0,0.0167116726987657,0.0026175456412706726,0.043424220641161956,0.03350968199734177,0.00893959133148407,0.00893959133148407,0.004540229550518558,0.006550883378358142,0.006550883378358142,0.003344769024216733,0.007922961685709636,0.0079229923188068,0.004540229550518558,0.004540229550518558,0.005427995018099385,0.00581128764354633,0.4514602439176065,0.41253677262284366,0.00980514625676229,0.009805144749311339,0.0026175456412706726,0.043424220641161956,0.03350968199734177,0.009834455326673548,0.009834455326673548,0.00698215398354285,0.006982153952902797,0.0073996069049589355,0.0073996069049589355,0.008184344696503984,0.008184363744153085,0.009834455326673548,0.009834455326673548,0.009295962449273458,0.007913896205989214,0.009805144749311339,0.009805144749311339,0.005427995018099385,0.00581128764354633,0.4514602439176065,0.41253677262284366,0.006550883378358142,0.006550883378358142,0.007922961685709636,0.0079229923188068,0.005192561185663248,0.005594684115350399,0.44373491958348366,0.40746840202916296
A1170527,64.0,0.014671737969242872,0.0021003241549278954,0.06897277357455558,0.060854038931898356,0.008422133552976354,0.008422133552976354,0.003976474683172308,0.006377546554598652,0.006377546554598652,0.0027593261678620323,0.007454487516799887,0.007454524078182162,0.003976474683172308,0.003976474683172308,0.005405879100510196,0.0060393046999254315,0.4848594587904043,0.44095302413540644,0.009037726503043072,0.009037724242564263,0.0021003241549278954,0.06897277357455558,0.060854038931898356,0.00916890303432179,0.00916890303432179,0.006693486547142085,0.006693487213113077,0.006888635902076059,0.006888635902076059,0.00775114798353992,0.007751178437318538,0.00916890303432179,0.00916890303432179,0.008669198184242725,0.007701471660660194,0.009037724242564263,0.009037724242564263,0.005405879100510196,0.0060393046999254315,0.4848594587904043,0.44095302413540644,0.006377546554598652,0.006377546554598652,0.007454487516799887,0.007454524078182162,0.0053160815424518355,0.005936045658466505,0.4776201491248029,0.4341423866032659
A1170535,65.0,0.015184893862880878,0.002370542818751017,0.07363611824911269,0.0596545578028947,0.012597296561884552,0.012597296561884552,0.0041943437210347646,0.007685485827058317,0.007685485827058317,0.0027022749410596093,0.010347953096687542,0.010347928315150533,0.0041943437210347646,0.0041943437210347646,0.006047107456327381,0.007080353860378349,0.4487131467521425,0.42305983701635475,0.013953794184775945,0.013953794388090418,0.002370542818751017,0.07363611824911269,0.0596545578028947,0.014497011978365842,0.014497011978365842,0.008734075393191404,0.008734075369648882,0.009484997273220924,0.009484997273220924,0.011387076839515606,0.011387077480492662,0.014497011978365842,0.014497011978365842,0.012763549162291653,0.010617285651520716,0.013953794388090418,0.013953794388090418,0.006047107456327381,0.007080353860378349,0.4487131467521425,0.42305983701635475,0.007685485827058317,0.007685485827058317,0.010347953096687542,0.010347928315150533,0.005640915597148275,0.006399353452350703,0.4431835342743144,0.4175051765732757
A1170541,64.0,0.010226856325212336,0.0022124666956019087,0.040518423802638474,0.0353507400323194,0.011974807050010562,0.011974807050010562,0.003485278039521407,0.006833679541731903,0.006833679541731903,0.002908516813200948,0.009563819346141998,0.009563899203028962,0.003485278039521407,0.003485278039521407,0.004893333758713987,0.0059888399833117065,0.4652759999433173,0.43255242858440274,0.012725169648277086,0.012725171626432817,0.0022124666956019087,0.040518423802638474,0.0353507400323194,0.012630851158374473,0.012630851158374473,0.007715929125009385,0.007715943930703262,0.008410147137344117,0.008410147137344117,0.009857354945333803,0.009857253571292805,0.012630851158374473,0.012630851158374473,0.011686652414934422,0.010133409768695773,0.012725171626432817,0.012725171626432817,0.004893333758713987,0.0059888399833117065,0.4652759999433173,0.43255242858440274,0.006833679541731903,0.006833679541731903,0.009563819346141998,0.009563899203028962,0.0046033647352983955,0.005587116550230518,0.45906248498983376,0.4235291414893278
A12069cW,64.0,0.07565458003422726,0.0027545480792330545,0.020053045878436974,0.008718532293157936,0.004234204622617161,0.004234204622617161,0.004732556967622257,0.003734746300502776,0.003734746300502776,0.004185352499136079,0.004143651069746299,0.004143791736866191,0.004732556967622257,0.004732556967622257,0.001978046558601601,0.0021031629307665498,0.5732187339964372,0.35926095578222406,0.004286649493862841,0.0042865916907452485,0.0027545480792330545,0.020053045878436974,0.008718532293157936,0.0043860754212554,0.0043860754212554,0.004028144436736353,0.004028145624917529,0.004139557904721303,0.004139557904721303,0.004041401981923037,0.004041272174862845,0.0043860754212554,0.0043860754212554,0.004240721961446149,0.003990045180676827,0.0042865916907452485,0.0042865916907452485,0.001978046558601601,0.0021031629307665498,0.5732187339964372,0.35926095578222406,0.003734746300502776,0.003734746300502776,0.004143651069746299,0.004143791736866191,0.0018227699896624207,0.0019471413397962067,0.5323723105029725,0.3351882909158989
A13415cW,64.0,0.09820969542704885,0.002283849532946136,0.027058354207907972,0.015966365079506998,0.005576559929226065,0.005576559929226065,0.003592647453871314,0.00546857404259542,0.00546857404259542,0.0034976185218110432,0.005385787586572871,0.00538572100571329,0.003592647453871314,0.003592647453871314,0.002606664659895291,0.0025231047529718563,0.44414877355514093,0.34142313246209693,0.005890500511164571,0.0058905067130289425,0.002283849532946136,0.027058354207907972,0.015966365079506998,0.006321653459978655,0.006321653459978655,0.005608034089677129,0.005608031144363847,0.005949003668291913,0.005949003668291913,0.005634723036967789,0.0056346642427081315,0.006321653459978655,0.006321653459978655,0.0058420994718094916,0.0051152183260620675,0.0058905067130289425,0.0058905067130289425,0.002606664659895291,0.0025231047529718563,0.44414877355514093,0.34142313246209693,0.00546857404259542,0.00546857404259542,0.005385787586572871,0.00538572100571329,0.0024305713575147195,0.0024383504202603328,0.41659212753941566,0.32085046510870935
A13415dW,64.0,0.10028049397227419,0.003453028963213412,0.018323531395737898,0.008903093814878452,0.003900777067271506,0.003900777067271506,0.003950690952463109,0.0038805069059635916,0.0038805069059635916,0.00383366543700338,0.003873231160829748,0.0038731964587341975,0.003950690952463109,0.003950690952463109,0.0024785840580316336,0.0024933856046006763,0.37365107730567415,0.3092909215377186,0.004036639961160496,0.00403664123751913,0.003453028963213412,0.018323531395737898,0.008903093814878452,0.004191230398191016,0.004191230398191016,0.0039618422667506295,0.0039618422667506295,0.004237641913810834,0.004237641913810834,0.003832621933683329,0.003832568435895848,0.004191230398191016,0.004191230398191016,0.004237917146122325,0.0038569463396107137,0.00403664123751913,0.00403664123751913,0.0024785840580316336,0.0024933856046006763,0.37365107730567415,0.3092909215377186,0.0038805069059635916,0.0038805069059635916,0.003873231160829748,0.0038731964587341975,0.002455178173150918,0.0023581742196112404,0.34909728328362033,0.28314828332842473
A13451bW,64.0,0.21828191251889842,0.00206929910068023,0.01481875467013922,0.005901942441734097,0.005148942715609239,0.005148942715609239,0.002990698085854317,0.0052063257522482745,0.0052063257522482745,0.002936436004502567,0.00531084715177686,0.0053071155177102525,0.002990698085854317,0.002990698085854317,0.002252687913130823,0.002226452220917067,0.376001213570194,0.2774925465503141,0.005555839747814413,0.005555840011012237,0.00206929910068023,0.01481875467013922,0.005901942441734097,0.005701406282067472,0.005701406282067472,0.0054597601505151395,0.0054597601505151395,0.005876788790171257,0.005876788790171257,0.005046573215512918,0.005046546758084708,0.005701406282067472,0.005701406282067472,0.005561257274540417,0.005204946865730262,0.005555840011012237,0.005555840011012237,0.002252687913130823,0.002226452220917067,0.376001213570194,0.2774925465503141,0.0052063257522482745,0.0052063257522482745,0.00531084715177686,0.0053071155177102525,0.002074878866009888,0.002151231374414508,0.3570673880151185,0.23267324515384805
AEOJUM204,64.0,0.01708593460751346,0.003051950813325661,0.08975922197420923,0.07807615728701325,0.009208954804551356,0.009208954804551356,0.004319336488768232,0.006706102013278819,0.006706102013278819,0.003696537749367795,0.008238094355865906,0.008238226971820533,0.004319336488768232,0.004319336488768232,0.0048969472054026355,0.004677971029620613,0.5005641286203485,0.4708041935112362,0.00999670010659157,0.009996699723732272,0.003051950813325661,0.08975922197420923,0.07807615728701325,0.010152774677266089,0.010152774677266089,0.007347212122242708,0.007347210686155124,0.007425969195682899,0.007425969195682899,0.008554188107453639,0.008554185086676254,0.010152774677266089,0.010152774677266089,0.009488863806897204,0.007407883498900063,0.009996699723732272,0.009996699723732272,0.0048969472054026355,0.004677971029620613,0.5005641286203485,0.4708041935112362,0.006706102013278819,0.006706102013278819,0.008238094355865906,0.008238226971820533,0.004537617396751517,0.004273968247860238,0.4936150917855427,0.4649862100026933
AEOJUM303,64.0,0.01901293104960968,0.00235835018057461,0.07799156239323794,0.0641635588513426,0.009015890783896854,0.009015890783896854,0.0034033508983234324,0.005739301493483134,0.005739301493483134,0.0028752190532328817,0.007579804255224489,0.0075797945766412755,0.0034033508983234324,0.0034033508983234324,0.004570688829446997,0.004691360818136861,0.514281104840778,0.4794793100834619,0.009994010658951447,0.009994000689456698,0.00235835018057461,0.07799156239323794,0.0641635588513426,0.00986459987985327,0.00986459987985327,0.00612390818579993,0.006123906888544681,0.0068347032507254475,0.0068347032507254475,0.007932980116526286,0.007932982994229093,0.00986459987985327,0.00986459987985327,0.00972469538664619,0.006875109336749535,0.009994000689456698,0.009994000689456698,0.004570688829446997,0.004691360818136861,0.514281104840778,0.4794793100834619,0.005739301493483134,0.005739301493483134,0.007579804255224489,0.0075797945766412755,0.00402743619815738,0.004154647605066291,0.5079192585598838,0.47555021878630166
AEOJUM402,64.0,0.03249174934288628,0.0040021504126178204,0.15838412290222695,0.14327743119191774,0.01739442544874732,0.01739442544874732,0.007566377784340584,0.01148095142017015,0.01148095142017015,0.005905039724368744,0.014222299343842828,0.014222010918356906,0.007566377784340584,0.007566377784340584,0.005802951705534898,0.007671182914250238,0.5636553669060044,0.5338398546386303,0.018364906457911303,0.01836491586599017,0.0040021504126178204,0.15838412290222695,0.14327743119191774,0.018670047513379917,0.018670047513379917,0.012626484021197601,0.012626486118850295,0.012495134084285056,0.012495134084285056,0.01591406943879075,0.01591397837281551,0.018670047513379917,0.018670047513379917,0.017290224255582267,0.010736444013066872,0.01836491586599017,0.01836491586599017,0.005802951705534898,0.007671182914250238,0.5636553669060044,0.5338398546386303,0.01148095142017015,0.01148095142017015,0.014222299343842828,0.014222010918356906,0.005547304954579944,0.007157320779006001,0.5574753672634211,0.5273885750382031
AEOJUM501,64.0,0.014512600224876368,0.0027565650634569475,0.07051358113435524,0.057048650476926796,0.012215963502263056,0.012215963502263056,0.003972066727092852,0.008886860503183868,0.008886860503183868,0.0032274175864742786,0.010846921298911185,0.010846971478017189,0.003972066727092852,0.003972066727092852,0.005679677137100407,0.006246134651317609,0.48498932411295126,0.44755201859378285,0.013210778802242704,0.013210777994946857,0.0027565650634569475,0.07051358113435524,0.057048650476926796,0.013636210363733314,0.013636210363733314,0.009799521939264214,0.00979952615769185,0.010010434981157052,0.010010434981157052,0.010914786070742664,0.010914745615171792,0.013636210363733314,0.013636210363733314,0.012769289780201216,0.009818397023048393,0.013210777994946857,0.013210777994946857,0.005679677137100407,0.006246134651317609,0.48498932411295126,0.44755201859378285,0.008886860503183868,0.008886860503183868,0.010846921298911185,0.010846971478017189,0.005284817267329268,0.005676432457073475,0.4833153196831027,0.44464532141995033
AEOJUM707,64.0,0.018946514111970413,0.002289217540739834,0.07021455651743373,0.04771359463792865,0.006773216174084011,0.006773216174084011,0.003397813757153937,0.004981017783739469,0.004981017783739469,0.0031515868405808827,0.006484281393857141,0.006484352804850801,0.003397813757153937,0.003397813757153937,0.0031143569414718115,0.0031378154601181154,0.48735473806138235,0.43593043739745446,0.007719886343477353,0.007719888851232821,0.002289217540739834,0.07021455651743373,0.04771359463792865,0.00782196788768796,0.00782196788768796,0.00587032105699251,0.005870323333001571,0.006057329813012078,0.006057329813012078,0.006516354194208015,0.0065163856272213655,0.00782196788768796,0.00782196788768796,0.007377092423620504,0.006128785625780264,0.007719888851232821,0.007719888851232821,0.0031143569414718115,0.0031378154601181154,0.48735473806138235,0.43593043739745446,0.004981017783739469,0.004981017783739469,0.006484281393857141,0.006484352804850801,0.0029185697429279698,0.003076560093224983,0.47675963307779307,0.4311475080392283
AEOJUM807,64.0,0.024122836243121247,0.0026661772871241943,0.026880098606948656,0.01869257054072085,0.008385327956935983,0.008385327956935983,0.0038933690738389604,0.006675810283516724,0.006675810283516724,0.0035598263227483015,0.007819520953870354,0.007819780332192923,0.0038933690738389604,0.0038933690738389604,0.004673732951130582,0.005197043029980066,0.4141991103794006,0.3742282806064256,0.009175669092710687,0.00917567510558978,0.0026661772871241943,0.026880098606948656,0.01869257054072085,0.008811614535546327,0.008811614535546327,0.007719185545593369,0.007719185545593369,0.007669534904663078,0.007669534904663078,0.007973016940779391,0.007973033642126866,0.008811614535546327,0.008811614535546327,0.008999718125584182,0.008014518993422558,0.00917567510558978,0.00917567510558978,0.004673732951130582,0.005197043029980066,0.4141991103794006,0.3742282806064256,0.006675810283516724,0.006675810283516724,0.007819520953870354,0.007819780332192923,0.00431407492238179,0.004916811820312682,0.4035433953804033,0.3684013779041988
AETJUM104,64.0,0.04178569656549142,0.0034894929799480817,0.15489257091439268,0.14461990423573914,0.014717394674545478,0.014717394674545478,0.005856020582430857,0.010620155563031771,0.010620155563031771,0.004658932924503568,0.013634206445137041,0.013632509843116578,0.005856020582430857,0.005856020582430857,0.008150255739097032,0.00908136646221903,0.5778919535950106,0.5474886818248044,0.015575108107977392,0.015575104430962279,0.0034894929799480817,0.15489257091439268,0.14461990423573914,0.015496543184143152,0.015496543184143152,0.01129478667450329,0.011294786842974048,0.011721580127361585,0.011721580127361585,0.01404938811368569,0.014049427588540836,0.015496543184143152,0.015496543184143152,0.014609831612918314,0.01208416837685123,0.015575104430962279,0.015575104430962279,0.008150255739097032,0.00908136646221903,0.5778919535950106,0.5474886818248044,0.010620155563031771,0.010620155563031771,0.013634206445137041,0.013632509843116578,0.007873774032677668,0.008792813770674156,0.573467521995489,0.5410502850062421
AETJUM111,64.0,0.020968606019812566,0.0023564527868511873,0.08000858119845941,0.06491881135656873,0.009279172685208392,0.009279172685208392,0.003310374991048293,0.006560716163265366,0.006560716163265366,0.002786737724061023,0.008126919871182952,0.00812681527059602,0.003310374991048293,0.003310374991048293,0.005291403481542427,0.005534538442390198,0.5598394611644665,0.5012050375272655,0.010067823432058679,0.010067809834287017,0.0023564527868511873,0.08000858119845941,0.06491881135656873,0.009994369709282037,0.009994369709282037,0.007002169389713973,0.007002169389713973,0.007254674140552295,0.007254674140552295,0.00889603838803039,0.00889605232132098,0.009994369709282037,0.009994369709282037,0.009744553168395922,0.00823137120369666,0.010067809834287017,0.010067809834287017,0.005291403481542427,0.005534538442390198,0.5598394611644665,0.5012050375272655,0.006560716163265366,0.006560716163265366,0.008126919871182952,0.00812681527059602,0.004968691009283441,0.005099370046494925,0.5492015494624406,0.4929897679005414
AETJUM119,64.0,0.019929836950483244,0.0025392248204771707,0.04009723501390813,0.030420605761627507,0.007997196416320343,0.007997196416320343,0.0038000539514283084,0.006292842501417774,0.006292842501417774,0.0034780230885540775,0.007315942400173148,0.0073159590518746785,0.0038000539514283084,0.0038000539514283084,0.003768371263054958,0.004214210756849038,0.43815001572771206,0.407920570337106,0.0091651406437477,0.009165140384377721,0.0025392248204771707,0.04009723501390813,0.030420605761627507,0.009113928147190439,0.009113928147190439,0.0067580923946634775,0.006758092380044618,0.007210260184417574,0.007210260184417574,0.007627099097499617,0.0076270482546817306,0.009113928147190439,0.009113928147190439,0.008216194216567985,0.007474034870695399,0.009165140384377721,0.009165140384377721,0.003768371263054958,0.004214210756849038,0.43815001572771206,0.407920570337106,0.006292842501417774,0.006292842501417774,0.007315942400173148,0.0073159590518746785,0.003606933071452891,0.003956616152120912,0.43406898551202705,0.40376568192629037
AETJUM229,64.0,0.026608747970713078,0.002323721337123894,0.08261067458906154,0.07253938237870987,0.00985793783366094,0.00985793783366094,0.003810241328949053,0.006529296684155906,0.006529296684155906,0.003264759118065677,0.008675763726288456,0.008675766438599219,0.003810241328949053,0.003810241328949053,0.005337172621975031,0.005407722195184575,0.5330948371497585,0.4925286344740568,0.011187413470344075,0.01118741926779577,0.002323721337123894,0.08261067458906154,0.07253938237870987,0.011006553150153453,0.011006553150153453,0.007521398243286614,0.007521391162350534,0.007933400766629397,0.007933400766629397,0.009564081890489974,0.009564058178446999,0.011006553150153453,0.011006553150153453,0.010360208898670044,0.008763924072894861,0.01118741926779577,0.01118741926779577,0.005337172621975031,0.005407722195184575,0.5330948371497585,0.4925286344740568,0.006529296684155906,0.006529296684155906,0.008675763726288456,0.008675766438599219,0.004978981776929696,0.004974837610442773,0.5256709821295851,0.4820840368603987
APTJUM107,64.0,0.03264458186346025,0.002797017824484682,0.09801933172340926,0.1014608128228145,0.015738446550135607,0.015738446550135607,0.007436419088720867,0.012018883939162676,0.012018883939162676,0.00528007036482152,0.014562130994227618,0.01456217458448989,0.007436419088720867,0.007436419088720867,0.007691161576842206,0.008597662276556693,0.48541593514662373,0.46652460555178354,0.01605634846960084,0.016056349804921335,0.002797017824484682,0.09801933172340926,0.1014608128228145,0.016151900181100624,0.016151900181100624,0.012737190683484795,0.012737190371417819,0.012877222788160166,0.012877222788160166,0.0145799158355134,0.01457990041921508,0.016151900181100624,0.016151900181100624,0.015333580970791304,0.01300734961025195,0.016056349804921335,0.016056349804921335,0.007691161576842206,0.008597662276556693,0.48541593514662373,0.46652460555178354,0.012018883939162676,0.012018883939162676,0.014562130994227618,0.01456217458448989,0.007404698118764319,0.00822529677621447,0.47886745094435557,0.4573612267143653
APTJUM110,64.0,0.013076923177822147,0.0022985384360941254,0.056643679139759776,0.03899733361200784,0.0076012539346039095,0.0076012539346039095,0.0034188910952448657,0.00542585963175044,0.00542585963175044,0.0031170846966884266,0.0069013672022925,0.00690126766654569,0.0034188910952448657,0.0034188910952448657,0.003662034812824047,0.004319686600107123,0.48487789375747675,0.4231044313339695,0.0080685252174324,0.008068516164138267,0.0022985384360941254,0.056643679139759776,0.03899733361200784,0.008160499710582225,0.008160499710582225,0.0057448720906739205,0.0057448720778217445,0.006047839175955468,0.006047839175955468,0.006740002321542429,0.006739978076190636,0.008160499710582225,0.008160499710582225,0.00805122834628715,0.006606854140378269,0.008068516164138267,0.008068516164138267,0.003662034812824047,0.004319686600107123,0.48487789375747675,0.4231044313339695,0.00542585963175044,0.00542585963175044,0.0069013672022925,0.00690126766654569,0.00358685147355445,0.0040708584356853,0.4792791711376707,0.4208061547981118
APTJUM114,64.0,0.018015703085592267,0.002231953959814706,0.048339419991314136,0.040657132910371374,0.009278632845358434,0.009278632845358434,0.00436819886129127,0.007421044359708062,0.007421044359708062,0.0033604933518397765,0.008432285281548912,0.008432236486244311,0.00436819886129127,0.00436819886129127,0.005869887692832949,0.0064508036308262165,0.48366008936866695,0.42582283225854445,0.010206945365172464,0.010206949891445754,0.002231953959814706,0.048339419991314136,0.040657132910371374,0.009962603438268403,0.009962603438268403,0.007850495825840327,0.007850495825840327,0.007878139422840987,0.007878139422840987,0.009077007917706511,0.009071783499554675,0.009962603438268403,0.009962603438268403,0.009732845972640588,0.008368355353376645,0.010206949891445754,0.010206949891445754,0.005869887692832949,0.0064508036308262165,0.48366008936866695,0.42582283225854445,0.007421044359708062,0.007421044359708062,0.008432285281548912,0.008432236486244311,0.0055995892765045305,0.006119195293794032,0.4747284145304334,0.42160697426719473
APTJUM124,64.0,0.0173462190405963,0.002093150612748498,0.06546336491102545,0.051126125787437623,0.013462586300032985,0.013462586300032985,0.004999195996447745,0.009964436683644934,0.009964436683644934,0.003905946756788617,0.012422659946880304,0.012422621320818368,0.004999195996447745,0.004999195996447745,0.004549534216201205,0.006718362821780828,0.41596822934560124,0.3742969515219025,0.01473850499678828,0.014738514909502332,0.002093150612748498,0.06546336491102545,0.051126125787437623,0.014979860168751923,0.014979860168751923,0.010839380503339942,0.010839380503339942,0.010800631626476313,0.010800631626476313,0.012529319121972415,0.012529370114486826,0.014979860168751923,0.014979860168751923,0.014023904199857695,0.010782487021136622,0.014738514909502332,0.014738514909502332,0.004549534216201205,0.006718362821780828,0.41596822934560124,0.3742969515219025,0.009964436683644934,0.009964436683644934,0.012422659946880304,0.012422621320818368,0.0042892725713661595,0.0062535042525282145,0.4087018675340572,0.3696045500259558
APTJUM131,64.0,0.012464449366329658,0.0024767138875263143,0.03847078983871984,0.027327946024128347,0.0048474395087825745,0.0048474395087825745,0.0029157538584570707,0.003142186859945154,0.003142186859945154,0.002391117846337668,0.004298847986176736,0.004298986775166469,0.0029157538584570707,0.0029157538584570707,0.0028281530564339,0.002831770969454155,0.4396653811104602,0.4021431949880423,0.005694821525745351,0.005694823325332391,0.0024767138875263143,0.03847078983871984,0.027327946024128347,0.005828857242013885,0.005828857242013885,0.003374783433373734,0.00337478363715119,0.0038837401213361873,0.0038837401213361873,0.004261788039775118,0.004261774927995464,0.005828857242013885,0.005828857242013885,0.005332373382796274,0.004368765554094986,0.005694823325332391,0.005694823325332391,0.0028281530564339,0.002831770969454155,0.4396653811104602,0.4021431949880423,0.003142186859945154,0.003142186859945154,0.004298847986176736,0.004298986775166469,0.0026502715964981443,0.0025007337720098655,0.43396002100541364,0.3975813506764725
APTJUM212,64.0,0.015528414791596109,0.003440702439548401,0.041726168793901126,0.032275412970220116,0.019887494479751654,0.019887494479751654,0.007087089644712945,0.014808770266004509,0.014808770266004509,0.004752751368330783,0.018457455773478383,0.018457351307671236,0.007087089644712945,0.007087089644712945,0.007159250720679782,0.008397654536407685,0.4462688254953875,0.41392076478612005,0.020864536839478143,0.020864535674021106,0.003440702439548401,0.041726168793901126,0.032275412970220116,0.021081833745591822,0.021081833745591822,0.015368484750422837,0.015368484492735285,0.016476259179831046,0.016476259179831046,0.018215717619314196,0.018215767487191156,0.021081833745591822,0.021081833745591822,0.019703353349641843,0.015678631192749287,0.020864535674021106,0.020864535674021106,0.007159250720679782,0.008397654536407685,0.4462688254953875,0.41392076478612005,0.014808770266004509,0.014808770266004509,0.018457455773478383,0.018457351307671236,0.006333016288437212,0.007570640147382277,0.4393640855181299,0.4076924321523117
APTJUM216,64.0,0.017501815091868655,0.0028521985837962455,0.024718600036325235,0.02097960887013866,0.006029544022218116,0.006029544022218116,0.004025317387784257,0.004543096717355169,0.004543096717355169,0.0039060461801137653,0.005238577823249736,0.0052387355836251495,0.004025317387784257,0.004025317387784257,0.003139457059879745,0.003494899000881604,0.44392830459037913,0.4199519394127651,0.006686481258536609,0.006686477527505805,0.0028521985837962455,0.024718600036325235,0.02097960887013866,0.006811385192662022,0.006811385192662022,0.0049531588262509444,0.00495315830781282,0.004991409025671638,0.004991409025671638,0.005360233178583007,0.00536025039203745,0.006811385192662022,0.006811385192662022,0.006059722048259995,0.0053057123047287845,0.006686477527505805,0.006686477527505805,0.003139457059879745,0.003494899000881604,0.44392830459037913,0.4199519394127651,0.004543096717355169,0.004543096717355169,0.005238577823249736,0.0052387355836251495,0.0030973652258606734,0.003357797350161775,0.4342046088096408,0.4132025030355798
APTJUM229,64.0,0.026601234339840938,0.002229181224102268,0.09452604755034999,0.08154690469286328,0.023382314621088945,0.023382314621088945,0.004107979678382791,0.015343079540149681,0.015343079540149681,0.003066192552328541,0.018796107201047466,0.018796149192983534,0.004107979678382791,0.004107979678382791,0.005241613271992334,0.008404316454680169,0.49625173169689385,0.4719075140923459,0.0248094904482813,0.024809493838452292,0.002229181224102268,0.09452604755034999,0.08154690469286328,0.025019461490753944,0.025019461490753944,0.01549167339774089,0.01549167245718764,0.01684040532111,0.01684040532111,0.021910974070033853,0.02191091900967013,0.025019461490753944,0.025019461490753944,0.023303441509663576,0.015263614430979837,0.024809493838452292,0.024809493838452292,0.005241613271992334,0.008404316454680169,0.49625173169689385,0.4719075140923459,0.015343079540149681,0.015343079540149681,0.018796107201047466,0.018796149192983534,0.0048638002358837515,0.007459041548236602,0.48892941975200677,0.4642998615726234
APTJUM324,64.0,0.012064023360505475,0.002661066430814179,0.04750407126003998,0.03492425276663266,0.00740563822584906,0.00740563822584906,0.003613292864305072,0.005295110876721979,0.005295110876721979,0.003389848176881459,0.006383274022093364,0.00638277721467034,0.003613292864305072,0.003613292864305072,0.0031610246079359096,0.0036927793247953536,0.4728060091795413,0.4350019225743981,0.00786458763292335,0.007864590642813456,0.002661066430814179,0.04750407126003998,0.03492425276663266,0.007916802950481852,0.007916802950481852,0.006204812857575907,0.006204812857575907,0.0060733810151234,0.0060733810151234,0.006130317248961535,0.006130329261808161,0.007916802950481852,0.007916802950481852,0.007749536130577761,0.005819813516290708,0.007864590642813456,0.007864590642813456,0.0031610246079359096,0.0036927793247953536,0.4728060091795413,0.4350019225743981,0.005295110876721979,0.005295110876721979,0.006383274022093364,0.00638277721467034,0.002978201197952155,0.003307665707537723,0.46610508148584834,0.42621383235644233
APTJUM327,64.0,0.019143000181445016,0.002705201260053278,0.05042692418926563,0.04315136262883375,0.01398926530626964,0.01398926530626964,0.004133747949891728,0.01056148785152651,0.01056148785152651,0.0033729849647168558,0.012718502609627388,0.012719562539497171,0.004133747949891728,0.004133747949891728,0.0049520978681787875,0.0057039727542019195,0.4800207076438895,0.43610617056252526,0.015235960411675348,0.0152359605721111,0.002705201260053278,0.05042692418926563,0.04315136262883375,0.015541967345988412,0.015541967345988412,0.011259102150451932,0.011259101988142882,0.012119628978122394,0.012119628978122394,0.01259500717840722,0.012594980402574936,0.015541967345988412,0.015541967345988412,0.014548551278706223,0.011197957977204,0.0152359605721111,0.0152359605721111,0.0049520978681787875,0.0057039727542019195,0.4800207076438895,0.43610617056252526,0.01056148785152651,0.01056148785152651,0.012718502609627388,0.012719562539497171,0.004877576968469039,0.0054932368669765586,0.46812008956522577,0.4291820809496904
APTJUM611,64.0,0.027744613409877064,0.0023625826734204602,0.05973886741356722,0.042977011252852464,0.008426504876634584,0.008426504876634584,0.004339374577197722,0.006422769867511757,0.006422769867511757,0.003508698685617604,0.008065192071275588,0.008065208046254347,0.004339374577197722,0.004339374577197722,0.0053291713436557035,0.005382144744268445,0.5058982978762404,0.425373252381584,0.009070139613446207,0.00907013927626594,0.0023625826734204602,0.05973886741356722,0.042977011252852464,0.009132324751212726,0.009132324751212726,0.007029586681231337,0.007029586328346334,0.007826725567994453,0.007826725567994453,0.00787967234102014,0.007879676944324685,0.009132324751212726,0.009132324751212726,0.00886021383869676,0.008199255303473414,0.00907013927626594,0.00907013927626594,0.0053291713436557035,0.005382144744268445,0.5058982978762404,0.425373252381584,0.006422769867511757,0.006422769867511757,0.008065192071275588,0.008065208046254347,0.0051129201649069865,0.005180054869664774,0.49266646800218133,0.4208490251621547
ATSJUM106,64.0,0.020472279106061014,0.0019731110094391787,0.09422734898177218,0.07609553770548906,0.008247592365873703,0.008247592365873703,0.002973897701600823,0.00559220278601152,0.00559220278601152,0.0026852589645167194,0.007315361252276941,0.007315291066099726,0.002973897701600823,0.002973897701600823,0.0038432199126216715,0.004207054825966057,0.49368745704724265,0.45426396672971003,0.008778012253261075,0.008778022361123032,0.0019731110094391787,0.09422734898177218,0.07609553770548906,0.008870681866651709,0.008870681866651709,0.006134402538803779,0.0061344026882674645,0.00619135215720656,0.00619135215720656,0.007297308856676436,0.007297270578499084,0.008870681866651709,0.008870681866651709,0.008448722574390005,0.006688289838622101,0.008778022361123032,0.008778022361123032,0.0038432199126216715,0.004207054825966057,0.49368745704724265,0.45426396672971003,0.00559220278601152,0.00559220278601152,0.007315361252276941,0.007315291066099726,0.0037026781530473795,0.0040204708438925695,0.4909163668045253,0.45140926904821205
ATSJUM113,64.0,0.016046099583041516,0.002975220642393781,0.07430827405718657,0.06507645762089316,0.008028673929243432,0.008028673929243432,0.004069962759477537,0.00587938716946622,0.00587938716946622,0.00344591886785688,0.00722203054074719,0.007221949329285563,0.004069962759477537,0.004069962759477537,0.00488006952480052,0.004517010740971152,0.5505888123410845,0.5050300456674484,0.008787018069404184,0.008787027353112008,0.002975220642393781,0.07430827405718657,0.06507645762089316,0.008613364586018978,0.008613364586018978,0.006391568068228656,0.006391567997575545,0.0065639951804256,0.0065639951804256,0.007322933774707672,0.007322917530327565,0.008613364586018978,0.008613364586018978,0.008456530538244586,0.0073278947658309505,0.008787027353112008,0.008787027353112008,0.00488006952480052,0.004517010740971152,0.5505888123410845,0.5050300456674484,0.00587938716946622,0.00587938716946622,0.00722203054074719,0.007221949329285563,0.00455526255044339,0.004297107502096809,0.5425928250213704,0.49722894131694967
ATSJUM118,64.0,0.022256646837461716,0.0026474322418040407,0.05596362801424256,0.04933244393153187,0.01141928781761082,0.01141928781761082,0.004370811898565391,0.008157250677981214,0.008157250677981214,0.0030817078537622457,0.009792406488425538,0.009792280037771795,0.004370811898565391,0.004370811898565391,0.006689355648833316,0.00685794328345005,0.4960737171260894,0.44872537014019953,0.01254986751974995,0.012549911163676614,0.0026474322418040407,0.05596362801424256,0.04933244393153187,0.012319173718021041,0.012319173718021041,0.008881060874460254,0.008881060899928109,0.009367188642449243,0.009367188642449243,0.01050574950658737,0.010505698971174275,0.012319173718021041,0.012319173718021041,0.01181917322075423,0.01015890654663932,0.012549911163676614,0.012549911163676614,0.006689355648833316,0.00685794328345005,0.4960737171260894,0.44872537014019953,0.008157250677981214,0.008157250677981214,0.009792406488425538,0.009792280037771795,0.006259730270164786,0.006134058509524164,0.4842437177921694,0.4403662262206664
ATSJUM127,64.0,0.026291418378965634,0.003100616018016703,0.13257524796462603,0.10829027006037313,0.017169687753653417,0.017169687753653417,0.008041475120168872,0.011938041029585398,0.011938041029585398,0.005751916716352459,0.015579138633073353,0.015579135949724541,0.008041475120168872,0.008041475120168872,0.00669349570677506,0.007421480944097008,0.5180144812948119,0.48481187009449,0.018212975723534235,0.018212973035241015,0.003100616018016703,0.13257524796462603,0.10829027006037313,0.01838741894527111,0.01838741894527111,0.012719712278064984,0.012719712267752127,0.012908823127520385,0.012908823127520385,0.01662310600748857,0.016623777551224433,0.01838741894527111,0.01838741894527111,0.017903345442945477,0.012348096479579719,0.018212973035241015,0.018212973035241015,0.00669349570677506,0.007421480944097008,0.5180144812948119,0.48481187009449,0.011938041029585398,0.011938041029585398,0.015579138633073353,0.015579135949724541,0.006505401840808555,0.007036384914822775,0.5137425347793069,0.4793470105255498
ATSJUM202,64.0,0.018086894271843085,0.002061714081771435,0.04835000747744932,0.041401326236555014,0.00842409337735003,0.00842409337735003,0.003138323777868359,0.005952381801897868,0.005952381801897868,0.0029468510260012874,0.0075637045857083335,0.007563563990574633,0.003138323777868359,0.003138323777868359,0.0044685077732450895,0.004405161565490806,0.5133126389567372,0.4573329078444887,0.009399562830260985,0.009399561065003954,0.002061714081771435,0.04835000747744932,0.041401326236555014,0.009438413483733546,0.009438413483733546,0.006924142159753314,0.006924142159753314,0.006706070811753542,0.006706070811753542,0.007553227519118735,0.007553264201292925,0.009438413483733546,0.009438413483733546,0.009150601035548165,0.007763553094132945,0.009399561065003954,0.009399561065003954,0.0044685077732450895,0.004405161565490806,0.5133126389567372,0.4573329078444887,0.005952381801897868,0.005952381801897868,0.0075637045857083335,0.007563563990574633,0.00417249254767539,0.004356401295600588,0.5071204641309112,0.4514345502261784
ATSJUM206,64.0,0.01831534642563821,0.0020431317613172255,0.05574623470156826,0.057015448735087085,0.01283639070445261,0.01283639070445261,0.0033030724448358567,0.008785274959171285,0.008785274959171285,0.0028085588428477847,0.011645090099897346,0.011645245730673829,0.0033030724448358567,0.0033030724448358567,0.0033814296549241696,0.004241811772130327,0.4949966309230686,0.44170726323838844,0.014215852762648471,0.014215851114145098,0.0020431317613172255,0.05574623470156826,0.057015448735087085,0.013945047114889192,0.013945047114889192,0.009858877301236033,0.009858877301236033,0.010128843371807405,0.010128843371807405,0.012056010009877651,0.012056036830398475,0.013945047114889192,0.013945047114889192,0.013752220181743179,0.009443506100891595,0.014215851114145098,0.014215851114145098,0.0033814296549241696,0.004241811772130327,0.4949966309230686,0.44170726323838844,0.008785274959171285,0.008785274959171285,0.011645090099897346,0.011645245730673829,0.0032438368461317696,0.004010780028963329,0.48704197861558435,0.43905265634545704
ATSJUM214,64.0,0.015117934160824702,0.002376685866343538,0.039464040516480656,0.031930845658334296,0.009217962393769166,0.009217962393769166,0.0034833661283568255,0.00841819877369535,0.00841819877369535,0.003255858069993325,0.008899517083972474,0.00889948248826373,0.0034833661283568255,0.0034833661283568255,0.0038014397832670114,0.004340034275587512,0.450790659250723,0.39670833406543554,0.01035912978079554,0.01035912959788564,0.002376685866343538,0.039464040516480656,0.031930845658334296,0.010759973257770927,0.010759973257770927,0.008805671379323117,0.008805671379323117,0.009413062568403572,0.009413062568403572,0.008368326973971402,0.00836836296232267,0.010759973257770927,0.010759973257770927,0.00997549699447278,0.0075717125984314584,0.01035912959788564,0.01035912959788564,0.0038014397832670114,0.004340034275587512,0.450790659250723,0.39670833406543554,0.00841819877369535,0.00841819877369535,0.008899517083972474,0.00889948248826373,0.003389847109677644,0.004065195874109444,0.44135779040322565,0.3915990704020095
ATSJUM222,64.0,0.015672534513215576,0.0021731268688737187,0.05552205367013205,0.04447193976505768,0.007098717129762995,0.007098717129762995,0.0023979744036012707,0.004179826450162341,0.004179826450162341,0.0022482709254070337,0.005586160677387421,0.005586221308829176,0.0023979744036012707,0.0023979744036012707,0.0029918238405738486,0.003387118416501823,0.4666351523117051,0.43295411358924873,0.007719543123882233,0.007719547896957689,0.0021731268688737187,0.05552205367013205,0.04447193976505768,0.007728695249863081,0.007728695249863081,0.005503643340111487,0.005503643500970264,0.005123434792806707,0.005123434792806707,0.006428245291249058,0.00642823671801103,0.007728695249863081,0.007728695249863081,0.007454951139192035,0.005440718159910292,0.007719547896957689,0.007719547896957689,0.0029918238405738486,0.003387118416501823,0.4666351523117051,0.43295411358924873,0.004179826450162341,0.004179826450162341,0.005586160677387421,0.005586221308829176,0.0028972033447915795,0.0031678727447521787,0.45630932901518945,0.42567333236221394
ATSJUM228,64.0,0.020827767595403168,0.0020825546343365498,0.07272576668696136,0.06178352032327848,0.004755008084042949,0.004755008084042949,0.002867843182667327,0.002995168735178729,0.002995168735178729,0.0028982710791046304,0.004403490275562831,0.004403749102170712,0.002867843182667327,0.002867843182667327,0.0020914997672280295,0.002527682003353888,0.42237267055528005,0.4106014713789343,0.0055153963340069416,0.0055153972777432355,0.0020825546343365498,0.07272576668696136,0.06178352032327848,0.00540230851174901,0.00540230851174901,0.0034475862459474402,0.003447585733246764,0.0035586156862092992,0.0035586156862092992,0.004191105458700127,0.004191138759096327,0.00540230851174901,0.00540230851174901,0.005234181028479374,0.004274396675123472,0.0055153972777432355,0.0055153972777432355,0.0020914997672280295,0.002527682003353888,0.42237267055528005,0.4106014713789343,0.002995168735178729,0.002995168735178729,0.004403490275562831,0.004403749102170712,0.0020416773348086053,0.002429451627092433,0.4146912769432843,0.40559088660752823
ATSJUM401,64.0,0.022294898170533737,0.002640457657016263,0.07879047603342722,0.06707214498600013,0.009607925017057395,0.009607925017057395,0.0039017057770490996,0.0068208437226763875,0.0068208437226763875,0.003017946523725289,0.008532244146862373,0.008532443809536999,0.0039017057770490996,0.0039017057770490996,0.00579472476196256,0.0058413245069057285,0.490743146635454,0.4650828805265154,0.01050280211474762,0.010502811662380965,0.002640457657016263,0.07879047603342722,0.06707214498600013,0.011116162267868303,0.011116162267868303,0.007415324754778405,0.0074153232974445695,0.00799984584112779,0.00799984584112779,0.009175925812596679,0.009175858599901917,0.011116162267868303,0.011116162267868303,0.010097297316375677,0.008296673820666253,0.010502811662380965,0.010502811662380965,0.00579472476196256,0.0058413245069057285,0.490743146635454,0.4650828805265154,0.0068208437226763875,0.0068208437226763875,0.008532244146862373,0.008532443809536999,0.005451284048687325,0.005303414027708692,0.4851706612341518,0.4602381941246323
ATSJUM418,64.0,0.03649092671289717,0.003563165876717163,0.09593962224535854,0.08908082362409447,0.009998310541639003,0.009998310541639003,0.005307991340537351,0.006640185676733791,0.006640185676733791,0.004533827501503803,0.008815013418859957,0.008815016698603764,0.005307991340537351,0.005307991340537351,0.0045676210141986215,0.005354580950441834,0.5672713989170233,0.4985792725491493,0.011100773835077266,0.011100774825338647,0.003563165876717163,0.09593962224535854,0.08908082362409447,0.011064434760867159,0.011064434760867159,0.007017815203743728,0.007017815032643013,0.007447936521174174,0.007447936521174174,0.009055980875599603,0.009055590578702899,0.011064434760867159,0.011064434760867159,0.010165782839735025,0.008080701081604375,0.011100774825338647,0.011100774825338647,0.0045676210141986215,0.005354580950441834,0.5672713989170233,0.4985792725491493,0.006640185676733791,0.006640185676733791,0.008815013418859957,0.008815016698603764,0.0043729374924189384,0.00489793745241952,0.5552392462604226,0.4917948738558789
ATTJUM206,64.0,0.02334673560005518,0.0022093840275700036,0.07371165671173754,0.05489590029728139,0.014517731403978773,0.014517731403978773,0.005334905361845002,0.010119949599307359,0.010119949599307359,0.003848288542786153,0.012636254165726314,0.012636217688482323,0.005334905361845002,0.005334905361845002,0.005495911429089115,0.006291066661718073,0.48754091324185533,0.42512440602718476,0.01546892819902039,0.01546892842203106,0.0022093840275700036,0.07371165671173754,0.05489590029728139,0.015167193252626427,0.015167193252626427,0.010547368820040618,0.010547368820040618,0.011029032173367372,0.011029032173367372,0.013491424511505342,0.01349135431479852,0.015167193252626427,0.015167193252626427,0.014395178860798987,0.010462478826099735,0.01546892842203106,0.01546892842203106,0.005495911429089115,0.006291066661718073,0.48754091324185533,0.42512440602718476,0.010119949599307359,0.010119949599307359,0.012636254165726314,0.012636217688482323,0.005232230352956108,0.005881376449071579,0.4821356138797671,0.41887342359310414
B040103b,64.0,0.034910620851114446,0.0021769721431191477,0.03680170535580562,0.018718605441017857,0.007964982771233439,0.007964982771233439,0.0038470957900295466,0.006626419784036861,0.006626419784036861,0.003421399800672336,0.007313587580208661,0.007329879902179964,0.0038470957900295466,0.0038470957900295466,0.002992668738235218,0.0036889698253258552,0.3924806339263415,0.3506078696409629,0.00963034565113365,0.009627009131346202,0.0021769721431191477,0.03680170535580562,0.018718605441017857,0.010422397302996442,0.010422397302996442,0.006707170902541108,0.0067071714268882796,0.007509644571749826,0.007509644571749826,0.007619461453002499,0.007619463154681657,0.010422397302996442,0.010422397302996442,0.00867119444623077,0.006622311391347922,0.009627009131346202,0.009627009131346202,0.002992668738235218,0.0036889698253258552,0.3924806339263415,0.3506078696409629,0.006626419784036861,0.006626419784036861,0.007313587580208661,0.007329879902179964,0.002899993087134679,0.003570431304777241,0.38295975859071174,0.3454232806138854
B040903b,64.0,0.041493627682184356,0.0025339740523600694,0.046563492060125104,0.02985523055283806,0.006555264925243306,0.006555264925243306,0.0036588972500292993,0.005360215541076536,0.005360215541076536,0.0030480958668428902,0.005802017021624996,0.005801975187281425,0.0036588972500292993,0.0036588972500292993,0.0037375255497576086,0.004179277168660432,0.4978631465399055,0.4180747701153132,0.007031129757194007,0.007031131482833212,0.0025339740523600694,0.046563492060125104,0.02985523055283806,0.0076642840513008,0.0076642840513008,0.006030596780014512,0.006030574985835849,0.0062924058603866335,0.0062924058603866335,0.0058286943238371365,0.00582868331724302,0.0076642840513008,0.0076642840513008,0.007050921614642676,0.006206508186891081,0.007031131482833212,0.007031131482833212,0.0037375255497576086,0.004179277168660432,0.4978631465399055,0.4180747701153132,0.005360215541076536,0.005360215541076536,0.005802017021624996,0.005801975187281425,0.003504871236699407,0.003921672609624664,0.48859455970857485,0.4134176833499297
B040903c,64.0,0.04056591235711209,0.002669285749691874,0.02677303023586155,0.016873096299271962,0.011751662065404104,0.011751662065404104,0.004615086139957939,0.009466966511637365,0.009466966511637365,0.004156223859524513,0.010079742469382442,0.010079303341185453,0.004615086139957939,0.004615086139957939,0.0036423811076021625,0.004579408597970328,0.36819785249778186,0.33634727817290755,0.012331473959817398,0.012331473844007975,0.002669285749691874,0.02677303023586155,0.016873096299271962,0.013315779847108501,0.013315779847108501,0.010289347606735132,0.010289347666371906,0.01105349807416649,0.01105349807416649,0.010340844860654497,0.010340813181830366,0.013315779847108501,0.013315779847108501,0.0117582018688941,0.009740599988999628,0.012331473844007975,0.012331473844007975,0.0036423811076021625,0.004579408597970328,0.36819785249778186,0.33634727817290755,0.009466966511637365,0.009466966511637365,0.010079742469382442,0.010079303341185453,0.003564485159139762,0.004309565699100628,0.3621873809837992,0.33232713702252964
B40003dW,64.0,0.11904041291405384,0.00315829819098485,0.06267153748931484,0.048321686656411546,0.007910004587361711,0.007910004587361711,0.00514490862948176,0.007306475749548228,0.007306475749548228,0.005012463359674254,0.007275168552914823,0.007275232170891206,0.00514490862948176,0.00514490862948176,0.0045424307906051856,0.004681925080329727,0.48218081451159095,0.3936256450432389,0.00831467051813236,0.008314675537600088,0.00315829819098485,0.06267153748931484,0.048321686656411546,0.008714619401492063,0.008714619401492063,0.00812788391411033,0.00812788391411033,0.008196416697809052,0.008196416697809052,0.007993299160563077,0.007993434156298758,0.008714619401492063,0.008714619401492063,0.008052162268433773,0.0071836085612778725,0.008314675537600088,0.008314675537600088,0.0045424307906051856,0.004681925080329727,0.48218081451159095,0.3936256450432389,0.007306475749548228,0.007306475749548228,0.007275168552914823,0.007275232170891206,0.0045044071691189794,0.004640529669337831,0.46760329790212424,0.3836399941120937
B40403bW,64.0,0.11639911315739299,0.0028033672211605354,0.027056413478113633,0.020949622140877047,0.010660659711866256,0.010660659711866256,0.004785404561776797,0.008711248640371837,0.008711248640371837,0.004533648011636468,0.0093033528323689,0.009303394886009524,0.004785404561776797,0.004785404561776797,0.004772071845480216,0.004885345548852233,0.41002609909827237,0.3709467462073237,0.011441303944062335,0.011441303544909236,0.0028033672211605354,0.027056413478113633,0.020949622140877047,0.011808978354120377,0.011808978354120377,0.009478090838419686,0.009478091006045816,0.01042865574797096,0.01042865574797096,0.009754260879008176,0.009754204704603031,0.011808978354120377,0.011808978354120377,0.01089811925292195,0.009185253167008243,0.011441303544909236,0.011441303544909236,0.004772071845480216,0.004885345548852233,0.41002609909827237,0.3709467462073237,0.008711248640371837,0.008711248640371837,0.0093033528323689,0.009303394886009524,0.0047609171210266105,0.004759833658939851,0.3981260285742976,0.36372322595408463
B40703cW,64.0,0.17017091822982605,0.0030530220200990447,0.06210218964506967,0.03987684863959768,0.008655028023440852,0.008655028023440852,0.005068356093356217,0.006887267260351712,0.006887267260351712,0.00438534002695378,0.007489455062173038,0.007489476080718627,0.005068356093356217,0.005068356093356217,0.0038867606568962665,0.0039354087959462955,0.43955587338495766,0.3857003100297727,0.009445038091845225,0.009445038543637646,0.0030530220200990447,0.06210218964506967,0.03987684863959768,0.009847857700456479,0.009847857700456479,0.00774634714788033,0.007746347672254793,0.007968004057553013,0.007968004057553013,0.00866985215303266,0.008669864028352781,0.009847857700456479,0.009847857700456479,0.00902815611850872,0.007482821065656107,0.009445038543637646,0.009445038543637646,0.0038867606568962665,0.0039354087959462955,0.43955587338495766,0.3857003100297727,0.006887267260351712,0.006887267260351712,0.007489455062173038,0.007489476080718627,0.0036332941275393107,0.0037894086908968265,0.4305136497506686,0.37849198099639825
BAY5867c,64.0,0.04510923209067884,0.0018099691530515675,0.008707259879208751,0.0032992739571037636,0.0036171726283567946,0.0036171726283567946,0.0022363443674100437,0.0034405541805583133,0.0034405541805583133,0.0022258903170365102,0.0037486600361788017,0.0037488364736596373,0.0022363443674100437,0.0022363443674100437,0.001821189047944865,0.0019263582692410975,0.33575227063128155,0.28471529582014454,0.0038344574634164743,0.0038344630189594336,0.0018099691530515675,0.008707259879208751,0.0032992739571037636,0.004052527257142403,0.004052527257142403,0.0034881062559015837,0.0034881066117910973,0.0038094359553203796,0.0038094359553203796,0.0035251615693574247,0.0035255198287206793,0.004052527257142403,0.004052527257142403,0.003758348327206355,0.003458080685354214,0.0038344630189594336,0.0038344630189594336,0.001821189047944865,0.0019263582692410975,0.33575227063128155,0.28471529582014454,0.0034405541805583133,0.0034405541805583133,0.0037486600361788017,0.0037488364736596373,0.0017697648955432022,0.0018405076823648139,0.31502812285616666,0.2737510716901853
BAY5869b,64.0,0.0665427753805565,0.001718020854707414,0.012658778132168421,0.007766906846431194,0.00353111974470819,0.00353111974470819,0.0022546822052719132,0.0034016045542217955,0.0034016045542217955,0.0022363929706329514,0.003562187228482283,0.003562187705367997,0.0022546822052719132,0.0022546822052719132,0.0018441973493323889,0.0019531216005189605,0.3868337780129289,0.31930681055142585,0.0036113620189873346,0.0036113677609771852,0.001718020854707414,0.012658778132168421,0.007766906846431194,0.0037764654883264224,0.0037764654883264224,0.003559195342800698,0.003559195342800698,0.0036744128102602636,0.0036744128102602636,0.003436798764115825,0.0034373095028998432,0.0037764654883264224,0.0037764654883264224,0.0036618139889878026,0.0030741816533495373,0.0036113677609771852,0.0036113677609771852,0.0018441973493323889,0.0019531216005189605,0.3868337780129289,0.31930681055142585,0.0034016045542217955,0.0034016045542217955,0.003562187228482283,0.003562187705367997,0.0017965047605480304,0.0017554866380844673,0.3685351139054344,0.30569727995928414
BAY5870d,64.0,0.07109561003284913,0.0018291356809416108,0.01088876346723716,0.004897015127090359,0.0038796915265820056,0.0038796915265820056,0.002469589276918905,0.0038824750659900327,0.0038824750659900327,0.0022764791317649124,0.004384065518200069,0.004384153985124031,0.002469589276918905,0.002469589276918905,0.0017562637265709496,0.00184316552811487,0.38701540519802763,0.33156791322517976,0.004690207503137076,0.004690208362162871,0.0018291356809416108,0.01088876346723716,0.004897015127090359,0.004798288681573144,0.004798288681573144,0.003932081797923989,0.0039320835160107795,0.004376801952886466,0.004376801952886466,0.003938546497872811,0.0039384176540523275,0.004798288681573144,0.004798288681573144,0.004421672211495745,0.0037342873682496315,0.004690208362162871,0.004690208362162871,0.0017562637265709496,0.00184316552811487,0.38701540519802763,0.33156791322517976,0.0038824750659900327,0.0038824750659900327,0.004384065518200069,0.004384153985124031,0.001675343489114805,0.0017079511794364515,0.3729598027669101,0.323672340272567
BAY5872a,64.0,0.1402959261074072,0.003372437278602856,0.01879308973034367,0.011021783584697133,0.005889973840394682,0.005889973840394682,0.004042237856390265,0.005473068917811828,0.005473068917811828,0.003927910590637698,0.005871107880770821,0.00587115605401664,0.004042237856390265,0.004042237856390265,0.0021081308174176654,0.0020145489463188177,0.34024810983824394,0.27945119918057554,0.006402993793424313,0.006402994272083801,0.003372437278602856,0.01879308973034367,0.011021783584697133,0.006505545197140383,0.006505545197140383,0.005556512392601974,0.005556511386526418,0.006083531281989163,0.006083531281989163,0.006041941767873185,0.006042459991433669,0.006505545197140383,0.006505545197140383,0.0062983576049000225,0.005454602511953472,0.006402994272083801,0.006402994272083801,0.0021081308174176654,0.0020145489463188177,0.34024810983824394,0.27945119918057554,0.005473068917811828,0.005473068917811828,0.005871107880770821,0.00587115605401664,0.0018431913038862138,0.0018545635107413514,0.3190714554593277,0.2543096949245963
BAY5873c,64.0,0.11122066799474069,0.0019256879081982268,0.01091169127390717,0.005746234084036257,0.007381663439864098,0.007381663439864098,0.0027741236431200675,0.006532438161854133,0.006532438161854133,0.0028190294081495613,0.0071780155414598356,0.007178000366067609,0.0027741236431200675,0.0027741236431200675,0.003747576471549724,0.0036770231982057584,0.34045650049689985,0.31209026507301857,0.007621118693491422,0.007621119653655325,0.0019256879081982268,0.01091169127390717,0.005746234084036257,0.008028511687808023,0.008028511687808023,0.007565663317104775,0.007565663317104775,0.007658245451991475,0.007658245451991475,0.007226304104299763,0.007226130308228585,0.008028511687808023,0.008028511687808023,0.007518713252581147,0.007344560010888177,0.007621119653655325,0.007621119653655325,0.003747576471549724,0.0036770231982057584,0.34045650049689985,0.31209026507301857,0.006532438161854133,0.006532438161854133,0.0071780155414598356,0.007178000366067609,0.003163071812009663,0.003346158433378987,0.33091318729857855,0.303141470148546
BAY5876d,64.0,0.2164925275486028,0.0019713154279625495,0.011487749304101002,0.00609344109036006,0.004194402459113107,0.004194402459113107,0.0023008617626140196,0.004223944425875937,0.004223944425875937,0.002234407509109876,0.004453455761091225,0.004453408298585378,0.0023008617626140196,0.0023008617626140196,0.001738729618896426,0.001794725507855347,0.307133932240384,0.2644544798504347,0.004754395295852091,0.004754393047893888,0.0019713154279625495,0.011487749304101002,0.00609344109036006,0.005042790317955901,0.005042790317955901,0.00428985176057758,0.004289853179138568,0.004617227403887687,0.004617227403887687,0.004194787194153351,0.004194919236498223,0.005042790317955901,0.005042790317955901,0.004625974071798256,0.0037616832965410214,0.004754393047893888,0.004754393047893888,0.001738729618896426,0.001794725507855347,0.307133932240384,0.2644544798504347,0.004223944425875937,0.004223944425875937,0.004453455761091225,0.004453408298585378,0.0017031129808254188,0.001777800283403467,0.2898994957983557,0.242244288911533
BR5867c3,64.0,0.021888302905975345,0.0016172223518238717,0.020395095470307007,0.011305988029793173,0.0043939350536676075,0.0043939350536676075,0.0022677535697184104,0.004150133212166068,0.004150133212166068,0.0021010169623082767,0.0042756392100514965,0.004275753585192246,0.0022677535697184104,0.0022677535697184104,0.0021453043278414474,0.0026640820569201694,0.4063323042961362,0.3687767732060088,0.004709997768960475,0.004709994628066554,0.0016172223518238717,0.020395095470307007,0.011305988029793173,0.004916369474235583,0.004916369474235583,0.004387023896323968,0.004387023896323968,0.004543076828629634,0.004543076828629634,0.004428572526857657,0.004428636136992657,0.004916369474235583,0.004916369474235583,0.004392782828424314,0.0038820276097862806,0.004709994628066554,0.004709994628066554,0.0021453043278414474,0.0026640820569201694,0.4063323042961362,0.3687767732060088,0.004150133212166068,0.004150133212166068,0.0042756392100514965,0.004275753585192246,0.002186235956486789,0.0025842956878243326,0.3986525542476732,0.3625968912210127
BR5868b3,64.0,0.02656804926382406,0.0030095135755770067,0.020501287574697918,0.014406544844888177,0.005624534843075568,0.005624534843075568,0.004758801759344472,0.005048369223667939,0.005048369223667939,0.004344750261420324,0.005356793164285799,0.005356426858497114,0.004758801759344472,0.004758801759344472,0.0034754411594677495,0.0035312323389287887,0.36959601274330867,0.34476728583598354,0.00608810676418362,0.006088108904937766,0.0030095135755770067,0.020501287574697918,0.014406544844888177,0.006309366337869314,0.006309366337869314,0.005301594057886454,0.005301596433472178,0.005600311238524015,0.005600311238524015,0.005242302209002585,0.0052422445639041535,0.006309366337869314,0.006309366337869314,0.005734572645227394,0.005223269294440215,0.006088108904937766,0.006088108904937766,0.0034754411594677495,0.0035312323389287887,0.36959601274330867,0.34476728583598354,0.005048369223667939,0.005048369223667939,0.005356793164285799,0.005356426858497114,0.003404608113530391,0.003426932558238537,0.35799589456204495,0.34133814439308696
BR5870b3,64.0,0.017576712145352565,0.0019085715958517577,0.03003481517242968,0.01984372288235431,0.007660029332738687,0.007660029332738687,0.0031977427420478866,0.006051221026023571,0.006051221026023571,0.0026690442365181256,0.007094718086919408,0.0070944054064591,0.0031977427420478866,0.0031977427420478866,0.003537898806099087,0.004134264469071783,0.3960535006051696,0.36720848499080644,0.009003401999983306,0.00900341128520633,0.0019085715958517577,0.03003481517242968,0.01984372288235431,0.009288926162110639,0.009288926162110639,0.006786022676767621,0.0067860229413470325,0.007679345844877739,0.007679345844877739,0.006787305735073114,0.006787317829618144,0.009288926162110639,0.009288926162110639,0.008285711890729984,0.00804327660617729,0.00900341128520633,0.00900341128520633,0.003537898806099087,0.004134264469071783,0.3960535006051696,0.36720848499080644,0.006051221026023571,0.006051221026023571,0.007094718086919408,0.0070944054064591,0.0033638676439948986,0.0037705699633975753,0.3864599081261864,0.36284208136068596
BR5872c3,65.0,0.07281587029913077,0.0024527041645782447,0.029118577162333573,0.014871029045192236,0.008564161007126215,0.008564161007126215,0.004298566014710423,0.00727876168230429,0.00727876168230429,0.0036841395407058697,0.00788958857741337,0.007891728244434485,0.004298566014710423,0.004298566014710423,0.00464390293803747,0.004948224328258461,0.3803719474703358,0.33436133259366096,0.00946428291435982,0.009464287952268823,0.0024527041645782447,0.029118577162333573,0.014871029045192236,0.00963988932887884,0.00963988932887884,0.008261625151202833,0.008261622798393695,0.008458065640520233,0.008458065640520233,0.00814773142937186,0.008147820473440606,0.00963988932887884,0.00963988932887884,0.009051155889258202,0.008190481646929537,0.009464287952268823,0.009464287952268823,0.00464390293803747,0.004948224328258461,0.3803719474703358,0.33436133259366096,0.00727876168230429,0.00727876168230429,0.00788958857741337,0.007891728244434485,0.00441647141237316,0.004671625558000883,0.37204588739704364,0.3303971269689863
BR5873b3,64.0,0.04578767589100257,0.002680149612151686,0.027528401459525165,0.01818039208252056,0.008254841647040182,0.008254841647040182,0.004488650389039093,0.007184205298642525,0.007184205298642525,0.0041352602538844265,0.00722549608453133,0.007225500461382883,0.004488650389039093,0.004488650389039093,0.002568249729531542,0.0028517622495772797,0.4549086173661891,0.38060034934627957,0.008831932161045742,0.008831932053216916,0.002680149612151686,0.027528401459525165,0.01818039208252056,0.008681415740156023,0.008681415740156023,0.007636677151581656,0.007636676406174876,0.00826141281278928,0.00826141281278928,0.007428342385164525,0.0074283580119281,0.008681415740156023,0.008681415740156023,0.008408989096505238,0.0072253503707033475,0.008831932053216916,0.008831932053216916,0.002568249729531542,0.0028517622495772797,0.4549086173661891,0.38060034934627957,0.007184205298642525,0.007184205298642525,0.00722549608453133,0.007225500461382883,0.002531044181297395,0.0027541914710719137,0.4463255898532998,0.3779439597578966
BR5875b3,64.0,0.022307188776561914,0.0020120910455007778,0.02628911010227828,0.0165904657632816,0.007310736683552817,0.007310736683552817,0.002983612491471947,0.006493258097413595,0.006493258097413595,0.0026729089598439494,0.006921263785884318,0.006921314438640456,0.002983612491471947,0.002983612491471947,0.003457538625344632,0.003942536031973861,0.4008645892465281,0.35834127939325666,0.007973629038564484,0.007973630360518078,0.0020120910455007778,0.02628911010227828,0.0165904657632816,0.007983979996554844,0.007983979996554844,0.00699889449258506,0.00699889449258506,0.007335837310894001,0.007335837310894001,0.006868109245840066,0.006864799836276007,0.007983979996554844,0.007983979996554844,0.007775971187317949,0.0068562235190860995,0.007973630360518078,0.007973630360518078,0.003457538625344632,0.003942536031973861,0.4008645892465281,0.35834127939325666,0.006493258097413595,0.006493258097413595,0.006921263785884318,0.006921314438640456,0.0033586368014349274,0.0037816694120540745,0.3940686565561368,0.3540475019929945
C13459aW,64.0,0.02746333062873156,0.002275654792608925,0.048610886342207255,0.031422960966665546,0.01256091281601461,0.01256091281601461,0.0046312910166873425,0.00973265301149814,0.00973265301149814,0.003561530530729299,0.011566338910092629,0.01156636055687285,0.0046312910166873425,0.0046312910166873425,0.005404134562810477,0.006097167837713323,0.47178437264400247,0.4336245444760652,0.012946282908247023,0.01294628253936977,0.002275654792608925,0.048610886342207255,0.031422960966665546,0.013840841612040338,0.013840841612040338,0.010076745317524624,0.010076745317524624,0.011038510996753797,0.011038510996753797,0.011060021007874184,0.011060000317459323,0.013840841612040338,0.013840841612040338,0.012554500285554243,0.011216683880703342,0.01294628253936977,0.01294628253936977,0.005404134562810477,0.006097167837713323,0.47178437264400247,0.4336245444760652,0.00973265301149814,0.00973265301149814,0.011566338910092629,0.01156636055687285,0.0051819925244405195,0.005840804518024076,0.46754158623542286,0.42926373429932807
C13459bW,64.0,0.03597718758721057,0.0018893786081214442,0.04913027050991089,0.03252894374223612,0.007066177986924713,0.007066177986924713,0.002790903619993226,0.005894292107540968,0.005894292107540968,0.0025449783032862106,0.006735410813438636,0.006735509571298073,0.002790903619993226,0.002790903619993226,0.0036200436229374866,0.003597760968301183,0.4850609816422596,0.41208907046121007,0.007971172530500404,0.007971172701244238,0.0018893786081214442,0.04913027050991089,0.03252894374223612,0.00781475744414575,0.00781475744414575,0.00639731720192173,0.006397317187132585,0.00651653135840734,0.00651653135840734,0.006833381077442511,0.006833378803994707,0.00781475744414575,0.00781475744414575,0.007659100701813251,0.00621608182769484,0.007971172701244238,0.007971172701244238,0.0036200436229374866,0.003597760968301183,0.4850609816422596,0.41208907046121007,0.005894292107540968,0.005894292107540968,0.006735410813438636,0.006735509571298073,0.0035092456898442315,0.0034886970982064332,0.4766531070340945,0.4094195051528994
C13487cW,64.0,0.05008142822891764,0.0022916438113461117,0.053470856239318444,0.03518852413129721,0.010243261611129506,0.010243261611129506,0.0036886637123409215,0.007055969441507433,0.007055969441507433,0.0029332110440743447,0.008051063887214929,0.008051011042966995,0.0036886637123409215,0.0036886637123409215,0.003682550321172533,0.0041829197145223755,0.5018327738410322,0.4251539434688043,0.011533053415069645,0.011533043645180513,0.0022916438113461117,0.053470856239318444,0.03518852413129721,0.012100050609947564,0.012100050609947564,0.008000149788042777,0.008000148917389795,0.008446369096844165,0.008446369096844165,0.008973168916480203,0.008973218206813537,0.012100050609947564,0.012100050609947564,0.010714903715299068,0.00807095421396134,0.011533043645180513,0.011533043645180513,0.003682550321172533,0.0041829197145223755,0.5018327738410322,0.4251539434688043,0.007055969441507433,0.007055969441507433,0.008051063887214929,0.008051011042966995,0.003599030334997992,0.00398998184394459,0.4964965586166963,0.42210298735459667
DMSO71-102_1,384.0,0.3230739557737194,0.011575435046490489,0.04034905754362191,0.07788842694869097,0.008377438210509633,0.008377438210509633,0.012392502154834834,0.008360404924684936,0.008360404924684936,0.012431853648816665,0.008376417622188536,0.008376370792642739,0.012392502154834834,0.012392502154834834,0.008097497374848174,0.008102451500724419,0.0876131407413605,0.014468558235494288,0.008180371257919641,0.008180394963698675,0.011575435046490489,0.04034905754362191,0.07788842694869097,0.00837013413294843,0.00837013413294843,0.007954656469937598,0.00795466005830985,0.008355844829887948,0.008355844829887948,0.007954657427339902,0.00795466201851486,0.00837013413294843,0.00837013413294843,0.008125851777876758,0.00810888546501491,0.008180394963698675,0.008180394963698675,0.008097497374848174,0.008102451500724419,0.0876131407413605,0.014468558235494288,0.008360404924684936,0.008360404924684936,0.008376417622188536,0.008376370792642739,0.00790539288543676,0.007908747852434329,0.08033180313483385,0.014392994208021405
Dest210531-152149,64.0,0.046967124581619765,0.0032571394153966004,0.07202131881318546,0.05333545997870107,0.016058192770710848,0.016058192770710848,0.00849686838792155,0.011551892272520396,0.011551892272520396,0.005539669833505938,0.0135781868930176,0.01357820016689753,0.00849686838792155,0.00849686838792155,0.006250114155864471,0.007313030869711829,0.45120744854414885,0.4198536329794044,0.017175255363208707,0.01717524393210884,0.0032571394153966004,0.07202131881318546,0.05333545997870107,0.01834565988262071,0.01834565988262071,0.012709186515393475,0.012709186221846308,0.013606170455757825,0.013606170455757825,0.01481766637356854,0.01481762139320505,0.01834565988262071,0.01834565988262071,0.016026745056637447,0.01260350517293961,0.01717524393210884,0.01717524393210884,0.006250114155864471,0.007313030869711829,0.45120744854414885,0.4198536329794044,0.011551892272520396,0.011551892272520396,0.0135781868930176,0.01357820016689753,0.005892037341073179,0.007097492474539794,0.44616679043162144,0.4148353362648857
Dest210531-152324,64.0,0.016300578863874517,0.002563295927268376,0.04380570664731558,0.03802767729039828,0.013571115448340058,0.013571115448340058,0.004931764715479912,0.008810692638931247,0.008810692638931247,0.0036342332356131012,0.009787069078486152,0.00978703320971917,0.004931764715479912,0.004931764715479912,0.005202487327297461,0.006331083722735609,0.4653177644160766,0.4339898508287057,0.015403169387437339,0.015403167650328157,0.002563295927268376,0.04380570664731558,0.03802767729039828,0.015410451708741177,0.015410451708741177,0.009430418802011887,0.00943041840645295,0.010250732573526131,0.010250732573526131,0.012335168784444532,0.012335203956413772,0.015410451708741177,0.015410451708741177,0.014052418686477643,0.009476224027269884,0.015403167650328157,0.015403167650328157,0.005202487327297461,0.006331083722735609,0.4653177644160766,0.4339898508287057,0.008810692638931247,0.008810692638931247,0.009787069078486152,0.00978703320971917,0.004916912871551088,0.005873627369748823,0.46211478395512234,0.4275930852164062
Dest210531-152634,64.0,0.012571651240578434,0.002135180141836202,0.04639196191732552,0.041006149094147466,0.01085987641730765,0.01085987641730765,0.004406803915885191,0.006241074831469275,0.006241074831469275,0.002862485443730846,0.00842931472430339,0.008427358166857484,0.004406803915885191,0.004406803915885191,0.0047357753413021205,0.005634709881711829,0.47233081910950525,0.44775464699291273,0.012128446821085877,0.012128440910432747,0.002135180141836202,0.04639196191732552,0.041006149094147466,0.011859365039717969,0.011859365039717969,0.007063494246861511,0.007063494016566303,0.007644194726692066,0.007644194726692066,0.009394621639594583,0.009394604239481194,0.011859365039717969,0.011859365039717969,0.010673702681408121,0.008681310045752651,0.012128440910432747,0.012128440910432747,0.0047357753413021205,0.005634709881711829,0.47233081910950525,0.44775464699291273,0.006241074831469275,0.006241074831469275,0.00842931472430339,0.008427358166857484,0.004417408670855396,0.005249424774861411,0.46941664942402767,0.44205556759429415
Dest210601-153606,64.0,0.019471563695958486,0.0023164405477332944,0.07345415002262556,0.07406262098625437,0.009407526632056433,0.009407526632056433,0.004039047501736862,0.006577236439638901,0.006577236439638901,0.003197143101355738,0.0070504523592608784,0.007050412870759418,0.004039047501736862,0.004039047501736862,0.004669720034206043,0.00542784842393977,0.4765481640639954,0.4652889997046195,0.010639604225844979,0.010639600844012262,0.0023164405477332944,0.07345415002262556,0.07406262098625437,0.010895636450848935,0.010895636450848935,0.0068101760348332815,0.006810176002673451,0.0074172324523797606,0.0074172324523797606,0.007867367365107602,0.0078673697512076,0.010895636450848935,0.010895636450848935,0.009668772402697388,0.0072368451997393635,0.010639600844012262,0.010639600844012262,0.004669720034206043,0.00542784842393977,0.4765481640639954,0.4652889997046195,0.006577236439638901,0.006577236439638901,0.0070504523592608784,0.007050412870759418,0.0041600491239848535,0.0049803836975792805,0.4694656947508634,0.4568514665320461
Dest210601-154612,64.0,0.02009662145998964,0.0029010477158243502,0.0421127438551102,0.03640407980386129,0.009056511656059977,0.009056511656059977,0.004561495099007991,0.006162664298648703,0.006162664298648703,0.003596979761630002,0.007610185045452109,0.007610272192547919,0.004561495099007991,0.004561495099007991,0.004966431200396708,0.005600503649394366,0.4521539014356781,0.4184605455142841,0.009773690791983832,0.009773691814212932,0.0029010477158243502,0.0421127438551102,0.03640407980386129,0.009857003299766276,0.009857003299766276,0.0067754672544393865,0.006775468508861147,0.007115045392674539,0.007115045392674539,0.00805765350070593,0.008057662777611014,0.009857003299766276,0.009857003299766276,0.009401159634475093,0.007838161158445593,0.009773691814212932,0.009773691814212932,0.004966431200396708,0.005600503649394366,0.4521539014356781,0.4184605455142841,0.006162664298648703,0.006162664298648703,0.007610185045452109,0.007610272192547919,0.004311184782797218,0.005004189146111741,0.445427739130432,0.4099333392324812
Dest210601-155722,64.0,0.009385720165396216,0.0022514171987921662,0.0364935614513053,0.03932015528210411,0.005214428764151784,0.005214428764151784,0.0026487623507291157,0.003711472777136361,0.003711472777136361,0.0023332444302415663,0.005152049241990404,0.0051520919095315205,0.0026487623507291157,0.0026487623507291157,0.0024475252502534875,0.0028633293080816526,0.4119283617891062,0.4185978889397805,0.005802902337488379,0.00580290236890002,0.0022514171987921662,0.0364935614513053,0.03932015528210411,0.006205685299025151,0.006205685299025151,0.004146932937318119,0.004146933299873058,0.004604800721990318,0.004604800721990318,0.004566808574393044,0.0045668034315811045,0.006205685299025151,0.006205685299025151,0.005638488381182168,0.004663277981971569,0.00580290236890002,0.00580290236890002,0.0024475252502534875,0.0028633293080816526,0.4119283617891062,0.4185978889397805,0.003711472777136361,0.003711472777136361,0.005152049241990404,0.0051520919095315205,0.0022177663029743873,0.0027204208544514786,0.3978040904994853,0.4065614938044811
Dest210607-134930,64.0,0.01280264745896639,0.0026856154738936285,0.022430575414814368,0.019658977256142414,0.015702682678230565,0.015702682678230565,0.004069451178928391,0.008973683096764063,0.008973683096764063,0.0034327651151812755,0.01186319545423011,0.011863303460057957,0.004069451178928391,0.004069451178928391,0.003720005960666252,0.006006050493710238,0.37914250315042686,0.3600685087710621,0.01701038181900263,0.017010376505744208,0.0026856154738936285,0.022430575414814368,0.019658977256142414,0.017697975964749337,0.017697975964749337,0.010775546678057317,0.010775546678057317,0.012064324577748453,0.012064324577748453,0.013105319376507583,0.013105305203997159,0.017697975964749337,0.017697975964749337,0.015792683372033003,0.012203330886865869,0.017010376505744208,0.017010376505744208,0.003720005960666252,0.006006050493710238,0.37914250315042686,0.3600685087710621,0.008973683096764063,0.008973683096764063,0.01186319545423011,0.011863303460057957,0.003554378972653967,0.005333903090919934,0.37570711737580625,0.35427114460126635
Dest210607-135106,64.0,0.014066224730040565,0.0033121645849783533,0.03914688861885392,0.02987983185963232,0.013036071879795032,0.013036071879795032,0.004963354066222423,0.008929446070875986,0.008929446070875986,0.003986130528842998,0.010989708208305908,0.010989713917813492,0.004963354066222423,0.004963354066222423,0.004637092552040433,0.005667067288744154,0.3945524978279963,0.3670299005884793,0.014114469809282822,0.014114469777856064,0.0033121645849783533,0.03914688861885392,0.02987983185963232,0.01401255419130203,0.01401255419130203,0.0091948561683797,0.009194855908767634,0.010083605011632852,0.010083605011632852,0.011628755089041366,0.011628690515915049,0.01401255419130203,0.01401255419130203,0.013759921409601847,0.011459323347372687,0.014114469777856064,0.014114469777856064,0.004637092552040433,0.005667067288744154,0.3945524978279963,0.3670299005884793,0.008929446070875986,0.008929446070875986,0.010989708208305908,0.010989713917813492,0.004185813621251351,0.005120922367019326,0.3855087775579624,0.3625974188654344
Dest210607-135426,64.0,0.011897911656706926,0.0024799321146507596,0.01848241290416093,0.020053490485902138,0.008235155247427142,0.008235155247427142,0.003638098119289946,0.005927594776374353,0.005927594776374353,0.0032425761081663475,0.007214954147429048,0.007214970454475444,0.003638098119289946,0.003638098119289946,0.0029803136594499175,0.0039408399743261595,0.395594940907593,0.3735441863626324,0.00881895709181344,0.00881895275107314,0.0024799321146507596,0.01848241290416093,0.020053490485902138,0.008978404892650711,0.008978404892650711,0.00609244076915746,0.00609244076915746,0.007094545501910987,0.007094545501910987,0.006905730265711419,0.006905910552393692,0.008978404892650711,0.008978404892650711,0.008485540048746446,0.006966925104205091,0.00881895275107314,0.00881895275107314,0.0029803136594499175,0.0039408399743261595,0.395594940907593,0.3735441863626324,0.005927594776374353,0.005927594776374353,0.007214954147429048,0.007214970454475444,0.0028856476282386576,0.0037058058600783596,0.3853658770199641,0.367403101293626
Dest210608-151243,64.0,0.017574328602542655,0.002225570848171797,0.05869193048994916,0.053115184887970776,0.008725591408043614,0.008725591408043614,0.0034535640271422365,0.006461364003656738,0.006461364003656738,0.002811175943277027,0.007644825466084688,0.007644810011248456,0.0034535640271422365,0.0034535640271422365,0.005174445138375255,0.006002214523299993,0.4555612964997037,0.41124223429776474,0.01018507964541949,0.010185080573121827,0.002225570848171797,0.05869193048994916,0.053115184887970776,0.009585712317700794,0.009585712317700794,0.006923005219545577,0.006923005219545577,0.0073181141977774885,0.0073181141977774885,0.007859577707479304,0.007859493079244361,0.009585712317700794,0.009585712317700794,0.009074619830932652,0.007433593513519769,0.010185080573121827,0.010185080573121827,0.005174445138375255,0.006002214523299993,0.4555612964997037,0.41124223429776474,0.006461364003656738,0.006461364003656738,0.007644825466084688,0.007644810011248456,0.004973324174212499,0.00556272648911539,0.44923670372935204,0.4052900267073574
Dest210608-152610,61.0,0.011991573072780402,0.002133215424109751,0.026088716589842055,0.020950638303211287,0.01181671723781176,0.01181671723781176,0.004661155651293808,0.008138347403904957,0.008138347403904957,0.0036589127870276465,0.010512053511238082,0.010512091879147202,0.004661155651293808,0.004661155651293808,0.004655758305680578,0.005882219539966697,0.3887953600728736,0.37088032047131564,0.012837294281621106,0.012837287915288832,0.002133215424109751,0.026088716589842055,0.020950638303211287,0.012951840246273843,0.012951840246273843,0.009676275232466886,0.009676275342103698,0.010368556722397806,0.010368556722397806,0.010602554089505443,0.01060255090845087,0.012951840246273843,0.012951840246273843,0.011989228550047363,0.010259175139158212,0.012837287915288832,0.012837287915288832,0.004655758305680578,0.005882219539966697,0.3887953600728736,0.37088032047131564,0.008138347403904957,0.008138347403904957,0.010512053511238082,0.010512091879147202,0.004505858421172621,0.005553020205104085,0.38264510557083936,0.36552583356390217
Dest210608-153057,59.0,0.011603431607384087,0.0025265350632031483,0.028986039780088922,0.02110818625273542,0.01515672070019685,0.01515672070019685,0.00652708218941605,0.010164650371856529,0.010164650371856529,0.004506011828481684,0.012711847689262236,0.012710234661865166,0.00652708218941605,0.00652708218941605,0.005485643593599191,0.007552538373415882,0.42591724069412107,0.38131589489271933,0.015868161438196325,0.01586815578239186,0.0025265350632031483,0.028986039780088922,0.02110818625273542,0.01584469074195331,0.01584469074195331,0.011953590188952432,0.011953590188952432,0.012404996407632617,0.012404996407632617,0.01344395821542209,0.01344390142542567,0.01584469074195331,0.01584469074195331,0.014989812210452893,0.012497229672057996,0.01586815578239186,0.01586815578239186,0.005485643593599191,0.007552538373415882,0.42591724069412107,0.38131589489271933,0.010164650371856529,0.010164650371856529,0.012711847689262236,0.012710234661865166,0.005115013862577749,0.00704799159461142,0.41942262452322965,0.378147279684682
Dest210614-162933,64.0,0.009486627688823697,0.002618374376365622,0.024569809366227765,0.019255640442383044,0.008573435232113572,0.008573435232113572,0.00325326450644304,0.005399027423817722,0.005399027423817722,0.002998961570499761,0.006551334290273469,0.006551358706118918,0.00325326450644304,0.00325326450644304,0.0031296427157261023,0.003876170054537659,0.429998722796677,0.40323297534159636,0.009232421341942987,0.009232423967311896,0.002618374376365622,0.024569809366227765,0.019255640442383044,0.009230098708251692,0.009230098708251692,0.0057879944859688,0.0057879938431511365,0.006526083928591028,0.006526083928591028,0.006433830614696888,0.006433842171758068,0.009230098708251692,0.009230098708251692,0.008617635049169693,0.006865218742676736,0.009232423967311896,0.009232423967311896,0.0031296427157261023,0.003876170054537659,0.429998722796677,0.40323297534159636,0.005399027423817722,0.005399027423817722,0.006551334290273469,0.006551358706118918,0.002877236568116857,0.003465350718540996,0.42215631559433425,0.39506172390890687
Dest210614-164243,63.0,0.05607450136154164,0.002827110283145356,0.05107251374252935,0.03839163259326102,0.021307165173741087,0.021307165173741087,0.008871885067657832,0.015019762082070131,0.015019762082070131,0.005905556093872216,0.017480055774065265,0.01748003851063665,0.008871885067657832,0.008871885067657832,0.0052706751510866534,0.006677119834179888,0.42861384718344747,0.3934653068947176,0.023708497404304595,0.023708496234541746,0.002827110283145356,0.05107251374252935,0.03839163259326102,0.02468449899853085,0.02468449899853085,0.015560309870938996,0.015560312287251304,0.017812464250975504,0.017812464250975504,0.018520632407450745,0.018520624235246926,0.02468449899853085,0.02468449899853085,0.02170108526867659,0.016432950716707095,0.023708496234541746,0.023708496234541746,0.0052706751510866534,0.006677119834179888,0.42861384718344747,0.3934653068947176,0.015019762082070131,0.015019762082070131,0.017480055774065265,0.01748003851063665,0.005004501700642147,0.0063692077187645305,0.423585751205661,0.38712701880133504
Dest210614-165045,60.0,0.012026426474442947,0.002247417502830944,0.028365732775657328,0.02192581143372213,0.012568965843563177,0.012568965843563177,0.00469605999964299,0.00813025927181445,0.00813025927181445,0.0033003987787173948,0.010153976843269795,0.010154274895871685,0.00469605999964299,0.00469605999964299,0.004561269180605941,0.005330448969553459,0.39263787398494354,0.3668483906914206,0.014013767051935296,0.014013764031658663,0.002247417502830944,0.028365732775657328,0.02192581143372213,0.01466806006984309,0.01466806006984309,0.009263402566615725,0.009263402221782438,0.009771628403596851,0.009771628403596851,0.011031691924461321,0.011031702624950967,0.01466806006984309,0.01466806006984309,0.012357485099104486,0.010440819779185056,0.014013764031658663,0.014013764031658663,0.004561269180605941,0.005330448969553459,0.39263787398494354,0.3668483906914206,0.00813025927181445,0.00813025927181445,0.010153976843269795,0.010154274895871685,0.004391882234809552,0.00476028634247811,0.3886826514424671,0.36463139492987573
Dest210615-151336,61.0,0.016198866947275733,0.0027960868960686417,0.0697302219354021,0.04710947710446658,0.009741222403105071,0.009741222403105071,0.003770409695142427,0.006531458859788354,0.006531458859788354,0.0033190034301114313,0.008361397493240335,0.008361435192733664,0.003770409695142427,0.003770409695142427,0.0036173865890861173,0.0044989207693277985,0.45212767687369104,0.4313783270906103,0.01091030248090039,0.010910306158783807,0.0027960868960686417,0.0697302219354021,0.04710947710446658,0.011400674121777763,0.011400674121777763,0.006719309642896963,0.006719309147966678,0.008078916882366427,0.008078916882366427,0.0076794021417867135,0.007679410694969727,0.011400674121777763,0.011400674121777763,0.010312082299132011,0.007758388221442345,0.010910306158783807,0.010910306158783807,0.0036173865890861173,0.0044989207693277985,0.45212767687369104,0.4313783270906103,0.006531458859788354,0.006531458859788354,0.008361397493240335,0.008361435192733664,0.0032903856141859394,0.004248985265133621,0.44521443005835665,0.4230627679488419
Dest210615-152648,61.0,0.011387865519415265,0.0023992377590246546,0.06053580977200258,0.0428695538930041,0.007739702396122886,0.007739702396122886,0.003939498426955084,0.0051576521926831155,0.0051576521926831155,0.0030197339966876457,0.005873845678635702,0.005873822268476524,0.003939498426955084,0.003939498426955084,0.0029466769199734356,0.0037561378030435684,0.46589888389440126,0.44169831046137864,0.008217532977805711,0.008217534650691234,0.0023992377590246546,0.06053580977200258,0.0428695538930041,0.008334806922682481,0.008334806922682481,0.005777608042882013,0.005777608042882013,0.0060350464594904315,0.0060350464594904315,0.006385563970543947,0.006385564775217691,0.008334806922682481,0.008334806922682481,0.0077631215611777184,0.006295545915182,0.008217534650691234,0.008217534650691234,0.0029466769199734356,0.0037561378030435684,0.46589888389440126,0.44169831046137864,0.0051576521926831155,0.0051576521926831155,0.005873845678635702,0.005873822268476524,0.002906164492561509,0.0035166733910546137,0.4589215368915495,0.4337196926651776
Dest210615-153137,60.0,0.014195870990663379,0.002802381965532832,0.05416201194548496,0.03385203486103146,0.01127150704645371,0.01127150704645371,0.005485434662859934,0.009015548246516937,0.009015548246516937,0.004124193123193081,0.009998572283383434,0.009998525032390827,0.005485434662859934,0.005485434662859934,0.0057132029876542385,0.006706426898288332,0.45722769533853413,0.4298930007298122,0.012454962434845982,0.012454961513915843,0.002802381965532832,0.05416201194548496,0.03385203486103146,0.012944476463984998,0.012944476463984998,0.009160250321197083,0.009160250321197083,0.010079634243452144,0.010079634243452144,0.010674882942592246,0.010674589905649212,0.012944476463984998,0.012944476463984998,0.011306719717649606,0.009792304977636883,0.012454961513915843,0.012454961513915843,0.0057132029876542385,0.006706426898288332,0.45722769533853413,0.4298930007298122,0.009015548246516937,0.009015548246516937,0.009998572283383434,0.009998525032390827,0.0052654808489637,0.006122120440999143,0.4515263338752305,0.4251886334532092
Dest210621-132542,64.0,0.01067136050904043,0.0023585385133295484,0.0366747165646405,0.03605268664766316,0.014914735861101517,0.014914735861101517,0.004333382558295652,0.010226704041935472,0.010226704041935472,0.0036476845193350975,0.01234353332689624,0.01234377279308854,0.004333382558295652,0.004333382558295652,0.005275862416213547,0.007702220265519164,0.42520285934252877,0.3901126702221308,0.0161159683802908,0.016115972083314025,0.0023585385133295484,0.0366747165646405,0.03605268664766316,0.016168531068127837,0.016168531068127837,0.01125492812046817,0.011254928101492931,0.011865143475715075,0.011865143475715075,0.012604033954244118,0.012604082017346032,0.016168531068127837,0.016168531068127837,0.014966284761862023,0.01193063629400711,0.016115972083314025,0.016115972083314025,0.005275862416213547,0.007702220265519164,0.42520285934252877,0.3901126702221308,0.010226704041935472,0.010226704041935472,0.01234353332689624,0.01234377279308854,0.005066598637126775,0.00703706561088501,0.4191132197065877,0.384945560605719
Dest210621-132717,64.0,0.01467218148326309,0.002965312719805573,0.048858627592862636,0.04761780795481118,0.007768537152266903,0.007768537152266903,0.004457983838862607,0.005775278742756448,0.005775278742756448,0.004111368777493744,0.0065275369808414346,0.006527673393130631,0.004457983838862607,0.004457983838862607,0.004308384949217155,0.005228898415543026,0.429607678489088,0.39894540228994657,0.009015560940761051,0.00901555021492885,0.002965312719805573,0.048858627592862636,0.04761780795481118,0.009108830264379331,0.009108830264379331,0.006345270037861349,0.006345268542365014,0.006616593945773415,0.006616593945773415,0.006977735796449567,0.006977730187143518,0.009108830264379331,0.009108830264379331,0.008266920033163714,0.0067496397099970976,0.00901555021492885,0.00901555021492885,0.004308384949217155,0.005228898415543026,0.429607678489088,0.39894540228994657,0.005775278742756448,0.005775278742756448,0.0065275369808414346,0.006527673393130631,0.004284618890139241,0.0051153689653371266,0.42366202795789176,0.395657873682903
Dest210621-133202,64.0,0.009951562940934747,0.002219098819138807,0.021523240671096212,0.018138709982579646,0.009197085884075973,0.009197085884075973,0.003956848934638629,0.0066719177176783745,0.0066719177176783745,0.0031381134053424446,0.007749013475024955,0.007749045722624439,0.003956848934638629,0.003956848934638629,0.005179920779682551,0.005966646304670288,0.4063023218094992,0.3738933310676996,0.010129433595537378,0.010129437289662296,0.002219098819138807,0.021523240671096212,0.018138709982579646,0.010648872485630897,0.010648872485630897,0.007657478596011288,0.0076574787917950545,0.008218392628019043,0.008218392628019043,0.008290737279636027,0.008290741816409215,0.010648872485630897,0.010648872485630897,0.009543160031693688,0.00876707835492124,0.010129437289662296,0.010129437289662296,0.005179920779682551,0.005966646304670288,0.4063023218094992,0.3738933310676996,0.0066719177176783745,0.0066719177176783745,0.007749013475024955,0.007749045722624439,0.004945224394163299,0.005630057356321735,0.4015586279220562,0.37137229650203335
Dest210622-142830,60.0,0.013659060527217905,0.0021439662009180233,0.05434597796668645,0.05795635805320932,0.010354919857035651,0.010354919857035651,0.003503624787250409,0.006204641322446303,0.006204641322446303,0.0027756428220325003,0.007927316308151218,0.00792735955271854,0.003503624787250409,0.003503624787250409,0.003317473033462448,0.005312017420044882,0.4312380755503597,0.3953951978695343,0.011059899140976846,0.01105989913989704,0.0021439662009180233,0.05434597796668645,0.05795635805320932,0.011111819504910258,0.011111819504910258,0.006725325619877636,0.006725325619877636,0.007254923360268426,0.007254923360268426,0.007899526951672594,0.00789953847331136,0.011111819504910258,0.011111819504910258,0.010054326494654299,0.007735632622820299,0.01105989913989704,0.01105989913989704,0.003317473033462448,0.005312017420044882,0.4312380755503597,0.3953951978695343,0.006204641322446303,0.006204641322446303,0.007927316308151218,0.00792735955271854,0.003135792536030741,0.004775110634407452,0.4260468622001606,0.38639367428607774
Dest210622-144945,60.0,0.012671828574333107,0.0030003933860111355,0.03280571219901717,0.03032262124371741,0.007982120865395513,0.007982120865395513,0.005249939019974888,0.006387811602207482,0.006387811602207482,0.004703931019713984,0.007237478920995996,0.007237418674585914,0.005249939019974888,0.005249939019974888,0.004215777068875701,0.005156421150040032,0.4256682002749045,0.4031202725353809,0.008938158470864772,0.00893815806768125,0.0030003933860111355,0.03280571219901717,0.03032262124371741,0.008804777438141159,0.008804777438141159,0.006879621799230042,0.006879621516368034,0.006936680458398736,0.006936680458398736,0.0075640537769276735,0.00756416612586636,0.008804777438141159,0.008804777438141159,0.00848679316382549,0.00725619926391929,0.00893815806768125,0.00893815806768125,0.004215777068875701,0.005156421150040032,0.4256682002749045,0.4031202725353809,0.006387811602207482,0.006387811602207482,0.007237478920995996,0.007237418674585914,0.004148440192244636,0.00485358828348303,0.418938388253955,0.39545456998443806
Dest210622-145259,60.0,0.013481672447800092,0.0031747168310466522,0.07956594901803604,0.06256300854616913,0.006126461405768891,0.006126461405768891,0.0038170789062302512,0.0043510246283677565,0.0043510246283677565,0.0036436647137519196,0.00500833690801552,0.005008389676782018,0.0038170789062302512,0.0038170789062302512,0.0034676243552531497,0.003714861681221938,0.5087312344156822,0.4807139318579691,0.006495476475136405,0.00649547510812808,0.0031747168310466522,0.07956594901803604,0.06256300854616913,0.006537323457931495,0.006537323457931495,0.004713597032066014,0.00471360988249269,0.004741044257989386,0.004741044257989386,0.005163630178176346,0.0051636197972727334,0.006537323457931495,0.006537323457931495,0.006178554013721918,0.004861963236263671,0.00649547510812808,0.00649547510812808,0.0034676243552531497,0.003714861681221938,0.5087312344156822,0.4807139318579691,0.0043510246283677565,0.0043510246283677565,0.00500833690801552,0.005008389676782018,0.0033209943880361634,0.00353079326481737,0.49606897940321015,0.4725598137169838
Dest210705-142134,64.0,0.010690678920328931,0.0025203233484409945,0.02597489949514919,0.02073045284677881,0.0069085132549573745,0.0069085132549573745,0.0034190189790482685,0.005102188201813406,0.005102188201813406,0.003152054687068953,0.005614507002179288,0.005614573236644588,0.0034190189790482685,0.0034190189790482685,0.0028365513241221142,0.0035357056432173527,0.41995452567598973,0.3850515007341309,0.008005403560352394,0.008005402502167873,0.0025203233484409945,0.02597489949514919,0.02073045284677881,0.008027953168058499,0.008027953168058499,0.00564017335181445,0.005640173384970566,0.0061229055070861965,0.0061229055070861965,0.006230034580298296,0.006230012340984252,0.008027953168058499,0.008027953168058499,0.007872471408594844,0.006352750225268768,0.008005402502167873,0.008005402502167873,0.0028365513241221142,0.0035357056432173527,0.41995452567598973,0.3850515007341309,0.005102188201813406,0.005102188201813406,0.005614507002179288,0.005614573236644588,0.002581236345519803,0.0033296550773995507,0.41173137329657805,0.37957269846440655
Dest210705-143821,60.0,0.021875723591268492,0.0024761078999903136,0.03351024656506348,0.025180001842769542,0.006382521785096175,0.006382521785096175,0.0034314564562924837,0.004097975009121626,0.004097975009121626,0.002676592731258782,0.005321636374760971,0.0053216575631610565,0.0034314564562924837,0.0034314564562924837,0.003101203835073005,0.0035988603874442388,0.42166710867541785,0.40512384020257214,0.006882537246248849,0.0068825368279968714,0.0024761078999903136,0.03351024656506348,0.025180001842769542,0.007033692599515665,0.007033692599515665,0.004625348090858224,0.004625346995922817,0.005128957443107079,0.005128957443107079,0.0050931988989141586,0.005093187319410448,0.007033692599515665,0.007033692599515665,0.0066909176100407195,0.005234371819889428,0.0068825368279968714,0.0068825368279968714,0.003101203835073005,0.0035988603874442388,0.42166710867541785,0.40512384020257214,0.004097975009121626,0.004097975009121626,0.005321636374760971,0.0053216575631610565,0.0028726022014827993,0.0033897307560430126,0.4153390711893477,0.39788481038954315
Dest210705-144135,60.0,0.011356208306254943,0.0021713069708087893,0.03156002446040064,0.023274070739635066,0.010841287388212833,0.010841287388212833,0.0042203248328378665,0.007358172131922607,0.007358172131922607,0.0030794999902437215,0.009096973778019806,0.009096938756129278,0.0042203248328378665,0.0042203248328378665,0.005791981493104876,0.006294870435667245,0.42489313505985665,0.4169771622209057,0.011634903501288152,0.01163490021763805,0.0021713069708087893,0.03156002446040064,0.023274070739635066,0.01124962435634471,0.01124962435634471,0.008024697307898239,0.008024697160177818,0.008700936814118784,0.008700936814118784,0.008332975512310803,0.008333009559767672,0.01124962435634471,0.01124962435634471,0.010959249494221052,0.009564226600425912,0.01163490021763805,0.01163490021763805,0.005791981493104876,0.006294870435667245,0.42489313505985665,0.4169771622209057,0.007358172131922607,0.007358172131922607,0.009096973778019806,0.009096938756129278,0.005590733023776019,0.005930037908848952,0.416682324478295,0.40696222892637074
Dest210707-094057,60.0,0.012615189854580608,0.0019817375090974538,0.023129899322551647,0.022279406105111997,0.007479681429580284,0.007479681429580284,0.003514723935132537,0.006365758607591029,0.006365758607591029,0.0024981287466612065,0.006970649549586342,0.006970676799024076,0.003514723935132537,0.003514723935132537,0.004895617913018447,0.005438563271726546,0.37098237064747813,0.36758521804819616,0.008247251427377476,0.008247251981040251,0.0019817375090974538,0.023129899322551647,0.022279406105111997,0.008791807953363017,0.008791807953363017,0.006908042665286186,0.006908042665286186,0.0072053589628499,0.0072053589628499,0.00686517774000834,0.006865170923128437,0.008791807953363017,0.008791807953363017,0.007726844922297876,0.007004159704376222,0.008247251981040251,0.008247251981040251,0.004895617913018447,0.005438563271726546,0.37098237064747813,0.36758521804819616,0.006365758607591029,0.006365758607591029,0.006970649549586342,0.006970676799024076,0.004836372311748118,0.005403771659444943,0.3642872243416233,0.36454533301315906
Dest210707-094231,60.0,0.01781772368491981,0.002224780746329057,0.04263307679068167,0.03772985829794378,0.009005665585390924,0.009005665585390924,0.0035987103353375535,0.006396998826776785,0.006396998826776785,0.0032007299308154397,0.007511058789450851,0.007511112832674909,0.0035987103353375535,0.0035987103353375535,0.0038032194332104263,0.004686575000864099,0.40028573431724973,0.38422296352524754,0.010359468695319342,0.010359470025549952,0.002224780746329057,0.04263307679068167,0.03772985829794378,0.010501181831292073,0.010501181831292073,0.007320748271676335,0.00732074786852252,0.007970381781369306,0.007970381781369306,0.008104416524605793,0.008104309570511316,0.010501181831292073,0.010501181831292073,0.00923664255748038,0.007680471261742324,0.010359470025549952,0.010359470025549952,0.0038032194332104263,0.004686575000864099,0.40028573431724973,0.38422296352524754,0.006396998826776785,0.006396998826776785,0.007511058789450851,0.007511112832674909,0.0035925038014629194,0.004328404352363881,0.3932147673413992,0.3765882471586435
Dest210707-094542,60.0,0.014460831571470927,0.0018046312032138467,0.016076979190409263,0.013538358608256503,0.006404886171285859,0.006404886171285859,0.0024025522366630473,0.0036110752034405405,0.0036110752034405405,0.0022415750689035036,0.004161766323149849,0.004162241893513461,0.0024025522366630473,0.0024025522366630473,0.0021574124315845893,0.003083175866911864,0.38541392191884255,0.3914052145280138,0.0071226948131414385,0.007122695071479963,0.0018046312032138467,0.016076979190409263,0.013538358608256503,0.007115296588221178,0.007115296588221178,0.004314124924695571,0.004314124337375885,0.004902553976774643,0.004902553976774643,0.004321900354788712,0.004321899317743585,0.007115296588221178,0.007115296588221178,0.006428031030811253,0.005158746598130894,0.007122695071479963,0.007122695071479963,0.0021574124315845893,0.003083175866911864,0.38541392191884255,0.3914052145280138,0.0036110752034405405,0.0036110752034405405,0.004161766323149849,0.004162241893513461,0.0019651154325274565,0.002613555546023335,0.37775501207991746,0.38111442987497507
Dest210726-160506,60.0,0.014421981677667384,0.0021075302002721173,0.0853708317245911,0.06100131110077046,0.0069901109479699524,0.0069901109479699524,0.003139720768897213,0.005600949110606292,0.005600949110606292,0.002985062352873639,0.0065092280992218995,0.006509222456884544,0.003139720768897213,0.003139720768897213,0.0031586297712510574,0.004194031610777896,0.481797086236086,0.47581475728388395,0.007818579235408395,0.007818585966203996,0.0021075302002721173,0.0853708317245911,0.06100131110077046,0.007846610012318646,0.007846610012318646,0.0060225080476568335,0.0060225101700338525,0.006282894349023656,0.006282894349023656,0.006603342267152406,0.006603289327468818,0.007846610012318646,0.007846610012318646,0.007548661460358008,0.006652812278541029,0.007818585966203996,0.007818585966203996,0.0031586297712510574,0.004194031610777896,0.481797086236086,0.47581475728388395,0.005600949110606292,0.005600949110606292,0.0065092280992218995,0.006509222456884544,0.0030519393496221308,0.0038582591485781356,0.47749650052391857,0.4704618761292347
Dest210726-160643,60.0,0.01577546228884573,0.0027967277418142144,0.07319118166518886,0.053783706583886336,0.009747235152792237,0.009747235152792237,0.004549020293677183,0.007220214626807625,0.007220214626807625,0.0034089441071651332,0.008857445831776826,0.008857459608105042,0.004549020293677183,0.004549020293677183,0.004730482208342801,0.006178474863558037,0.46165642514309174,0.4216261963292629,0.01097785398746734,0.010977864496093346,0.0027967277418142144,0.07319118166518886,0.053783706583886336,0.010641352105544342,0.010641352105544342,0.0076995279405529145,0.007699528608559491,0.008235501169456587,0.008235501169456587,0.008285655607055242,0.008285678488363857,0.010641352105544342,0.010641352105544342,0.010475505155101457,0.008980543995293888,0.010977864496093346,0.010977864496093346,0.004730482208342801,0.006178474863558037,0.46165642514309174,0.4216261963292629,0.007220214626807625,0.007220214626807625,0.008857445831776826,0.008857459608105042,0.004388067083641368,0.00577868244179861,0.4540793050338924,0.41568330216723665
Dest210726-162828,60.0,0.01352191306688095,0.0019766040069756053,0.03288282371494613,0.02867400567569777,0.00626775580238882,0.00626775580238882,0.0028699712148044275,0.004281627041361839,0.004281627041361839,0.0026427980846155286,0.004916111248803184,0.00491597372214241,0.0028699712148044275,0.0028699712148044275,0.002628896767471356,0.0034494159347928546,0.4115481235801105,0.40199310966899215,0.007017938719002123,0.0070179331556787265,0.0019766040069756053,0.03288282371494613,0.02867400567569777,0.006851160741158281,0.006851160741158281,0.004568048773132595,0.004568048773132595,0.005002056554506379,0.005002056554506379,0.005079591981921558,0.005079600301841856,0.006851160741158281,0.006851160741158281,0.0064003869705344905,0.0050006842159818635,0.0070179331556787265,0.0070179331556787265,0.002628896767471356,0.0034494159347928546,0.4115481235801105,0.40199310966899215,0.004281627041361839,0.004281627041361839,0.004916111248803184,0.00491597372214241,0.002502098639363608,0.003214063096467007,0.4014130483249057,0.3913026399507006
Dest210727-153944,64.0,0.02305970083492442,0.0027451997146180182,0.03785033018512596,0.029772707540328926,0.00898404919513364,0.00898404919513364,0.0044825432141945235,0.005907299777449904,0.005907299777449904,0.003724757453078444,0.007086646552319938,0.007086604578295976,0.0044825432141945235,0.0044825432141945235,0.0037388392242179358,0.004387774592900126,0.44300984499970364,0.4164417165842464,0.009883497699654714,0.009883498283702455,0.0027451997146180182,0.03785033018512596,0.029772707540328926,0.010039660184543366,0.010039660184543366,0.006555322014462127,0.006555322014462127,0.007271268521949192,0.007271268521949192,0.007442942227472347,0.007442929150410596,0.010039660184543366,0.010039660184543366,0.009278941376347643,0.006992808131997958,0.009883498283702455,0.009883498283702455,0.0037388392242179358,0.004387774592900126,0.44300984499970364,0.4164417165842464,0.005907299777449904,0.005907299777449904,0.007086646552319938,0.007086604578295976,0.003550295038295324,0.0041994348595359434,0.43703700975010895,0.4080701499464738
Dest210727-154746,64.0,0.019170364622881183,0.003188771909114422,0.04514886465905327,0.0378550455119578,0.013489132702799032,0.013489132702799032,0.005763458258640596,0.009466921053384826,0.009466921053384826,0.004693987981482444,0.010981115287646868,0.010981203635195762,0.005763458258640596,0.005763458258640596,0.006248620243081264,0.00784961704101427,0.44566079964339217,0.4177900460722953,0.014725810265522974,0.01472580066004263,0.003188771909114422,0.04514886465905327,0.0378550455119578,0.014625058050070174,0.014625058050070174,0.009948054622228544,0.009948054622228544,0.01103274275880225,0.01103274275880225,0.011531345682805902,0.011529567171887597,0.014625058050070174,0.014625058050070174,0.01343489326509015,0.011337139764214877,0.01472580066004263,0.01472580066004263,0.006248620243081264,0.00784961704101427,0.44566079964339217,0.4177900460722953,0.009466921053384826,0.009466921053384826,0.010981115287646868,0.010981203635195762,0.005548370399512695,0.007139692051619806,0.4389132005813219,0.4103671095470059
Dest210727-155901,64.0,0.02943483809597678,0.0034516724908237313,0.02994407013728261,0.02466714352029771,0.010171954784181246,0.010171954784181246,0.006001521876809631,0.007160598136468599,0.007160598136468599,0.004369562097844431,0.008374831747704375,0.008374902154621444,0.006001521876809631,0.006001521876809631,0.004039100908163175,0.005335752710269826,0.39535247281337704,0.3744896308186762,0.01117619375543083,0.011176192150079521,0.0034516724908237313,0.02994407013728261,0.02466714352029771,0.01114553052169273,0.01114553052169273,0.00812064991166999,0.00812064991166999,0.008424491804218595,0.008424491804218595,0.008817412123637649,0.008817315227090342,0.01114553052169273,0.01114553052169273,0.010200336870388715,0.008738446331680846,0.011176192150079521,0.011176192150079521,0.004039100908163175,0.005335752710269826,0.39535247281337704,0.3744896308186762,0.007160598136468599,0.007160598136468599,0.008374831747704375,0.008374902154621444,0.003963412445334991,0.005265150371366877,0.38543543852023354,0.36530101896076805
Dest210803-154133,60.0,0.01836784002302277,0.004671848978386519,0.07659660078465119,0.06006794767623514,0.023177088218640247,0.023177088218640247,0.009620629266566878,0.01639403101059717,0.01639403101059717,0.00705030057094321,0.02055913869888793,0.020559049557667086,0.009620629266566878,0.009620629266566878,0.008029402524247876,0.011532099279882748,0.43986081099629804,0.40845963773606114,0.02573388132056485,0.02573387938739288,0.004671848978386519,0.07659660078465119,0.06006794767623514,0.02701750718785054,0.02701750718785054,0.017292667937340925,0.017292668119161216,0.018353380568895197,0.018353380568895197,0.021031224435846825,0.02103120761170253,0.02701750718785054,0.02701750718785054,0.023591030949129052,0.016648243880834013,0.02573387938739288,0.02573387938739288,0.008029402524247876,0.011532099279882748,0.43986081099629804,0.40845963773606114,0.01639403101059717,0.01639403101059717,0.02055913869888793,0.020559049557667086,0.007707126323621746,0.010582243736679922,0.43058738500456634,0.4022602144777186
Dest210803-160041,60.0,0.02959434908993642,0.005694714362297436,0.07417461393206984,0.059409880277924966,0.027877622682356124,0.027877622682356124,0.011890113737953185,0.020087888012472185,0.020087888012472185,0.009320584868105952,0.02442493005021448,0.024424904275261908,0.011890113737953185,0.011890113737953185,0.008569052559622214,0.012692177131901107,0.410511625527842,0.37687879510798755,0.030073847551508475,0.030073850878922115,0.005694714362297436,0.07417461393206984,0.059409880277924966,0.030830469711305163,0.030830469711305163,0.02175472508118374,0.02175472972593538,0.02327203082500621,0.02327203082500621,0.025141027008718876,0.025140805113922093,0.030830469711305163,0.030830469711305163,0.02778465468581833,0.022383146821867674,0.030073850878922115,0.030073850878922115,0.008569052559622214,0.012692177131901107,0.410511625527842,0.37687879510798755,0.020087888012472185,0.020087888012472185,0.02442493005021448,0.024424904275261908,0.00797025440538156,0.011277222205401841,0.40671316857538126,0.37400356345915825
Dest210803-160702,9.0,0.024622443322384446,0.0001506231379292329,0.023347024545594224,0.0003617219792675964,0.007551333850545749,0.007551333850545749,0.0004394975357855625,0.014555017902105564,0.014555017902105564,0.0003384082497800948,0.0016184277226505206,0.0016184305682110799,0.0004394975357855625,0.0004394975357855625,0.0001432431139533894,0.00015413664434812512,0.1720763451927207,0.014140817149890718,0.0016684922285822622,0.0016684881450135312,0.0001506231379292329,0.023347024545594224,0.0003617219792675964,0.003510898368735146,0.003510898368735146,0.0146431911060337,0.0146431911060337,0.014681721891087626,0.014681721891087626,0.0016764825116553606,0.001676475979980995,0.003510898368735146,0.003510898368735146,0.0011175840935463551,0.0012749029950825707,0.0016684881450135312,0.0016684881450135312,0.0001432431139533894,0.00015413664434812512,0.1720763451927207,0.014140817149890718,0.014555017902105564,0.014555017902105564,0.0016184277226505206,0.0016184305682110799,0.00018514056291647532,0.00015808631415920287,0.06803130533633915,0.0011723757393797502
Dest210809-134710,60.0,0.015184417133118034,0.002352856818019013,0.030833221273654194,0.027481881359438257,0.013172351661319621,0.013172351661319621,0.0050927819950297255,0.00938544079737637,0.00938544079737637,0.004282980174301832,0.011073679504976857,0.01107370214557075,0.0050927819950297255,0.0050927819950297255,0.0050914744785357105,0.006215214218283328,0.40646649479765196,0.3843160633019186,0.014545697052781656,0.014545697902972861,0.002352856818019013,0.030833221273654194,0.027481881359438257,0.014443813460549107,0.014443813460549107,0.010525030221780004,0.010525030189154006,0.011062070131983777,0.011062070131983777,0.01166540112772905,0.011665402840336268,0.014443813460549107,0.014443813460549107,0.013501952200095058,0.010840654206723867,0.014545697902972861,0.014545697902972861,0.0050914744785357105,0.006215214218283328,0.40646649479765196,0.3843160633019186,0.00938544079737637,0.00938544079737637,0.011073679504976857,0.01107370214557075,0.0047324397613702305,0.005847337182196718,0.4002136814521403,0.37847861239742814
Dest210809-135505,60.0,0.02252610831752555,0.004107376111258656,0.046903688540749194,0.04340287926933099,0.008607190383879686,0.008607190383879686,0.004160883312044679,0.005342650454749779,0.005342650454749779,0.003726710006216892,0.006550130441624538,0.006550317056630853,0.004160883312044679,0.004160883312044679,0.0035228945539073986,0.004025406432589352,0.4407454176527293,0.4182141533374129,0.01044746635040829,0.010447466965412563,0.004107376111258656,0.046903688540749194,0.04340287926933099,0.010081136993626462,0.010081136993626462,0.006625339224543309,0.006625339535968521,0.00680209047699709,0.00680209047699709,0.007189116400062449,0.007189046439189104,0.010081136993626462,0.010081136993626462,0.009438770343499972,0.007152057669797399,0.010447466965412563,0.010447466965412563,0.0035228945539073986,0.004025406432589352,0.4407454176527293,0.4182141533374129,0.005342650454749779,0.005342650454749779,0.006550130441624538,0.006550317056630853,0.0031028887779836673,0.003654478402139723,0.4353672253949468,0.4112521242946023
Dest210809-141809,60.0,0.03355323105713456,0.002913285247472644,0.048224327917532596,0.05194304920243819,0.012217985243661232,0.012217985243661232,0.005368909694348515,0.00851094556142182,0.00851094556142182,0.0047902354166031984,0.009665430211416241,0.009665474248309462,0.005368909694348515,0.005368909694348515,0.006095084230981072,0.006313867637085465,0.4537386497127736,0.458862275216975,0.01350523830320241,0.01350523963231981,0.002913285247472644,0.048224327917532596,0.05194304920243819,0.013939258316991358,0.013939258316991358,0.009611141065724424,0.009611143790859863,0.009992300802921334,0.009992300802921334,0.010663701334248,0.01066372327608664,0.013939258316991358,0.013939258316991358,0.012327390990854033,0.009816852172368709,0.01350523963231981,0.01350523963231981,0.006095084230981072,0.006313867637085465,0.4537386497127736,0.458862275216975,0.00851094556142182,0.00851094556142182,0.009665430211416241,0.009665474248309462,0.00572404287521224,0.0059991874480587615,0.4482011000797159,0.4513830897849788
Dest210810-173859,60.0,0.04361572098900949,0.002832242428215205,0.10823541868032091,0.07884383758736878,0.009386002934060882,0.009386002934060882,0.004329685975322997,0.006885774617350088,0.006885774617350088,0.0040352007229907975,0.007973528293536394,0.007973518924016555,0.004329685975322997,0.004329685975322997,0.004538779605191267,0.005046671485530338,0.4491174497157088,0.438248127311767,0.009781777170053648,0.009781774266218828,0.002832242428215205,0.10823541868032091,0.07884383758736878,0.010061770203535278,0.010061770203535278,0.007331542744090508,0.007331543199023267,0.007773070184019414,0.007773070184019414,0.008112481955169898,0.008112508361218044,0.010061770203535278,0.010061770203535278,0.009314529584604997,0.007980004186556762,0.009781774266218828,0.009781774266218828,0.004538779605191267,0.005046671485530338,0.4491174497157088,0.438248127311767,0.006885774617350088,0.006885774617350088,0.007973528293536394,0.007973518924016555,0.0042598441268933635,0.004823345399495033,0.4414883182369106,0.42862578406688595
Dest210810-175828,60.0,0.08943833137362286,0.0035991375173729146,0.07695040632641947,0.04803903377573969,0.01181721442246966,0.01181721442246966,0.005468962299200499,0.008664887889706882,0.008664887889706882,0.004468081543701376,0.010414917754093058,0.010414066898662033,0.005468962299200499,0.005468962299200499,0.005321728855206232,0.006336548837718586,0.4525593355471791,0.44703427514444116,0.012866420414884684,0.012866420431407781,0.0035991375173729146,0.07695040632641947,0.04803903377573969,0.01318118874106985,0.01318118874106985,0.008997070351655482,0.008997071369297617,0.00981261478344259,0.00981261478344259,0.010517690997533278,0.010517698668674151,0.01318118874106985,0.01318118874106985,0.011936317684479754,0.01050033614325148,0.012866420431407781,0.012866420431407781,0.005321728855206232,0.006336548837718586,0.4525593355471791,0.44703427514444116,0.008664887889706882,0.008664887889706882,0.010414917754093058,0.010414066898662033,0.005077133206738116,0.005968407460039839,0.4447079324849147,0.43812876417153357
Dest210810-180004,60.0,0.0834744350017669,0.003410295860606857,0.04816991215377891,0.03556092083594394,0.008187509691811961,0.008187509691811961,0.004600453401742901,0.006299822549847028,0.006299822549847028,0.004036222368127223,0.0075810049726913915,0.00758096140989756,0.004600453401742901,0.004600453401742901,0.004650261618513363,0.0047979366968103196,0.4343205588001331,0.41380174990292246,0.009029919952232431,0.009029921539398352,0.003410295860606857,0.04816991215377891,0.03556092083594394,0.009314228529671701,0.009314228529671701,0.0067691882415349906,0.00676918719316302,0.0075052142777269825,0.0075052142777269825,0.007665703202314999,0.007665697208093109,0.009314228529671701,0.009314228529671701,0.00861336418932317,0.0074607714925998304,0.009029921539398352,0.009029921539398352,0.004650261618513363,0.0047979366968103196,0.4343205588001331,0.41380174990292246,0.006299822549847028,0.006299822549847028,0.0075810049726913915,0.00758096140989756,0.00435059981455339,0.004393752510826527,0.4235612901325026,0.4059279719275901
Dest210823-172940,64.0,0.010854302356758539,0.002425800658879536,0.029004566656330846,0.028257325174895202,0.008768762786352923,0.008768762786352923,0.004757287823216197,0.007430381441270688,0.007430381441270688,0.004134860209770433,0.008019337226435008,0.00801920435093361,0.004757287823216197,0.004757287823216197,0.004685547291507232,0.005011856783575476,0.36614166157266953,0.355889511626332,0.010031680302982442,0.01003168178211571,0.002425800658879536,0.029004566656330846,0.028257325174895202,0.01046369534231502,0.01046369534231502,0.00787883831862623,0.00787883831862623,0.008513685676145568,0.008513685676145568,0.008214166815217621,0.008214202278334177,0.01046369534231502,0.01046369534231502,0.009416168848508833,0.008057347230667977,0.01003168178211571,0.01003168178211571,0.004685547291507232,0.005011856783575476,0.36614166157266953,0.355889511626332,0.007430381441270688,0.007430381441270688,0.008019337226435008,0.00801920435093361,0.004369360815292908,0.004813917626376153,0.3556177207064356,0.3481939860525196
Dest210823-173441,64.0,0.011766977397498738,0.0029560264015068938,0.021313742266552364,0.01749772197990691,0.007065024425047643,0.007065024425047643,0.004260999055055358,0.005441572424005964,0.005441572424005964,0.003655186714833735,0.006234810746690117,0.006234802631170242,0.004260999055055358,0.004260999055055358,0.0032756372045165505,0.0036517244101730525,0.4188048015307253,0.3744699584016889,0.008182277263006434,0.00818227759789271,0.0029560264015068938,0.021313742266552364,0.01749772197990691,0.008576839802374059,0.008576839802374059,0.005776059684806326,0.005776059684806326,0.0062629240569745115,0.0062629240569745115,0.006478136484430436,0.006475991807501084,0.008576839802374059,0.008576839802374059,0.007528632456546768,0.006072180986675906,0.00818227759789271,0.00818227759789271,0.0032756372045165505,0.0036517244101730525,0.4188048015307253,0.3744699584016889,0.005441572424005964,0.005441572424005964,0.006234810746690117,0.006234802631170242,0.0031762524542497867,0.003518644727680869,0.4113695525492983,0.3698407466784726
Dest210823-173752,64.0,0.012972128907570879,0.0029704748622370923,0.02999827192429645,0.028790088798391292,0.009331880896509218,0.009331880896509218,0.004933812458828217,0.007252900027485245,0.007252900027485245,0.0037675938930222625,0.008209729608709844,0.008209652318781792,0.004933812458828217,0.004933812458828217,0.0051290869033492155,0.006027485547447436,0.44566270375133094,0.4092189581650042,0.009660604815874546,0.00966068885615519,0.0029704748622370923,0.02999827192429645,0.028790088798391292,0.009808661004999723,0.009808661004999723,0.0076270184748377075,0.0076270184748377075,0.008198957995015764,0.008198957995015764,0.008153441835851104,0.008153425342971681,0.009808661004999723,0.009808661004999723,0.009157947431307214,0.00805253887228376,0.00966068885615519,0.00966068885615519,0.0051290869033492155,0.006027485547447436,0.44566270375133094,0.4092189581650042,0.007252900027485245,0.007252900027485245,0.008209729608709844,0.008209652318781792,0.004892401232884532,0.005657677684664396,0.43734167910901794,0.4047531096416577
Dest210823-180039,64.0,0.01897600662107651,0.0033924557521321005,0.07463656255268107,0.06687814960182308,0.02242157844938916,0.02242157844938916,0.009628636202151004,0.017341386146905946,0.017341386146905946,0.007589767304049965,0.01965367345734589,0.019665930407508178,0.009628636202151004,0.009628636202151004,0.006701207651749349,0.009714172344007184,0.44802007388569426,0.40462610137272137,0.024143891674398843,0.024143879170874905,0.0033924557521321005,0.07463656255268107,0.06687814960182308,0.024774830251006807,0.024774830251006807,0.018037427347865172,0.018037427347865172,0.01964218866512422,0.01964218866512422,0.019951866328783544,0.01995183248051182,0.024774830251006807,0.024774830251006807,0.022962102570092593,0.018134563533583132,0.024143879170874905,0.024143879170874905,0.006701207651749349,0.009714172344007184,0.44802007388569426,0.40462610137272137,0.017341386146905946,0.017341386146905946,0.01965367345734589,0.019665930407508178,0.00651171687315504,0.00888302631105021,0.43954353930369783,0.39845213345790464
Dest210823-181018,60.0,0.014754900012154437,0.0027648455033291897,0.051724330952799824,0.040693329304196314,0.011938252047921087,0.011938252047921087,0.00668597042533949,0.008510567551615533,0.008510567551615533,0.004768536308918416,0.011269046404656707,0.01126901233129871,0.00668597042533949,0.00668597042533949,0.00481949780538104,0.0056097007634590785,0.42503606790830684,0.41383071783656455,0.013061199896488069,0.013061199812281927,0.0027648455033291897,0.051724330952799824,0.040693329304196314,0.013208464108895365,0.013208464108895365,0.009699358315990291,0.009699358315990291,0.01022041912963515,0.01022041912963515,0.012004072618090516,0.012004044447482027,0.013208464108895365,0.013208464108895365,0.012551994123738799,0.010133703399186027,0.013061199812281927,0.013061199812281927,0.00481949780538104,0.0056097007634590785,0.42503606790830684,0.41383071783656455,0.008510567551615533,0.008510567551615533,0.011269046404656707,0.01126901233129871,0.004575354041010017,0.005313508745185661,0.4132585864625964,0.40377155263761366
Dest210823-181501,60.0,0.015351704814996666,0.003862214878281577,0.05555455188339938,0.056492164150207996,0.01844758135858963,0.01844758135858963,0.010412235625896958,0.013910462705196419,0.013910462705196419,0.008411699963941826,0.016599507600962696,0.01659952584061076,0.010412235625896958,0.010412235625896958,0.005576554467211793,0.00712076968508295,0.39751617175769954,0.3826693372171476,0.019844598320726554,0.019844546520541066,0.003862214878281577,0.05555455188339938,0.056492164150207996,0.021089806465105606,0.021089806465105606,0.014931182885999365,0.014931182915580854,0.01665129361400625,0.01665129361400625,0.016836859519881883,0.016836854599030573,0.021089806465105606,0.021089806465105606,0.01819512962736356,0.014590737123251405,0.019844546520541066,0.019844546520541066,0.005576554467211793,0.00712076968508295,0.39751617175769954,0.3826693372171476,0.013910462705196419,0.013910462705196419,0.016599507600962696,0.01659952584061076,0.0051495162889917,0.006372563824534537,0.390147190023348,0.37749715887975077
EC000002,64.0,0.029615668478025575,0.002598492199409072,0.01901291644451701,0.010849417549871652,0.008053926174596666,0.008053926174596666,0.0049322212117609765,0.006700113096291259,0.006700113096291259,0.004645005439641622,0.007722141808816937,0.007721277363850038,0.0049322212117609765,0.0049322212117609765,0.004247428768186247,0.0044171388964225015,0.32735311818183405,0.3288506320481488,0.008518790748569836,0.008518793919715969,0.002598492199409072,0.01901291644451701,0.010849417549871652,0.00867423781636888,0.00867423781636888,0.007496191209034191,0.007496191209034191,0.008019410837949829,0.008019410837949829,0.007544089361129427,0.007543221289311838,0.00867423781636888,0.00867423781636888,0.008470481829942592,0.007652841450482904,0.008518793919715969,0.008518793919715969,0.004247428768186247,0.0044171388964225015,0.32735311818183405,0.3288506320481488,0.006700113096291259,0.006700113096291259,0.007722141808816937,0.007721277363850038,0.00414035000808982,0.00426411245978592,0.3153808144895395,0.31651465263490997
EC000006,64.0,0.04378098189723565,0.0021603297203676426,0.015403129246562806,0.010169011864167857,0.006036028291526833,0.006036028291526833,0.002894211267717568,0.005240756578403367,0.005240756578403367,0.0027308106057850794,0.005644497735072261,0.005644534103521717,0.002894211267717568,0.002894211267717568,0.002188193401429987,0.0024848325448232527,0.3196035969443795,0.29600758159291657,0.006556117138248108,0.0065561182304506235,0.0021603297203676426,0.015403129246562806,0.010169011864167857,0.006640913411945051,0.006640913411945051,0.005806876905068827,0.0058068804870098105,0.005984343063411715,0.005984343063411715,0.005721153578127272,0.0057211739235228706,0.006640913411945051,0.006640913411945051,0.0063466201439966365,0.005480056366179156,0.0065561182304506235,0.0065561182304506235,0.002188193401429987,0.0024848325448232527,0.3196035969443795,0.29600758159291657,0.005240756578403367,0.005240756578403367,0.005644497735072261,0.005644534103521717,0.002186387929386915,0.0023773810350919368,0.3103893991206507,0.28857243996636084
EC000007,64.0,0.04240320837380411,0.002421028151971544,0.017951366577979605,0.008909822638186966,0.01084464490659869,0.01084464490659869,0.005963767127666651,0.009492764546621827,0.009492764546621827,0.00553313249013712,0.010945587102009588,0.010945592961327806,0.005963767127666651,0.005963767127666651,0.003066364715976345,0.003831602685921823,0.33261958010160975,0.2964161818594607,0.01252116176727696,0.012520706563907063,0.002421028151971544,0.017951366577979605,0.008909822638186966,0.012429100185182366,0.012429100185182366,0.010562234335264232,0.010562234335264232,0.010858471526360615,0.010858471526360615,0.010465091324547532,0.010465102018343289,0.012429100185182366,0.012429100185182366,0.011763839803083131,0.009546434451125041,0.012520706563907063,0.012520706563907063,0.003066364715976345,0.003831602685921823,0.33261958010160975,0.2964161818594607,0.009492764546621827,0.009492764546621827,0.010945587102009588,0.010945592961327806,0.0029704983866794305,0.0034313289121020393,0.3243012070377355,0.2925836550089944
EC000016,64.0,0.03431938139528721,0.001855786781601189,0.017529760717260253,0.009964458553758064,0.007914649771533222,0.007914649771533222,0.0028073036543060886,0.006411163857973182,0.006411163857973182,0.002669397572605067,0.007191895849476118,0.007191894254030816,0.0028073036543060886,0.0028073036543060886,0.0030637548899364463,0.003207247581477471,0.32202099135409823,0.2999457883987319,0.008692176046598523,0.008692175671241708,0.001855786781601189,0.017529760717260253,0.009964458553758064,0.009260194075314367,0.009260194075314367,0.006732110420503201,0.006732110420503201,0.007570030515022549,0.007570030515022549,0.007704376059495346,0.007704338252918269,0.009260194075314367,0.009260194075314367,0.008235597276880759,0.007046993082428609,0.008692175671241708,0.008692175671241708,0.0030637548899364463,0.003207247581477471,0.32202099135409823,0.2999457883987319,0.006411163857973182,0.006411163857973182,0.007191895849476118,0.007191894254030816,0.0029639181610421166,0.0030572322107343414,0.31455125703592984,0.2967071999765472
EC000017,64.0,0.03418714288900084,0.0019248892158568718,0.017180187510832095,0.009609696049614468,0.009464446113294745,0.009464446113294745,0.0028478784236571253,0.007844161897435182,0.007844161897435182,0.0025987154278715174,0.008703125511485353,0.008703178143571548,0.0028478784236571253,0.0028478784236571253,0.0035781993852329426,0.003773345201956727,0.3241275528891173,0.3099561203201236,0.010323434637484261,0.010323435201420128,0.0019248892158568718,0.017180187510832095,0.009609696049614468,0.010781350197202175,0.010781350197202175,0.008718004227994819,0.008718005110719435,0.009698437623165032,0.009698437623165032,0.009177094582216787,0.009177373703938724,0.010781350197202175,0.010781350197202175,0.010315993650138742,0.008722184823534674,0.010323435201420128,0.010323435201420128,0.0035781993852329426,0.003773345201956727,0.3241275528891173,0.3099561203201236,0.007844161897435182,0.007844161897435182,0.008703125511485353,0.008703178143571548,0.0031974455718104347,0.003527231303708536,0.3152569391540158,0.3050173831437455
EC000018,64.0,0.03741015798348004,0.0020339698559840927,0.02587143709182428,0.0178113427322955,0.010026848369087203,0.010026848369087203,0.0038283695396918015,0.008038318364239289,0.008038318364239289,0.003534161691046317,0.009620417642815187,0.009617824449915865,0.0038283695396918015,0.0038283695396918015,0.0038259937768753403,0.0041104741723361265,0.30953462932367704,0.2947674573968331,0.011215089468684693,0.011215088717046563,0.0020339698559840927,0.02587143709182428,0.0178113427322955,0.010972272959262315,0.010972272959262315,0.008818850159471944,0.00881885077830815,0.009874692096508987,0.009874692096508987,0.009289827727226647,0.009289827466273735,0.010972272959262315,0.010972272959262315,0.010748651789051303,0.00930363322356489,0.011215088717046563,0.011215088717046563,0.0038259937768753403,0.0041104741723361265,0.30953462932367704,0.2947674573968331,0.008038318364239289,0.008038318364239289,0.009620417642815187,0.009617824449915865,0.003525795881990581,0.003877265146235575,0.3049330684113316,0.29071764984351345
EC000020,64.0,0.3578296578931058,0.0021143488032260484,0.026780971787360622,0.012147231099986888,0.013956140492704118,0.013956140492704118,0.004246258862032165,0.01145117849603034,0.01145117849603034,0.003507417105978454,0.012910363669752253,0.012910358397545669,0.004246258862032165,0.004246258862032165,0.005299068577064656,0.00601551400959488,0.3812489336338064,0.3392881823216514,0.014686654809822005,0.014686645017969572,0.0021143488032260484,0.026780971787360622,0.012147231099986888,0.01460756026409858,0.01460756026409858,0.012677546669088638,0.012677546669088638,0.013150394663638612,0.013150394663638612,0.013599460054751657,0.013599470375770008,0.01460756026409858,0.01460756026409858,0.014185628359670362,0.012473882337538725,0.014686645017969572,0.014686645017969572,0.005299068577064656,0.00601551400959488,0.3812489336338064,0.3392881823216514,0.01145117849603034,0.01145117849603034,0.012910363669752253,0.012910358397545669,0.004890177883195474,0.00538885063926067,0.3731897003171973,0.3342475177183442
EC000022,62.0,0.03614498911963614,0.0020407803037433966,0.020311215325805626,0.010637614518239682,0.006273490862075231,0.006273490862075231,0.0031293896901768725,0.005228553618468179,0.005228553618468179,0.002771164186427906,0.005642399978588875,0.005642317814106235,0.0031293896901768725,0.0031293896901768725,0.0029880419391537603,0.0031102536267168216,0.34899231128506436,0.31734649406977317,0.0069398283626578485,0.006939835745457728,0.0020407803037433966,0.020311215325805626,0.010637614518239682,0.007307891796177053,0.007307891796177053,0.005306128102753428,0.005306128222897798,0.006066492543899019,0.006066492543899019,0.005526496103979133,0.005526105708286441,0.007307891796177053,0.007307891796177053,0.006584645809935941,0.005387763773151452,0.006939835745457728,0.006939835745457728,0.0029880419391537603,0.0031102536267168216,0.34899231128506436,0.31734649406977317,0.005228553618468179,0.005228553618468179,0.005642399978588875,0.005642317814106235,0.0028411331193151776,0.0030316405813463976,0.33713922272227703,0.31012307078509516
EC000025,64.0,0.03322172755970745,0.002054324815892687,0.013894992402443292,0.007657291609801741,0.00891472975447387,0.00891472975447387,0.0032339836462127692,0.007805576365419268,0.007805576365419268,0.0029718280526782022,0.00867242775462589,0.00867242636340168,0.0032339836462127692,0.0032339836462127692,0.003136030281460123,0.0033847816374025013,0.3122971189698441,0.2906458672011361,0.010126446709677226,0.010126441751194027,0.002054324815892687,0.013894992402443292,0.007657291609801741,0.009887999975552916,0.009887999975552916,0.008537022824106847,0.008537022089678046,0.008799381675957478,0.008799381675957478,0.008490577949402578,0.008490557846769472,0.009887999975552916,0.009887999975552916,0.009473006057484464,0.00795446142298187,0.010126441751194027,0.010126441751194027,0.003136030281460123,0.0033847816374025013,0.3122971189698441,0.2906458672011361,0.007805576365419268,0.007805576365419268,0.00867242775462589,0.00867242636340168,0.002958973262643109,0.003131702830490569,0.3033116674366181,0.28560701092248764
EC000031,64.0,0.058882729548488145,0.0028033526258194985,0.021407385225988618,0.01208398138143451,0.009869203373977753,0.009869203373977753,0.004812288930031965,0.007780150427313258,0.007780150427313258,0.003986114765012493,0.008872082010285129,0.008872120774285536,0.004812288930031965,0.004812288930031965,0.004678182888457188,0.005194900635137423,0.3443889988652082,0.3396262122975357,0.010668542608057153,0.010668537964661351,0.0028033526258194985,0.021407385225988618,0.01208398138143451,0.01084514187178307,0.01084514187178307,0.008509854854063645,0.008509862079145008,0.00937243954302945,0.00937243954302945,0.009496120143761395,0.009496092584670289,0.01084514187178307,0.01084514187178307,0.010354712822071893,0.008593074983028345,0.010668537964661351,0.010668537964661351,0.004678182888457188,0.005194900635137423,0.3443889988652082,0.3396262122975357,0.007780150427313258,0.007780150427313258,0.008872082010285129,0.008872120774285536,0.004490097171815333,0.005038001939729926,0.334517931943349,0.3286053018332679
EC000037,64.0,0.027327525758240965,0.0020458737912845523,0.020663569319201262,0.012314466094415985,0.010182592120616894,0.010182592120616894,0.00308316780581925,0.009316990273678117,0.009316990273678117,0.0026589649948362405,0.010126471356276574,0.01012644404839511,0.00308316780581925,0.00308316780581925,0.004143449438483586,0.004252022793531989,0.3548979067381708,0.3548751336648023,0.010870441486247407,0.010870444012871308,0.0020458737912845523,0.020663569319201262,0.012314466094415985,0.011837794323319665,0.011837794323319665,0.00971268064662694,0.009712681906164323,0.010315144521378597,0.010315144521378597,0.009962706291398372,0.00996274540624824,0.011837794323319665,0.011837794323319665,0.010435584651497893,0.010117907146237413,0.010870444012871308,0.010870444012871308,0.004143449438483586,0.004252022793531989,0.3548979067381708,0.3548751336648023,0.009316990273678117,0.009316990273678117,0.010126471356276574,0.01012644404839511,0.0037857495039698113,0.0038924177283180365,0.34374450582537985,0.3445786447601488
EC000042,64.0,0.04069893207711541,0.002727867181957345,0.02854388597979989,0.013925789457655581,0.011232265704990156,0.011232265704990156,0.004936852495258076,0.009308550337893092,0.009308550337893092,0.004696476589845349,0.010348945117296787,0.010348922214176055,0.004936852495258076,0.004936852495258076,0.004474531050441199,0.004430338387878797,0.32927920507205577,0.3141596014700546,0.011951441433242322,0.011951440962160888,0.002727867181957345,0.02854388597979989,0.013925789457655581,0.012136646228004812,0.012136646228004812,0.009767451295862494,0.009767451295862494,0.010437310351034172,0.010437310351034172,0.010547654644963286,0.01054767470318061,0.012136646228004812,0.012136646228004812,0.011148899912420655,0.009699886240387484,0.011951440962160888,0.011951440962160888,0.004474531050441199,0.004430338387878797,0.32927920507205577,0.3141596014700546,0.009308550337893092,0.009308550337893092,0.010348945117296787,0.010348922214176055,0.0042056069609566335,0.004264221430311461,0.32105887203948036,0.3074107650631373
EC000045,30.0,0.018936439981132803,0.0007937786688025496,0.010693174384414831,0.004051768116563581,0.00892279944958959,0.00892279944958959,0.0022915906134622975,0.008193944857763973,0.008193944857763973,0.0016650515832604352,0.009008135403399503,0.0090081347506637,0.0022915906134622975,0.0022915906134622975,0.004144888849487441,0.0037103819788608444,0.2714873449712573,0.2460870727996202,0.009388829433509906,0.009388830076213193,0.0007937786688025496,0.010693174384414831,0.004051768116563581,0.009355913554798173,0.009355913554798173,0.00907079319271048,0.00907079319271048,0.00927421474389403,0.00927421474389403,0.009025207916488247,0.009025207625463095,0.009355913554798173,0.009355913554798173,0.009387765436964528,0.008770596347823298,0.009388830076213193,0.009388830076213193,0.004144888849487441,0.0037103819788608444,0.2714873449712573,0.2460870727996202,0.008193944857763973,0.008193944857763973,0.009008135403399503,0.0090081347506637,0.0032620290913409774,0.0031007852724558495,0.2618749785930992,0.23257999702301946
EC000053,64.0,0.0243479445674692,0.002634322610614449,0.03272653192101601,0.019384191234216783,0.012919534503586221,0.012919534503586221,0.004435804969598491,0.010313323046007067,0.010313323046007067,0.0037241367094162743,0.011677559412275834,0.011679410950484099,0.004435804969598491,0.004435804969598491,0.006333935235986116,0.006246219299958729,0.2981877653912298,0.29911006514413574,0.013778648153433194,0.01377864381059993,0.002634322610614449,0.03272653192101601,0.019384191234216783,0.013881263053015661,0.013881263053015661,0.010875881329521626,0.010875881163861349,0.011739804012604797,0.011739804012604797,0.012060183557398619,0.012060181992066838,0.013881263053015661,0.013881263053015661,0.013160838291233087,0.010713642065959837,0.01377864381059993,0.01377864381059993,0.006333935235986116,0.006246219299958729,0.2981877653912298,0.29911006514413574,0.010313323046007067,0.010313323046007067,0.011677559412275834,0.011679410950484099,0.0057010798195209125,0.0058872517875775306,0.2942158735480435,0.2913055319906199
EC000054,64.0,0.035820955694031556,0.0023365831772157,0.03376648095188456,0.022730716099898938,0.011070005841660057,0.011070005841660057,0.0033653765675696968,0.008919811800386509,0.008919811800386509,0.0028056038209855767,0.009771803422239192,0.009771518788864127,0.0033653765675696968,0.0033653765675696968,0.004828832806269633,0.005213179631549068,0.34025648102016126,0.3266483922558097,0.011990956991136729,0.011990958916661517,0.0023365831772157,0.03376648095188456,0.022730716099898938,0.011688853773226024,0.011688853773226024,0.009468785509922735,0.00946878554124876,0.009982428409730935,0.009982428409730935,0.01070713114703704,0.010707452539780126,0.011688853773226024,0.011688853773226024,0.011312709781279635,0.009755230397574335,0.011990958916661517,0.011990958916661517,0.004828832806269633,0.005213179631549068,0.34025648102016126,0.3266483922558097,0.008919811800386509,0.008919811800386509,0.009771803422239192,0.009771518788864127,0.004473814878101915,0.004761927158108317,0.32978830038122187,0.3183705239693283
EC000055,64.0,0.0394068878218767,0.0018574368911903106,0.0311849355478869,0.017266962448741572,0.010200958368023956,0.010200958368023956,0.00306756519018191,0.008282272936071575,0.008282272936071575,0.002591114641733319,0.009552334293258618,0.009552361069525958,0.00306756519018191,0.00306756519018191,0.004597874957040829,0.004664249514122739,0.3612726330953949,0.33542748605769696,0.011484444778966088,0.01148444416734544,0.0018574368911903106,0.0311849355478869,0.017266962448741572,0.011839503344069548,0.011839503344069548,0.009057887128582702,0.009057886375167877,0.0100052500920319,0.0100052500920319,0.009771866675144368,0.009771910659340475,0.011839503344069548,0.011839503344069548,0.010755067497755823,0.009531673041999516,0.01148444416734544,0.01148444416734544,0.004597874957040829,0.004664249514122739,0.3612726330953949,0.33542748605769696,0.008282272936071575,0.008282272936071575,0.009552334293258618,0.009552361069525958,0.00443189461226723,0.004574006019836968,0.3497872714991201,0.328103369055142
EC000056,64.0,0.028673015355643684,0.0017827323577211075,0.02391075436979339,0.012835222898369027,0.008027584335562919,0.008027584335562919,0.0024281608736767195,0.006677528620510682,0.006677528620510682,0.0023257435157022026,0.007696074045997518,0.0076960915421555596,0.0024281608736767195,0.0024281608736767195,0.00288942797799574,0.0033004780189648014,0.3483531231068344,0.3262233954775966,0.009117101058434855,0.009117127451270727,0.0017827323577211075,0.02391075436979339,0.012835222898369027,0.009508519336563916,0.009508519336563916,0.007047775073684802,0.00704777660396569,0.007822083381821212,0.007822083381821212,0.007740814071715993,0.007741283355161593,0.009508519336563916,0.009508519336563916,0.008839522791004318,0.0073342619602216295,0.009117127451270727,0.009117127451270727,0.00288942797799574,0.0033004780189648014,0.3483531231068344,0.3262233954775966,0.006677528620510682,0.006677528620510682,0.007696074045997518,0.0076960915421555596,0.002771102313189588,0.003123701259485453,0.3414750460587876,0.32197464677385645
EC000063,64.0,0.04751573624317937,0.0032932180290946352,0.028574943064112887,0.017343955591240398,0.017383434840947155,0.017383434840947155,0.008175547661876531,0.014860718475963295,0.014860718475963295,0.007155642139687644,0.01673740860262839,0.016737407193145468,0.008175547661876531,0.008175547661876531,0.008395944439998979,0.00849857954496343,0.43386144791757436,0.36730429745438675,0.018283358648871845,0.018283358098894694,0.0032932180290946352,0.028574943064112887,0.017343955591240398,0.018881026030647664,0.018881026030647664,0.01540704678467181,0.015407046484273023,0.01641773924044636,0.01641773924044636,0.016907172213420186,0.016907336987208785,0.018881026030647664,0.018881026030647664,0.017637108133075653,0.015985970496463914,0.018283358098894694,0.018283358098894694,0.008395944439998979,0.00849857954496343,0.43386144791757436,0.36730429745438675,0.014860718475963295,0.014860718475963295,0.01673740860262839,0.016737407193145468,0.007811257804401408,0.007927898804604028,0.41471783694519015,0.3533140839479837
EC000065,64.0,0.045328764582228113,0.0018547761160592658,0.019753022658103414,0.01095081598895464,0.015182580433466252,0.015182580433466252,0.0032207620167758804,0.012241081303798024,0.012241081303798024,0.0028288584201346246,0.014771632896322884,0.014771761977595726,0.0032207620167758804,0.0032207620167758804,0.004288212746958964,0.005122602465786357,0.36548756032060903,0.3122962908100222,0.017406938315432052,0.01740693766756578,0.0018547761160592658,0.019753022658103414,0.01095081598895464,0.018686215092035545,0.018686215092035545,0.012884269048033206,0.01288427107826255,0.015298725570746703,0.015298725570746703,0.014358915951628108,0.014358977233106434,0.018686215092035545,0.018686215092035545,0.016319706392169245,0.013180670091175292,0.01740693766756578,0.01740693766756578,0.004288212746958964,0.005122602465786357,0.36548756032060903,0.3122962908100222,0.012241081303798024,0.012241081303798024,0.014771632896322884,0.014771761977595726,0.003978205030487856,0.004378122736218807,0.34915704697149424,0.304204360357698
EC000066,64.0,0.05338883203590096,0.0026838667080846547,0.02524369192815755,0.014543128601059923,0.011121080709457259,0.011121080709457259,0.004084060531221663,0.007980970519779222,0.007980970519779222,0.003545744938719549,0.00944980287851605,0.009449740981517215,0.004084060531221663,0.004084060531221663,0.004015652184072113,0.004705709256962794,0.4048691301377244,0.3401159008932022,0.011590319445580945,0.01159032510215374,0.0026838667080846547,0.02524369192815755,0.014543128601059923,0.011800407138242557,0.011800407138242557,0.008662830103428958,0.008662823384412467,0.009172178306813482,0.009172178306813482,0.009889531311041967,0.009889534835750927,0.011800407138242557,0.011800407138242557,0.011286119613935917,0.009433796357283305,0.01159032510215374,0.01159032510215374,0.004015652184072113,0.004705709256962794,0.4048691301377244,0.3401159008932022,0.007980970519779222,0.007980970519779222,0.00944980287851605,0.009449740981517215,0.0038488849963326153,0.004466529709245891,0.3941047966342228,0.3340107030316817
EC000073,64.0,0.04009117070466221,0.002514537469969283,0.015255579720014081,0.010037232024637431,0.00865288932854705,0.00865288932854705,0.0030705431182590026,0.007528002037121926,0.007528002037121926,0.002959755325940186,0.008464828919013474,0.008464828533559291,0.0030705431182590026,0.0030705431182590026,0.003407481605312731,0.004077690005419845,0.3049976274384274,0.2952051964367443,0.009326402092654779,0.009326402328026357,0.002514537469969283,0.015255579720014081,0.010037232024637431,0.009680005299285595,0.009680005299285595,0.008040741509685242,0.008040741509685242,0.008912571077106322,0.008912571077106322,0.007938503504719549,0.007938521543112564,0.009680005299285595,0.009680005299285595,0.009036176970787969,0.008713015518769482,0.009326402328026357,0.009326402328026357,0.003407481605312731,0.004077690005419845,0.3049976274384274,0.2952051964367443,0.007528002037121926,0.007528002037121926,0.008464828919013474,0.008464828533559291,0.003246430154930813,0.003505061985194254,0.29950236441612565,0.2897842868543834
EC000077,64.0,0.04275153583396011,0.003120293158638337,0.022721434366460475,0.013468103027984018,0.008548356690433126,0.008548356690433126,0.0036847119971964537,0.007029126385198819,0.007029126385198819,0.0036646764087189835,0.007622307837607634,0.00762221922599111,0.0036847119971964537,0.0036847119971964537,0.0024960201652675634,0.0028685860504227344,0.36109164870876265,0.3239265531813201,0.009580016219271818,0.00958001632152907,0.003120293158638337,0.022721434366460475,0.013468103027984018,0.009676051539898797,0.009676051539898797,0.007515309348586641,0.007515309348586641,0.008565820741101071,0.008565820741101071,0.006990595724331696,0.00699042354708948,0.009676051539898797,0.009676051539898797,0.008956261514472643,0.0072317074528381944,0.00958001632152907,0.00958001632152907,0.0024960201652675634,0.0028685860504227344,0.36109164870876265,0.3239265531813201,0.007029126385198819,0.007029126385198819,0.007622307837607634,0.00762221922599111,0.0023272467130167744,0.0027382573114706267,0.3493090097234027,0.3152649312773348
EC000084,63.0,0.04470491492927961,0.0027826838688439818,0.027212383141723518,0.01553264845846732,0.007690324882078639,0.007690324882078639,0.004122991437641609,0.006742803458519677,0.006742803458519677,0.003873516559747167,0.006877282267725363,0.0068774837872499035,0.004122991437641609,0.004122991437641609,0.0027448665971736494,0.003100371281576135,0.34174428471193696,0.321109463235928,0.008255636586792148,0.008255635444997663,0.0027826838688439818,0.027212383141723518,0.01553264845846732,0.008274089666825728,0.008274089666825728,0.007368530612033874,0.007368530612033874,0.0076522741119192765,0.0076522741119192765,0.007230702280079953,0.007230665772601517,0.008274089666825728,0.008274089666825728,0.007991548608561258,0.006686577305767672,0.008255635444997663,0.008255635444997663,0.0027448665971736494,0.003100371281576135,0.34174428471193696,0.321109463235928,0.006742803458519677,0.006742803458519677,0.006877282267725363,0.0068774837872499035,0.002516842317051796,0.002895980305323685,0.3295528895849634,0.3103506228725369
EC000090,64.0,0.14466204792084286,0.0783502163189822,0.14993180297679848,0.11712901651484275,0.011386879320390605,0.011386879320390605,0.1266002709429297,0.010980636361642204,0.010980636361642204,0.10359234289018607,0.010998271488965152,0.010998330334623208,0.1266002709429297,0.1266002709429297,0.0059736649145210406,0.005924079609825241,0.41056137031534995,0.36344774380307154,0.012160374107857232,0.01216037409811448,0.0783502163189822,0.14993180297679848,0.11712901651484275,0.013602171160765855,0.013602171160765855,0.011590361073303069,0.011590364926834601,0.012480942556110524,0.012480942556110524,0.011263800781060603,0.011263831780659787,0.013602171160765855,0.013602171160765855,0.012087102839350683,0.00976763747636589,0.01216037409811448,0.01216037409811448,0.0059736649145210406,0.005924079609825241,0.41056137031534995,0.36344774380307154,0.010980636361642204,0.010980636361642204,0.010998271488965152,0.010998330334623208,0.005665852136169868,0.005772967749253834,0.3916188184429442,0.352460637301359
EC000091,64.0,0.037840801165857106,0.0022565885199194668,0.05141849797216889,0.03340457089249678,0.005032720184105418,0.005032720184105418,0.0025485288161971173,0.004352467589169787,0.004352467589169787,0.002550458128316507,0.0050778009419355525,0.005078930333427271,0.0025485288161971173,0.0025485288161971173,0.002352043879907801,0.0025578105610835314,0.39695010483058923,0.36583485536247407,0.005451750321674145,0.005451751042553519,0.0022565885199194668,0.05141849797216889,0.03340457089249678,0.005574429290283101,0.005574429290283101,0.004453760793443854,0.004453762173420022,0.0048651403698894554,0.0048651403698894554,0.004387552249833215,0.004387722211953102,0.005574429290283101,0.005574429290283101,0.00548557473761455,0.00460983271656309,0.005451751042553519,0.005451751042553519,0.002352043879907801,0.0025578105610835314,0.39695010483058923,0.36583485536247407,0.004352467589169787,0.004352467589169787,0.0050778009419355525,0.005078930333427271,0.002277203768414817,0.002473239590990063,0.38191310427565917,0.3605039380975683
EC000092,64.0,0.02410674888940922,0.0023135144363025124,0.02269162765461288,0.010759283363171135,0.006298743803921268,0.006298743803921268,0.0036229568080890662,0.005235079134110876,0.005235079134110876,0.00324200962336022,0.005869612071485085,0.005869570621115918,0.0036229568080890662,0.0036229568080890662,0.001985376923404123,0.002361210364754118,0.3487856229790639,0.30934463760643544,0.007795298333869885,0.007795235707120077,0.0023135144363025124,0.02269162765461288,0.010759283363171135,0.0073994274145529355,0.0073994274145529355,0.006048912769056086,0.006048916925328102,0.006369906325510591,0.006369906325510591,0.006209632500420411,0.006209648067039827,0.0073994274145529355,0.0073994274145529355,0.007351894852015617,0.0052039763175387,0.007795235707120077,0.007795235707120077,0.001985376923404123,0.002361210364754118,0.3487856229790639,0.30934463760643544,0.005235079134110876,0.005235079134110876,0.005869612071485085,0.005869570621115918,0.0018369292819861698,0.0021127053209872232,0.33856045481308006,0.3047243583221045
EC000098,63.0,0.04854686086081189,0.002804037100511367,0.027504441732078565,0.017743449049323293,0.015309710579539546,0.015309710579539546,0.0054190253525832075,0.012311338981402431,0.012311338981402431,0.004577302664925519,0.013153671626942481,0.013153668562148448,0.0054190253525832075,0.0054190253525832075,0.005428147960973523,0.005813792780602788,0.3655167102700415,0.31881513773067394,0.01621695547991739,0.016216956681313118,0.002804037100511367,0.027504441732078565,0.017743449049323293,0.01646375662457951,0.01646375662457951,0.013786124396897389,0.013786124720056905,0.014650828255977544,0.014650828255977544,0.014222989203617226,0.014235174138355563,0.01646375662457951,0.01646375662457951,0.01584337980777218,0.012974032804768946,0.016216956681313118,0.016216956681313118,0.005428147960973523,0.005813792780602788,0.3655167102700415,0.31881513773067394,0.012311338981402431,0.012311338981402431,0.013153671626942481,0.013153668562148448,0.005090559570026837,0.0051981450111071624,0.3572220724070343,0.313041522787504
EC000100,64.0,0.03481743601552465,0.002086764675848922,0.021519206512334427,0.01084176007580169,0.006191824249873782,0.006191824249873782,0.0037242493152579025,0.004491895853972694,0.004491895853972694,0.003338736579564259,0.005191062768149882,0.0051910734944018745,0.0037242493152579025,0.0037242493152579025,0.0023556155094940456,0.0025137858266040627,0.3447425609153654,0.33404874758087677,0.006597057006403444,0.006597057226324496,0.002086764675848922,0.021519206512334427,0.01084176007580169,0.006595061125661222,0.006595061125661222,0.00491280537250964,0.00491280537250964,0.005305325309670007,0.005305325309670007,0.005298409670862392,0.005298498424655908,0.006595061125661222,0.006595061125661222,0.006345502701145037,0.0052702646994046455,0.006597057226324496,0.006597057226324496,0.0023556155094940456,0.0025137858266040627,0.3447425609153654,0.33404874758087677,0.004491895853972694,0.004491895853972694,0.005191062768149882,0.0051910734944018745,0.002321249532633724,0.0024114783582335516,0.3327743785828664,0.3258930058277884
EC000102,64.0,0.06491120378510344,0.0020598792478601713,0.03429793612526625,0.017063391949400368,0.00798976911801718,0.00798976911801718,0.004403374116641289,0.0067724890007747176,0.0067724890007747176,0.003726970480066468,0.007170824246187956,0.0071711459872734595,0.004403374116641289,0.004403374116641289,0.0034806655078931945,0.003672030883797541,0.3546730025163368,0.33762989435652346,0.00883659354846758,0.008836597914704104,0.0020598792478601713,0.03429793612526625,0.017063391949400368,0.00868817611082457,0.00868817611082457,0.007368138817313174,0.007368138545887388,0.007748049385686438,0.007748049385686438,0.007553650331440754,0.007553738584671133,0.00868817611082457,0.00868817611082457,0.008822439476684329,0.00738408231461789,0.008836597914704104,0.008836597914704104,0.0034806655078931945,0.003672030883797541,0.3546730025163368,0.33762989435652346,0.0067724890007747176,0.0067724890007747176,0.007170824246187956,0.0071711459872734595,0.003299901073465312,0.003297186436550155,0.3423151543888413,0.32336910086648063
EC000104,64.0,0.023837743995586056,0.0019266287585437837,0.01565326902705057,0.009908960048189629,0.009894943628627537,0.009894943628627537,0.0030871073828216233,0.007605662492925454,0.007605662492925454,0.002646642612394783,0.009485610666664087,0.009485537127539988,0.0030871073828216233,0.0030871073828216233,0.0034394834229955124,0.003655731054205173,0.3719676419919947,0.33464179516022413,0.011040445135031813,0.01104044390727385,0.0019266287585437837,0.01565326902705057,0.009908960048189629,0.01137455618239232,0.01137455618239232,0.008555995754081393,0.008555994095280267,0.009129161076932107,0.009129161076932107,0.009566156236772538,0.009566196146406893,0.01137455618239232,0.01137455618239232,0.01053982986116328,0.009239747306804276,0.01104044390727385,0.01104044390727385,0.0034394834229955124,0.003655731054205173,0.3719676419919947,0.33464179516022413,0.007605662492925454,0.007605662492925454,0.009485610666664087,0.009485537127539988,0.0031791870344478066,0.003408686201467026,0.35668136486185664,0.3239601103717519
EC000112,64.0,0.031785027915776615,0.0032853668375644254,0.045477197545886076,0.027295691949422628,0.00902787440274719,0.00902787440274719,0.00506104326205215,0.007892343097328069,0.007892343097328069,0.0045617646995821225,0.008958583587248267,0.008958554285833774,0.00506104326205215,0.00506104326205215,0.006116873348614539,0.006173718071651967,0.4698650160937521,0.38212311064823856,0.009605626825308078,0.009605625565716045,0.0032853668375644254,0.045477197545886076,0.027295691949422628,0.009794036033568924,0.009794036033568924,0.008622400395643864,0.008622400395643864,0.00874929699011936,0.00874929699011936,0.00909714375808363,0.009097197733675384,0.009794036033568924,0.009794036033568924,0.00941531797672282,0.008692320923444335,0.009605625565716045,0.009605625565716045,0.006116873348614539,0.006173718071651967,0.4698650160937521,0.38212311064823856,0.007892343097328069,0.007892343097328069,0.008958583587248267,0.008958554285833774,0.006000497743080419,0.0060671219767548515,0.4564003953105639,0.3752712862939998
EC000114,64.0,0.017229846986029286,0.002343070628649374,0.02128885217379515,0.018139751292141345,0.01013532276216686,0.01013532276216686,0.004005022121019906,0.00847900754478037,0.00847900754478037,0.00324726439130553,0.00970289217907572,0.009702917369665404,0.004005022121019906,0.004005022121019906,0.004825115492358275,0.00497775999963542,0.351692199910466,0.33070571362385265,0.01104727519697853,0.011047275803284073,0.002343070628649374,0.02128885217379515,0.018139751292141345,0.011357959829169581,0.011357959829169581,0.008613576907542358,0.008613577627433972,0.009210065408276976,0.009210065408276976,0.009991417502571551,0.009991415375995641,0.011357959829169581,0.011357959829169581,0.010590475709374906,0.008762330523391789,0.011047275803284073,0.011047275803284073,0.004825115492358275,0.00497775999963542,0.351692199910466,0.33070571362385265,0.00847900754478037,0.00847900754478037,0.00970289217907572,0.009702917369665404,0.004844952176488675,0.004835299971565898,0.34198135466562374,0.32376880893380333
EC000115,58.0,0.013509546696293643,0.0020061113833860678,0.10211233060631568,0.05372898017905874,0.009215169308735869,0.009215169308735869,0.0027008189062736297,0.007911507205119192,0.007911507205119192,0.0023972816826183657,0.00920651699993638,0.009206589034793804,0.0027008189062736297,0.0027008189062736297,0.003553633572319688,0.0034997886163663765,0.6637341454618686,0.5681839850161474,0.010279264618655123,0.010279265438308031,0.0020061113833860678,0.10211233060631568,0.05372898017905874,0.010227193066255677,0.010227193066255677,0.00904817832945487,0.009048178190365934,0.009340660374071373,0.009340660374071373,0.009080965327141647,0.009080627114644507,0.010227193066255677,0.010227193066255677,0.00986253472792829,0.008166786210537071,0.010279265438308031,0.010279265438308031,0.003553633572319688,0.0034997886163663765,0.6637341454618686,0.5681839850161474,0.007911507205119192,0.007911507205119192,0.00920651699993638,0.009206589034793804,0.0031607265314942392,0.003330171007685851,0.6547701654251545,0.5618970548452097
EC000117,64.0,0.01576527105830611,0.0022702925768203434,0.020366181926029948,0.011188144312013521,0.010092313991620803,0.010092313991620803,0.003482400162660976,0.007769883130967748,0.007769883130967748,0.002949240613167378,0.009023147239656746,0.009023177799866233,0.003482400162660976,0.003482400162660976,0.004678551972943041,0.004768583655999708,0.3760005653175073,0.3456042184278701,0.011238445172555503,0.011238444582737343,0.0022702925768203434,0.020366181926029948,0.011188144312013521,0.01161296129329202,0.01161296129329202,0.008419776552170407,0.008419775739575655,0.009475777290199676,0.009475777290199676,0.009019026222488201,0.009019002413896504,0.01161296129329202,0.01161296129329202,0.01043194982500352,0.008963817150837258,0.011238444582737343,0.011238444582737343,0.004678551972943041,0.004768583655999708,0.3760005653175073,0.3456042184278701,0.007769883130967748,0.007769883130967748,0.009023147239656746,0.009023177799866233,0.004361613721652138,0.004479580755440109,0.35978105299190005,0.3361945892298302
EC000121,61.0,0.017885272001258064,0.0021574509384943356,0.10229840605267479,0.059355904473790036,0.008193750428774934,0.008193750428774934,0.0031786025410731954,0.006274558518993079,0.006274558518993079,0.0027539410553752987,0.008203214766118223,0.008202914815521496,0.0031786025410731954,0.0031786025410731954,0.0030734920175252804,0.0033587422724789427,0.6488943672462901,0.5671973028558033,0.00935486537255211,0.009354865397909421,0.0021574509384943356,0.10229840605267479,0.059355904473790036,0.008659380279911954,0.008659380279911954,0.006844659773112699,0.006844659773112699,0.007272261759586785,0.007272261759586785,0.007968915728268227,0.007969108402458548,0.008659380279911954,0.008659380279911954,0.008770708331095738,0.007277454088705051,0.009354865397909421,0.009354865397909421,0.0030734920175252804,0.0033587422724789427,0.6488943672462901,0.5671973028558033,0.006274558518993079,0.006274558518993079,0.008203214766118223,0.008202914815521496,0.0029087285062895742,0.003104082862709824,0.6377937135536031,0.556735134311371
EC000125,64.0,0.015518138983155736,0.00238324463384257,0.04889464362039044,0.027692293423617974,0.016122817334471195,0.016122817334471195,0.004648671268581927,0.01193300981166395,0.01193300981166395,0.003871855204565102,0.015128427448073384,0.015128509358405455,0.004648671268581927,0.004648671268581927,0.005710419998288418,0.006051436589487646,0.5039647648937712,0.42586567778254975,0.01747079667064605,0.017470795682060995,0.00238324463384257,0.04889464362039044,0.027692293423617974,0.01752373411152499,0.01752373411152499,0.012546356957404185,0.012546357460175833,0.01331340716270024,0.01331340716270024,0.015187688867726572,0.015187704949525899,0.01752373411152499,0.01752373411152499,0.01698198740195483,0.012028083417018526,0.017470795682060995,0.017470795682060995,0.005710419998288418,0.006051436589487646,0.5039647648937712,0.42586567778254975,0.01193300981166395,0.01193300981166395,0.015128427448073384,0.015128509358405455,0.005276190219928513,0.005833020103915813,0.492393100580561,0.4188296575583279
EC000128,64.0,0.016981989919513465,0.001908409489236233,0.01570543216481373,0.009053392884902771,0.009546705851572915,0.009546705851572915,0.0038386071453460915,0.007579289763533208,0.007579289763533208,0.003500819388165782,0.008988216269408173,0.008988213326301175,0.0038386071453460915,0.0038386071453460915,0.0043348149073466485,0.004126791820220299,0.38722012592341654,0.34937276820668967,0.011168282551556446,0.01116828547587363,0.001908409489236233,0.01570543216481373,0.009053392884902771,0.010865569155534096,0.010865569155534096,0.008827315429518496,0.008827316278412805,0.009259102157330924,0.009259102157330924,0.009592195970982442,0.009592008953220063,0.010865569155534096,0.010865569155534096,0.010779162868937318,0.008342757335591557,0.01116828547587363,0.01116828547587363,0.0043348149073466485,0.004126791820220299,0.38722012592341654,0.34937276820668967,0.007579289763533208,0.007579289763533208,0.008988216269408173,0.008988213326301175,0.004048833159537796,0.0038927141541088865,0.3749758130498603,0.3408739417257033
EC000132,64.0,0.019985451202436545,0.0030706693771239283,0.07567318258341657,0.04352249301678439,0.014912311674654838,0.014912311674654838,0.004282017802687195,0.01123432418868067,0.01123432418868067,0.003610132051108996,0.014003441980240734,0.014002888862471285,0.004282017802687195,0.004282017802687195,0.004875875344957872,0.005231034802366287,0.534482214324758,0.46633461684308525,0.016957892630693853,0.016957893433980367,0.0030706693771239283,0.07567318258341657,0.04352249301678439,0.016811109607484182,0.016811109607484182,0.012152930737410979,0.012152932238192832,0.013275393618950155,0.013275393618950155,0.01381067197620978,0.013810677462778165,0.016811109607484182,0.016811109607484182,0.015807559652271815,0.012227313234416764,0.016957893433980367,0.016957893433980367,0.004875875344957872,0.005231034802366287,0.534482214324758,0.46633461684308525,0.01123432418868067,0.01123432418868067,0.014003441980240734,0.014002888862471285,0.0044672565631774614,0.004649238391266302,0.5260302685591576,0.46228339614132496
EC000138,64.0,0.01723259011997913,0.0017771966869455772,0.01712332440195617,0.011669889706950272,0.012586038572051664,0.012586038572051664,0.002736712710489678,0.010277906080145106,0.010277906080145106,0.0026534405383041443,0.011698457057154091,0.011698538132990419,0.002736712710489678,0.002736712710489678,0.003207162538900698,0.0035519832380162143,0.3940046674795633,0.36487091447343273,0.013962419324139243,0.01396241921334005,0.0017771966869455772,0.01712332440195617,0.011669889706950272,0.014981152766971694,0.014981152766971694,0.010910942618280205,0.010911668577949158,0.012732418630744232,0.012732418630744232,0.011628758534972632,0.01162873628568115,0.014981152766971694,0.014981152766971694,0.01324741142274068,0.011305324308625861,0.01396241921334005,0.01396241921334005,0.003207162538900698,0.0035519832380162143,0.3940046674795633,0.36487091447343273,0.010277906080145106,0.010277906080145106,0.011698457057154091,0.011698538132990419,0.0031740224326923592,0.0030654033470119066,0.3762957715475923,0.35307739614119493
EC000143,64.0,0.021799380809225763,0.002022770075601002,0.021499060220950036,0.014727838583178702,0.008081128411440939,0.008081128411440939,0.0030181751260809314,0.0065382120591632115,0.0065382120591632115,0.002743814866927009,0.006832772584122287,0.006833022003003146,0.0030181751260809314,0.0030181751260809314,0.0037542253310824383,0.0038501112164482233,0.38307659136394234,0.36148936685542116,0.009203231722382257,0.009203234044217678,0.002022770075601002,0.021499060220950036,0.014727838583178702,0.00923732450623482,0.00923732450623482,0.006585824921119263,0.006585826511104024,0.007211749711052946,0.007211749711052946,0.007696810434556072,0.00769676336018169,0.00923732450623482,0.00923732450623482,0.008609894371833153,0.007074143169751093,0.009203234044217678,0.009203234044217678,0.0037542253310824383,0.0038501112164482233,0.38307659136394234,0.36148936685542116,0.0065382120591632115,0.0065382120591632115,0.006832772584122287,0.006833022003003146,0.0035118185628892798,0.0035529137287524763,0.3727085684397385,0.3550816173735958
EC000144,64.0,0.017483156331508366,0.0018774999954590474,0.02192075217723971,0.013338682820727683,0.005669084022902903,0.005669084022902903,0.003032934758023774,0.004883978184058224,0.004883978184058224,0.0028982927489142087,0.005387945691154654,0.005388006663010344,0.003032934758023774,0.003032934758023774,0.002571705882460078,0.002775357065012451,0.40719905935833745,0.364117335202853,0.006439185471254673,0.006439186781017553,0.0018774999954590474,0.02192075217723971,0.013338682820727683,0.0063352726897851494,0.0063352726897851494,0.005475797651892999,0.005475797651892999,0.005606021915901458,0.005606021915901458,0.005800436554982897,0.00580050291057287,0.0063352726897851494,0.0063352726897851494,0.006279208171417368,0.005310650701027928,0.006439186781017553,0.006439186781017553,0.002571705882460078,0.002775357065012451,0.40719905935833745,0.364117335202853,0.004883978184058224,0.004883978184058224,0.005387945691154654,0.005388006663010344,0.002577252107099048,0.002627925780326459,0.3930834979313761,0.3554042078846377
EC000146,64.0,0.020163404361631283,0.0020816542862035236,0.030353309699348893,0.01563836653672621,0.011079737938640153,0.011079737938640153,0.0027837101219277053,0.008205925887134214,0.008205925887134214,0.002379054525535078,0.009906234801850329,0.009906215368365908,0.0027837101219277053,0.0027837101219277053,0.004376851964050992,0.0045889877366607846,0.41175111558957184,0.36144518732906206,0.01232051978590797,0.012320524966510319,0.0020816542862035236,0.030353309699348893,0.01563836653672621,0.012438040213418712,0.012438040213418712,0.009166704813615277,0.009166704716500051,0.009836955754577272,0.009836955754577272,0.01099662180815258,0.010996667206391197,0.012438040213418712,0.012438040213418712,0.011431490127964255,0.009482894497973491,0.012320524966510319,0.012320524966510319,0.004376851964050992,0.0045889877366607846,0.41175111558957184,0.36144518732906206,0.008205925887134214,0.008205925887134214,0.009906234801850329,0.009906215368365908,0.003957495490711667,0.004232370854421377,0.39707416518851074,0.35210258050574983
EC000147,64.0,0.016590594772437062,0.0018004602101465003,0.013479838889159735,0.008191703788070194,0.006780079002557406,0.006780079002557406,0.00253633321742958,0.005810906868700963,0.005810906868700963,0.0024140053008896807,0.006697527905300387,0.0066973613914430245,0.00253633321742958,0.00253633321742958,0.0025141413434723267,0.003098121121021138,0.36223468971424,0.34363908996158976,0.007219043585044692,0.007219037659821714,0.0018004602101465003,0.013479838889159735,0.008191703788070194,0.007391278461853597,0.007391278461853597,0.006144832749377695,0.006144831999719876,0.006570006214367245,0.006570006214367245,0.0064098325628287375,0.006409827606296028,0.007391278461853597,0.007391278461853597,0.006893702622439742,0.006083206251791898,0.007219037659821714,0.007219037659821714,0.0025141413434723267,0.003098121121021138,0.36223468971424,0.34363908996158976,0.005810906868700963,0.005810906868700963,0.006697527905300387,0.0066973613914430245,0.0024394647722304937,0.0028220799581335654,0.35396572962610073,0.33636566400022344
EC000150,64.0,0.016232414889700092,0.002211168759339797,0.02921496872867062,0.016166584044174936,0.011045466254713988,0.011045466254713988,0.0036648246900904914,0.009220358108734953,0.009220358108734953,0.0032710467436956477,0.010093038011256564,0.010093076206185247,0.0036648246900904914,0.0036648246900904914,0.004582509172596441,0.005053752225642161,0.38436464928991004,0.34263700339329667,0.012007350411869188,0.012007352307058603,0.002211168759339797,0.02921496872867062,0.016166584044174936,0.011892928912697606,0.011892928912697606,0.009431919370054666,0.009431919675229489,0.00982481013955745,0.00982481013955745,0.010235360276568505,0.010235395957702504,0.011892928912697606,0.011892928912697606,0.011442980594362452,0.009380685044086233,0.012007352307058603,0.012007352307058603,0.004582509172596441,0.005053752225642161,0.38436464928991004,0.34263700339329667,0.009220358108734953,0.009220358108734953,0.010093038011256564,0.010093076206185247,0.004221709577672517,0.004849745331200088,0.37455494984727755,0.33737192254397297
EC000156,64.0,0.01945997346345388,0.001899893422405882,0.015909446903134332,0.00907192949869277,0.009557071847090955,0.009557071847090955,0.003114305345256947,0.007882033728884241,0.007882033728884241,0.002584978458879608,0.008493388310311724,0.00849339244017411,0.003114305345256947,0.003114305345256947,0.002948763718440613,0.0034470910707572263,0.3501899623195632,0.324166583393134,0.011151620169392537,0.011151629915483557,0.001899893422405882,0.015909446903134332,0.00907192949869277,0.011875376568193924,0.011875376568193924,0.009183259088515108,0.009183260697216365,0.009782583147896613,0.009782583147896613,0.00954924447668194,0.009549201400553889,0.011875376568193924,0.011875376568193924,0.010604871233288444,0.008023711713468626,0.011151629915483557,0.011151629915483557,0.002948763718440613,0.0034470910707572263,0.3501899623195632,0.324166583393134,0.007882033728884241,0.007882033728884241,0.008493388310311724,0.00849339244017411,0.0029242446754449,0.003135104022807655,0.3376806251723047,0.3129500518714929
EC000167,64.0,0.030760221749023788,0.0034320183342774003,0.0312807026555201,0.02421716906669192,0.01599327752227549,0.01599327752227549,0.006922660695469571,0.012395007345854572,0.012395007345854572,0.005454935852114663,0.014087243522206586,0.014087301681314775,0.006922660695469571,0.006922660695469571,0.008722565727008318,0.008711116691997733,0.410366869767314,0.37488431793365623,0.016889954235407498,0.016889959303360243,0.0034320183342774003,0.0312807026555201,0.02421716906669192,0.017149072854729955,0.017149072854729955,0.013542453298572446,0.013542453043640879,0.014282574212715076,0.014282574212715076,0.014781128230553985,0.014781092632288582,0.017149072854729955,0.017149072854729955,0.01573691119663519,0.013907450050520758,0.016889959303360243,0.016889959303360243,0.008722565727008318,0.008711116691997733,0.410366869767314,0.37488431793365623,0.012395007345854572,0.012395007345854572,0.014087243522206586,0.014087301681314775,0.008368280798621074,0.008156974166262366,0.3959118609846264,0.36554050584650005
EC000170,64.0,0.030321133858109573,0.0022649848986208802,0.02589309136392046,0.015785965151148,0.015637537608883728,0.015637537608883728,0.004902162802025469,0.013211514427631719,0.013211514427631719,0.004238705307097392,0.015301148169601032,0.015300189595040729,0.004902162802025469,0.004902162802025469,0.007812873222811368,0.008137118202679445,0.42979148836994047,0.3731282689420289,0.01654707711249007,0.01654707715379139,0.0022649848986208802,0.02589309136392046,0.015785965151148,0.017082354258767526,0.017082354258767526,0.013548519531268703,0.013548518221089217,0.014946476735670157,0.014946476735670157,0.014842293020318278,0.014842329302840069,0.017082354258767526,0.017082354258767526,0.01621645251367296,0.014233088760875567,0.01654707715379139,0.01654707715379139,0.007812873222811368,0.008137118202679445,0.42979148836994047,0.3731282689420289,0.013211514427631719,0.013211514427631719,0.015301148169601032,0.015300189595040729,0.0076062346835097825,0.007632152892796755,0.4144876353665078,0.3648454629039287
EC103-132DMSO2,384.0,0.40290452576288444,0.011326511118879008,0.0652412617583985,0.09462276358671744,0.00839043607365908,0.00839043607365908,0.011495530116339915,0.008381073898995907,0.008381073898995907,0.011518209757248385,0.00838128488582966,0.008380992560522294,0.011495530116339915,0.011495530116339915,0.008117051953322617,0.008111101670739947,0.07910427969953727,0.014188563426005801,0.008208151102021046,0.008208133626680368,0.011326511118879008,0.0652412617583985,0.09462276358671744,0.00838557990574601,0.00838557990574601,0.007959880999343229,0.007959877637182878,0.008378586249190882,0.008378586249190882,0.007896582896225803,0.00789662582038922,0.00838557990574601,0.00838557990574601,0.008150142287294519,0.008133024574235821,0.008208133626680368,0.008208133626680368,0.008117051953322617,0.008111101670739947,0.07910427969953727,0.014188563426005801,0.008381073898995907,0.008381073898995907,0.00838128488582966,0.008380992560522294,0.007893458378451432,0.007885584635765467,0.06971568439840599,0.014037902797267326
EC133-171DMSO1,384.0,0.4135021190690981,0.010967221720679229,0.032220821833175706,0.06693538970711901,0.008371556981361713,0.008371556981361713,0.011047462814285092,0.008354199201159608,0.008354199201159608,0.011180235056623113,0.008365831564771909,0.008365982816676021,0.011047462814285092,0.011047462814285092,0.008093506812839144,0.008095261170318861,0.07321761553503993,0.014356565309236019,0.00817835728596388,0.008178391162825285,0.010967221720679229,0.032220821833175706,0.06693538970711901,0.008366024060094667,0.008366024060094667,0.007952930366745678,0.00795293013160766,0.008347736715401557,0.008347736715401557,0.007942308827265593,0.007942347643800396,0.008366024060094667,0.008366024060094667,0.008125424243016587,0.008107812472573294,0.008178391162825285,0.008178391162825285,0.008093506812839144,0.008095261170318861,0.07321761553503993,0.014356565309236019,0.008354199201159608,0.008354199201159608,0.008365831564771909,0.008365982816676021,0.007907186831158408,0.007907851046548972,0.06731131697813796,0.014314950579810111
GR00003279,240.0,0.06704761944189642,0.010371950886874114,0.11230800937258607,0.14659763067190903,0.018952153539435242,0.018952153539435242,0.01204424714397359,0.01652761176654526,0.01652761176654526,0.01169122878432858,0.01898051214571802,0.018980698077110923,0.01204424714397359,0.01204424714397359,0.013097787197124856,0.014996709250361931,0.713095615186163,0.6627250380613187,0.019077949754406343,0.019077937137524606,0.010371950886874114,0.11230800937258607,0.14659763067190903,0.019952501035945525,0.019952501035945525,0.016330289691222535,0.01633028304967465,0.016843357868716772,0.016843357868716772,0.01822907776009317,0.018229201094210373,0.019952501035945525,0.019952501035945525,0.018900312011928634,0.016016989922246597,0.019077937137524606,0.019077937137524606,0.013097787197124856,0.014996709250361931,0.713095615186163,0.6627250380613187,0.01652761176654526,0.01652761176654526,0.01898051214571802,0.018980698077110923,0.013027953242683663,0.014746342655676004,0.7122146225060568,0.661342337481957
GR00003285,240.0,0.04126447170350435,0.00801687527027876,0.06761847249770009,0.09440866066983676,0.017237623700194403,0.017237623700194403,0.00923872565307946,0.015041506363767653,0.015041506363767653,0.00899363642937384,0.01691103704428172,0.016910892418212566,0.00923872565307946,0.00923872565307946,0.012045813223722305,0.013196127508385754,0.6709473772518757,0.5940818240814884,0.017428540547856856,0.017428553434678928,0.00801687527027876,0.06761847249770009,0.09440866066983676,0.017709604991262846,0.017709604991262846,0.015357445675967807,0.015357445781964706,0.015312549859941092,0.015312549859941092,0.015898527829383134,0.01589872797021092,0.017709604991262846,0.017709604991262846,0.017369385803835943,0.015209410270154735,0.017428553434678928,0.017428553434678928,0.012045813223722305,0.013196127508385754,0.6709473772518757,0.5940818240814884,0.015041506363767653,0.015041506363767653,0.01691103704428172,0.016910892418212566,0.012031497785414196,0.013109379390207072,0.672025168869967,0.5940119058029868
GR00003289,240.0,0.025062828158623117,0.007921958209102615,0.05392379497059255,0.06483548596538671,0.018200155498634442,0.018200155498634442,0.009024609532483418,0.014886265153379284,0.014886265153379284,0.008733701446300151,0.017805148109908582,0.017804139175681192,0.009024609532483418,0.009024609532483418,0.01131600672168089,0.013343225312938708,0.6440633547836014,0.5612068169351687,0.01841756794121462,0.01841756698863856,0.007921958209102615,0.05392379497059255,0.06483548596538671,0.018886718699054953,0.018886718699054953,0.014983437934451957,0.014983435080498332,0.015165902786710836,0.015165902786710836,0.01663616408947456,0.01663622620159675,0.018886718699054953,0.018886718699054953,0.01806727156291377,0.015275774570495592,0.01841756698863856,0.01841756698863856,0.01131600672168089,0.013343225312938708,0.6440633547836014,0.5612068169351687,0.014886265153379284,0.014886265153379284,0.017805148109908582,0.017804139175681192,0.011395901066693205,0.013255811369627252,0.6442583862457042,0.5612435211193288
GR00003290,240.0,0.025495903973175495,0.009272506536082652,0.05597513089923516,0.06522187993393287,0.017985915842461963,0.017985915842461963,0.009889516835602548,0.014920710742487261,0.014920710742487261,0.009489573660967686,0.017255485808175822,0.017255607953474576,0.009889516835602548,0.009889516835602548,0.011747443025179802,0.013792266318859318,0.6500433307221555,0.604025469293166,0.018258907681582517,0.018258907667782032,0.009272506536082652,0.05597513089923516,0.06522187993393287,0.01900652882851793,0.01900652882851793,0.015015664549978373,0.015015666900609799,0.01546652063329668,0.01546652063329668,0.016469241606409574,0.01646941760423394,0.01900652882851793,0.01900652882851793,0.017861959064537025,0.015218105602861399,0.018258907667782032,0.018258907667782032,0.011747443025179802,0.013792266318859318,0.6500433307221555,0.604025469293166,0.014920710742487261,0.014920710742487261,0.017255485808175822,0.017255607953474576,0.011785856482712437,0.013675027287299099,0.6521111887866976,0.6051586191613818
GR00003296,240.0,0.031969053620059903,0.008860250019402887,0.060336802070828435,0.07983460175152395,0.019611972660710592,0.019611972660710592,0.010055453385914489,0.017055121800795416,0.017055121800795416,0.00950989939310346,0.01922200927828208,0.019222103805715134,0.010055453385914489,0.010055453385914489,0.01435222607423521,0.01777779231954286,0.6231515222581934,0.5719942632497368,0.019853876883819444,0.01985389423361453,0.008860250019402887,0.060336802070828435,0.07983460175152395,0.020317427743224595,0.020317427743224595,0.01719398856357613,0.017194003502855916,0.017448456299634593,0.017448456299634593,0.018443131086953356,0.01844299385388433,0.020317427743224595,0.020317427743224595,0.019459790610458643,0.0171430081976121,0.01985389423361453,0.01985389423361453,0.01435222607423521,0.01777779231954286,0.6231515222581934,0.5719942632497368,0.017055121800795416,0.017055121800795416,0.01922200927828208,0.019222103805715134,0.014407899034442544,0.01755236374622262,0.6248044518532954,0.573195067896182
GR00003297,240.0,0.02985864331966006,0.008822306507563441,0.05983725660555295,0.06897925424346206,0.02136323102112852,0.02136323102112852,0.010221448494157093,0.018504314541858517,0.018504314541858517,0.009614552792897578,0.0208067434973015,0.020806585135755486,0.010221448494157093,0.010221448494157093,0.015100288462503787,0.01906263396925134,0.5906948218094257,0.556218883030875,0.021501307998631355,0.021501312287298506,0.008822306507563441,0.05983725660555295,0.06897925424346206,0.022183655154228245,0.022183655154228245,0.018911010472809884,0.018911009602882452,0.01901628743345305,0.01901628743345305,0.019884798426263558,0.019884838166632408,0.022183655154228245,0.022183655154228245,0.021036438416849323,0.01842542168770163,0.021501312287298506,0.021501312287298506,0.015100288462503787,0.01906263396925134,0.5906948218094257,0.556218883030875,0.018504314541858517,0.018504314541858517,0.0208067434973015,0.020806585135755486,0.01521517100863249,0.01897492707932851,0.5930907887644415,0.5592395551942128
GR00003298,240.0,0.030735973068901766,0.00953923851164496,0.07960279371081337,0.07923523903272357,0.02207152754541668,0.02207152754541668,0.011063150020451393,0.018719276039384832,0.018719276039384832,0.0103403151280311,0.021262122518335293,0.02126204741756068,0.011063150020451393,0.011063150020451393,0.015325723144152181,0.019694852911315692,0.6162929128700086,0.5695525671334658,0.022249441685253855,0.022249442066276225,0.00953923851164496,0.07960279371081337,0.07923523903272357,0.02293471958218428,0.02293471958218428,0.01885292613555884,0.018852935652146928,0.01921041686024371,0.01921041686024371,0.02061831724136608,0.020618179802845395,0.02293471958218428,0.02293471958218428,0.021632287449474877,0.018569350420801788,0.022249442066276225,0.022249442066276225,0.015325723144152181,0.019694852911315692,0.6162929128700086,0.5695525671334658,0.018719276039384832,0.018719276039384832,0.021262122518335293,0.02126204741756068,0.015382628676050078,0.01944743445310788,0.6168533107709061,0.5696665814798522
GR00003299,240.0,0.029867942918017275,0.009381924070147303,0.07275439875222095,0.07498697388879123,0.019216584305017204,0.019216584305017204,0.010457163397553891,0.016765559150012984,0.016765559150012984,0.009889633875247045,0.018940308457841504,0.018939932582102602,0.010457163397553891,0.010457163397553891,0.013528669469310951,0.016807514584923387,0.5917123885668928,0.5582120860776646,0.01942403972441592,0.019424041627607254,0.009381924070147303,0.07275439875222095,0.07498697388879123,0.020219524186374425,0.020219524186374425,0.016853552702807525,0.016853551250143605,0.017319257087430418,0.017319257087430418,0.01789328858279627,0.017893609915814526,0.020219524186374425,0.020219524186374425,0.019071040188130585,0.01648609842254837,0.019424041627607254,0.019424041627607254,0.013528669469310951,0.016807514584923387,0.5917123885668928,0.5582120860776646,0.016765559150012984,0.016765559150012984,0.018940308457841504,0.018939932582102602,0.013651519449120065,0.01678013513065846,0.5940672265606644,0.5598297711679249
GR00003306,240.0,0.03950199635999969,0.009578419334326006,0.20495082968021577,0.19178537893842454,0.023970875590342843,0.023970875590342843,0.013563406069031673,0.020435607381262422,0.020435607381262422,0.011967641849337126,0.02376936103287097,0.023769337050081288,0.013563406069031673,0.013563406069031673,0.015435465912459225,0.020261114408497375,0.5980312811181832,0.5844359556650879,0.024073077217568847,0.024073071205305215,0.009578419334326006,0.20495082968021577,0.19178537893842454,0.024855625046865195,0.024855625046865195,0.020846241483597004,0.020846257232312308,0.020788253309698513,0.020788253309698513,0.022277652512799027,0.022276508090603855,0.024855625046865195,0.024855625046865195,0.02377029616129731,0.02001901086992029,0.024073071205305215,0.024073071205305215,0.015435465912459225,0.020261114408497375,0.5980312811181832,0.5844359556650879,0.020435607381262422,0.020435607381262422,0.02376936103287097,0.023769337050081288,0.015452005565292382,0.019815707007274638,0.5989122901266192,0.5835912009380932
GR00003311,240.0,0.047182305853939975,0.008720308636916254,0.11829842073243348,0.13056223052301405,0.02449606293814197,0.02449606293814197,0.013570828069659738,0.020385813608663452,0.020385813608663452,0.012401294954859445,0.023763054201894653,0.0237625640570738,0.013570828069659738,0.013570828069659738,0.013992544828975285,0.01798242861203973,0.6633934008271941,0.6201594556482165,0.024810201147492168,0.02481026911202322,0.008720308636916254,0.11829842073243348,0.13056223052301405,0.02508344563121161,0.02508344563121161,0.020766194167296425,0.02076619427040353,0.020734767375358273,0.020734767375358273,0.02313410231876299,0.023134522639540137,0.02508344563121161,0.02508344563121161,0.02444794941630335,0.019210008826606565,0.02481026911202322,0.02481026911202322,0.013992544828975285,0.01798242861203973,0.6633934008271941,0.6201594556482165,0.020385813608663452,0.020385813608663452,0.023763054201894653,0.0237625640570738,0.013902342460416727,0.017504694359681165,0.6645021424545321,0.6195705540212607
GR00003315,240.0,0.12487901712633466,0.01583377255165044,0.2872081997662564,0.27464651394770595,0.029720048412752626,0.029720048412752626,0.0228230310466109,0.025465155579432464,0.025465155579432464,0.019640534725956324,0.029016910686999197,0.029016965030363346,0.0228230310466109,0.0228230310466109,0.021894208347439083,0.038216902146697776,0.6764688005652432,0.6400821043426926,0.02994521689580777,0.029945215728632808,0.01583377255165044,0.2872081997662564,0.27464651394770595,0.03041982710593845,0.03041982710593845,0.025329981706638995,0.0253299802683258,0.025800125971509612,0.025800125971509612,0.028507570215846566,0.02850841021972598,0.03041982710593845,0.03041982710593845,0.02941386152577987,0.02440130812013319,0.029945215728632808,0.029945215728632808,0.021894208347439083,0.038216902146697776,0.6764688005652432,0.6400821043426926,0.025465155579432464,0.025465155579432464,0.029016910686999197,0.029016965030363346,0.02177749906449668,0.036239798467181214,0.6755729105576322,0.6384011009470166
GR00003316,240.0,0.062247657366501855,0.008359884255554947,0.12483218209496344,0.13283258972651532,0.01989244756455057,0.01989244756455057,0.011215176999158452,0.0161272989062436,0.0161272989062436,0.010362837411712933,0.019082447371989362,0.019082795836725952,0.011215176999158452,0.011215176999158452,0.013247167232726184,0.014978660053551892,0.6619272695719751,0.6293212655675653,0.020230423460797235,0.020230417514524014,0.008359884255554947,0.12483218209496344,0.13283258972651532,0.020415563816766416,0.020415563816766416,0.017052805973277955,0.017052806832698993,0.016788070904919055,0.016788070904919055,0.018747088203836648,0.018746278644258946,0.020415563816766416,0.020415563816766416,0.019909044406497444,0.016367847529114916,0.020230417514524014,0.020230417514524014,0.013247167232726184,0.014978660053551892,0.6619272695719751,0.6293212655675653,0.0161272989062436,0.0161272989062436,0.019082447371989362,0.019082795836725952,0.013165107414947235,0.01474994557548921,0.6607919150485538,0.6278064980323664
GR00003318,240.0,0.07018529722072228,0.008479627589309811,0.11027212614727414,0.12213799262006195,0.023903093349839553,0.023903093349839553,0.011534147382184086,0.019528953128263984,0.019528953128263984,0.010649734419594102,0.023509932690452057,0.023508678892466127,0.011534147382184086,0.011534147382184086,0.013780159372545843,0.017584887059932594,0.6174488061521494,0.5919207225516296,0.024308048513198535,0.024308063957272488,0.008479627589309811,0.11027212614727414,0.12213799262006195,0.024939970621682638,0.024939970621682638,0.019861156209164732,0.01986114921620165,0.02002542775655879,0.02002542775655879,0.022754717698837305,0.022754087370598405,0.024939970621682638,0.024939970621682638,0.023940385064971644,0.018490225579622706,0.024308063957272488,0.024308063957272488,0.013780159372545843,0.017584887059932594,0.6174488061521494,0.5919207225516296,0.019528953128263984,0.019528953128263984,0.023509932690452057,0.023508678892466127,0.01372386143267409,0.01728231146406595,0.6175273764405352,0.5910520661992471
GR00003330,240.0,0.02915938217611014,0.00910381920950294,0.10626489760349443,0.10941193266290342,0.02669118711643673,0.02669118711643673,0.013264813674826815,0.0213508405505342,0.0213508405505342,0.011188778743129235,0.025435686414162724,0.02543577154518475,0.013264813674826815,0.013264813674826815,0.018018080770610005,0.024903425594959994,0.5944089955523794,0.5786124873078445,0.026907262618860603,0.026907269372639542,0.00910381920950294,0.10626489760349443,0.10941193266290342,0.027524143560247093,0.027524143560247093,0.021765456562976047,0.0217654560122338,0.021835373812244683,0.021835373812244683,0.025237572997115036,0.02523748892139609,0.027524143560247093,0.027524143560247093,0.026174034399160565,0.021283961635680283,0.026907269372639542,0.026907269372639542,0.018018080770610005,0.024903425594959994,0.5944089955523794,0.5786124873078445,0.0213508405505342,0.0213508405505342,0.025435686414162724,0.02543577154518475,0.018008172939640823,0.024417319213405116,0.5943638793236936,0.5788521751784277
GR00003333,240.0,0.026039055494548293,0.008466812237371802,0.0991538074754509,0.09744135033665616,0.02089175807966874,0.02089175807966874,0.010089145450556614,0.017469770077651048,0.017469770077651048,0.009476813157359851,0.020454046064039347,0.020454217763465777,0.010089145450556614,0.010089145450556614,0.014058162376045453,0.016970153472964482,0.6107485159780385,0.5937894802227662,0.021161832635471365,0.021161828366866732,0.008466812237371802,0.0991538074754509,0.09744135033665616,0.02156086880939245,0.02156086880939245,0.017721349501369717,0.01772135059610548,0.017839572180122824,0.017839572180122824,0.019525798601699982,0.019526141310904077,0.02156086880939245,0.02156086880939245,0.020889124730042067,0.017968109965168715,0.021161828366866732,0.021161828366866732,0.014058162376045453,0.016970153472964482,0.6107485159780385,0.5937894802227662,0.017469770077651048,0.017469770077651048,0.020454046064039347,0.020454217763465777,0.013972808962864089,0.01668320751547796,0.6095349177231848,0.5930960745744135
GR00003336,240.0,0.02960366631337908,0.008365839517975916,0.0908693331238904,0.09134519959798011,0.0226625566003308,0.0226625566003308,0.01057825342426972,0.018145874089203307,0.018145874089203307,0.009507289004421045,0.021616622800095655,0.02161655638481149,0.01057825342426972,0.01057825342426972,0.014757354833422632,0.019249360511858646,0.5689221130711563,0.5626910555777052,0.022786333472254325,0.022786340057277372,0.008365839517975916,0.0908693331238904,0.09134519959798011,0.022809745979756643,0.022809745979756643,0.01846777157793756,0.018467772816396104,0.01864068020349147,0.01864068020349147,0.02086152677281871,0.02086272319830137,0.022809745979756643,0.022809745979756643,0.02219604688377957,0.018460586374521262,0.022786340057277372,0.022786340057277372,0.014757354833422632,0.019249360511858646,0.5689221130711563,0.5626910555777052,0.018145874089203307,0.018145874089203307,0.021616622800095655,0.02161655638481149,0.014716376346652375,0.01890971437102385,0.5677971907419307,0.5610842857805786
GR00003337,240.0,0.027764182027549805,0.008934713646093006,0.10011058489331347,0.09000166702030239,0.024187002728705553,0.024187002728705553,0.010511149417835413,0.019009998713162602,0.019009998713162602,0.009625537614015642,0.023661643738031837,0.023661475560380937,0.010511149417835413,0.010511149417835413,0.014549895721430362,0.01978970501533051,0.5879818080394564,0.5768243547285946,0.024431981983438704,0.02443198312735935,0.008934713646093006,0.10011058489331347,0.09000166702030239,0.024885438317705323,0.024885438317705323,0.019350281299215597,0.019350280747387913,0.019574668763299198,0.019574668763299198,0.022567238362761158,0.022568035577638042,0.024885438317705323,0.024885438317705323,0.023934784328864745,0.0194552506613626,0.02443198312735935,0.02443198312735935,0.014549895721430362,0.01978970501533051,0.5879818080394564,0.5768243547285946,0.019009998713162602,0.019009998713162602,0.023661643738031837,0.023661475560380937,0.014556184060998071,0.01929445765547085,0.5874914512049872,0.5772003553324246
GR00003341,240.0,0.07396750946624395,0.014607284148345818,0.16739694685547532,0.16492987908531326,0.02834115016676533,0.02834115016676533,0.01965932649619365,0.0224081549313261,0.0224081549313261,0.017409651980720846,0.027176891267596558,0.027176828074716934,0.01965932649619365,0.01965932649619365,0.01899564108393317,0.033483204764411946,0.6480336825413563,0.6240557830291997,0.028582247806622166,0.028582235921278506,0.014607284148345818,0.16739694685547532,0.16492987908531326,0.029257472387737495,0.029257472387737495,0.022424419713965374,0.022424429043705944,0.022668894337589087,0.022668894337589087,0.027041964800036976,0.027041015860353342,0.029257472387737495,0.029257472387737495,0.02807936679107483,0.022794297166602067,0.028582235921278506,0.028582235921278506,0.01899564108393317,0.033483204764411946,0.6480336825413563,0.6240557830291997,0.0224081549313261,0.0224081549313261,0.027176891267596558,0.027176828074716934,0.018910984099603685,0.032238010351887905,0.649068357222264,0.624274290657274
GR00003342,240.0,0.07346426498030853,0.011925640888101876,0.19741710082269331,0.20679213084133125,0.02706845892223471,0.02706845892223471,0.015218579831890644,0.020568698204184714,0.020568698204184714,0.013538386179573458,0.026389149705857318,0.0263891671021142,0.015218579831890644,0.015218579831890644,0.018337196519521468,0.031295965667218116,0.6282150119571785,0.6068183128280906,0.027363033294479765,0.027363034212854305,0.011925640888101876,0.19741710082269331,0.20679213084133125,0.027920721643046136,0.027920721643046136,0.020769090744695483,0.02076908961815316,0.02101708118531953,0.02101708118531953,0.025556657853577178,0.025554904871748545,0.027920721643046136,0.027920721643046136,0.026635798790154444,0.02216454735181731,0.027363034212854305,0.027363034212854305,0.018337196519521468,0.031295965667218116,0.6282150119571785,0.6068183128280906,0.020568698204184714,0.020568698204184714,0.026389149705857318,0.0263891671021142,0.018273966529241053,0.03041538905011661,0.6274566260438165,0.6072672823210465
GR00003344,240.0,0.045165439786949806,0.012331349206531745,0.13594697497838204,0.12956426401126828,0.021764428655950817,0.021764428655950817,0.014684114689990693,0.018399404022962234,0.018399404022962234,0.013292723571547503,0.02163571249461291,0.021635827983416192,0.014684114689990693,0.014684114689990693,0.014903318941515302,0.021315431985226025,0.6859930436927838,0.6511417637204797,0.021960458616103972,0.02196037475603434,0.012331349206531745,0.13594697497838204,0.12956426401126828,0.022590646366884314,0.022590646366884314,0.01847521853137951,0.018475217522836217,0.018746799830589893,0.018746799830589893,0.02042120932426573,0.02042225178484503,0.022590646366884314,0.022590646366884314,0.021643687569277165,0.018432081307994192,0.02196037475603434,0.02196037475603434,0.014903318941515302,0.021315431985226025,0.6859930436927838,0.6511417637204797,0.018399404022962234,0.018399404022962234,0.02163571249461291,0.021635827983416192,0.01483661777246297,0.020794923720317528,0.6852578057046709,0.6506263489769678
GR00003381,240.0,0.036794901458961735,0.007538576988129817,0.08573090796605222,0.09664852233828025,0.019544176326639875,0.019544176326639875,0.008686799940880858,0.016413355590771162,0.016413355590771162,0.00856322051496194,0.019702470990125117,0.019702153135001954,0.008686799940880858,0.008686799940880858,0.012605350294882613,0.01408470148350933,0.6473185348529829,0.6108475214587313,0.01981908818494715,0.019819133584922235,0.007538576988129817,0.08573090796605222,0.09664852233828025,0.0205230948089085,0.0205230948089085,0.01625408103362226,0.016254082936163324,0.016524725981560965,0.016524725981560965,0.01861903756537303,0.01861894786524503,0.0205230948089085,0.0205230948089085,0.01949535807845045,0.01594051183981862,0.019819133584922235,0.019819133584922235,0.012605350294882613,0.01408470148350933,0.6473185348529829,0.6108475214587313,0.016413355590771162,0.016413355590771162,0.019702470990125117,0.019702153135001954,0.012556557391562832,0.013989288475894628,0.6463084035200033,0.6069898678121803
GR00003382,240.0,0.03245158155793942,0.007229384323677505,0.0850681584503928,0.09407600413530198,0.016258419577318304,0.016258419577318304,0.008567569205445469,0.013311454849186999,0.013311454849186999,0.008324215463481301,0.01591341775724027,0.01591303086253785,0.008567569205445469,0.008567569205445469,0.010547547924275964,0.012003210639328485,0.6590566188224953,0.6238650244345583,0.01651147729580078,0.016511477634167795,0.007229384323677505,0.0850681584503928,0.09407600413530198,0.01669259658003282,0.01669259658003282,0.013440702341130699,0.01344069086204963,0.013517692761928773,0.013517692761928773,0.015443468683141235,0.015443654715899941,0.01669259658003282,0.01669259658003282,0.016318764297537983,0.013718600004128355,0.016511477634167795,0.016511477634167795,0.010547547924275964,0.012003210639328485,0.6590566188224953,0.6238650244345583,0.013311454849186999,0.013311454849186999,0.01591341775724027,0.01591303086253785,0.010521288212941437,0.01181419145886849,0.6586473381023554,0.6220889337285342
GR00003384,240.0,0.02226217664474991,0.007491313451754403,0.05422332126477224,0.05874833398701418,0.01344606512172045,0.01344606512172045,0.008453372380033675,0.01141119702655115,0.01141119702655115,0.008508848621173558,0.013111215777990314,0.013111192853807173,0.008453372380033675,0.008453372380033675,0.009600960869961041,0.01042188217889521,0.6491359278899352,0.5845118366816892,0.013678533176315988,0.013679069564159428,0.007491313451754403,0.05422332126477224,0.05874833398701418,0.014039864258876666,0.014039864258876666,0.011672489018315668,0.011672484618214213,0.011736513692141171,0.011736513692141171,0.012609394499887868,0.012609249116030202,0.014039864258876666,0.014039864258876666,0.013588221507134833,0.011668079070965719,0.013679069564159428,0.013679069564159428,0.009600960869961041,0.01042188217889521,0.6491359278899352,0.5845118366816892,0.01141119702655115,0.01141119702655115,0.013111215777990314,0.013111192853807173,0.009633754679849726,0.010376630877165937,0.6488276833666202,0.5823255613731045
GR00003386,240.0,0.03276508111787761,0.007645717842413752,0.06342784756971549,0.06674954993467587,0.016112979936347246,0.016112979936347246,0.008584522186010041,0.013450301621852559,0.013450301621852559,0.00857627435090045,0.015434728730809054,0.015435110250914137,0.008584522186010041,0.008584522186010041,0.010576382235879844,0.011386758159106808,0.6615395892082966,0.6121405502239258,0.0162860758301385,0.016286055628839943,0.007645717842413752,0.06342784756971549,0.06674954993467587,0.016342496387448294,0.016342496387448294,0.013820967905437498,0.013820966069461614,0.013628707447073209,0.013628707447073209,0.014917700530030949,0.014917056064508067,0.016342496387448294,0.016342496387448294,0.01606466244473007,0.013450987467736488,0.016286055628839943,0.016286055628839943,0.010576382235879844,0.011386758159106808,0.6615395892082966,0.6121405502239258,0.013450301621852559,0.013450301621852559,0.015434728730809054,0.015435110250914137,0.010421009558486481,0.01123031110909143,0.6583781244462894,0.6105998585052604
GR00003390,240.0,0.03890422836330411,0.007491090049339058,0.06605935733899101,0.07545694510272365,0.016154373360791903,0.016154373360791903,0.008154399793647295,0.014199019763684529,0.014199019763684529,0.00791773956527087,0.01600692331673404,0.016007028972102356,0.008154399793647295,0.008154399793647295,0.011465996805364446,0.012819645417708605,0.6339107793650847,0.5689443675504503,0.016398627206231677,0.016398633654341986,0.007491090049339058,0.06605935733899101,0.07545694510272365,0.016713803927810165,0.016713803927810165,0.014270934443106507,0.014270943690075776,0.01456630937486459,0.01456630937486459,0.015492751738727828,0.01549250903484232,0.016713803927810165,0.016713803927810165,0.016173130557827948,0.014381840489022846,0.016398633654341986,0.016398633654341986,0.011465996805364446,0.012819645417708605,0.6339107793650847,0.5689443675504503,0.014199019763684529,0.014199019763684529,0.01600692331673404,0.016007028972102356,0.011473740401241325,0.012685033390444451,0.6335771353406439,0.5675717534718475
GR00003391,240.0,0.0464772351214036,0.008408943716678947,0.15752076470197293,0.17719182242681228,0.022909992476398817,0.022909992476398817,0.0128285447579208,0.01981028809110887,0.01981028809110887,0.01077719925296658,0.02244904576098712,0.02244951807070971,0.0128285447579208,0.0128285447579208,0.013971302745924584,0.017469665679181807,0.649559361828823,0.6290416642271837,0.02319970484514375,0.023199709383588507,0.008408943716678947,0.15752076470197293,0.17719182242681228,0.023681514115377233,0.023681514115377233,0.020795676993003307,0.02079568016462444,0.020322870771361554,0.020322870771361554,0.021928008988546403,0.021922737045852382,0.023681514115377233,0.023681514115377233,0.022647185762164568,0.017288547491669616,0.023199709383588507,0.023199709383588507,0.013971302745924584,0.017469665679181807,0.649559361828823,0.6290416642271837,0.01981028809110887,0.01981028809110887,0.02244904576098712,0.02244951807070971,0.01396810411001392,0.01721488331111101,0.6494530491112885,0.6281224460307194
GR00003393,240.0,0.03331161770448397,0.008882014112682218,0.1280757968905286,0.1279440556503921,0.01854567055394751,0.01854567055394751,0.010321284706057128,0.015058786852505529,0.015058786852505529,0.009973662840085872,0.018169434901471937,0.018170022901298957,0.010321284706057128,0.010321284706057128,0.01273723081569628,0.01446965204316574,0.6375835568119786,0.5891783024356826,0.01875104817247217,0.018751052685624218,0.008882014112682218,0.1280757968905286,0.1279440556503921,0.01904047950177392,0.01904047950177392,0.015312212910166363,0.01531221345833624,0.015466444073349229,0.015466444073349229,0.01756562165817177,0.01756623327348897,0.01904047950177392,0.01904047950177392,0.018393722189129255,0.015593966483656928,0.018751052685624218,0.018751052685624218,0.01273723081569628,0.01446965204316574,0.6375835568119786,0.5891783024356826,0.015058786852505529,0.015058786852505529,0.018169434901471937,0.018170022901298957,0.012711847974716415,0.014259175619135792,0.6369013530419873,0.586903994542699
GR00003396,240.0,0.035228412446574646,0.0076656862560045376,0.06888319287796693,0.07729171673474139,0.016116942413567013,0.016116942413567013,0.00882913504513386,0.013635605343369274,0.013635605343369274,0.00874658690099625,0.015750969356635742,0.015747285074574742,0.00882913504513386,0.00882913504513386,0.011118849559971283,0.01234249567773704,0.6350895882387156,0.565532758057986,0.01638435378003317,0.016384351624931386,0.0076656862560045376,0.06888319287796693,0.07729171673474139,0.016576701837879845,0.016576701837879845,0.01401285129477169,0.01401285312065761,0.013962715482649516,0.013962715482649516,0.01529880188544777,0.015298765605657598,0.016576701837879845,0.016576701837879845,0.016089446227432462,0.014024827352480736,0.016384351624931386,0.016384351624931386,0.011118849559971283,0.01234249567773704,0.6350895882387156,0.565532758057986,0.013635605343369274,0.013635605343369274,0.015750969356635742,0.015747285074574742,0.011103955396119714,0.012219802055810707,0.6342570150365364,0.5643235519747837
GR00004368,240.0,0.027909263064137255,0.008530468589749393,0.07925824704045015,0.07701459025017358,0.021674372458918678,0.021674372458918678,0.01120881189715556,0.01622470700001843,0.01622470700001843,0.010137304878913829,0.020491620876816517,0.02049380925255734,0.01120881189715556,0.01120881189715556,0.013333967651222597,0.016452730064116235,0.599045821286916,0.5635517941593714,0.021950509128407892,0.021950512187492142,0.008530468589749393,0.07925824704045015,0.07701459025017358,0.022453559760032903,0.022453559760032903,0.016708277280047687,0.01670827725206135,0.016656217902529743,0.016656217902529743,0.019980585634108587,0.019981071544931044,0.022453559760032903,0.022453559760032903,0.021284531435924417,0.017415635018491714,0.021950512187492142,0.021950512187492142,0.013333967651222597,0.016452730064116235,0.599045821286916,0.5635517941593714,0.01622470700001843,0.01622470700001843,0.020491620876816517,0.02049380925255734,0.013321804618118984,0.01619383234913795,0.6006057241893619,0.5637642375448062
GR00004370,240.0,0.02588488453943604,0.008670139157537332,0.07358985863573682,0.0724366524945661,0.024132259216387102,0.024132259216387102,0.010760629176366979,0.019720299206284386,0.019720299206284386,0.010007343286501902,0.02398629531850337,0.023989596433478404,0.010760629176366979,0.010760629176366979,0.014772123174256808,0.01911205301533932,0.608812762531785,0.5656309744244831,0.024428459571214534,0.024428440922188373,0.008670139157537332,0.07358985863573682,0.0724366524945661,0.02570794529745879,0.02570794529745879,0.019878808276822178,0.019878806791137116,0.020079139774508346,0.020079139774508346,0.02223208590436657,0.022230720524534942,0.02570794529745879,0.02570794529745879,0.02386052347039842,0.01946898088246633,0.024428440922188373,0.024428440922188373,0.014772123174256808,0.01911205301533932,0.608812762531785,0.5656309744244831,0.019720299206284386,0.019720299206284386,0.02398629531850337,0.023989596433478404,0.014864645065663228,0.01882981435646562,0.6090996876100404,0.5655732557313623
GR00004373,240.0,0.025852893965556824,0.010631534851700025,0.1281625933068586,0.11671333227867395,0.014633377810939893,0.014633377810939893,0.011168604787036034,0.012945345561078549,0.012945345561078549,0.0109347230404025,0.014983039524935517,0.014982601783196619,0.011168604787036034,0.011168604787036034,0.010054545065990298,0.011009030776821381,0.733446063939165,0.6162784893565018,0.014862468747684642,0.014862468723569892,0.010631534851700025,0.1281625933068586,0.11671333227867395,0.0159686588452053,0.0159686588452053,0.012901523339916053,0.012904352876381328,0.013361990631461283,0.013361990631461283,0.0139303676555562,0.013927098073808196,0.0159686588452053,0.0159686588452053,0.01475645943401217,0.013182496858658993,0.014862468723569892,0.014862468723569892,0.010054545065990298,0.011009030776821381,0.733446063939165,0.6162784893565018,0.012945345561078549,0.012945345561078549,0.014983039524935517,0.014982601783196619,0.009991440729004358,0.010882882226586581,0.7288627076174674,0.6144623908029756
GR00004374,240.0,0.034530778364824675,0.007611730712912558,0.12165191435538415,0.11733923250714115,0.017039967877662664,0.017039967877662664,0.008518584393380145,0.013750169980692608,0.013750169980692608,0.008231099944616273,0.016224310563964423,0.016224580972797987,0.008518584393380145,0.008518584393380145,0.011143492362661421,0.012724459845582434,0.7299314769148959,0.6593116196578694,0.01732489617506095,0.01732489400986314,0.007611730712912558,0.12165191435538415,0.11733923250714115,0.01750414168311497,0.01750414168311497,0.014032307449769231,0.014032309606828284,0.014195824705400723,0.014195824705400723,0.01522708233297006,0.015227092590111598,0.01750414168311497,0.01750414168311497,0.017080828458361636,0.014554020068744077,0.01732489400986314,0.01732489400986314,0.011143492362661421,0.012724459845582434,0.7299314769148959,0.6593116196578694,0.013750169980692608,0.013750169980692608,0.016224310563964423,0.016224580972797987,0.011122132590416554,0.012571351309106664,0.7274468108752623,0.6571997269382251
GR00004379,240.0,0.032917822539205964,0.009132670088945027,0.14522140561481447,0.1387739759382279,0.016451366762875223,0.016451366762875223,0.009589481166360334,0.014505797959075811,0.014505797959075811,0.009212038932641947,0.016334485520595153,0.016334312342285537,0.009589481166360334,0.009589481166360334,0.011575236633696,0.01323181038138778,0.6940015524945771,0.637274670309661,0.016621494950314012,0.016621504692467537,0.009132670088945027,0.14522140561481447,0.1387739759382279,0.01756873680659098,0.01756873680659098,0.014290816631656201,0.01429081606456198,0.015033405941857323,0.015033405941857323,0.015194104889877859,0.015194070704991982,0.01756873680659098,0.01756873680659098,0.016359531634758784,0.014483929782058397,0.016621504692467537,0.016621504692467537,0.011575236633696,0.01323181038138778,0.6940015524945771,0.637274670309661,0.014505797959075811,0.014505797959075811,0.016334485520595153,0.016334312342285537,0.011520760876326983,0.01308798720960771,0.6956404762135812,0.6368047751284683
GR00004382,240.0,0.0264704919015865,0.010030306566055053,0.0762559958550873,0.07666644744714415,0.013607308667639366,0.013607308667639366,0.010202112886669865,0.012088713109002454,0.012088713109002454,0.00982592043240036,0.013237906462793781,0.013237744334684793,0.010202112886669865,0.010202112886669865,0.010090515440815876,0.011274706932895688,0.6198650862760505,0.5708096439015311,0.013734215836075437,0.013734216360813605,0.010030306566055053,0.0762559958550873,0.07666644744714415,0.01416152425369415,0.01416152425369415,0.012212340483459393,0.012212337183509593,0.012390561360696068,0.012390561360696068,0.012613199117206717,0.012612952232604755,0.01416152425369415,0.01416152425369415,0.01361027830834784,0.012484477635455337,0.013734216360813605,0.013734216360813605,0.010090515440815876,0.011274706932895688,0.6198650862760505,0.5708096439015311,0.012088713109002454,0.012088713109002454,0.013237906462793781,0.013237744334684793,0.010098360784023255,0.011190777242924388,0.6208637034791123,0.5696749666423037
GR00004384,240.0,0.021894314711343177,0.009470160113016617,0.06865116103091244,0.07096422942502514,0.01751158118175853,0.01751158118175853,0.010430301802933663,0.015315655643830688,0.015315655643830688,0.010092653237815895,0.017083302152337197,0.017083269980761404,0.010430301802933663,0.010430301802933663,0.011278615827408307,0.013237540346385664,0.6444554194005144,0.5863701840792342,0.017780756938531553,0.017780744184677722,0.009470160113016617,0.06865116103091244,0.07096422942502514,0.018026491949734564,0.018026491949734564,0.015787627531000274,0.015787627067469504,0.01577677563869268,0.01577677563869268,0.016351535392676902,0.016351538374518186,0.018026491949734564,0.018026491949734564,0.01745430982059195,0.015193304865052177,0.017780744184677722,0.017780744184677722,0.011278615827408307,0.013237540346385664,0.6444554194005144,0.5863701840792342,0.015315655643830688,0.015315655643830688,0.017083302152337197,0.017083269980761404,0.011266009719628435,0.013087314277990592,0.6441302649706635,0.5850694787748214
GR00004385,240.0,0.055630612031263314,0.009786198711655711,0.08950797799535858,0.08518204530395866,0.022296446060833273,0.022296446060833273,0.011109602672156533,0.01897854501113087,0.01897854501113087,0.010659672169075717,0.02170571242640813,0.021705646014253573,0.011109602672156533,0.011109602672156533,0.014384786935471313,0.017678353793095205,0.6361555408833872,0.5669354650413668,0.02241876787141402,0.022418763933220138,0.009786198711655711,0.08950797799535858,0.08518204530395866,0.02302624437781393,0.02302624437781393,0.01911973162311971,0.019119725618687584,0.019258366341908698,0.019258366341908698,0.02055511413968825,0.020554939482169503,0.02302624437781393,0.02302624437781393,0.021848279894119384,0.018580242836468076,0.022418763933220138,0.022418763933220138,0.014384786935471313,0.017678353793095205,0.6361555408833872,0.5669354650413668,0.01897854501113087,0.01897854501113087,0.02170571242640813,0.021705646014253573,0.014395346645827855,0.01743440133117927,0.6355078808059651,0.5658239975358338
GR00004392,240.0,0.03126354658158818,0.009230445167827499,0.13461569395316572,0.13169181451584328,0.019440145945769052,0.019440145945769052,0.011085617928599913,0.01634917753318547,0.01634917753318547,0.010073628663709758,0.01890664845862193,0.018906702446857864,0.011085617928599913,0.011085617928599913,0.01424230623552598,0.017037090586532504,0.6868300625277233,0.6609377666456365,0.0195810461152529,0.019581035304528017,0.009230445167827499,0.13461569395316572,0.13169181451584328,0.019760774934964608,0.019760774934964608,0.01652277541275482,0.016522788182399,0.01663207247433309,0.01663207247433309,0.018098877994975778,0.018099003674770044,0.019760774934964608,0.019760774934964608,0.01920410406130906,0.0167363947046787,0.019581035304528017,0.019581035304528017,0.01424230623552598,0.017037090586532504,0.6868300625277233,0.6609377666456365,0.01634917753318547,0.01634917753318547,0.01890664845862193,0.018906702446857864,0.014214680483718382,0.016705671274314667,0.6855225392934258,0.6596594767693087
GR00004397,240.0,0.031116231572470943,0.008241807944975909,0.16006432601643586,0.14550276570957496,0.018677694492869226,0.018677694492869226,0.00937394679209836,0.016059482524673933,0.016059482524673933,0.008893717114605008,0.01821914103797491,0.018219228005945443,0.00937394679209836,0.00937394679209836,0.013394968470449754,0.01588658256708683,0.7141200097490275,0.6726397484135781,0.018867241498602038,0.018867244394783322,0.008241807944975909,0.16006432601643586,0.14550276570957496,0.019058512891434846,0.019058512891434846,0.016122405101226114,0.016122404789770436,0.016380727789726306,0.016380727789726306,0.017697720347031206,0.017696038311827107,0.019058512891434846,0.019058512891434846,0.01856506348901888,0.016540780462797208,0.018867244394783322,0.018867244394783322,0.013394968470449754,0.01588658256708683,0.7141200097490275,0.6726397484135781,0.016059482524673933,0.016059482524673933,0.01821914103797491,0.018219228005945443,0.013394080558145872,0.01564936709102143,0.7100657302411563,0.6690561819733357
GR00004398,240.0,0.0244256249887405,0.008213235273384276,0.12556420555219822,0.109116431165164,0.01737797805300319,0.01737797805300319,0.009323873442647677,0.014696166621184474,0.014696166621184474,0.008800268213953185,0.017030833552874165,0.017030659162931932,0.009323873442647677,0.009323873442647677,0.012464666401919152,0.015069150709095574,0.7349628084430644,0.68549568254308,0.017625992433755795,0.017625987522303897,0.008213235273384276,0.12556420555219822,0.109116431165164,0.018231934609091494,0.018231934609091494,0.014700983453795774,0.014700985609871708,0.015001732370191456,0.015001732370191456,0.01626322025885401,0.016263641683036355,0.018231934609091494,0.018231934609091494,0.017401422928356093,0.015180662064153439,0.017625987522303897,0.017625987522303897,0.012464666401919152,0.015069150709095574,0.7349628084430644,0.68549568254308,0.014696166621184474,0.014696166621184474,0.017030833552874165,0.017030659162931932,0.012530213335425427,0.01505046038088914,0.7339718066735537,0.6837380473774541
GR00004401,240.0,0.03311541428046169,0.00814747150670274,0.13931170998066922,0.1185926916924003,0.016607660001714472,0.016607660001714472,0.009328831777228219,0.014005248860728872,0.014005248860728872,0.008737666751306343,0.016189160271986035,0.016189759620551407,0.009328831777228219,0.009328831777228219,0.012121648722428466,0.014617692427767087,0.7340398907135273,0.6880998413522259,0.0168570010859913,0.016857001962087236,0.00814747150670274,0.13931170998066922,0.1185926916924003,0.01725457972618831,0.01725457972618831,0.014203712382996508,0.014203712080041958,0.014301082108515368,0.014301082108515368,0.015518630395484722,0.015510453812019263,0.01725457972618831,0.01725457972618831,0.01668287463748969,0.01468552146947953,0.016857001962087236,0.016857001962087236,0.012121648722428466,0.014617692427767087,0.7340398907135273,0.6880998413522259,0.014005248860728872,0.014005248860728872,0.016189160271986035,0.016189759620551407,0.012184024864998647,0.014474253155352924,0.7329343709150362,0.6880788593879311
GR00004411,240.0,0.050942826199220574,0.01092034176707518,0.21908991330423735,0.18975357417055355,0.024244079516829904,0.024244079516829904,0.014394352969443247,0.019676000314792167,0.019676000314792167,0.01244913091908363,0.023616189540327577,0.023616115456033555,0.014394352969443247,0.014394352969443247,0.01701729984268651,0.02290550894733039,0.6729805543020863,0.6455338204507102,0.024489083321385392,0.024489088281204777,0.01092034176707518,0.21908991330423735,0.18975357417055355,0.02503642166051884,0.02503642166051884,0.019764963407379658,0.019764963814626703,0.02009712431840703,0.02009712431840703,0.022960685239794557,0.022960946304818573,0.02503642166051884,0.02503642166051884,0.02382651780949431,0.020177752280333746,0.024489088281204777,0.024489088281204777,0.01701729984268651,0.02290550894733039,0.6729805543020863,0.6455338204507102,0.019676000314792167,0.019676000314792167,0.023616189540327577,0.023616115456033555,0.01695700641134654,0.022224543455895966,0.6717676487642901,0.6441152284368988
GR00004414,240.0,0.055491052728008985,0.012065153149245077,0.22360172600281214,0.20073293123432132,0.023661246699240867,0.023661246699240867,0.014355826063003528,0.018236181376108846,0.018236181376108846,0.012593932265924332,0.0227608529758497,0.022760878619568662,0.014355826063003528,0.014355826063003528,0.01572549392661402,0.022988594393702228,0.6437583258850138,0.6286509959381276,0.02377634108294804,0.023776338137327605,0.012065153149245077,0.22360172600281214,0.20073293123432132,0.024401519001805764,0.024401519001805764,0.01839561015488883,0.01839561301204618,0.018737710274889584,0.018737710274889584,0.022039172873079292,0.02203940586672618,0.024401519001805764,0.024401519001805764,0.022975631166835864,0.019477932770303467,0.023776338137327605,0.023776338137327605,0.01572549392661402,0.022988594393702228,0.6437583258850138,0.6286509959381276,0.018236181376108846,0.018236181376108846,0.0227608529758497,0.022760878619568662,0.015697062183964106,0.02246690968927109,0.6429790007437518,0.6275294011725124
GR00004417,240.0,0.21339700849920318,0.012039273734465162,0.17410162168520188,0.16280282729947518,0.028417125935637635,0.028417125935637635,0.01664767205044339,0.0247217919283514,0.0247217919283514,0.015372999970328627,0.02735917689531836,0.02735890375975852,0.01664767205044339,0.01664767205044339,0.019826098468022475,0.02390045274817211,0.6417063552832478,0.5966983994109331,0.02876378087906426,0.02876378082680405,0.012039273734465162,0.17410162168520188,0.16280282729947518,0.029124431326502435,0.029124431326502435,0.024518070239865606,0.024518063948383316,0.0255214106273992,0.0255214106273992,0.026390388488621814,0.02639021188822994,0.029124431326502435,0.029124431326502435,0.02808806296142973,0.02473459023785773,0.02876378082680405,0.02876378082680405,0.019826098468022475,0.02390045274817211,0.6417063552832478,0.5966983994109331,0.0247217919283514,0.0247217919283514,0.02735917689531836,0.02735890375975852,0.01961324414545763,0.02342337091132888,0.6403870782377312,0.5959294482434985
GR00004420,240.0,0.15245117693665702,0.01149214434843209,0.12316802855985151,0.11482008378580663,0.028229824711235623,0.028229824711235623,0.015896404679770517,0.025024117322898668,0.025024117322898668,0.014169591049799368,0.02689934916479399,0.02689882925172118,0.015896404679770517,0.015896404679770517,0.019158964245137817,0.02387437666753611,0.6008895322952799,0.5744399617042324,0.028496605079426782,0.02849668233778289,0.01149214434843209,0.12316802855985151,0.11482008378580663,0.028833442794172062,0.028833442794172062,0.0252989730784004,0.02529897047577614,0.025865856727617046,0.025865856727617046,0.026107479524234103,0.026107450982983504,0.028833442794172062,0.028833442794172062,0.02775541266613283,0.024198030824580836,0.02849668233778289,0.02849668233778289,0.019158964245137817,0.02387437666753611,0.6008895322952799,0.5744399617042324,0.025024117322898668,0.025024117322898668,0.02689934916479399,0.02689882925172118,0.018976794210130866,0.023353197081256237,0.5993685810069321,0.5728078485712825
J12284d,64.0,0.035352309659196175,0.0023893703753985673,0.048578744445147655,0.029840404873401637,0.010537664722884057,0.010537664722884057,0.0041228390199662835,0.00821951798223012,0.00821951798223012,0.003354388912262948,0.009223913180214899,0.00922393918699279,0.0041228390199662835,0.0041228390199662835,0.0054360629671956606,0.00595337402779478,0.4717879379446521,0.42060732246416505,0.011553833568914823,0.011553829375864319,0.0023893703753985673,0.048578744445147655,0.029840404873401637,0.011987974255798964,0.011987974255798964,0.008822011387317441,0.008822011387317441,0.009154664061464007,0.009154664061464007,0.009845567861300596,0.00984560767554075,0.011987974255798964,0.011987974255798964,0.010953418785536984,0.008902266733545041,0.011553829375864319,0.011553829375864319,0.0054360629671956606,0.00595337402779478,0.4717879379446521,0.42060732246416505,0.00821951798223012,0.00821951798223012,0.009223913180214899,0.00922393918699279,0.005447412246533369,0.005823229159342939,0.46759033255162485,0.41637827267118827
J12424a,64.0,0.032051915341249876,0.002286621704746484,0.0457774124113723,0.028716478029482295,0.00869754011568785,0.00869754011568785,0.0031331970786487593,0.007184704801348915,0.007184704801348915,0.002786975869953302,0.008180218146323845,0.00818027871174479,0.0031331970786487593,0.0031331970786487593,0.0050302673344428195,0.005184564158890181,0.4224009548602455,0.3816667227810874,0.009281001653919253,0.00928100168355271,0.002286621704746484,0.0457774124113723,0.028716478029482295,0.009683738833834771,0.009683738833834771,0.007601071363355702,0.00760107052832198,0.00806477805087172,0.00806477805087172,0.00806022350571318,0.008060304315164869,0.009683738833834771,0.009683738833834771,0.008931482381977251,0.007832519808616888,0.00928100168355271,0.00928100168355271,0.0050302673344428195,0.005184564158890181,0.4224009548602455,0.3816667227810874,0.007184704801348915,0.007184704801348915,0.008180218146323845,0.00818027871174479,0.00477744088488278,0.004941399268761461,0.4130171163795832,0.3772146030676393
J12424d,64.0,0.11410084649742398,0.004169248759006976,0.06781368589370927,0.04298276427868135,0.011399978704789466,0.011399978704789466,0.007065680333668954,0.009348791114959204,0.009348791114959204,0.005724636463562388,0.010163941486223784,0.010163941781713285,0.007065680333668954,0.007065680333668954,0.006995962496089758,0.0072623642150108254,0.4595154508387729,0.39337875619781265,0.011961319285221279,0.011961317968886522,0.004169248759006976,0.06781368589370927,0.04298276427868135,0.012257390912885238,0.012257390912885238,0.009766358531567095,0.009766359712693946,0.010119053543337853,0.010119053543337853,0.010485275714822419,0.010485262073221592,0.012257390912885238,0.012257390912885238,0.01149514748807356,0.009939207153238348,0.011961317968886522,0.011961317968886522,0.006995962496089758,0.0072623642150108254,0.4595154508387729,0.39337875619781265,0.009348791114959204,0.009348791114959204,0.010163941486223784,0.010163941781713285,0.006912081425921193,0.007060120582815029,0.4538604928973309,0.38912940875470936
J12432a,64.0,0.04948885697358806,0.0024800829918152933,0.05157181383942045,0.038693154269875296,0.009220425821295402,0.009220425821295402,0.004680956210172094,0.006473600605509017,0.006473600605509017,0.00382493284431781,0.007376616455991286,0.007376557547931257,0.004680956210172094,0.004680956210172094,0.003508012445863443,0.004239715083919409,0.45964587235612203,0.40598460569555733,0.01037738580249951,0.01037739176298828,0.0024800829918152933,0.05157181383942045,0.038693154269875296,0.010555889501380781,0.010555889501380781,0.00794720379331706,0.007947205573025744,0.008016558230389733,0.008016558230389733,0.008897185038356114,0.00889718985487547,0.010555889501380781,0.010555889501380781,0.009812972982744216,0.00744254292120575,0.01037739176298828,0.01037739176298828,0.003508012445863443,0.004239715083919409,0.45964587235612203,0.40598460569555733,0.006473600605509017,0.006473600605509017,0.007376616455991286,0.007376557547931257,0.003492340356461862,0.004338336828054074,0.44925309748184583,0.4016456553506948
J12440dW,64.0,0.13650451068007327,0.0019951960010899635,0.010865523499116613,0.004541340128201618,0.004504901292671265,0.004504901292671265,0.0027399842367314903,0.004338560528821867,0.004338560528821867,0.00271759625970543,0.004362988856755241,0.004362839839438003,0.0027399842367314903,0.0027399842367314903,0.002077060385479361,0.002026535771780705,0.3585697564103575,0.2529491111658135,0.00477714113420334,0.004777141048023115,0.0019951960010899635,0.010865523499116613,0.004541340128201618,0.004807049485495701,0.004807049485495701,0.004885128208941285,0.0048851316619652335,0.005088970669818826,0.005088970669818826,0.004461743354234078,0.004461742839663883,0.004807049485495701,0.004807049485495701,0.004688669795078786,0.004196301794327176,0.004777141048023115,0.004777141048023115,0.002077060385479361,0.002026535771780705,0.3585697564103575,0.2529491111658135,0.004338560528821867,0.004338560528821867,0.004362988856755241,0.004362839839438003,0.0019766529737100455,0.0019750237810169584,0.3387946905669447,0.23194804286623188
J12450b,64.0,0.03879252592662968,0.003299298063153209,0.04417463984007476,0.02726290183273599,0.009596479166729618,0.009596479166729618,0.005552022088144217,0.007865024157871003,0.007865024157871003,0.00458340139866612,0.008107232905453772,0.00810721212928495,0.005552022088144217,0.005552022088144217,0.004483456688325673,0.004944808052391387,0.45323700967039116,0.3897485083593039,0.010402078108120114,0.01040207979083862,0.003299298063153209,0.04417463984007476,0.02726290183273599,0.010824621744855701,0.010824621744855701,0.008035063805647523,0.008035063805647523,0.008889603465548141,0.008889603465548141,0.00855967981974143,0.008559657358073692,0.010824621744855701,0.010824621744855701,0.009710905754178772,0.008188689596894175,0.01040207979083862,0.01040207979083862,0.004483456688325673,0.004944808052391387,0.45323700967039116,0.3897485083593039,0.007865024157871003,0.007865024157871003,0.008107232905453772,0.00810721212928495,0.00436870207554093,0.004846261750937736,0.4478865869482814,0.3869639007666659
J12459b,64.0,0.130266482536863,0.0031143384768967694,0.08671413277548527,0.06168748280388184,0.005963177204868031,0.005963177204868031,0.005032024384502547,0.005436889604719444,0.005436889604719444,0.004966666132467591,0.005724839028956435,0.005724849262542936,0.005032024384502547,0.005032024384502547,0.0036579647853469855,0.003269714953481538,0.5314274921870071,0.44886549168055156,0.006452699758301049,0.006452697614518111,0.0031143384768967694,0.08671413277548527,0.06168748280388184,0.006434117655051369,0.006434117655051369,0.0056706809253741185,0.005670688933190162,0.005996713337141106,0.005996713337141106,0.005876802230615094,0.005876913757350041,0.006434117655051369,0.006434117655051369,0.0061258275044262425,0.005694817669203542,0.006452697614518111,0.006452697614518111,0.0036579647853469855,0.003269714953481538,0.5314274921870071,0.44886549168055156,0.005436889604719444,0.005436889604719444,0.005724839028956435,0.005724849262542936,0.0035359769299316297,0.0032646467503208774,0.5192411456786602,0.4447591830853653
P24P27dW,45.0,0.1350732780921505,0.001318012997611888,0.012430957493743894,0.003410355296688821,0.004186771913269132,0.004186771913269132,0.0025056858776721065,0.004177924455719414,0.004177924455719414,0.002346830697563773,0.004522641272639205,0.004522564173459329,0.0025056858776721065,0.0025056858776721065,0.001394972362977155,0.0014913621543064626,0.3023606993812644,0.23629663657302613,0.005189688139701484,0.005189640202096731,0.001318012997611888,0.012430957493743894,0.003410355296688821,0.005636209006300232,0.005636209006300232,0.004443037935297413,0.004443036707710832,0.005004559243298649,0.005004559243298649,0.0045940963635700965,0.00459416545040887,0.005636209006300232,0.005636209006300232,0.0048640957928624586,0.004395681162063427,0.005189640202096731,0.005189640202096731,0.001394972362977155,0.0014913621543064626,0.3023606993812644,0.23629663657302613,0.004177924455719414,0.004177924455719414,0.004522641272639205,0.004522564173459329,0.0013588906668853438,0.0014526557978949554,0.2815150731736123,0.16894073179413346
SP05P08b,64.0,0.01751220175738697,0.0020225588173610194,0.06748470606705034,0.03928160280515596,0.0052262126289961755,0.0052262126289961755,0.0029545992017633157,0.0043952458269185864,0.0043952458269185864,0.002765810938839919,0.004915966131879336,0.00491597546566555,0.0029545992017633157,0.0029545992017633157,0.0025930893705967757,0.0028994807251793465,0.4913575185151056,0.46206544852008136,0.0057873184113153165,0.005787316194106897,0.0020225588173610194,0.06748470606705034,0.03928160280515596,0.005939063184299756,0.005939063184299756,0.004817541614669236,0.004817541614669236,0.00538867665187848,0.00538867665187848,0.005104909284797278,0.005104899335217716,0.005939063184299756,0.005939063184299756,0.005652745258464091,0.005175338517724575,0.005787316194106897,0.005787316194106897,0.0025930893705967757,0.0028994807251793465,0.4913575185151056,0.46206544852008136,0.0043952458269185864,0.0043952458269185864,0.004915966131879336,0.00491597546566555,0.002537866640033949,0.0025950281056333967,0.48268930968547996,0.454903207796445
SP05P08c,64.0,0.017430154371821542,0.0022274020632217255,0.029689523219493676,0.017540637678583357,0.0037379745503120353,0.0037379745503120353,0.002351014536555025,0.0031341979011600928,0.0031341979011600928,0.002191202546912422,0.0032239314903018423,0.0032240121962290595,0.002351014536555025,0.002351014536555025,0.0023489352125266663,0.0027820267890112543,0.45851628680341733,0.4153981091413271,0.004284947778633352,0.004284948756176007,0.0022274020632217255,0.029689523219493676,0.017540637678583357,0.004452698035802811,0.004452698035802811,0.003483671957365159,0.0034836716700320965,0.003759745049652573,0.003759745049652573,0.0032549680396693603,0.00325493097637018,0.004452698035802811,0.004452698035802811,0.003963737837864652,0.004046967032896384,0.004284948756176007,0.004284948756176007,0.0023489352125266663,0.0027820267890112543,0.45851628680341733,0.4153981091413271,0.0031341979011600928,0.0031341979011600928,0.0032239314903018423,0.0032240121962290595,0.0023967021485268606,0.002558483173710186,0.4459879916010673,0.41125041581996535
SP09P12d,64.0,0.027169500207054394,0.003161731413905132,0.036028052484977514,0.02304743260346165,0.012000710435154924,0.012000710435154924,0.005145714396137175,0.009599934922166549,0.009599934922166549,0.004009158157981801,0.010750015939830071,0.010750059370636172,0.005145714396137175,0.005145714396137175,0.006337659945739202,0.00671437372290777,0.4254582823561675,0.3735788676220534,0.013110610572441566,0.013110611834369098,0.003161731413905132,0.036028052484977514,0.02304743260346165,0.013222677872445953,0.013222677872445953,0.010189848908992511,0.010189848908992511,0.010634337368534379,0.010634337368534379,0.011062081323719549,0.011062080950956081,0.013222677872445953,0.013222677872445953,0.012133813466617006,0.01080052589893662,0.013110611834369098,0.013110611834369098,0.006337659945739202,0.00671437372290777,0.4254582823561675,0.3735788676220534,0.009599934922166549,0.009599934922166549,0.010750015939830071,0.010750059370636172,0.005995582650289805,0.00621819087043506,0.40525238836917055,0.36335992820507007
SP16P19d,64.0,0.03711220852911556,0.0020636713168435076,0.05037373732667429,0.0375328121304638,0.007964535988863616,0.007964535988863616,0.0035095035819007214,0.006250052061616354,0.006250052061616354,0.0032209823290871758,0.007280184727389377,0.007280213284887066,0.0035095035819007214,0.0035095035819007214,0.0038986662989762937,0.004219021812786343,0.4575945826354152,0.39711852668374736,0.008548316171750612,0.008548308005442427,0.0020636713168435076,0.05037373732667429,0.0375328121304638,0.008863640778624995,0.008863640778624995,0.006273484732925257,0.006273484121138761,0.007330744653769561,0.007330744653769561,0.0069824514000107534,0.006982293339123988,0.008863640778624995,0.008863640778624995,0.00804975451698943,0.007189872684687269,0.008548308005442427,0.008548308005442427,0.0038986662989762937,0.004219021812786343,0.4575945826354152,0.39711852668374736,0.006250052061616354,0.006250052061616354,0.007280184727389377,0.007280213284887066,0.0037347509341706837,0.004037177206876044,0.4488309310756613,0.3921835246214567
SP28P31d,64.0,0.06481590534528824,0.002257641158375372,0.06738878609543077,0.038085844389209735,0.008650541031006277,0.008650541031006277,0.004576207390346192,0.006555134034327016,0.006555134034327016,0.003874835463084976,0.007764698340921496,0.00776447393319395,0.004576207390346192,0.004576207390346192,0.004405808830660517,0.004559879302190153,0.4394154671330617,0.3901148726603953,0.010030161784194332,0.010030158289190797,0.002257641158375372,0.06738878609543077,0.038085844389209735,0.010413945208700605,0.010413945208700605,0.007252782614542747,0.007252781440523582,0.0077603166384782145,0.0077603166384782145,0.008089761204597307,0.00808981507857886,0.010413945208700605,0.010413945208700605,0.00966220588587,0.007730941754873543,0.010030158289190797,0.010030158289190797,0.004405808830660517,0.004559879302190153,0.4394154671330617,0.3901148726603953,0.006555134034327016,0.006555134034327016,0.007764698340921496,0.00776447393319395,0.004335717143197122,0.004308104859817835,0.4282309777425721,0.3832734363699254
SP36P38a,64.0,0.031680237381356,0.0024010461642195204,0.049739252177314945,0.029393603254405473,0.006942511946322219,0.006942511946322219,0.003889444511088271,0.005090685198698427,0.005090685198698427,0.0033623420929914547,0.005890522843497603,0.005890569483011983,0.003889444511088271,0.003889444511088271,0.0031345015160554636,0.0034946280977843254,0.4377340526868048,0.3893934274408346,0.007408910577280415,0.007408913855638001,0.0024010461642195204,0.049739252177314945,0.029393603254405473,0.007702286616834232,0.007702286616834232,0.005840458796396665,0.005840458368818731,0.00686726952562827,0.00686726952562827,0.006367191443361581,0.006367183345832727,0.007702286616834232,0.007702286616834232,0.007145054067706363,0.0057892082757493345,0.007408913855638001,0.007408913855638001,0.0031345015160554636,0.0034946280977843254,0.4377340526868048,0.3893934274408346,0.005090685198698427,0.005090685198698427,0.005890522843497603,0.005890569483011983,0.0031211985539134806,0.0033963140260473154,0.4301861159975436,0.3859490865863751
UL000081,193.0,0.019347115841012674,0.004948382365942752,0.058960592536052334,0.050236595884033244,0.0086155498334811,0.0086155498334811,0.005002449566867879,0.0074771123242250775,0.0074771123242250775,0.0049542370056052795,0.008441307951510053,0.008441414256002332,0.005002449566867879,0.005002449566867879,0.0071978678001145815,0.007124049742508578,0.6980285270386803,0.6620597382810351,0.008715657047858828,0.00871565173150739,0.004948382365942752,0.058960592536052334,0.050236595884033244,0.008897951746507815,0.008897951746507815,0.007490356834281223,0.007490355237020993,0.0076400995573972594,0.0076400995573972594,0.0082714737839824,0.008271459846276204,0.008897951746507815,0.008897951746507815,0.00857346734992492,0.0077251986221994985,0.00871565173150739,0.00871565173150739,0.0071978678001145815,0.007124049742508578,0.6980285270386803,0.6620597382810351,0.0074771123242250775,0.0074771123242250775,0.008441307951510053,0.008441414256002332,0.007188122329725873,0.0071116215462348,0.6983623871640336,0.6617447489095962
UL000083,176.0,0.08721635966616041,0.10542468851602188,0.2752831415381574,0.2520587758694272,0.005813418128276659,0.005813418128276659,0.16870620061635447,0.005612246584681051,0.005612246584681051,0.11188144611741815,0.005953041927620561,0.005953243015041566,0.16870620061635447,0.16870620061635447,0.00506067329030734,0.005131379138872851,0.81132505588728,0.6613123126135658,0.005787724630610478,0.005787734511801878,0.10542468851602188,0.2752831415381574,0.2520587758694272,0.006305646659243436,0.006305646659243436,0.005469744699249154,0.005469747202573888,0.005733087138366347,0.005733087138366347,0.00575774688701767,0.005757855256227008,0.006305646659243436,0.006305646659243436,0.005687169925309149,0.0054859804010362,0.005787734511801878,0.005787734511801878,0.00506067329030734,0.005131379138872851,0.81132505588728,0.6613123126135658,0.005612246584681051,0.005612246584681051,0.005953041927620561,0.005953243015041566,0.0050718141046323505,0.005077571943602521,0.8130004977408749,0.661248393303569
UL000087,192.0,0.018295621617008654,0.005240273460601928,0.14301463201061831,0.10592464231651377,0.007953281212455419,0.007953281212455419,0.005537216829390675,0.007090298991479039,0.007090298991479039,0.005376233309090143,0.007837763932281475,0.007836669039245759,0.005537216829390675,0.005537216829390675,0.006724188753490283,0.0066349586955690674,0.7527069839838411,0.7393439789616979,0.00802593786390547,0.008025944283816618,0.005240273460601928,0.14301463201061831,0.10592464231651377,0.008053007608417553,0.008053007608417553,0.007191547701352746,0.007191549848193546,0.007212917307762454,0.007212917307762454,0.007556142395967017,0.007555615807693327,0.008053007608417553,0.008053007608417553,0.008005395905977545,0.007049031023922965,0.008025944283816618,0.008025944283816618,0.006724188753490283,0.0066349586955690674,0.7527069839838411,0.7393439789616979,0.007090298991479039,0.007090298991479039,0.007837763932281475,0.007836669039245759,0.006638818605674065,0.006517906970098638,0.751913744748974,0.7381762962613085
UL000089,777.0,0.12079589160299224,0.019226667803634093,0.1754791334244083,0.24808367803390632,0.01752428656452021,0.01752428656452021,0.01941417626905982,0.01749222583767338,0.01749222583767338,0.019435032113818963,0.01750864708635572,0.01750891295578622,0.01941417626905982,0.01941417626905982,0.016992674329647902,0.01678842823676889,0.9608565803866822,0.94171265729595,0.017038861644060193,0.017038881955921674,0.019226667803634093,0.1754791334244083,0.24808367803390632,0.017514366668647252,0.017514366668647252,0.01668723693702126,0.016687201937530854,0.017488628813687537,0.017488628813687537,0.016621925317593895,0.01662181697621257,0.017514366668647252,0.017514366668647252,0.016960241182343322,0.01670153723676163,0.017038881955921674,0.017038881955921674,0.016992674329647902,0.01678842823676889,0.9608565803866822,0.94171265729595,0.01749222583767338,0.01749222583767338,0.01750864708635572,0.01750891295578622,0.016676157280399333,0.01656510601873019,0.9609687902684549,0.9416014425881716
UL000091,193.0,0.02201119219032657,0.004864205037009777,0.04182884739234008,0.039024641848123466,0.006122859122858458,0.006122859122858458,0.004948031344560941,0.005594845111567969,0.005594845111567969,0.004944289164848598,0.006099880025207621,0.006099814110311452,0.004948031344560941,0.004948031344560941,0.005521067588210294,0.005457388441052525,0.7681373263736314,0.6667480919873647,0.006135300843282796,0.006135305171748134,0.004864205037009777,0.04182884739234008,0.039024641848123466,0.006226874660075,0.006226874660075,0.005554056080548187,0.0055540560805956525,0.005663535551555118,0.005663535551555118,0.005932828341105938,0.0059328182650631766,0.006226874660075,0.006226874660075,0.0061144906998549745,0.005764764336980044,0.006135305171748134,0.006135305171748134,0.005521067588210294,0.005457388441052525,0.7681373263736314,0.6667480919873647,0.005594845111567969,0.005594845111567969,0.006099880025207621,0.006099814110311452,0.005532884729597658,0.0053991062396829435,0.7686083060251198,0.6676800423584233
UL000093,194.0,0.035911305726486036,0.006509081111646794,0.16859263181799627,0.16348587419697302,0.008513356035722336,0.008513356035722336,0.006712714338861602,0.00772120718423653,0.00772120718423653,0.006560985951049143,0.008472123119972998,0.008471718709699217,0.006712714338861602,0.006712714338861602,0.007082728992794302,0.0070775377148307875,0.7299584395380639,0.6728579230377391,0.008549904345220238,0.008549907105290976,0.006509081111646794,0.16859263181799627,0.16348587419697302,0.008776807602252001,0.008776807602252001,0.00772915255948214,0.007729150823642839,0.007852284657547136,0.007852284657547136,0.008150209813749264,0.008150231864769004,0.008776807602252001,0.008776807602252001,0.008484453203617855,0.007596318872202683,0.008549907105290976,0.008549907105290976,0.007082728992794302,0.0070775377148307875,0.7299584395380639,0.6728579230377391,0.00772120718423653,0.00772120718423653,0.008472123119972998,0.008471718709699217,0.007047202951053024,0.007052854783734952,0.7296323438077265,0.6722311352063708
UL000095,192.0,0.06092003191049162,0.005203393917611494,0.12636493461808637,0.09979843175021645,0.008799436797437889,0.008799436797437889,0.005463705245065842,0.007974399408834461,0.007974399408834461,0.005375759085817665,0.008638630758074669,0.008639023422633204,0.005463705245065842,0.005463705245065842,0.0072866169791539655,0.007259108602223926,0.7266890056473017,0.6734430626835991,0.008862598393387135,0.008862602345962091,0.005203393917611494,0.12636493461808637,0.09979843175021645,0.008908435305862416,0.008908435305862416,0.007987924289265062,0.007987929739920787,0.008080167497329692,0.008080167497329692,0.008384026733284105,0.008384016928604165,0.008908435305862416,0.008908435305862416,0.008726550740097613,0.007907187283755715,0.008862602345962091,0.008862602345962091,0.0072866169791539655,0.007259108602223926,0.7266890056473017,0.6734430626835991,0.007974399408834461,0.007974399408834461,0.008638630758074669,0.008639023422633204,0.007311449122322861,0.007298765122196888,0.7263598649348914,0.6740392034242676
UL000097,192.0,0.032256723862217916,0.005701914169533379,0.053897374160051754,0.05183835072146071,0.009491760960101176,0.009491760960101176,0.0060094217154948925,0.008635157467020023,0.008635157467020023,0.005857469411503017,0.009362437452488425,0.009361560856224293,0.0060094217154948925,0.0060094217154948925,0.0079102908563969,0.008026754974874218,0.6987221080949512,0.6500615501987141,0.009581436496575396,0.00958139224425142,0.005701914169533379,0.053897374160051754,0.05183835072146071,0.00971607792491577,0.00971607792491577,0.008603332358842228,0.00860333200407896,0.00876175050124506,0.00876175050124506,0.00905207730660239,0.009051756237129765,0.00971607792491577,0.00971607792491577,0.009477835580592061,0.008598285923420991,0.00958139224425142,0.00958139224425142,0.0079102908563969,0.008026754974874218,0.6987221080949512,0.6500615501987141,0.008635157467020023,0.008635157467020023,0.009362437452488425,0.009361560856224293,0.007852423796394465,0.007956686309111692,0.6981363122335079,0.6498945438444296
UL000579,226.0,0.08046989368396264,0.0076456221700120595,0.20143140090662331,0.18758315856171107,0.0051068161787632335,0.0051068161787632335,0.008391472791290534,0.0051035817628204624,0.0051035817628204624,0.008140575163543292,0.0051771589684181454,0.005177528018801308,0.008391472791290534,0.008391472791290534,0.004842374072269168,0.004883972390853398,0.8457173654068859,0.711761378350769,0.00506838200799567,0.005068316761069485,0.0076456221700120595,0.20143140090662331,0.18758315856171107,0.005158307686994608,0.005158307686994608,0.00505161061344205,0.005051613646601599,0.005134813240043679,0.005134813240043679,0.004999051551003654,0.00499904785017998,0.005158307686994608,0.005158307686994608,0.005053396033540541,0.0049813951666600005,0.005068316761069485,0.005068316761069485,0.004842374072269168,0.004883972390853398,0.8457173654068859,0.711761378350769,0.0051035817628204624,0.0051035817628204624,0.0051771589684181454,0.005177528018801308,0.004847542717275685,0.0048603504532009996,0.838512723496151,0.7112803091129757
UL000581,228.0,0.07239874592397619,0.010198042061809558,0.10789535980168492,0.09698620965072648,0.00582011354743724,0.00582011354743724,0.01059195550478328,0.005643013430092494,0.005643013430092494,0.010256990133929812,0.005797830566614466,0.005798145689717782,0.01059195550478328,0.01059195550478328,0.005341419759364784,0.005321789702496387,0.8550254489531153,0.7120836518566316,0.005779599010555709,0.005779611066843307,0.010198042061809558,0.10789535980168492,0.09698620965072648,0.005819852326464546,0.005819852326464546,0.005601516166147566,0.005601507998465516,0.0056736005262007,0.0056736005262007,0.005700101535444545,0.00570009496596594,0.005819852326464546,0.005819852326464546,0.005737256704880333,0.005591699374615085,0.005779611066843307,0.005779611066843307,0.005341419759364784,0.005321789702496387,0.8550254489531153,0.7120836518566316,0.005643013430092494,0.005643013430092494,0.005797830566614466,0.005798145689717782,0.005301733041260239,0.005281127879338165,0.8523467323146707,0.7116146609421918
UL000585,192.0,0.046722124517504265,0.006017786230907624,0.03487650201574217,0.03103174249416914,0.004888150846369802,0.004888150846369802,0.006593717133802002,0.004929769603825929,0.004929769603825929,0.006379599945578732,0.0049661562047564915,0.004966162125584609,0.006593717133802002,0.006593717133802002,0.0043415309854165345,0.004398233161035737,0.8074302560209988,0.6500117611508657,0.004918845015370574,0.00491884940380534,0.006017786230907624,0.03487650201574217,0.03103174249416914,0.005030196051813772,0.005030196051813772,0.004857888198071741,0.004857887519819235,0.004997506125868009,0.004997506125868009,0.004793713222581655,0.004793659845921371,0.005030196051813772,0.005030196051813772,0.004890636256318683,0.0046440107842465475,0.00491884940380534,0.00491884940380534,0.0043415309854165345,0.004398233161035737,0.8074302560209988,0.6500117611508657,0.004929769603825929,0.004929769603825929,0.0049661562047564915,0.004966162125584609,0.004320544086230784,0.004374006309531568,0.798015044079524,0.6491138208612984
UL000587,551.0,0.18968029352512442,0.013877078899108271,0.17003435458689228,0.23072722098636997,0.01209156559479503,0.01209156559479503,0.014022875883868642,0.012072820475191554,0.012072820475191554,0.01404200985701408,0.012086113053420966,0.012085365325710352,0.014022875883868642,0.014022875883868642,0.011763331822206163,0.011691878544088046,0.9773510135729405,0.8991470996121356,0.011845469935999529,0.011845456589356264,0.013877078899108271,0.17003435458689228,0.23072722098636997,0.012087118260859973,0.012087118260859973,0.011648664322381711,0.011648647912159343,0.012070862032086944,0.012070862032086944,0.01157203370626327,0.011572151329611759,0.012087118260859973,0.012087118260859973,0.011797961200791579,0.011664990453430035,0.011845456589356264,0.011845456589356264,0.011763331822206163,0.011691878544088046,0.9773510135729405,0.8991470996121356,0.012072820475191554,0.012072820475191554,0.012086113053420966,0.012085365325710352,0.011611617749711835,0.011566512928210272,0.9781164786716727,0.8990317042976123
UL000593,192.0,0.04003860767866208,0.005487090997474418,0.06599068651040364,0.05294717950861109,0.004766603779906107,0.004766603779906107,0.005868475698466338,0.0047065020583631125,0.0047065020583631125,0.005752636078938573,0.004834663022618468,0.004834565326713007,0.005868475698466338,0.005868475698466338,0.004353381389289887,0.004376237999092632,0.787902057414548,0.6495777762776948,0.004766674931429079,0.0047666727637389805,0.005487090997474418,0.06599068651040364,0.05294717950861109,0.00488717200330637,0.00488717200330637,0.0046205545442851445,0.00462055456021822,0.004743878616575624,0.004743878616575624,0.004669575861462572,0.004669529920177182,0.00488717200330637,0.00488717200330637,0.0047570729093949,0.004571015905598743,0.0047666727637389805,0.0047666727637389805,0.004353381389289887,0.004376237999092632,0.787902057414548,0.6495777762776948,0.0047065020583631125,0.0047065020583631125,0.004834663022618468,0.004834565326713007,0.004321211613110201,0.004352257858613277,0.7836736265470546,0.64763867188209
UL000599,524.0,0.19438792018644876,0.013938498509256424,0.10580121867439679,0.17056559367450685,0.011552700803783806,0.011552700803783806,0.014225607815097008,0.011522477740500714,0.011522477740500714,0.014229075704788582,0.011558257880520449,0.011559555839005165,0.014225607815097008,0.014225607815097008,0.011202203654496283,0.01114029541593231,0.9726711503594532,0.885251106253407,0.011292138787946479,0.01129218312632033,0.013938498509256424,0.10580121867439679,0.17056559367450685,0.011563684047240891,0.011563684047240891,0.011101670072378689,0.011101670628237633,0.011526331815843668,0.011526331815843668,0.011077744852177886,0.011077654724816208,0.011563684047240891,0.011563684047240891,0.011249616415139234,0.011115859020756326,0.01129218312632033,0.01129218312632033,0.011202203654496283,0.01114029541593231,0.9726711503594532,0.885251106253407,0.011522477740500714,0.011522477740500714,0.011558257880520449,0.011559555839005165,0.011049386779581965,0.011027564796712401,0.972567596341852,0.8853192758613713
UL001641,192.0,0.018087099532352355,0.005108691610226584,0.06465694808063592,0.059780964908567484,0.007558685383353724,0.007558685383353724,0.005203240949922445,0.006756690352550814,0.006756690352550814,0.00517451258131752,0.007458749956965061,0.007459152661183081,0.005203240949922445,0.005203240949922445,0.006470516394584323,0.0064587214320702855,0.714745669407321,0.665140111363132,0.007591484097947058,0.007591485044837542,0.005108691610226584,0.06465694808063592,0.059780964908567484,0.007780402581603285,0.007780402581603285,0.006745565767993293,0.006745565481063163,0.0068974833624102444,0.0068974833624102444,0.007241768348279713,0.00724200799845376,0.007780402581603285,0.007780402581603285,0.007525980480809255,0.006864009192699216,0.007591485044837542,0.007591485044837542,0.006470516394584323,0.0064587214320702855,0.714745669407321,0.665140111363132,0.006756690352550814,0.006756690352550814,0.007458749956965061,0.007459152661183081,0.0064777331835799735,0.006431406341637073,0.7138582557956878,0.6631267593391638
UL001643,192.0,0.020532979878707194,0.00527982064126974,0.03295003311781723,0.0360007674824818,0.008004775321207016,0.008004775321207016,0.005361951104614023,0.0071975524826112915,0.0071975524826112915,0.005348522017129621,0.007801731778750309,0.007801976081571446,0.005361951104614023,0.005361951104614023,0.006502965315024953,0.006596891490724208,0.6752565590300105,0.6228600218202114,0.007972464293647199,0.007972472248042877,0.00527982064126974,0.03295003311781723,0.0360007674824818,0.00815994114434128,0.00815994114434128,0.00718747158078321,0.007187473059880361,0.007343390869649757,0.007343390869649757,0.007558345022496628,0.007558284897899653,0.00815994114434128,0.00815994114434128,0.007926540307465356,0.007154937637775698,0.007972472248042877,0.007972472248042877,0.006502965315024953,0.006596891490724208,0.6752565590300105,0.6228600218202114,0.0071975524826112915,0.0071975524826112915,0.007801731778750309,0.007801976081571446,0.0065131219899105175,0.006570677212249806,0.6762968293226702,0.6234854821936302
UL001645,192.0,0.023961656416825797,0.005067280046436834,0.04573049729246168,0.03868639746190976,0.006584050612933258,0.006584050612933258,0.005170686045978851,0.006054373312854698,0.006054373312854698,0.005198872617847877,0.006489918593064039,0.006489819031689391,0.005170686045978851,0.005170686045978851,0.005655269560101172,0.005617882242265697,0.7199809336392047,0.6582883453412329,0.006650851644048389,0.0066508518122149465,0.005067280046436834,0.04573049729246168,0.03868639746190976,0.006714909215136431,0.006714909215136431,0.006039186140903724,0.006039189754679601,0.006163719538706726,0.006163719538706726,0.006253905389580796,0.006253838107310592,0.006714909215136431,0.006714909215136431,0.006648289594272165,0.005938545934612377,0.0066508518122149465,0.0066508518122149465,0.005655269560101172,0.005617882242265697,0.7199809336392047,0.6582883453412329,0.006054373312854698,0.006054373312854698,0.006489918593064039,0.006489819031689391,0.005629353069151288,0.00559376820749772,0.7195744628947226,0.657993044791157
UL001647,192.0,0.016494282485212574,0.005290218709278017,0.04299357809259136,0.03961255526894212,0.007982672305485676,0.007982672305485676,0.005366360344791446,0.006837315176995047,0.006837315176995047,0.005337076502141988,0.007768050277078658,0.007771935879350188,0.005366360344791446,0.005366360344791446,0.006545655241407346,0.006548602596071724,0.6960315946649263,0.6305511989117277,0.00801231156343614,0.008012306420887055,0.005290218709278017,0.04299357809259136,0.03961255526894212,0.008097271473593215,0.008097271473593215,0.006803111902757485,0.006803113267997583,0.006944868219270545,0.006944868219270545,0.007550558025955352,0.007550567500608455,0.008097271473593215,0.008097271473593215,0.007959089157480162,0.007053895381908686,0.008012306420887055,0.008012306420887055,0.006545655241407346,0.006548602596071724,0.6960315946649263,0.6305511989117277,0.006837315176995047,0.006837315176995047,0.007768050277078658,0.007771935879350188,0.006560139689024114,0.0065592476931764275,0.695862968556275,0.6300885730598179
UL001649,192.0,0.020356654676542747,0.0051183342551486145,0.03984347422698468,0.038514425297956525,0.007432010353472782,0.007432010353472782,0.005232692018302429,0.006586563644709845,0.006586563644709845,0.00520591448299292,0.0074724067690919264,0.007472370950794783,0.005232692018302429,0.005232692018302429,0.006128224199024863,0.006052851057527648,0.7109295535942928,0.6481060935650141,0.0075173146652924615,0.007517314041037571,0.0051183342551486145,0.03984347422698468,0.038514425297956525,0.007649595760214979,0.007649595760214979,0.006493342154240868,0.006493340737922903,0.006692797049551331,0.006692797049551331,0.007114908736825642,0.0071149146248133234,0.007649595760214979,0.007649595760214979,0.007436052200197457,0.0064946453956563925,0.007517314041037571,0.007517314041037571,0.006128224199024863,0.006052851057527648,0.7109295535942928,0.6481060935650141,0.006586563644709845,0.006586563644709845,0.0074724067690919264,0.007472370950794783,0.006131885853768156,0.006062122798523675,0.7115261749463321,0.6481247181362015
UL001651,192.0,0.019327247173222473,0.004911010977661502,0.04632228539346209,0.04427553181425407,0.008089826106643523,0.008089826106643523,0.004989690214163212,0.0070518051309125295,0.0070518051309125295,0.004975772940026253,0.007996838569480852,0.007996907807533394,0.004989690214163212,0.004989690214163212,0.006308983498374916,0.006412301340896883,0.7000717797206127,0.6331109395740562,0.008243012163499333,0.008243019364153501,0.004911010977661502,0.04632228539346209,0.04427553181425407,0.008459692933256241,0.008459692933256241,0.007055451383875336,0.0070554500114432045,0.007272813924266029,0.007272813924266029,0.007699476939949847,0.007699654186765156,0.008459692933256241,0.008459692933256241,0.008210939130173006,0.007144435174548814,0.008243019364153501,0.008243019364153501,0.006308983498374916,0.006412301340896883,0.7000717797206127,0.6331109395740562,0.0070518051309125295,0.0070518051309125295,0.007996838569480852,0.007996907807533394,0.006306083778373863,0.006411684774993855,0.7005384043717039,0.6341619832237587
UL001653,192.0,0.01979651458259608,0.005336694626969048,0.04412969230038034,0.03802437493070798,0.007951492309376272,0.007951492309376272,0.005552156500502364,0.006976857324099864,0.006976857324099864,0.005469806553391329,0.007798027662736754,0.007798007169300582,0.005552156500502364,0.005552156500502364,0.006425279000378138,0.0064987139135474,0.6922866427567236,0.6159516765966512,0.008049824815822367,0.008049820804712624,0.005336694626969048,0.04412969230038034,0.03802437493070798,0.008255293472550152,0.008255293472550152,0.006950077878907528,0.006950077924279337,0.007138124599469304,0.007138124599469304,0.0075546062252991346,0.007555032601761631,0.008255293472550152,0.008255293472550152,0.007946184521660815,0.007132213738681199,0.008049820804712624,0.008049820804712624,0.006425279000378138,0.0064987139135474,0.6922866427567236,0.6159516765966512,0.006976857324099864,0.006976857324099864,0.007798027662736754,0.007798007169300582,0.006438465844669246,0.006496689929611552,0.6936854832493567,0.6160411515803815
UL001655,192.0,0.01668127893330286,0.005094997064444203,0.029042044001888808,0.030576099971634383,0.008004911861366046,0.008004911861366046,0.005187956227414398,0.007033078345088993,0.007033078345088993,0.005171977439549668,0.007937654464625635,0.007937738281586277,0.005187956227414398,0.005187956227414398,0.006269808508555195,0.0063204976422616905,0.6887277488999395,0.6065102646010873,0.008167009753759781,0.008167010424379376,0.005094997064444203,0.029042044001888808,0.030576099971634383,0.00825600891007673,0.00825600891007673,0.006971519297326985,0.006971518906332978,0.0072350578352133816,0.0072350578352133816,0.007633669848205651,0.007633668995157938,0.00825600891007673,0.00825600891007673,0.008066065854128774,0.007081147018722498,0.008167010424379376,0.008167010424379376,0.006269808508555195,0.0063204976422616905,0.6887277488999395,0.6065102646010873,0.007033078345088993,0.007033078345088993,0.007937654464625635,0.007937738281586277,0.00622812604302846,0.006321168460433742,0.6881112384822408,0.6063521230962036
UL001665,192.0,0.02189806495413672,0.005015782131506608,0.0640581845735522,0.06115581459977703,0.00791202717767237,0.00791202717767237,0.005118798181405561,0.00723679933554201,0.00723679933554201,0.005137809298551214,0.00797559910390568,0.00797557586605979,0.005118798181405561,0.005118798181405561,0.006807318587468486,0.0069010583393264375,0.6882805398676771,0.6465163828331069,0.007990664605586829,0.007990672996097016,0.005015782131506608,0.0640581845735522,0.06115581459977703,0.008149722496725359,0.008149722496725359,0.007177354343156721,0.007177363178417262,0.007363327921636385,0.007363327921636385,0.007494999941491312,0.007494980203918633,0.008149722496725359,0.008149722496725359,0.007884275364596054,0.007359678309689865,0.007990672996097016,0.007990672996097016,0.006807318587468486,0.0069010583393264375,0.6882805398676771,0.6465163828331069,0.00723679933554201,0.00723679933554201,0.00797559910390568,0.00797557586605979,0.00672982062754977,0.0068189128422485165,0.6874316839647349,0.6457651682473199
UL001667,194.0,0.025628102647161814,0.005064772142481074,0.06197011610955207,0.04732976979951881,0.006718965147454704,0.006718965147454704,0.005102849222178489,0.0060227316781704485,0.0060227316781704485,0.005047977969263233,0.006583942542560066,0.006583735611055448,0.005102849222178489,0.005102849222178489,0.005880690682938438,0.005854616644394451,0.7562958541321542,0.6712748809455439,0.006739187384027328,0.006739189659048011,0.005064772142481074,0.06197011610955207,0.04732976979951881,0.006780964164190099,0.006780964164190099,0.005991553799698927,0.005991551757905237,0.006100854642801849,0.006100854642801849,0.0063123846546836015,0.006312444478764224,0.006780964164190099,0.006780964164190099,0.006692568141643374,0.006195359854575904,0.006739189659048011,0.006739189659048011,0.005880690682938438,0.005854616644394451,0.7562958541321542,0.6712748809455439,0.0060227316781704485,0.0060227316781704485,0.006583942542560066,0.006583735611055448,0.005880472450231299,0.005830500419508457,0.7554595317681687,0.6701188485695357
UL001669,192.0,0.17478903509037513,0.006011042687846185,0.04092554660150945,0.040900976911461336,0.008193676288064224,0.008193676288064224,0.005933381287562792,0.007345198540733806,0.007345198540733806,0.005922610475181379,0.008018656659142365,0.008020497316173146,0.005933381287562792,0.005933381287562792,0.006682585009085918,0.006669627408462141,0.6706325547828872,0.6064164337139334,0.008272498667911453,0.008272498325600532,0.006011042687846185,0.04092554660150945,0.040900976911461336,0.008350707315905675,0.008350707315905675,0.00740108513106933,0.007401084851892065,0.007559701071463584,0.007559701071463584,0.007748457718924444,0.007748428922846477,0.008350707315905675,0.008350707315905675,0.008235482822383039,0.007583978052191343,0.008272498325600532,0.008272498325600532,0.006682585009085918,0.006669627408462141,0.6706325547828872,0.6064164337139334,0.007345198540733806,0.007345198540733806,0.008018656659142365,0.008020497316173146,0.006600364011489984,0.006621674388359421,0.671143980263698,0.6060984439683177
UL001671,192.0,0.018813409779935213,0.005286636868099892,0.05485777989659051,0.05511681893563092,0.008353514441153878,0.008353514441153878,0.00545136310477324,0.0072724843521486185,0.0072724843521486185,0.005378528370750808,0.00835333781451857,0.008353325410597934,0.00545136310477324,0.00545136310477324,0.006763723845013126,0.006758120739526879,0.7065715906227226,0.645668327698075,0.008431141890852128,0.00843114405363964,0.005286636868099892,0.05485777989659051,0.05511681893563092,0.008651700707659193,0.008651700707659193,0.007187636419915953,0.007187636177841564,0.007403245602249566,0.007403245602249566,0.00798700807114045,0.007986964552895827,0.008651700707659193,0.008651700707659193,0.00832093078986393,0.007317607288677697,0.00843114405363964,0.00843114405363964,0.006763723845013126,0.006758120739526879,0.7065715906227226,0.645668327698075,0.0072724843521486185,0.0072724843521486185,0.00835333781451857,0.008353325410597934,0.006788473994658494,0.006772056432514345,0.7068583360793892,0.6459223945025189
UL001673,192.0,0.01872490675781931,0.005403840465288346,0.055790748580983124,0.05102421999275212,0.008007332420101392,0.008007332420101392,0.005484459501712898,0.007096998856591505,0.007096998856591505,0.005471407852770686,0.007819094894670578,0.007818906610983908,0.005484459501712898,0.005484459501712898,0.006583373974494231,0.00650987106325275,0.6917384748401626,0.6302610174924277,0.008087351837374796,0.00808735053094503,0.005403840465288346,0.055790748580983124,0.05102421999275212,0.008262145527429479,0.008262145527429479,0.00702228577299334,0.007022287164223244,0.0072214751951917115,0.0072214751951917115,0.00757583950371596,0.007575887783379208,0.008262145527429479,0.008262145527429479,0.007989406822282824,0.0070225105663555415,0.00808735053094503,0.00808735053094503,0.006583373974494231,0.00650987106325275,0.6917384748401626,0.6302610174924277,0.007096998856591505,0.007096998856591505,0.007819094894670578,0.007818906610983908,0.006595708143629157,0.006521132265664619,0.6910352946054356,0.6297290287005278
UL001675,192.0,0.018678585391726902,0.0052263205053956685,0.06305095214858009,0.05914403091844897,0.007781065077785321,0.007781065077785321,0.005319648191876303,0.006934196498090124,0.006934196498090124,0.005295266817271666,0.00767624983978836,0.007676308491688454,0.005319648191876303,0.005319648191876303,0.006446463918115936,0.006560195972601413,0.7139538633552416,0.6601550554253758,0.007863429084878557,0.007863430791200113,0.0052263205053956685,0.06305095214858009,0.05914403091844897,0.008000755648886656,0.008000755648886656,0.006928543867822732,0.006928543948314574,0.007082457957497901,0.007082457957497901,0.00740608347417071,0.007406063521424563,0.008000755648886656,0.008000755648886656,0.007772874332938534,0.006992753217382763,0.007863430791200113,0.007863430791200113,0.006446463918115936,0.006560195972601413,0.7139538633552416,0.6601550554253758,0.006934196498090124,0.006934196498090124,0.00767624983978836,0.007676308491688454,0.006441337468005459,0.006557091739871924,0.7138599728311813,0.6594422159806895
UL001677,192.0,0.01743301987833017,0.005190362724445493,0.06210351628142068,0.05015984524601793,0.007547927570862672,0.007547927570862672,0.005256372495000646,0.006536830420411727,0.006536830420411727,0.0052128468571349855,0.00739502222339888,0.00739515696278917,0.005256372495000646,0.005256372495000646,0.006240137498852798,0.006382802528295988,0.7109198125391343,0.6628699020217342,0.0076945389942542014,0.007694536082401538,0.005190362724445493,0.06210351628142068,0.05015984524601793,0.007776078469956996,0.007776078469956996,0.006607550124240549,0.006607549943450314,0.0066712153541110255,0.0066712153541110255,0.007260140993729003,0.00726010755543383,0.007776078469956996,0.007776078469956996,0.0076262564817411145,0.006920173865526986,0.007694536082401538,0.007694536082401538,0.006240137498852798,0.006382802528295988,0.7109198125391343,0.6628699020217342,0.006536830420411727,0.006536830420411727,0.00739502222339888,0.00739515696278917,0.006284266777587043,0.006335356360844802,0.7097618710596411,0.6606168071349747
UL001679,992.0,0.15086578218443716,0.025015232445144107,0.1481870793422452,0.29182825513733646,0.022149809252620882,0.022149809252620882,0.025138822554371266,0.022103411817749236,0.022103411817749236,0.02523652669855478,0.022134663624751652,0.02213457217815619,0.025138822554371266,0.025138822554371266,0.02159670169494267,0.021283555227394255,0.9714605537770578,0.9571529202683549,0.02169438612054706,0.021694397076079664,0.025015232445144107,0.1481870793422452,0.29182825513733646,0.02213561547570453,0.02213561547570453,0.021331299366849396,0.021331285204071567,0.022098172289262325,0.022098172289262325,0.0212924672783429,0.021292176783116658,0.02213561547570453,0.02213561547570453,0.021579560665269122,0.021245960530387673,0.021694397076079664,0.021694397076079664,0.02159670169494267,0.021283555227394255,0.9714605537770578,0.9571529202683549,0.022103411817749236,0.022103411817749236,0.022134663624751652,0.02213457217815619,0.021284700371718812,0.021084259498024463,0.97216056805338,0.9578445164856844
UL001713,228.0,0.09369312575538774,0.006000190397870812,0.09537927620615312,0.0914045144902048,0.00757444549265894,0.00757444549265894,0.006201330428892947,0.007036538218445578,0.007036538218445578,0.0061109345939510725,0.007497217973525387,0.007497500891820147,0.006201330428892947,0.006201330428892947,0.0068276212167509955,0.006758804365850514,0.7504278730705298,0.6953926212609186,0.00755824444784607,0.0075582453984641695,0.006000190397870812,0.09537927620615312,0.0914045144902048,0.007670917279056727,0.007670917279056727,0.006929373049802987,0.006929379835779262,0.007085157853018044,0.007085157853018044,0.007274446617455242,0.007274457770566932,0.007670917279056727,0.007670917279056727,0.007525715942362421,0.007014552625888935,0.0075582453984641695,0.0075582453984641695,0.0068276212167509955,0.006758804365850514,0.7504278730705298,0.6953926212609186,0.007036538218445578,0.007036538218445578,0.007497217973525387,0.007497500891820147,0.006834433567234367,0.006726057356886035,0.7504535070403776,0.6958589051283282
UL001717,226.0,0.10137771595066986,0.03866525011297305,0.3342636563627825,0.3086458914136101,0.007055028588207582,0.007055028588207582,0.04602861982499865,0.007022001192122023,0.007022001192122023,0.03830708845004177,0.007194063662122007,0.007193627587262457,0.04602861982499865,0.04602861982499865,0.006375410261689857,0.006191426519632105,0.7986916247855858,0.7369485958008175,0.007073967096375302,0.007073947934378593,0.03866525011297305,0.3342636563627825,0.3086458914136101,0.0074296638224967465,0.0074296638224967465,0.006773941325910039,0.006773940027593291,0.007074698277889485,0.007074698277889485,0.0068752032011267505,0.0068732713238480875,0.0074296638224967465,0.0074296638224967465,0.007056863900083939,0.006551037562181238,0.007073947934378593,0.007073947934378593,0.006375410261689857,0.006191426519632105,0.7986916247855858,0.7369485958008175,0.007022001192122023,0.007022001192122023,0.007194063662122007,0.007193627587262457,0.006315327558121704,0.00613223815245679,0.7990413890372992,0.7360713874927083
UL001719,207.0,0.10116657056525577,0.006057471935864452,0.167956986446805,0.14371364160715408,0.007513490363182689,0.007513490363182689,0.006300459116210952,0.007092661203344982,0.007092661203344982,0.006213898447063393,0.007544634989880045,0.007544632069651485,0.006300459116210952,0.006300459116210952,0.006646200730349433,0.006548193734142245,0.7276044711867434,0.6834011771176616,0.0075203064529576254,0.007520262587679535,0.006057471935864452,0.167956986446805,0.14371364160715408,0.007656714561622903,0.007656714561622903,0.007020634604832971,0.007020634727690955,0.0071650886737741806,0.0071650886737741806,0.007258596218279317,0.00725861481567329,0.007656714561622903,0.007656714561622903,0.007506106000679234,0.00698520989670283,0.007520262587679535,0.007520262587679535,0.006646200730349433,0.006548193734142245,0.7276044711867434,0.6834011771176616,0.007092661203344982,0.007092661203344982,0.007544634989880045,0.007544632069651485,0.006616372814882813,0.006550098147190765,0.7277934217078811,0.6835272740207572
UL001765,193.0,0.02068889392712286,0.005684101384349524,0.05896845502246524,0.054272873432734285,0.008406365981484691,0.008406365981484691,0.005814731617464533,0.007358072632999854,0.007358072632999854,0.00572164869270172,0.008167446609288984,0.008167613334900884,0.005814731617464533,0.005814731617464533,0.007080061012088869,0.0070782682773608266,0.7089735669776636,0.6582664086948037,0.008449037768374289,0.008449038643632613,0.005684101384349524,0.05896845502246524,0.054272873432734285,0.00849583966198451,0.00849583966198451,0.007479711349092389,0.007479711226281714,0.007495202796609564,0.007495202796609564,0.008030851754866444,0.008030814787484348,0.00849583966198451,0.00849583966198451,0.008351731693445769,0.007477004580947874,0.008449038643632613,0.008449038643632613,0.007080061012088869,0.0070782682773608266,0.7089735669776636,0.6582664086948037,0.007358072632999854,0.007358072632999854,0.008167446609288984,0.008167613334900884,0.007093220009965654,0.007083723054350652,0.7092281174111883,0.6575437924490161
UL001769,194.0,0.04355898854003237,0.005412494787182646,0.10204629167431192,0.09176914318789935,0.007969334078736021,0.007969334078736021,0.005581749816553042,0.007104448010386731,0.007104448010386731,0.0054928536180125255,0.007816480824176329,0.007816557637933635,0.005581749816553042,0.005581749816553042,0.006746986616366528,0.006882193313270706,0.724361047380904,0.6531692928370093,0.008009389245759887,0.008009388745473783,0.005412494787182646,0.10204629167431192,0.09176914318789935,0.008108937362579336,0.008108937362579336,0.007125296958026171,0.00712529672766222,0.007226934387499405,0.007226934387499405,0.007635969214502488,0.007635906335552771,0.008108937362579336,0.008108937362579336,0.00791657282268197,0.007167718376986236,0.008009388745473783,0.008009388745473783,0.006746986616366528,0.006882193313270706,0.724361047380904,0.6531692928370093,0.007104448010386731,0.007104448010386731,0.007816480824176329,0.007816557637933635,0.006692885440072787,0.006768790471839075,0.7245945728914603,0.6527900143560535
UL001771,192.0,0.0346931145932218,0.005291909473620924,0.2406574365513091,0.2107332775933939,0.008183879212931228,0.008183879212931228,0.0055927764728861025,0.007330638839774397,0.007330638839774397,0.005399251859609286,0.008104402225630305,0.008104495216035073,0.0055927764728861025,0.0055927764728861025,0.007220221185942673,0.007346099588722141,0.7408569102617427,0.6761236374953835,0.008221171101409843,0.008221169717051637,0.005291909473620924,0.2406574365513091,0.2107332775933939,0.008279016733554486,0.008279016733554486,0.007432174771859599,0.0074321756428662724,0.007405341660301489,0.007405341660301489,0.00794537162456364,0.007945285774069855,0.008279016733554486,0.008279016733554486,0.00815308897788134,0.0076431539204523495,0.008221169717051637,0.008221169717051637,0.007220221185942673,0.007346099588722141,0.7408569102617427,0.6761236374953835,0.007330638839774397,0.007330638839774397,0.008104402225630305,0.008104495216035073,0.007204889196580307,0.007315194492624283,0.740876717762997,0.6760146167298551
UL001781,320.0,0.03591283411348874,0.007777551113951913,0.06363809531935026,0.07506647314799063,0.007772536529489752,0.007772536529489752,0.007758355676866634,0.007511659918825769,0.007511659918825769,0.0077600617975868095,0.00776036362276733,0.007760569214826103,0.007758355676866634,0.007758355676866634,0.007474809999178324,0.0073526556123472645,0.8534466544095045,0.8043736245106645,0.007692518960079449,0.0076925317017855115,0.007777551113951913,0.06363809531935026,0.07506647314799063,0.007799993800149389,0.007799993800149389,0.00734897672306721,0.007348975923250361,0.007525883088463516,0.007525883088463516,0.007497936921000027,0.007497852614284405,0.007799993800149389,0.007799993800149389,0.007658535360201399,0.007320713638230702,0.0076925317017855115,0.0076925317017855115,0.007474809999178324,0.0073526556123472645,0.8534466544095045,0.8043736245106645,0.007511659918825769,0.007511659918825769,0.00776036362276733,0.007760569214826103,0.007412281093766668,0.007326257734539788,0.8547519105152641,0.806196144014779
UL001785,187.0,0.01702627297646667,0.004868904784587088,0.3336610799401301,0.256115282316657,0.006551453321262399,0.006551453321262399,0.005045049853445544,0.005997615041328865,0.005997615041328865,0.004905868324657112,0.006656190545164306,0.0066563448787667606,0.005045049853445544,0.005045049853445544,0.005686368034164441,0.005764898856070585,0.7309053652565204,0.6552575314894397,0.006576999543480776,0.006576994436582252,0.004868904784587088,0.3336610799401301,0.256115282316657,0.0066875770180026,0.0066875770180026,0.005985591374067465,0.005985591982224602,0.006089406111832492,0.006089406111832492,0.006361797847542584,0.006361263381494758,0.0066875770180026,0.0066875770180026,0.00651398086106067,0.006003844458574694,0.006576994436582252,0.006576994436582252,0.005686368034164441,0.005764898856070585,0.7309053652565204,0.6552575314894397,0.005997615041328865,0.005997615041328865,0.006656190545164306,0.0066563448787667606,0.005700251117996898,0.005764266457777886,0.7322528343475282,0.6564982999743061
UL001787,190.0,0.01693881707437495,0.004874136705326453,0.3884071260845657,0.32310835578827884,0.009059620672030038,0.009059620672030038,0.005022662384664596,0.00785609566682833,0.00785609566682833,0.004922126963141852,0.009093110625635385,0.009096114742147412,0.005022662384664596,0.005022662384664596,0.007377064771199526,0.007332659266689191,0.7092864328549406,0.6458382727616964,0.009127209584198376,0.009127207802351234,0.004874136705326453,0.3884071260845657,0.32310835578827884,0.009295716907291408,0.009295716907291408,0.007940076342324598,0.007940074960720018,0.008029581427026693,0.008029581427026693,0.008776016527281199,0.008776108628509206,0.009295716907291408,0.009295716907291408,0.009063511477185046,0.008070962059590073,0.009127207802351234,0.009127207802351234,0.007377064771199526,0.007332659266689191,0.7092864328549406,0.6458382727616964,0.00785609566682833,0.00785609566682833,0.009093110625635385,0.009096114742147412,0.007407567343908161,0.007391758810549491,0.7103449722080281,0.6462477967036492
UL001789,192.0,0.02261061890037309,0.004798274312936647,0.04996261902832194,0.042928212195854375,0.006934179678700945,0.006934179678700945,0.004894990508415311,0.0060684494634651335,0.0060684494634651335,0.004852390491382425,0.0069256656966416655,0.0069255379571900285,0.004894990508415311,0.004894990508415311,0.005702468487354118,0.0056001396397429085,0.7173180578921438,0.6297777149474713,0.007026341627299795,0.00702634189721417,0.004798274312936647,0.04996261902832194,0.042928212195854375,0.007159620143395784,0.007159620143395784,0.006062838029730286,0.006062838519105614,0.006192696603611819,0.006192696603611819,0.006584617468223062,0.006584643217341157,0.007159620143395784,0.007159620143395784,0.006920406429115668,0.006144779578841668,0.00702634189721417,0.00702634189721417,0.005702468487354118,0.0056001396397429085,0.7173180578921438,0.6297777149474713,0.0060684494634651335,0.0060684494634651335,0.0069256656966416655,0.0069255379571900285,0.005679742819062007,0.00562399229441773,0.7183627900674154,0.6313845310720881
UL001791,192.0,0.01991378530447945,0.0049457869998061,0.0556622939060153,0.04168879736785816,0.008241300975044557,0.008241300975044557,0.005028399628225687,0.0072064806062381295,0.0072064806062381295,0.004985138100682951,0.007965613583845952,0.00796578603349109,0.005028399628225687,0.005028399628225687,0.006610426513982498,0.006723696068334364,0.7049938623523931,0.6353117942126512,0.008296673819785905,0.008296624080782303,0.0049457869998061,0.0556622939060153,0.04168879736785816,0.008418107641378144,0.008418107641378144,0.007293876560856136,0.00729387666766301,0.007387321821594186,0.007387321821594186,0.007841439326051792,0.007841401301308263,0.008418107641378144,0.008418107641378144,0.008161471296342595,0.0072281429695740295,0.008296624080782303,0.008296624080782303,0.006610426513982498,0.006723696068334364,0.7049938623523931,0.6353117942126512,0.0072064806062381295,0.0072064806062381295,0.007965613583845952,0.00796578603349109,0.006572688182776868,0.006666840057878508,0.706043288676972,0.6358878462657865
UL001793,192.0,0.020570640811782743,0.00496172720899109,0.041513855641162604,0.0316796920808484,0.007543744365121053,0.007543744365121053,0.0050260594791699895,0.006651101944561126,0.006651101944561126,0.005000889437307212,0.007523749813333574,0.007523567225914941,0.0050260594791699895,0.0050260594791699895,0.006410937299947958,0.006337420436798794,0.7181890527349539,0.6334176161702066,0.007608433866921272,0.007608434105466996,0.00496172720899109,0.041513855641162604,0.0316796920808484,0.007769796415334727,0.007769796415334727,0.006642213054013808,0.006642213054013808,0.006767996905424566,0.006767996905424566,0.007213689284469329,0.007213902138448682,0.007769796415334727,0.007769796415334727,0.0075255399157488296,0.006781471009185687,0.007608434105466996,0.007608434105466996,0.006410937299947958,0.006337420436798794,0.7181890527349539,0.6334176161702066,0.006651101944561126,0.006651101944561126,0.007523749813333574,0.007523567225914941,0.006395287956102581,0.006332830601040406,0.718674346825991,0.6354586034728112
UL001795,191.0,0.02026403618981546,0.0049049457059442405,0.032168625438017635,0.03230120990426259,0.007623970966338476,0.007623970966338476,0.004930439623816538,0.006555401797981905,0.006555401797981905,0.0049249319507967595,0.007445071708737254,0.007444990498582934,0.004930439623816538,0.004930439623816538,0.006348601032403219,0.0063786522406123385,0.7144182902483647,0.6244806347361673,0.0076912137681973405,0.007691214871962885,0.0049049457059442405,0.032168625438017635,0.03230120990426259,0.0077828503669211185,0.0077828503669211185,0.0065422964592063496,0.006542291864706684,0.006649754117633533,0.006649754117633533,0.007210360862004876,0.00721038913373147,0.0077828503669211185,0.0077828503669211185,0.007613403348704404,0.006839503362750072,0.007691214871962885,0.007691214871962885,0.006348601032403219,0.0063786522406123385,0.7144182902483647,0.6244806347361673,0.006555401797981905,0.006555401797981905,0.007445071708737254,0.007444990498582934,0.0063573538272480405,0.006391355026456709,0.7137003799386182,0.6237766886527051
UL001797,193.0,0.02407384800716554,0.005028539927908949,0.07156210570133334,0.06103549941201713,0.007545975714578424,0.007545975714578424,0.005176582445511315,0.006858444902864895,0.006858444902864895,0.005112878639700757,0.0074606649913167376,0.007462572604416565,0.005176582445511315,0.005176582445511315,0.006823494105028196,0.006890458300320139,0.7410668932690281,0.6777769456750059,0.007597822440780817,0.007597824997366929,0.005028539927908949,0.07156210570133334,0.06103549941201713,0.00766735747798664,0.00766735747798664,0.0067718807816526255,0.006771881162186157,0.00694318169520708,0.00694318169520708,0.007270148467835456,0.0072701463948877994,0.00766735747798664,0.00766735747798664,0.007522972071431613,0.007207341181950926,0.007597824997366929,0.007597824997366929,0.006823494105028196,0.006890458300320139,0.7410668932690281,0.6777769456750059,0.006858444902864895,0.006858444902864895,0.0074606649913167376,0.007462572604416565,0.006816347900094042,0.0068598114331628055,0.7421054470547183,0.6793794110219498
UL001799,192.0,0.01982606938136215,0.004839610760988427,0.05116595184903891,0.04366567366927793,0.008589083117823259,0.008589083117823259,0.005005792841467108,0.00791949646816623,0.00791949646816623,0.0049388068114293365,0.008496050976607059,0.008495858285947946,0.005005792841467108,0.005005792841467108,0.0075227637300039315,0.007372871605595246,0.7294801628366702,0.6699736492595622,0.008657236041395051,0.008657235820623943,0.004839610760988427,0.05116595184903891,0.04366567366927793,0.008743054842345863,0.008743054842345863,0.007961348275672884,0.007961347412706266,0.008099114021781002,0.008099114021781002,0.008381980888931747,0.008381700646108554,0.008743054842345863,0.008743054842345863,0.008599919761046263,0.007920098209912733,0.008657235820623943,0.008657235820623943,0.0075227637300039315,0.007372871605595246,0.7294801628366702,0.6699736492595622,0.00791949646816623,0.00791949646816623,0.008496050976607059,0.008495858285947946,0.007530816633030739,0.007422975562873167,0.7286165431711469,0.669099676332639
Mean mAP,113.34020618556701,0.03935485580477092,0.004509218074475204,0.06318142191537286,0.05536218075297753,0.010991970983430644,0.010991970983430644,0.0063179926599872295,0.008602762468886844,0.008602762468886844,0.005446884634119232,0.010014574599830562,0.010014681659017437,0.0063179926599872295,0.0063179926599872295,0.006045629618746551,0.006923967719185169,0.489434879957181,0.44630835888565573,0.011691376280260585,0.011691363870554326,0.004509218074475204,0.06318142191537286,0.05536218075297753,0.011908564949696217,0.011908564949696217,0.009102707939360638,0.009102717097843114,0.009548356749969162,0.009548356749969162,0.010127515708423261,0.010127298473479415,0.011908564949696217,0.011908564949696217,0.011179037768777352,0.009447033325410635,0.011691363870554326,0.011691363870554326,0.006045629618746551,0.006923967719185169,0.489434879957181,0.44630835888565573,0.008602762468886844,0.008602762468886844,0.010014574599830562,0.010014681659017437,0.005872584312723152,0.006653631172032896,0.4826364380103185,0.4409771564649396
