Label,Number of Queries,mAP (Embeddings_Raw),mAP (Embeddings_Raw__Int),mAP (Embeddings_Raw__Res11),mAP (Embeddings_Raw__Res01),mAP (Embeddings_Raw__ZCA_N_C),mAP (Embeddings_Raw__ZCA_C),mAP (Embeddings_Raw__rZMs_C),mAP (Embeddings_Raw__Int__ZCA_N_C),mAP (Embeddings_Raw__Int__ZCA_C),mAP (Embeddings_Raw__Int__rZMs_C),mAP (Embeddings_Raw__Res11__ZCA_C),mAP (Embeddings_Raw__Res01__ZCA_C),mAP (Embeddings_Raw__Res11__rZMs_C),mAP (Embeddings_Raw__Res01__rZMs_C),mAP (Embeddings_Raw__ZCA_N_C__Int),mAP (Embeddings_Raw__ZCA_C__Int),mAP (Embeddings_Raw__ZCA_C__Res11),mAP (Embeddings_Raw__ZCA_C__Res01),mAP (Embeddings_Raw__ZCA_N_C__rZMs_C),mAP (Embeddings_Raw__ZCA_C__rZMs_C),mAP (Embeddings_Raw__rZMs_C__Int),mAP (Embeddings_Raw__rZMs_C__Res11),mAP (Embeddings_Raw__rZMs_C__Res01),mAP (Embeddings_Raw__rZMs_C__ZCA_N_C),mAP (Embeddings_Raw__rZMs_C__ZCA_C),mAP (Embeddings_Raw__Int__ZCA_N_C__rZMs_C),mAP (Embeddings_Raw__Int__ZCA_C__rZMs_C),mAP (Embeddings_Raw__Int__rZMs_C__ZCA_N_C),mAP (Embeddings_Raw__Int__rZMs_C__ZCA_C),mAP (Embeddings_Raw__Res11__ZCA_C__rZMs_C),mAP (Embeddings_Raw__Res01__ZCA_C__rZMs_C),mAP (Embeddings_Raw__Res11__rZMs_C__ZCA_C),mAP (Embeddings_Raw__Res01__rZMs_C__ZCA_C),mAP (Embeddings_Raw__ZCA_N_C__Int__rZMs_C),mAP (Embeddings_Raw__ZCA_C__Int__rZMs_C),mAP (Embeddings_Raw__ZCA_C__Res11__rZMs_C),mAP (Embeddings_Raw__ZCA_C__Res01__rZMs_C),mAP (Embeddings_Raw__ZCA_N_C__rZMs_C__Int),mAP (Embeddings_Raw__ZCA_C__rZMs_C__Int),mAP (Embeddings_Raw__ZCA_C__rZMs_C__Res11),mAP (Embeddings_Raw__ZCA_C__rZMs_C__Res01),mAP (Embeddings_Raw__rZMs_C__Int__ZCA_N_C),mAP (Embeddings_Raw__rZMs_C__Int__ZCA_C),mAP (Embeddings_Raw__rZMs_C__Res11__ZCA_C),mAP (Embeddings_Raw__rZMs_C__Res01__ZCA_C),mAP (Embeddings_Raw__rZMs_C__ZCA_N_C__Int),mAP (Embeddings_Raw__rZMs_C__ZCA_C__Int),mAP (Embeddings_Raw__rZMs_C__ZCA_C__Res11),mAP (Embeddings_Raw__rZMs_C__ZCA_C__Res01)
1053597950,64.0,0.07032404291222283,0.004683694529468329,0.041232241202860856,0.03919613909759345,0.01773972825508007,0.01773972825508007,0.006113612826690708,0.012853634914792958,0.012853634914792958,0.005747040827057137,0.01637325002500772,0.016385772504566853,0.006113612826690708,0.006113612826690708,0.010896085054706768,0.010318085867106355,0.5505785312002341,0.5315669906535397,0.018371784410661316,0.018368086048975475,0.004683694529468329,0.041232241202860856,0.03919613909759345,0.01991926557778528,0.01991926557778528,0.015424128161412061,0.01542924183609326,0.014233055761134842,0.014233055761134842,0.017466806905933267,0.017458591722489782,0.01991926557778528,0.01991926557778528,0.01732966515188406,0.01451361993091779,0.018368086048975475,0.018368086048975475,0.010896085054706768,0.010318085867106355,0.5505785312002341,0.5315669906535397,0.012853634914792958,0.012853634914792958,0.01637325002500772,0.016385772504566853,0.011110654301607499,0.011122439766058253,0.544689497179362,0.5340827563810587
1053597981,64.0,0.08954285702856665,0.005336079729532934,0.07694778573549084,0.06282440109176965,0.018485525135319338,0.018485525135319338,0.006898897312142762,0.0148752579740115,0.0148752579740115,0.0063873106842042456,0.018904124867058045,0.018913152334341255,0.006898897312142762,0.006898897312142762,0.010579831664218347,0.010959264714998848,0.616917360477766,0.5648178996686842,0.019396299553784208,0.019407103155579784,0.005336079729532934,0.07694778573549084,0.06282440109176965,0.019798775546768208,0.019798775546768208,0.015558669539384949,0.015544612465528481,0.01599439201987242,0.01599439201987242,0.019093509411283766,0.01909202954807128,0.019798775546768208,0.019798775546768208,0.019607773548658725,0.014855053838046358,0.019407103155579784,0.019407103155579784,0.010579831664218347,0.010959264714998848,0.616917360477766,0.5648178996686842,0.0148752579740115,0.0148752579740115,0.018904124867058045,0.018913152334341255,0.010345821104140094,0.01088650692578087,0.6135113326146548,0.5672375008111052
1053597998,64.0,0.07475543040325987,0.006198224012014868,0.061653434099210314,0.05521660099069153,0.02204233248791356,0.02204233248791356,0.009731941100672194,0.02130116016489125,0.02130116016489125,0.00920997291800491,0.022976391943720486,0.022998330749816026,0.009731941100672194,0.009731941100672194,0.010974376201507104,0.011342266909664474,0.5760204112150114,0.5383997735571381,0.02287491963172162,0.02287411322717172,0.006198224012014868,0.061653434099210314,0.05521660099069153,0.023487945472086685,0.023487945472086685,0.022051975551137405,0.022052575416443353,0.022472360314212785,0.022472360314212785,0.02213743556727066,0.022136004117016387,0.023487945472086685,0.023487945472086685,0.020892024982747674,0.01728537850579687,0.02287411322717172,0.02287411322717172,0.010974376201507104,0.011342266909664474,0.5760204112150114,0.5383997735571381,0.02130116016489125,0.02130116016489125,0.022976391943720486,0.022998330749816026,0.01143263152599336,0.011585655849425884,0.56510035754115,0.5340294282844904
1053599589,64.0,0.1818079196317564,0.014505295599327863,0.1166800226990869,0.09783679906585754,0.026762210630666153,0.026762210630666153,0.02046911568254227,0.026032671673138583,0.026032671673138583,0.016842810822510376,0.027689357712046916,0.027709386289903434,0.02046911568254227,0.02046911568254227,0.01309703515551624,0.016807258226986924,0.4767062632247389,0.46259356271575297,0.02795429675944685,0.02801106478250653,0.014505295599327863,0.1166800226990869,0.09783679906585754,0.03006832476555668,0.03006832476555668,0.0269720362229747,0.026948643266356136,0.026337356449930897,0.026337356449930897,0.027227715961530213,0.027222561929795656,0.03006832476555668,0.03006832476555668,0.0268086599561667,0.02100061376652455,0.02801106478250653,0.02801106478250653,0.01309703515551624,0.016807258226986924,0.4767062632247389,0.46259356271575297,0.026032671673138583,0.026032671673138583,0.027689357712046916,0.027709386289903434,0.01386404496390195,0.017419704455090418,0.4767617939471778,0.4613018984840434
1053599619,64.0,0.27963798026177145,0.00845296760636538,0.11492063394723044,0.09465821614012382,0.023454133103218956,0.023454133103218956,0.010895018717165543,0.019349468682884133,0.019349468682884133,0.010367844178538156,0.023506146108607184,0.023524652767854762,0.010895018717165543,0.010895018717165543,0.014620875737861935,0.014836019566935634,0.6106439121687057,0.583578650502931,0.023777991819959803,0.023775707125431738,0.00845296760636538,0.11492063394723044,0.09465821614012382,0.02589119743845594,0.02589119743845594,0.021057656245598758,0.021041639183149666,0.019912479956648195,0.019912479956648195,0.022052911637598257,0.022047776763473692,0.02589119743845594,0.02589119743845594,0.023084338269528697,0.019615742752327213,0.023775707125431738,0.023775707125431738,0.014620875737861935,0.014836019566935634,0.6106439121687057,0.583578650502931,0.019349468682884133,0.019349468682884133,0.023506146108607184,0.023524652767854762,0.015496332842805893,0.015005506658922427,0.6165570834181084,0.588630130199552
1053599626,64.0,0.1801772425761612,0.01244551133067795,0.10630205109378159,0.08816523635775705,0.02672570022190754,0.02672570022190754,0.01999340521917326,0.025008965809964284,0.025008965809964284,0.01732717850841574,0.026427336405351647,0.026437662087093344,0.01999340521917326,0.01999340521917326,0.016756160974442783,0.018123419659382793,0.5098583359865296,0.5056434876158679,0.027869367840252356,0.027867383396636348,0.01244551133067795,0.10630205109378159,0.08816523635775705,0.029571238890979585,0.029571238890979585,0.02642576290444348,0.0263721265949298,0.02628033593800706,0.02628033593800706,0.028108515338352725,0.02805851975325146,0.029571238890979585,0.029571238890979585,0.02645643043662787,0.023910571419489594,0.027867383396636348,0.027867383396636348,0.016756160974442783,0.018123419659382793,0.5098583359865296,0.5056434876158679,0.025008965809964284,0.025008965809964284,0.026427336405351647,0.026437662087093344,0.01751176082183417,0.018626610462455864,0.5061142786445599,0.4998005276179657
1053600728,64.0,0.10855661508166435,0.006611005373876888,0.1017262763850612,0.09428699223919175,0.02145282317147176,0.02145282317147176,0.011775761674082846,0.022213432453373927,0.022213432453373927,0.009883960912152318,0.02224169634365442,0.022219752979045524,0.011775761674082846,0.011775761674082846,0.013349547355705113,0.014247764765406746,0.5319359937081714,0.5187039511951863,0.021490502203445047,0.021504742007546297,0.006611005373876888,0.1017262763850612,0.09428699223919175,0.023360408920998648,0.023360408920998648,0.022573914923424084,0.022588146628295305,0.02281512087477716,0.02281512087477716,0.02125758182717599,0.02123941171260237,0.023360408920998648,0.023360408920998648,0.020269669525161512,0.017211055605108903,0.021504742007546297,0.021504742007546297,0.013349547355705113,0.014247764765406746,0.5319359937081714,0.5187039511951863,0.022213432453373927,0.022213432453373927,0.02224169634365442,0.022219752979045524,0.013646398939931236,0.014510976775944772,0.5349235766986721,0.5211420662871639
1053600865,64.0,0.0945773895740426,0.007552461966790611,0.16665832822408072,0.13804997023758503,0.024929353237027427,0.024929353237027427,0.011460133839143852,0.020115262731932655,0.020115262731932655,0.00984905704923554,0.022498441683353125,0.0225006288520219,0.011460133839143852,0.011460133839143852,0.012926108694100769,0.014034721946542577,0.5328178042912245,0.532914450916994,0.02491918844936613,0.024926301400167366,0.007552461966790611,0.16665832822408072,0.13804997023758503,0.026719498411357675,0.026719498411357675,0.021692524079594804,0.02171143801334625,0.021817889233656,0.021817889233656,0.021043436823731936,0.021042852114704934,0.026719498411357675,0.026719498411357675,0.024357020903094433,0.01992335271925129,0.024926301400167366,0.024926301400167366,0.012926108694100769,0.014034721946542577,0.5328178042912245,0.532914450916994,0.020115262731932655,0.020115262731932655,0.022498441683353125,0.0225006288520219,0.012455115227575468,0.013576385422663088,0.5389516044982019,0.5350571690852555
1053600872,64.0,0.06876692094450537,0.00711744354229133,0.09993093562545578,0.08298516306512328,0.02248561617715408,0.02248561617715408,0.012161929901288492,0.01951276664261016,0.01951276664261016,0.010025731154537294,0.022832177766448927,0.022835038713513306,0.012161929901288492,0.012161929901288492,0.011796796919136128,0.013061661977407327,0.5277187789837166,0.5127394849259737,0.022979732437060144,0.02297700754641278,0.00711744354229133,0.09993093562545578,0.08298516306512328,0.02512504907880645,0.02512504907880645,0.020148084788065408,0.02017223189337272,0.020119568411513043,0.020119568411513043,0.02139931001622697,0.02139697005061503,0.02512504907880645,0.02512504907880645,0.022099550431391706,0.018246823045953736,0.02297700754641278,0.02297700754641278,0.011796796919136128,0.013061661977407327,0.5277187789837166,0.5127394849259737,0.01951276664261016,0.01951276664261016,0.022832177766448927,0.022835038713513306,0.0117697058638294,0.012784607612969583,0.524877415436229,0.514289731513652
1053601770,64.0,0.10369976595142273,0.0077463843013258205,0.08173814712992919,0.08210091530064574,0.024040791890064882,0.024040791890064882,0.014837685558968592,0.020279450014423304,0.020279450014423304,0.011222577856736133,0.02462175655460833,0.024611158292050093,0.014837685558968592,0.014837685558968592,0.012877071761223569,0.014786187860343617,0.5683075958502973,0.5577118161533572,0.024837086937338073,0.024830327161542445,0.0077463843013258205,0.08173814712992919,0.08210091530064574,0.02596677149331205,0.02596677149331205,0.01975140278290775,0.01976648908084082,0.020736934552692064,0.020736934552692064,0.024436793850971677,0.02443854951195318,0.02596677149331205,0.02596677149331205,0.024024582964446595,0.020558432680820186,0.024830327161542445,0.024830327161542445,0.012877071761223569,0.014786187860343617,0.5683075958502973,0.5577118161533572,0.020279450014423304,0.020279450014423304,0.02462175655460833,0.024611158292050093,0.013232419169749718,0.014786775073266721,0.5650019113346131,0.5566585965608277
1053601794,64.0,0.07327451255538713,0.007957016249684912,0.0923727814664847,0.08559280643725925,0.020590921368919362,0.020590921368919362,0.013471512861024066,0.019299879177988154,0.019299879177988154,0.009584322406944389,0.019769914396714137,0.019684200838939875,0.013471512861024066,0.013471512861024066,0.01461954932199053,0.0157178456784797,0.49819290657702925,0.4915952713032636,0.020940017696401327,0.020939841354543805,0.007957016249684912,0.0923727814664847,0.08559280643725925,0.023133428326685714,0.023133428326685714,0.01924739903068159,0.019248165026871943,0.019532798602916426,0.019532798602916426,0.020201614567723826,0.02021867811220909,0.023133428326685714,0.023133428326685714,0.02051347909212257,0.017846578222663056,0.020939841354543805,0.020939841354543805,0.01461954932199053,0.0157178456784797,0.49819290657702925,0.4915952713032636,0.019299879177988154,0.019299879177988154,0.019769914396714137,0.019684200838939875,0.014609945330274817,0.01644059799102494,0.5026519241609708,0.49332273639714774
1053601909,64.0,0.09004157541056444,0.0056838394849143175,0.10302252095526213,0.09681612089972323,0.01957366091808958,0.01957366091808958,0.008728256247274553,0.014631669802816789,0.014631669802816789,0.007372541064593552,0.01836050626996417,0.01836078438867718,0.008728256247274553,0.008728256247274553,0.011896304526309404,0.011741834569639993,0.5429687508652076,0.546852129600993,0.019857290841075667,0.01985991784942631,0.0056838394849143175,0.10302252095526213,0.09681612089972323,0.020756297923177038,0.020756297923177038,0.014697469100949212,0.014703600316015452,0.015481280869259867,0.015481280869259867,0.019141957183707255,0.019149805380520607,0.020756297923177038,0.020756297923177038,0.018787033966615786,0.016201843090126452,0.01985991784942631,0.01985991784942631,0.011896304526309404,0.011741834569639993,0.5429687508652076,0.546852129600993,0.014631669802816789,0.014631669802816789,0.01836050626996417,0.01836078438867718,0.011891213895110699,0.011145304119471917,0.5398660862696891,0.5414180621333241
1086289747,64.0,0.06621575595229015,0.006775834885951782,0.12321771875708998,0.1043196278107797,0.01677719351646161,0.01677719351646161,0.009467967565177914,0.0143230482297897,0.0143230482297897,0.008317867220660751,0.016890520445453194,0.016896425094571597,0.009467967565177914,0.009467967565177914,0.009628169833434983,0.01115893517599575,0.7140622270830843,0.6868126933590216,0.01640967157449152,0.016270894375682052,0.006775834885951782,0.12321771875708998,0.1043196278107797,0.018157886565948737,0.018157886565948737,0.015282256999388254,0.015305146357792496,0.014568034899176466,0.014568034899176466,0.01625459265274489,0.016247289686789693,0.018157886565948737,0.018157886565948737,0.015470134090224892,0.014450963965547577,0.016270894375682052,0.016270894375682052,0.009628169833434983,0.01115893517599575,0.7140622270830843,0.6868126933590216,0.0143230482297897,0.0143230482297897,0.016890520445453194,0.016896425094571597,0.009947178147605606,0.011038063844655494,0.7195258738234935,0.6945701585399727
1086289761,64.0,0.07202856314514665,0.007664874601110331,0.13708271598807512,0.13523738811548883,0.02279937582410046,0.02279937582410046,0.012257697372377665,0.01886097271626672,0.01886097271626672,0.010172240715052157,0.023026582075321263,0.02304769400649853,0.012257697372377665,0.012257697372377665,0.013209766078190889,0.014088663140003073,0.5553758265284207,0.5548452191816731,0.023081734741320074,0.023126836156940556,0.007664874601110331,0.13708271598807512,0.13523738811548883,0.025943948472806903,0.025943948472806903,0.019142165631771384,0.019158749496249964,0.019235102969368,0.019235102969368,0.022320119513307198,0.02232882745985034,0.025943948472806903,0.025943948472806903,0.022037849350983615,0.020411103052674937,0.023126836156940556,0.023126836156940556,0.013209766078190889,0.014088663140003073,0.5553758265284207,0.5548452191816731,0.01886097271626672,0.01886097271626672,0.023026582075321263,0.02304769400649853,0.013633577335138168,0.014185126267093482,0.5617662368691898,0.558634551158184
1086289785,64.0,0.0554950190252635,0.007625969556524137,0.10200914562234942,0.09543406516452772,0.023665026729211606,0.023665026729211606,0.016434603638727383,0.022849955613843148,0.022849955613843148,0.012321089875369581,0.024926968689742774,0.024911578545968854,0.016434603638727383,0.016434603638727383,0.012437621222288597,0.013397088259701918,0.6427534438788792,0.6184987298689887,0.025129717330358084,0.025126077394814216,0.007625969556524137,0.10200914562234942,0.09543406516452772,0.027240689914448273,0.027240689914448273,0.0253790529127756,0.025373938551070577,0.02372873856130421,0.02372873856130421,0.024168777454661883,0.024136132005502096,0.027240689914448273,0.027240689914448273,0.023583274030023752,0.018337934261415334,0.025126077394814216,0.025126077394814216,0.012437621222288597,0.013397088259701918,0.6427534438788792,0.6184987298689887,0.022849955613843148,0.022849955613843148,0.024926968689742774,0.024911578545968854,0.012764456312783312,0.0139071591471415,0.6310503364026024,0.6111554738929602
1086290354,64.0,0.043947888908804945,0.00974920699792247,0.1588394858211399,0.1470780451669614,0.02211144141048911,0.02211144141048911,0.012150257870411924,0.01808052232358333,0.01808052232358333,0.011390421548056,0.022515630243826565,0.022514399830017934,0.012150257870411924,0.012150257870411924,0.00920423599479344,0.011069503061374972,0.7444927977087384,0.7119476266039125,0.02238922477077527,0.022394383617553863,0.00974920699792247,0.1588394858211399,0.1470780451669614,0.024461739058499653,0.024461739058499653,0.019686848704023364,0.01968497652494629,0.019766531650907408,0.019766531650907408,0.0225130800929854,0.022510456114973144,0.024461739058499653,0.024461739058499653,0.020980334086968217,0.018066785036078413,0.022394383617553863,0.022394383617553863,0.00920423599479344,0.011069503061374972,0.7444927977087384,0.7119476266039125,0.01808052232358333,0.01808052232358333,0.022515630243826565,0.022514399830017934,0.00930186446185044,0.010725616050218689,0.7321893916335623,0.7077521809464472
1086290361,64.0,0.05008148957838202,0.008004910752489311,0.11440062538015386,0.10709504921300006,0.015183434712881479,0.015183434712881479,0.010737512411734184,0.012006016624765192,0.012006016624765192,0.008323929476260912,0.015930142901996514,0.01596125737429458,0.010737512411734184,0.010737512411734184,0.010204760526067011,0.010125309617924367,0.5664582210855419,0.5725641528986963,0.01592075404287404,0.01589475797090109,0.008004910752489311,0.11440062538015386,0.10709504921300006,0.016995434848888956,0.016995434848888956,0.012020445265269518,0.01204230029395699,0.012188547780541075,0.012188547780541075,0.015220993715535269,0.015218442752370427,0.016995434848888956,0.016995434848888956,0.015346706808340164,0.012639797016532488,0.01589475797090109,0.01589475797090109,0.010204760526067011,0.010125309617924367,0.5664582210855419,0.5725641528986963,0.012006016624765192,0.012006016624765192,0.015930142901996514,0.01596125737429458,0.010192993119706995,0.010251514622717152,0.5740814130760354,0.57433878203815
1086290453,384.0,0.523283008877208,0.028750579212517502,0.232944214350953,0.30091560000042683,0.007804039078736803,0.007804039078736803,0.029589112570594933,0.007789935821313872,0.007789935821313872,0.029373673277353626,0.0078025416262089385,0.007802782549005769,0.029589112570594933,0.029589112570594933,0.007778453534831358,0.007783080401037015,0.04879110221092619,0.04769812537938677,0.007794203658676621,0.007802357134695517,0.028750579212517502,0.232944214350953,0.30091560000042683,0.007797106697386602,0.007797106697386602,0.007787979606452386,0.007795866805170408,0.00778915951353308,0.00778915951353308,0.007811281300555652,0.0078116420503933715,0.007797106697386602,0.007797106697386602,0.007795419575434014,0.007792688805403731,0.007802357134695517,0.007802357134695517,0.007778453534831358,0.007783080401037015,0.04879110221092619,0.04769812537938677,0.007789935821313872,0.007789935821313872,0.0078025416262089385,0.007802782549005769,0.007778880736857241,0.007782700244639034,0.05522073805814246,0.04970127549814718
1086290477,384.0,0.4947552561507414,0.03611633218257973,0.2971740575967515,0.33567704620114974,0.007809691786342179,0.007809691786342179,0.03886476807572364,0.007801182768911573,0.007801182768911573,0.03677944924204051,0.007805828607238958,0.007805898518639402,0.03886476807572364,0.03886476807572364,0.007785554887216856,0.007788836628122283,0.041800359942308914,0.03522719673186304,0.007799971706846487,0.007807845979336683,0.03611633218257973,0.2971740575967515,0.33567704620114974,0.007801390854287747,0.007801390854287747,0.007798529254972766,0.007807172864487251,0.007800638248642103,0.007800638248642103,0.007814282651967047,0.007814521004794244,0.007801390854287747,0.007801390854287747,0.007802218779865387,0.00779834556692879,0.007807845979336683,0.007807845979336683,0.007785554887216856,0.007788836628122283,0.041800359942308914,0.03522719673186304,0.007801182768911573,0.007801182768911573,0.007805828607238958,0.007805898518639402,0.007784900222037761,0.0077902416769326695,0.04700066524015825,0.03809649510445453
1086290484,64.0,0.0526386016377473,0.011777380279115476,0.12082596733598812,0.10989088371570106,0.022862178319958206,0.022862178319958206,0.015849233335682354,0.019963604553197897,0.019963604553197897,0.013887750264572955,0.02350503388618208,0.023512062038738884,0.015849233335682354,0.015849233335682354,0.011261057317977113,0.012970534167336078,0.5641383378569151,0.5645825258784548,0.02364136880016685,0.023655599798452397,0.011777380279115476,0.12082596733598812,0.10989088371570106,0.025177121807633745,0.025177121807633745,0.01927104618683171,0.019274402066739787,0.0205325954825602,0.0205325954825602,0.022482039468309425,0.0225158773438316,0.025177121807633745,0.025177121807633745,0.022954433396186195,0.01806005922412252,0.023655599798452397,0.023655599798452397,0.011261057317977113,0.012970534167336078,0.5641383378569151,0.5645825258784548,0.019963604553197897,0.019963604553197897,0.02350503388618208,0.023512062038738884,0.012636706341188337,0.013533109757191183,0.5539520449479259,0.559353862774411
1086290644,64.0,0.06859170103789548,0.008865804577041489,0.1342184448845148,0.1161702254091,0.020412322297166607,0.020412322297166607,0.01760661984481364,0.02147689901503641,0.02147689901503641,0.013219589365077632,0.02377691846392449,0.023783104879939707,0.01760661984481364,0.01760661984481364,0.010599949984240336,0.01276034605675074,0.5463760747665211,0.5407929789700212,0.02092059884417079,0.020934102613388076,0.008865804577041489,0.1342184448845148,0.1161702254091,0.02354500600853064,0.02354500600853064,0.019997674838319466,0.02000392385938951,0.02212046508175628,0.02212046508175628,0.020143675407579633,0.020161342592897855,0.02354500600853064,0.02354500600853064,0.020358326740839483,0.01801750541741482,0.020934102613388076,0.020934102613388076,0.010599949984240336,0.01276034605675074,0.5463760747665211,0.5407929789700212,0.02147689901503641,0.02147689901503641,0.02377691846392449,0.023783104879939707,0.010024704245675633,0.012668899021986079,0.5536033571242265,0.5488609049337352
1086291962,64.0,0.05247873104279464,0.006758795131569375,0.06808479011126484,0.060048854027365775,0.014377367881838214,0.014377367881838214,0.008607847569714614,0.011680761086965646,0.011680761086965646,0.008033860437779804,0.015248247804919868,0.015242835110632237,0.008607847569714614,0.008607847569714614,0.00834328307378039,0.008721122608194722,0.5388852623712302,0.5433282985743023,0.015367451851636831,0.015355844063932558,0.006758795131569375,0.06808479011126484,0.060048854027365775,0.014765744740477926,0.014765744740477926,0.013355711894038723,0.013357429510204877,0.012188404736753497,0.012188404736753497,0.014435785744267553,0.014432996069014308,0.014765744740477926,0.014765744740477926,0.014435343207321238,0.011999898321688829,0.015355844063932558,0.015355844063932558,0.00834328307378039,0.008721122608194722,0.5388852623712302,0.5433282985743023,0.011680761086965646,0.011680761086965646,0.015248247804919868,0.015242835110632237,0.008929341300152376,0.009324550814901187,0.5261627532902926,0.5349362851457518
1086292082,64.0,0.05452250569900092,0.005028480879135087,0.12932885956050605,0.1114446693621743,0.016597238144223394,0.016597238144223394,0.006504221968873302,0.013298162517379487,0.013298162517379487,0.005659586132677255,0.017401483830790855,0.017391023436710954,0.006504221968873302,0.006504221968873302,0.010913526708037288,0.011137641394883687,0.5712482682536343,0.5539908490341954,0.017678180653417863,0.017677795236918797,0.005028480879135087,0.12932885956050605,0.1114446693621743,0.017906862431562313,0.017906862431562313,0.014505525231872955,0.014507073214891995,0.013859832156908827,0.013859832156908827,0.016645573980084375,0.01662251210170491,0.017906862431562313,0.017906862431562313,0.0156481791158757,0.014643740841986401,0.017677795236918797,0.017677795236918797,0.010913526708037288,0.011137641394883687,0.5712482682536343,0.5539908490341954,0.013298162517379487,0.013298162517379487,0.017401483830790855,0.017391023436710954,0.01124564501751858,0.011927152539824007,0.5712511034471216,0.5490799043144324
1086292150,64.0,0.0743500897477492,0.005769181956496348,0.08798730641932795,0.0764836425619498,0.015885224703288903,0.015885224703288903,0.007995704111640118,0.012518600095285562,0.012518600095285562,0.0071976210917063565,0.016260263893735052,0.01619435470372675,0.007995704111640118,0.007995704111640118,0.009841823590432239,0.010558996192078438,0.5837747254943906,0.5483400590777507,0.016922988290847908,0.016922516737152542,0.005769181956496348,0.08798730641932795,0.0764836425619498,0.017831907524036874,0.017831907524036874,0.012950566879889385,0.012952894099621654,0.01324161210688103,0.01324161210688103,0.01622769338543081,0.016215224587657014,0.017831907524036874,0.017831907524036874,0.016746472774438505,0.012776428203004918,0.016922516737152542,0.016922516737152542,0.009841823590432239,0.010558996192078438,0.5837747254943906,0.5483400590777507,0.012518600095285562,0.012518600095285562,0.016260263893735052,0.01619435470372675,0.0106985164277177,0.010588331933240958,0.600457061262509,0.564665821348945
1086292273,64.0,0.10320986733745187,0.006007472220223961,0.08123475084749365,0.07106231054690318,0.0169537174257991,0.0169537174257991,0.008946602379652254,0.01329127005659662,0.01329127005659662,0.007065327723536687,0.01628694028225811,0.016288380556846147,0.008946602379652254,0.008946602379652254,0.010788604726993502,0.011992438110183745,0.5069651662079696,0.4841574114561358,0.017568712327575807,0.017577755593581167,0.006007472220223961,0.08123475084749365,0.07106231054690318,0.01868562547029847,0.01868562547029847,0.013043659280899813,0.012934539864238639,0.014322368805408109,0.014322368805408109,0.016260280528249405,0.016259662353009803,0.01868562547029847,0.01868562547029847,0.017120673946261798,0.014362943719658797,0.017577755593581167,0.017577755593581167,0.010788604726993502,0.011992438110183745,0.5069651662079696,0.4841574114561358,0.01329127005659662,0.01329127005659662,0.01628694028225811,0.016288380556846147,0.010904430541928625,0.0120035410290399,0.5086102449088218,0.4808116286334556
1086292440,64.0,0.08170174215895044,0.006411897553867774,0.10299706930473879,0.09267100172733177,0.023993912177149312,0.023993912177149312,0.012433190433462466,0.020562988601392277,0.020562988601392277,0.009940861262981118,0.02408516207009445,0.02409260308553218,0.012433190433462466,0.012433190433462466,0.009603833811895867,0.012432217636330059,0.5390455676734501,0.5391149248251185,0.02404245816109254,0.02403948417394327,0.006411897553867774,0.10299706930473879,0.09267100172733177,0.027075942490391657,0.027075942490391657,0.021131587727771815,0.021132298361158104,0.020806428901208405,0.020806428901208405,0.02226529839378667,0.02225688512856827,0.027075942490391657,0.027075942490391657,0.022972055490979682,0.017903788905889485,0.02403948417394327,0.02403948417394327,0.009603833811895867,0.012432217636330059,0.5390455676734501,0.5391149248251185,0.020562988601392277,0.020562988601392277,0.02408516207009445,0.02409260308553218,0.010893251752180845,0.013454147012313932,0.5381995939836794,0.5366633742442187
1086292495,64.0,0.09532451836778905,0.010559889830915098,0.09805429666143445,0.0711811357478683,0.015586209450571088,0.015586209450571088,0.014401979773281665,0.013553794796518543,0.013553794796518543,0.012504932355445574,0.01478907956297329,0.014798727571178161,0.014401979773281665,0.014401979773281665,0.00899827341721359,0.010199317028778257,0.5845935753832191,0.5529375334422196,0.016079103859638608,0.016084128748952004,0.010559889830915098,0.09805429666143445,0.0711811357478683,0.017961463327113184,0.017961463327113184,0.012701037356987457,0.012677951714399213,0.013827906767315181,0.013827906767315181,0.015259844520397024,0.015265872095593906,0.017961463327113184,0.017961463327113184,0.01556876224594945,0.012626709447802198,0.016084128748952004,0.016084128748952004,0.00899827341721359,0.010199317028778257,0.5845935753832191,0.5529375334422196,0.013553794796518543,0.013553794796518543,0.01478907956297329,0.014798727571178161,0.009300848735023228,0.010753735899844259,0.5975214020246128,0.5671719873268073
1086292778,64.0,0.05975235373957188,0.005987640395855729,0.1663369858987379,0.1398758650131638,0.018571440486767052,0.018571440486767052,0.008552088089723983,0.01566318842458994,0.01566318842458994,0.007316988326303431,0.019306077447609295,0.019306261218811044,0.008552088089723983,0.008552088089723983,0.012998721647069557,0.014330069870026494,0.528422072884914,0.520226019211417,0.018793524715532372,0.01871084310199834,0.005987640395855729,0.1663369858987379,0.1398758650131638,0.021571835654834882,0.021571835654834882,0.015876397787857148,0.015876734448082703,0.016299947473329364,0.016299947473329364,0.017873055414194438,0.01786364833123599,0.021571835654834882,0.021571835654834882,0.018400861562698583,0.016727587720964485,0.01871084310199834,0.01871084310199834,0.012998721647069557,0.014330069870026494,0.528422072884914,0.520226019211417,0.01566318842458994,0.01566318842458994,0.019306077447609295,0.019306261218811044,0.013877583089361711,0.01443458941961375,0.5316021114927023,0.5215867662759608
1086292891,64.0,0.053796966354345985,0.007271288341079276,0.1798365813772658,0.14493903950377918,0.01664504268539356,0.01664504268539356,0.010193928789469316,0.015387611779595415,0.015387611779595415,0.008529652749050846,0.016309327318720528,0.01630941579185549,0.010193928789469316,0.010193928789469316,0.013878794363580733,0.0140181845808556,0.562075192025861,0.5521321359635221,0.016919473563416543,0.016922187340170643,0.007271288341079276,0.1798365813772658,0.14493903950377918,0.01694919403290212,0.01694919403290212,0.016612284022788904,0.016616190668244383,0.01627538586899618,0.01627538586899618,0.01684037761141959,0.016841240857991473,0.01694919403290212,0.01694919403290212,0.016850645244625692,0.014188661158728761,0.016922187340170643,0.016922187340170643,0.013878794363580733,0.0140181845808556,0.562075192025861,0.5521321359635221,0.015387611779595415,0.015387611779595415,0.016309327318720528,0.01630941579185549,0.014278377256602172,0.014779216849546094,0.5597653323442245,0.5516843877712873
1086292952,64.0,0.04829179772285218,0.008478982829066306,0.08531539274281728,0.07604893494413292,0.029936086820918927,0.029936086820918927,0.015087433623368382,0.027205819611896564,0.027205819611896564,0.012896483345371197,0.02926025821934563,0.029250018782533797,0.015087433623368382,0.015087433623368382,0.013868911572787183,0.01624430962036267,0.5528155441782073,0.5391759014647376,0.030957899947508458,0.03094623264550899,0.008478982829066306,0.08531539274281728,0.07604893494413292,0.03156590112519351,0.03156590112519351,0.030474435933954522,0.030420156641472018,0.029312279195903394,0.029312279195903394,0.029261626987985317,0.02926259081221416,0.03156590112519351,0.03156590112519351,0.02944220840731334,0.023845974857902914,0.03094623264550899,0.03094623264550899,0.013868911572787183,0.01624430962036267,0.5528155441782073,0.5391759014647376,0.027205819611896564,0.027205819611896564,0.02926025821934563,0.029250018782533797,0.01423130578732201,0.01692707964877212,0.5598935788600841,0.5494608975803401
1086293195,64.0,0.046643680408350534,0.00576444746130805,0.07752974136902055,0.07157790511041064,0.01687889112380629,0.01687889112380629,0.007297535166903353,0.012942683531597166,0.012942683531597166,0.006248028686511374,0.01662501392624082,0.016626071435594057,0.007297535166903353,0.007297535166903353,0.012429399243991838,0.012601594540394669,0.5614863143768232,0.5549010125835626,0.017251461099343023,0.017249800198022452,0.00576444746130805,0.07752974136902055,0.07157790511041064,0.018577577396835267,0.018577577396835267,0.013437448340236038,0.013436886941888687,0.014183495461694728,0.014183495461694728,0.016019981909813193,0.01602408875105106,0.018577577396835267,0.018577577396835267,0.016567106028479422,0.015476957462386684,0.017249800198022452,0.017249800198022452,0.012429399243991838,0.012601594540394669,0.5614863143768232,0.5549010125835626,0.012942683531597166,0.012942683531597166,0.01662501392624082,0.016626071435594057,0.012678114880519547,0.013105492416752585,0.563449779625518,0.5591296750931692
1086293218,64.0,0.04308810763709777,0.006471653628532902,0.05144055800500515,0.046090125792749334,0.020087967811910367,0.020087967811910367,0.010019219027185639,0.017110332806533207,0.017110332806533207,0.008511523801043464,0.020014916190381093,0.020004208475609218,0.010019219027185639,0.010019219027185639,0.013286263513474835,0.013555024951961807,0.48381001992036454,0.4912854791608983,0.020618584778553353,0.020625106736417237,0.006471653628532902,0.05144055800500515,0.046090125792749334,0.02100887358709704,0.02100887358709704,0.018386410065319762,0.018392265360053332,0.017878506103783953,0.017878506103783953,0.019812504874391755,0.019805215949664973,0.02100887358709704,0.02100887358709704,0.020213258085583618,0.01779757947555721,0.020625106736417237,0.020625106736417237,0.013286263513474835,0.013555024951961807,0.48381001992036454,0.4912854791608983,0.017110332806533207,0.017110332806533207,0.020014916190381093,0.020004208475609218,0.013260542086571216,0.014311276492822267,0.4804587737765713,0.48508525688562387
1086293225,64.0,0.044655247570632384,0.006096284286309953,0.05201809757627039,0.04284242206853773,0.01418192949347411,0.01418192949347411,0.01016247021078751,0.013533174977222897,0.013533174977222897,0.008829356731844235,0.014182047215420629,0.014184103723635988,0.01016247021078751,0.01016247021078751,0.010089405296072416,0.010382328893357964,0.44673876462993567,0.4482483376815092,0.015110184428239845,0.015107824300371912,0.006096284286309953,0.05201809757627039,0.04284242206853773,0.0164478470339487,0.0164478470339487,0.014523021182260442,0.014518895700683114,0.01410676450754027,0.01410676450754027,0.014473794674687065,0.014474101585661241,0.0164478470339487,0.0164478470339487,0.014640078485109601,0.013389222402161305,0.015107824300371912,0.015107824300371912,0.010089405296072416,0.010382328893357964,0.44673876462993567,0.4482483376815092,0.013533174977222897,0.013533174977222897,0.014182047215420629,0.014184103723635988,0.011120024546858651,0.011127140490596196,0.44441749494860466,0.4480230643962791
1086293386,384.0,0.4621254169542157,0.024566731402206703,0.49962204083599054,0.48239035405512715,0.0077968283111723635,0.0077968283111723635,0.025774741918991036,0.007778865567515106,0.007778865567515106,0.0258296549100159,0.007793283229743576,0.007793322501421841,0.025774741918991036,0.025774741918991036,0.007770475757990472,0.0077696031695807894,0.04592869237265886,0.03817347039836707,0.007787607157034973,0.007795368666651279,0.024566731402206703,0.49962204083599054,0.48239035405512715,0.007790543124919335,0.007790543124919335,0.007777003485095951,0.007783286592386244,0.007778323696592901,0.007778323696592901,0.007798359366588572,0.0077983777707304166,0.007790543124919335,0.007790543124919335,0.007789215864942038,0.007783947557591507,0.007795368666651279,0.007795368666651279,0.007770475757990472,0.0077696031695807894,0.04592869237265886,0.03817347039836707,0.007778865567515106,0.007778865567515106,0.007793283229743576,0.007793322501421841,0.007770099112896735,0.007770356666470094,0.05236999283520643,0.04015122911485132
1086293478,64.0,0.048803603334710816,0.0061330315826219305,0.16404948679462472,0.144789532325034,0.020425809431830345,0.020425809431830345,0.011846048839575317,0.0217852125734514,0.0217852125734514,0.008867198765664103,0.022422236026158202,0.022406316218145175,0.011846048839575317,0.011846048839575317,0.013801689767016876,0.014432662759792757,0.5281463511731271,0.537341635801018,0.021276629750345232,0.021252229817946267,0.0061330315826219305,0.16404948679462472,0.144789532325034,0.02223999757913305,0.02223999757913305,0.021094945036780804,0.02109432880631424,0.02262951527616258,0.02262951527616258,0.020404949909697847,0.02042308971282835,0.02223999757913305,0.02223999757913305,0.020749526621625727,0.01942238441066199,0.021252229817946267,0.021252229817946267,0.013801689767016876,0.014432662759792757,0.5281463511731271,0.537341635801018,0.0217852125734514,0.0217852125734514,0.022422236026158202,0.022406316218145175,0.013810438599338485,0.01456775464572966,0.5343261934373101,0.543777971059916
1086293553,64.0,0.056063852946596146,0.006143595023111178,0.08567024250170281,0.06743066252663747,0.014266174202630157,0.014266174202630157,0.007524893337839249,0.01247307502446788,0.01247307502446788,0.006752427287465489,0.013841772703933592,0.01384369383408853,0.007524893337839249,0.007524893337839249,0.010319009530424481,0.01077351896289092,0.61494798121356,0.6052365585977564,0.014851992284039328,0.014849148687234383,0.006143595023111178,0.08567024250170281,0.06743066252663747,0.016363410691256432,0.016363410691256432,0.0135151726297542,0.013504667323294448,0.013297687811163451,0.013297687811163451,0.014309362086775912,0.014304526678843502,0.016363410691256432,0.016363410691256432,0.01448171762563891,0.013464884087025166,0.014849148687234383,0.014849148687234383,0.010319009530424481,0.01077351896289092,0.61494798121356,0.6052365585977564,0.01247307502446788,0.01247307502446788,0.013841772703933592,0.01384369383408853,0.010290602344580771,0.010543868305598442,0.6069254448745864,0.5966761541622617
1086293850,64.0,0.06617508756653664,0.005148759251948081,0.07568016785359491,0.06968064221620195,0.023899687709828803,0.023899687709828803,0.009120838356553201,0.018753230734990956,0.018753230734990956,0.00680006686752278,0.023086944699949756,0.02309290619088993,0.009120838356553201,0.009120838356553201,0.012638009924111323,0.012696703350487391,0.5473436622127661,0.5321097686621866,0.02504734288433245,0.025056951206181413,0.005148759251948081,0.07568016785359491,0.06968064221620195,0.027542685046498323,0.027542685046498323,0.018895896895848863,0.018868354054704124,0.021073987004948502,0.021073987004948502,0.023165734763447368,0.023167729438913622,0.027542685046498323,0.027542685046498323,0.02421123057375097,0.01870271994009334,0.025056951206181413,0.025056951206181413,0.012638009924111323,0.012696703350487391,0.5473436622127661,0.5321097686621866,0.018753230734990956,0.018753230734990956,0.023086944699949756,0.02309290619088993,0.01364052583536206,0.013263258646846621,0.5480938686716503,0.531656993959662
1086293942,64.0,0.05524309833861152,0.005888247309999298,0.059874641933556336,0.05395785804557531,0.017179417004568816,0.017179417004568816,0.008559868307163059,0.013353196296441376,0.013353196296441376,0.007613531626542006,0.016226331571144243,0.01619811772179167,0.008559868307163059,0.008559868307163059,0.009212577628027978,0.00997627807611559,0.5214482674108323,0.5030173228147208,0.01814246816490122,0.01812796226731991,0.005888247309999298,0.059874641933556336,0.05395785804557531,0.01864974919554651,0.01864974919554651,0.014231874128193123,0.014227372211248935,0.013681447962107383,0.013681447962107383,0.017537763971770298,0.017552031819123768,0.01864974919554651,0.01864974919554651,0.016922410049731634,0.013765334100951624,0.01812796226731991,0.01812796226731991,0.009212577628027978,0.00997627807611559,0.5214482674108323,0.5030173228147208,0.013353196296441376,0.013353196296441376,0.016226331571144243,0.01619811772179167,0.009498086532781776,0.009833041024129689,0.5242837788072562,0.509982778595975
1086294024,384.0,0.4755836512635822,0.021810212151772188,0.11334528623405471,0.17839772908387022,0.0078005735827244805,0.0078005735827244805,0.02236279089031373,0.007783565936570302,0.007783565936570302,0.02222394352953018,0.007797612997570757,0.007797698855875131,0.02236279089031373,0.02236279089031373,0.00777339958717737,0.007772529787988192,0.020163079244620904,0.0275488326767107,0.007789767698238193,0.007798563412887093,0.021810212151772188,0.11334528623405471,0.17839772908387022,0.007794420753997265,0.007794420753997265,0.007781087605837803,0.00778870083556914,0.007783078774487307,0.007783078774487307,0.007803999586330965,0.007803968305717213,0.007794420753997265,0.007794420753997265,0.007790649884461465,0.007786031789019525,0.007798563412887093,0.007798563412887093,0.00777339958717737,0.007772529787988192,0.020163079244620904,0.0275488326767107,0.007783565936570302,0.007783565936570302,0.007797612997570757,0.007797698855875131,0.007772784412482262,0.007771900909958478,0.021099011677382543,0.02849745928901623
110000293082,64.0,0.07431524464361647,0.005294711893169666,0.14872199499837072,0.13035642373380624,0.01493389054444506,0.01493389054444506,0.008914425216888842,0.011365001884430062,0.011365001884430062,0.0065561609015194425,0.015608638017400785,0.015608829124895888,0.008914425216888842,0.008914425216888842,0.00846404863882412,0.008595680506053844,0.5592506798133248,0.556389461810327,0.015512585621919485,0.015554753912784507,0.005294711893169666,0.14872199499837072,0.13035642373380624,0.016480806138780772,0.016480806138780772,0.01154570954287336,0.011504818511204457,0.012324294744573956,0.012324294744573956,0.01514901858501142,0.015131001053237041,0.016480806138780772,0.016480806138780772,0.014366387973380322,0.012741637719823217,0.015554753912784507,0.015554753912784507,0.00846404863882412,0.008595680506053844,0.5592506798133248,0.556389461810327,0.011365001884430062,0.011365001884430062,0.015608638017400785,0.015608829124895888,0.00900011483739067,0.009056174732752205,0.5598299894038143,0.5599088305490318
110000293084,64.0,0.03282473052370789,0.006073694228072058,0.08371502290421971,0.07638523685148894,0.01929857468508882,0.01929857468508882,0.009175686513120273,0.01544575543858868,0.01544575543858868,0.007517977183582146,0.02088043895558605,0.020885799102971513,0.009175686513120273,0.009175686513120273,0.010591361481794296,0.010937342161480157,0.5705495448396316,0.5749010358349707,0.02033364994262824,0.02037833955620186,0.006073694228072058,0.08371502290421971,0.07638523685148894,0.026484419442412473,0.026484419442412473,0.014716307104551416,0.01471277299315008,0.016657279587658884,0.016657279587658884,0.01942249364855765,0.01942372206781752,0.026484419442412473,0.026484419442412473,0.018893097672395356,0.015560642279752785,0.02037833955620186,0.02037833955620186,0.010591361481794296,0.010937342161480157,0.5705495448396316,0.5749010358349707,0.01544575543858868,0.01544575543858868,0.02088043895558605,0.020885799102971513,0.011170072721820313,0.011355108324795755,0.577897575976263,0.5746155533295728
110000293088,64.0,0.032859006562792725,0.0049681443768489,0.073646154246041,0.05917045063619618,0.01344923760985818,0.01344923760985818,0.006678955551808604,0.011371685557968785,0.011371685557968785,0.00521626625573487,0.014761133617017422,0.01475395854314705,0.006678955551808604,0.006678955551808604,0.008587490267385704,0.009032959479490016,0.6300435071159466,0.6007523601758136,0.014238435189227107,0.0142360050847797,0.0049681443768489,0.073646154246041,0.05917045063619618,0.01582635933084372,0.01582635933084372,0.01209846968047679,0.01211009240347048,0.011884992146047367,0.011884992146047367,0.013323599773385767,0.013291575354536785,0.01582635933084372,0.01582635933084372,0.013693931419648324,0.011417039150427334,0.0142360050847797,0.0142360050847797,0.008587490267385704,0.009032959479490016,0.6300435071159466,0.6007523601758136,0.011371685557968785,0.011371685557968785,0.014761133617017422,0.01475395854314705,0.009155778592725965,0.0096304649880099,0.6364234057719104,0.603307872869649
110000293096,64.0,0.03220246644153996,0.005998675159869172,0.19689050472883846,0.16562854557669623,0.01658012979258865,0.01658012979258865,0.012605662261136769,0.01445907847677706,0.01445907847677706,0.006560168407546491,0.020024181786078676,0.020012332873476757,0.012605662261136769,0.012605662261136769,0.01163241169556216,0.012879009999139724,0.6341315002203264,0.6166009697655267,0.016864590634467713,0.016782247822316982,0.005998675159869172,0.19689050472883846,0.16562854557669623,0.021740333404322375,0.021740333404322375,0.01467776514733792,0.014678413352532357,0.015008577315633622,0.015008577315633622,0.01757007537862328,0.017563206303788582,0.021740333404322375,0.021740333404322375,0.016016342214190675,0.01535774090314578,0.016782247822316982,0.016782247822316982,0.01163241169556216,0.012879009999139724,0.6341315002203264,0.6166009697655267,0.01445907847677706,0.01445907847677706,0.020024181786078676,0.020012332873476757,0.013152385440845264,0.013843375330558646,0.6345169185531484,0.6186527872462638
110000293098,64.0,0.029434651456678593,0.006707977764365652,0.06464279399747691,0.052422202799019636,0.015417379377159165,0.015417379377159165,0.007312862051903105,0.01262880328396429,0.01262880328396429,0.0062709237621862,0.01645041899684542,0.01645317923669722,0.007312862051903105,0.007312862051903105,0.009811112755928648,0.010043671902665101,0.5695217169490425,0.5483209682459687,0.015768461083788102,0.015754827896646922,0.006707977764365652,0.06464279399747691,0.052422202799019636,0.017189916913366972,0.017189916913366972,0.014336558312766702,0.0143358244141091,0.01324780492787648,0.01324780492787648,0.015777751881296636,0.015777245211137894,0.017189916913366972,0.017189916913366972,0.015290542198716957,0.014201918997316565,0.015754827896646922,0.015754827896646922,0.009811112755928648,0.010043671902665101,0.5695217169490425,0.5483209682459687,0.01262880328396429,0.01262880328396429,0.01645041899684542,0.01645317923669722,0.009909195998522198,0.010202389417706998,0.5649533314320608,0.554185908437472
110000293237,64.0,0.03564693954789626,0.005313126276272499,0.09232071731027769,0.06740466843615715,0.011579216198039885,0.011579216198039885,0.007588489671274359,0.010301889508192722,0.010301889508192722,0.006191716559722676,0.011251753550980617,0.011245579794314195,0.007588489671274359,0.007588489671274359,0.008383490555682948,0.008634576396678074,0.5842412123757572,0.5775103926918986,0.011583589022573988,0.01158370536893827,0.005313126276272499,0.09232071731027769,0.06740466843615715,0.012410071310768088,0.012410071310768088,0.011399022854116115,0.011396961690481641,0.011001940983025177,0.011001940983025177,0.010761519967400116,0.010765287349699193,0.012410071310768088,0.012410071310768088,0.01126112673335479,0.010178135383314005,0.01158370536893827,0.01158370536893827,0.008383490555682948,0.008634576396678074,0.5842412123757572,0.5775103926918986,0.010301889508192722,0.010301889508192722,0.011251753550980617,0.011245579794314195,0.007931271419590552,0.008527488737814929,0.5838045108265499,0.5795537754793818
110000294883,64.0,0.033987213556559204,0.005158981044754397,0.09832126384877769,0.08713135375618809,0.013044321331130763,0.013044321331130763,0.007323273970887452,0.012299584316827926,0.012299584316827926,0.006303723767316276,0.012856642331997388,0.012865916795288661,0.007323273970887452,0.007323273970887452,0.010050501395731057,0.01059834041539727,0.5675240442519851,0.5722623995584626,0.013185789744580723,0.013184779496752317,0.005158981044754397,0.09832126384877769,0.08713135375618809,0.013964863302334369,0.013964863302334369,0.012857591324316285,0.012858195506489204,0.012998191103018681,0.012998191103018681,0.01238890255318709,0.012384918184094344,0.013964863302334369,0.013964863302334369,0.012539846420152446,0.01155836391493965,0.013184779496752317,0.013184779496752317,0.010050501395731057,0.01059834041539727,0.5675240442519851,0.5722623995584626,0.012299584316827926,0.012299584316827926,0.012856642331997388,0.012865916795288661,0.010618386750183471,0.010593025007889374,0.5775204966708426,0.5817432015640864
110000294888,64.0,0.029848368529619612,0.004814631606906213,0.07787119193165454,0.0851072195857614,0.014802501349593178,0.014802501349593178,0.006886029320342565,0.011500613913515275,0.011500613913515275,0.006204820590223422,0.015498576150836803,0.015504470409374792,0.006886029320342565,0.006886029320342565,0.008782759273761445,0.009642984973063451,0.6430166025764689,0.6201244854978061,0.015656464435734513,0.015656420287422465,0.004814631606906213,0.07787119193165454,0.0851072195857614,0.018355437620477064,0.018355437620477064,0.012318902037569045,0.012317774397413725,0.012595953409892375,0.012595953409892375,0.01447351548333712,0.014464677582423207,0.018355437620477064,0.018355437620477064,0.014643922366957928,0.012920439394567391,0.015656420287422465,0.015656420287422465,0.008782759273761445,0.009642984973063451,0.6430166025764689,0.6201244854978061,0.011500613913515275,0.011500613913515275,0.015498576150836803,0.015504470409374792,0.009500450433776187,0.010335501499620255,0.6462080153197965,0.622504118675264
110000294890,64.0,0.03267582725944334,0.005187606103940838,0.10613158511436493,0.10149704121105223,0.015425762360032664,0.015425762360032664,0.007261111359625126,0.010448370324483227,0.010448370324483227,0.005478588941709004,0.015412234649644788,0.01540259796991632,0.007261111359625126,0.007261111359625126,0.011700447770154002,0.011841270288289293,0.5882193429897884,0.5723167216140179,0.016179004210907417,0.016181607416893687,0.005187606103940838,0.10613158511436493,0.10149704121105223,0.015924849603731216,0.015924849603731216,0.0104001637093865,0.010399927681765266,0.010605942565932535,0.010605942565932535,0.01534178509038597,0.015361742236161364,0.015924849603731216,0.015924849603731216,0.01553861428742419,0.014614743334374817,0.016181607416893687,0.016181607416893687,0.011700447770154002,0.011841270288289293,0.5882193429897884,0.5723167216140179,0.010448370324483227,0.010448370324483227,0.015412234649644788,0.01540259796991632,0.012183702414848516,0.012353982443525705,0.5908308123817344,0.5752517778148093
110000294899,384.0,0.3390246548799454,0.02866524340584735,0.10494783522454632,0.16887391852094602,0.007791475627667064,0.007791475627667064,0.026774777055836998,0.007777641742231341,0.007777641742231341,0.02648671642758541,0.007790003495139545,0.0077902998620836,0.026774777055836998,0.026774777055836998,0.007767826108676639,0.007768772552796518,0.03318114188419873,0.030310954453359365,0.007783375282232361,0.007790001620220001,0.02866524340584735,0.10494783522454632,0.16887391852094602,0.007785328691363853,0.007785328691363853,0.00777630783750468,0.007781715278908874,0.007777168910985195,0.007777168910985195,0.007802584688053984,0.00780264150156688,0.007785328691363853,0.007785328691363853,0.007784848854328945,0.007780960776473175,0.007790001620220001,0.007790001620220001,0.007767826108676639,0.007768772552796518,0.03318114188419873,0.030310954453359365,0.007777641742231341,0.007777641742231341,0.007790003495139545,0.0077902998620836,0.007767496048026602,0.00776633769881959,0.03323196397934956,0.03325327561798337
110000294902,64.0,0.021916161193134873,0.008098993354180352,0.08179201077067302,0.07490413162648712,0.02002096200413109,0.02002096200413109,0.01347741575445152,0.01950973230760411,0.01950973230760411,0.012147623512040162,0.02273602506291097,0.02273736112172591,0.01347741575445152,0.01347741575445152,0.01201535784285817,0.013415986256833753,0.6516570305368695,0.6364782951181145,0.020978249171817977,0.020974945140370734,0.008098993354180352,0.08179201077067302,0.07490413162648712,0.023452150812759687,0.023452150812759687,0.02092581973997498,0.020934061926754472,0.020186994568094533,0.020186994568094533,0.019442565203434167,0.01944259266724368,0.023452150812759687,0.023452150812759687,0.019556411576188516,0.017045797391480755,0.020974945140370734,0.020974945140370734,0.01201535784285817,0.013415986256833753,0.6516570305368695,0.6364782951181145,0.01950973230760411,0.01950973230760411,0.02273602506291097,0.02273736112172591,0.012508244983397388,0.01323874936531434,0.6570821792934198,0.638139957200669
110000294903,64.0,0.023363771781244505,0.005334310560895602,0.11005532546090858,0.09136000985729659,0.013765299631598189,0.013765299631598189,0.007075667135212277,0.012202492319471849,0.012202492319471849,0.005711993737621241,0.013621331287471491,0.013621335950775483,0.007075667135212277,0.007075667135212277,0.008715548204777709,0.009252801922054426,0.6411215185037431,0.6257460086235566,0.01379190093537955,0.013794158780455467,0.005334310560895602,0.11005532546090858,0.09136000985729659,0.013961128746832217,0.013961128746832217,0.011816125126701228,0.01181839621464236,0.012334368757051342,0.012334368757051342,0.012430537992436853,0.012432399092419538,0.013961128746832217,0.013961128746832217,0.01392891612859361,0.01178340603101294,0.013794158780455467,0.013794158780455467,0.008715548204777709,0.009252801922054426,0.6411215185037431,0.6257460086235566,0.012202492319471849,0.012202492319471849,0.013621331287471491,0.013621335950775483,0.009454257354677616,0.009290587711700245,0.6407239179213695,0.6322151092706615
110000295495,64.0,0.043432372436529955,0.007161914824670738,0.11706713853838459,0.09243826531818364,0.015534392278267752,0.015534392278267752,0.008397543156139373,0.011495330256054611,0.011495330256054611,0.0070110540512101195,0.015742457037786563,0.015754115405032507,0.008397543156139373,0.008397543156139373,0.009704588295326467,0.010076715953251898,0.6392168932872815,0.6352952645990732,0.01574156350458793,0.01574108214418526,0.007161914824670738,0.11706713853838459,0.09243826531818364,0.016141551605908938,0.016141551605908938,0.012828793733625735,0.012827966175862043,0.011879050398283193,0.011879050398283193,0.015263500421755812,0.015263713529236774,0.016141551605908938,0.016141551605908938,0.01545993765417165,0.013544245496449147,0.01574108214418526,0.01574108214418526,0.009704588295326467,0.010076715953251898,0.6392168932872815,0.6352952645990732,0.011495330256054611,0.011495330256054611,0.015742457037786563,0.015754115405032507,0.010062339712406575,0.010846251154870415,0.6397875225630211,0.6314255781376898
110000295507,64.0,0.08772540075524739,0.00454534643925343,0.11055024644465383,0.10462659680306967,0.011907708041077523,0.011907708041077523,0.005974098039783652,0.012107608425794726,0.012107608425794726,0.005449251837107883,0.010909818607305546,0.010912963985657309,0.005974098039783652,0.005974098039783652,0.007492128234724712,0.006941773070907842,0.5966522401969222,0.6032707621053507,0.013125152905622295,0.013147950415761576,0.00454534643925343,0.11055024644465383,0.10462659680306967,0.014167706125180304,0.014167706125180304,0.01284194239876696,0.01283730017989458,0.013152628064191733,0.013152628064191733,0.012836507162146174,0.012737261016149184,0.014167706125180304,0.014167706125180304,0.011921699193379246,0.0097637515001888,0.013147950415761576,0.013147950415761576,0.007492128234724712,0.006941773070907842,0.5966522401969222,0.6032707621053507,0.012107608425794726,0.012107608425794726,0.010909818607305546,0.010912963985657309,0.007816750145981786,0.0077961321348532205,0.6030931509796803,0.6065888151383199
110000295542,64.0,0.04466147775802315,0.006050553590250856,0.081034467145951,0.07047705020488496,0.01050705289323062,0.01050705289323062,0.008212184683410477,0.00937637129702949,0.00937637129702949,0.005762950283739057,0.01141987388723249,0.011421707015216952,0.008212184683410477,0.008212184683410477,0.007939116347486057,0.006780860135338214,0.6008692756463693,0.5944231884267868,0.011017892032420014,0.011031057571686953,0.006050553590250856,0.081034467145951,0.07047705020488496,0.011631402976784116,0.011631402976784116,0.010862053306461936,0.010874318248919651,0.010281088514159648,0.010281088514159648,0.011088297058548054,0.011089724297748203,0.011631402976784116,0.011631402976784116,0.010942437340580521,0.009341409568836957,0.011031057571686953,0.011031057571686953,0.007939116347486057,0.006780860135338214,0.6008692756463693,0.5944231884267868,0.00937637129702949,0.00937637129702949,0.01141987388723249,0.011421707015216952,0.008394766220137745,0.00749362232363505,0.61033323162534,0.602729899203069
110000295544,64.0,0.05506545796019477,0.005543154940751618,0.08280315145023467,0.07389897367568231,0.0165546586671514,0.0165546586671514,0.007029809985490427,0.014098075776681958,0.014098075776681958,0.006546352574257242,0.01664849023687766,0.016645658511592422,0.007029809985490427,0.007029809985490427,0.008779940422275267,0.009131069732520128,0.614020778078895,0.5977592867859178,0.016979517675931092,0.016984857025629983,0.005543154940751618,0.08280315145023467,0.07389897367568231,0.017871495967046788,0.017871495967046788,0.014435067685732154,0.014438872210062651,0.014561927004871576,0.014561927004871576,0.017156411383834894,0.017152583395285033,0.017871495967046788,0.017871495967046788,0.01616132699809648,0.014273743204578953,0.016984857025629983,0.016984857025629983,0.008779940422275267,0.009131069732520128,0.614020778078895,0.5977592867859178,0.014098075776681958,0.014098075776681958,0.01664849023687766,0.016645658511592422,0.008884273264040513,0.009334518187884827,0.6048281487898213,0.5860367761570734
110000295563,64.0,0.03282065516254404,0.006136782506540746,0.047373815268652045,0.043059130981762984,0.010790090030413872,0.010790090030413872,0.007907850732488004,0.008986539298001011,0.008986539298001011,0.007347103880783615,0.01235555188766519,0.01234656476614234,0.007907850732488004,0.007907850732488004,0.007448899115448086,0.007714011032043184,0.6444808362020908,0.5900391518085565,0.011157186049164571,0.011157424704654908,0.006136782506540746,0.047373815268652045,0.043059130981762984,0.014330712927599428,0.014330712927599428,0.010088721719691201,0.010091415226035613,0.010217101304156184,0.010217101304156184,0.01120545515037558,0.011218548794728713,0.014330712927599428,0.014330712927599428,0.010982141316398016,0.008887049531333222,0.011157424704654908,0.011157424704654908,0.007448899115448086,0.007714011032043184,0.6444808362020908,0.5900391518085565,0.008986539298001011,0.008986539298001011,0.01235555188766519,0.01234656476614234,0.008045566853453584,0.0078089040687064045,0.6304136199008655,0.5886868101116621
110000295576,64.0,0.04616714176655555,0.006701196038774643,0.12440466082466174,0.1019942200596856,0.016283498663094042,0.016283498663094042,0.007770591308857196,0.012309343324878146,0.012309343324878146,0.007006945313672245,0.015828677421586296,0.015827894801842133,0.007770591308857196,0.007770591308857196,0.008704069317401171,0.00969369511404131,0.724259008009815,0.6986811542512553,0.01668144796042337,0.01668336098091821,0.006701196038774643,0.12440466082466174,0.1019942200596856,0.018260698931192153,0.018260698931192153,0.01255712730140002,0.012569948035194723,0.013822834810380153,0.013822834810380153,0.01639485556157449,0.016394902546189746,0.018260698931192153,0.018260698931192153,0.016003929746057917,0.014412550663236887,0.01668336098091821,0.01668336098091821,0.008704069317401171,0.00969369511404131,0.724259008009815,0.6986811542512553,0.012309343324878146,0.012309343324878146,0.015828677421586296,0.015827894801842133,0.009366622028731309,0.009988765541807538,0.7470359709197121,0.7217067749304892
110000295604,64.0,0.019684616755288396,0.005712833982672244,0.0883032251270368,0.07674764796932636,0.01519447510869639,0.01519447510869639,0.009680544113473943,0.00940143183520509,0.00940143183520509,0.008926673399268453,0.016198519214433684,0.016222848795901277,0.009680544113473943,0.009680544113473943,0.008316378417651172,0.00881561768278446,0.6465802093978089,0.6336219278239426,0.016223942424387967,0.016220448028292547,0.005712833982672244,0.0883032251270368,0.07674764796932636,0.017210677745568448,0.017210677745568448,0.011304481324194314,0.011309611712606821,0.01084102361164321,0.01084102361164321,0.015353839535284594,0.015356689207483133,0.017210677745568448,0.017210677745568448,0.01538787136561985,0.012303620821004226,0.016220448028292547,0.016220448028292547,0.008316378417651172,0.00881561768278446,0.6465802093978089,0.6336219278239426,0.00940143183520509,0.00940143183520509,0.016198519214433684,0.016222848795901277,0.008725658145621687,0.009944659754898989,0.6414948468058861,0.63056108126029
110000295615,64.0,0.027342966905524575,0.00488236857262471,0.14195523967028964,0.12321110098966152,0.01592069418004527,0.01592069418004527,0.005840871739877345,0.010314575124859934,0.010314575124859934,0.004882186291816851,0.01587011359499632,0.015883771856900923,0.005840871739877345,0.005840871739877345,0.00844657237213525,0.009577324519820407,0.6105647685274724,0.6035038531570325,0.0169139838457545,0.017038611230002797,0.00488236857262471,0.14195523967028964,0.12321110098966152,0.016702337936876272,0.016702337936876272,0.011344520161413808,0.011341914897997072,0.01078628192202128,0.01078628192202128,0.015823479372970642,0.01590394243276703,0.016702337936876272,0.016702337936876272,0.01548831420282048,0.012319935620277797,0.017038611230002797,0.017038611230002797,0.00844657237213525,0.009577324519820407,0.6105647685274724,0.6035038531570325,0.010314575124859934,0.010314575124859934,0.01587011359499632,0.015883771856900923,0.009283024701279022,0.009560521800815524,0.6085892670881852,0.6027458873809147
110000295618,64.0,0.03343693812351452,0.004853659702316156,0.12075150600129626,0.11244908260139536,0.012772152616841325,0.012772152616841325,0.0070393507279952455,0.010226419887001521,0.010226419887001521,0.005553814521753019,0.01416141399162423,0.014156197792489158,0.0070393507279952455,0.0070393507279952455,0.007450163694320699,0.007259494987992296,0.685237020675872,0.6575899883318296,0.013143364406902365,0.013146004923800251,0.004853659702316156,0.12075150600129626,0.11244908260139536,0.015289338836470366,0.015289338836470366,0.010681465290318742,0.010676898383313146,0.010715702525367934,0.010715702525367934,0.013013841995157578,0.013015802476780473,0.015289338836470366,0.015289338836470366,0.013420439265304696,0.010726148038655264,0.013146004923800251,0.013146004923800251,0.007450163694320699,0.007259494987992296,0.685237020675872,0.6575899883318296,0.010226419887001521,0.010226419887001521,0.01416141399162423,0.014156197792489158,0.007621740531883734,0.007527915069088354,0.689087675022068,0.668814911143272
110000296166,64.0,0.04084829698146937,0.007739708754885529,0.08898065783865876,0.074308686796033,0.020280153862161848,0.020280153862161848,0.011453732295954784,0.015337599316418203,0.015337599316418203,0.010846252402111092,0.01954796690021744,0.019541466212226258,0.011453732295954784,0.011453732295954784,0.011988969270516105,0.011891694436796111,0.6136056386689707,0.6009144062544788,0.020591770740609142,0.0205922122850871,0.007739708754885529,0.08898065783865876,0.074308686796033,0.02059060024596491,0.02059060024596491,0.015561693488485155,0.015553743214572426,0.016224424678824914,0.016224424678824914,0.01849540328298633,0.018519122286341776,0.02059060024596491,0.02059060024596491,0.019386958380114363,0.016873313560365963,0.0205922122850871,0.0205922122850871,0.011988969270516105,0.011891694436796111,0.6136056386689707,0.6009144062544788,0.015337599316418203,0.015337599316418203,0.01954796690021744,0.019541466212226258,0.011422633892556383,0.011728475438290097,0.6102355279156604,0.6003856824448724
110000296170,64.0,0.03370517456965178,0.006123166274625607,0.04948685471003388,0.03831798807916287,0.012993912090549668,0.012993912090549668,0.008156662535062203,0.01193517888439627,0.01193517888439627,0.006929466442703776,0.014739585090321397,0.014740203280553067,0.008156662535062203,0.008156662535062203,0.008984147988607152,0.008645273665642435,0.5785200784926078,0.5555244532798677,0.013089291272766474,0.013091291537875385,0.006123166274625607,0.04948685471003388,0.03831798807916287,0.01493736657267651,0.01493736657267651,0.012570073884850088,0.012578917018294533,0.01284362145659111,0.01284362145659111,0.013563365427114957,0.0135634036422251,0.01493736657267651,0.01493736657267651,0.012328244281684678,0.011066770173504709,0.013091291537875385,0.013091291537875385,0.008984147988607152,0.008645273665642435,0.5785200784926078,0.5555244532798677,0.01193517888439627,0.01193517888439627,0.014739585090321397,0.014740203280553067,0.00983317534392632,0.008881663102466075,0.5890425575849677,0.5705422559598889
110000296298,384.0,0.3967043863103022,0.02677746156637421,0.26456411013883213,0.30950563520849667,0.007800174371362334,0.007800174371362334,0.02718337808535988,0.0077868468666711585,0.0077868468666711585,0.027054171001666284,0.007799085674464859,0.007799271083334024,0.02718337808535988,0.02718337808535988,0.007773980529621406,0.007776556432097144,0.025215561522264396,0.0313107833719672,0.007790563697938349,0.007799126920634491,0.02677746156637421,0.26456411013883213,0.30950563520849667,0.007798312868522392,0.007798312868522392,0.00778383647453184,0.007791692167027267,0.007786475148631805,0.007786475148631805,0.007806569572959877,0.007806806128980823,0.007798312868522392,0.007798312868522392,0.00779283834273127,0.007789696635174475,0.007799126920634491,0.007799126920634491,0.007773980529621406,0.007776556432097144,0.025215561522264396,0.0313107833719672,0.0077868468666711585,0.0077868468666711585,0.007799085674464859,0.007799271083334024,0.007776014465331987,0.007774757220216072,0.028078241265567554,0.03457514358358683
110000296300,64.0,0.023683424299962133,0.0053321718036165085,0.07019369170943324,0.06114769717709262,0.012109479722361803,0.012109479722361803,0.006916654632520608,0.008236856174484695,0.008236856174484695,0.006408085151403421,0.01211711080043669,0.012121585293598079,0.006916654632520608,0.006916654632520608,0.0055605156467363115,0.005727218239001895,0.6032216098672272,0.6039162232284409,0.013944265557587121,0.013945347805868005,0.0053321718036165085,0.07019369170943324,0.06114769717709262,0.015004080863865297,0.015004080863865297,0.00797071315747659,0.007969682010676184,0.008516342413712462,0.008516342413712462,0.011714597485881823,0.01170269708388566,0.015004080863865297,0.015004080863865297,0.013124617156710464,0.008677366477744069,0.013945347805868005,0.013945347805868005,0.0055605156467363115,0.005727218239001895,0.6032216098672272,0.6039162232284409,0.008236856174484695,0.008236856174484695,0.01211711080043669,0.012121585293598079,0.005593432432664419,0.0056314686276508165,0.6154506716865334,0.6123662053359102
110000296303,64.0,0.056444736865234824,0.00522638431435043,0.09598339853344567,0.08973227400615642,0.017290912919830648,0.017290912919830648,0.007724049248681786,0.013069448295982607,0.013069448295982607,0.007300784442020265,0.016209965838365106,0.016206285047242076,0.007724049248681786,0.007724049248681786,0.010093433398793044,0.009405366765962856,0.5642629324343645,0.5694395730168614,0.016868214486318155,0.01687149125870611,0.00522638431435043,0.09598339853344567,0.08973227400615642,0.018491039826856234,0.018491039826856234,0.014787768899771563,0.01479680435284228,0.013322725483576428,0.013322725483576428,0.015500986899005911,0.015501197563058419,0.018491039826856234,0.018491039826856234,0.015812374215215405,0.013900063429582438,0.01687149125870611,0.01687149125870611,0.010093433398793044,0.009405366765962856,0.5642629324343645,0.5694395730168614,0.013069448295982607,0.013069448295982607,0.016209965838365106,0.016206285047242076,0.010892967843307327,0.01116241602083639,0.5701865684997297,0.5732936409986312
110000296329,64.0,0.06046392724168433,0.005201289501381747,0.08837779442611789,0.08915060008069439,0.023844522173827636,0.023844522173827636,0.007176009315400278,0.01561746922941053,0.01561746922941053,0.006835215976320985,0.02437324291860162,0.024380642991255218,0.007176009315400278,0.007176009315400278,0.01007003208185027,0.011557483737058274,0.6139424056986059,0.5961752184717385,0.024622559082802607,0.024600901777299795,0.005201289501381747,0.08837779442611789,0.08915060008069439,0.02618775740976413,0.02618775740976413,0.0153361716700612,0.015339075924967414,0.016702806472407274,0.016702806472407274,0.023305674142173265,0.023286237882514865,0.02618775740976413,0.02618775740976413,0.023103254546943324,0.015919859858050306,0.024600901777299795,0.024600901777299795,0.01007003208185027,0.011557483737058274,0.6139424056986059,0.5961752184717385,0.01561746922941053,0.01561746922941053,0.02437324291860162,0.024380642991255218,0.010631382228316236,0.012243690187288565,0.6092658613830942,0.591508591132772
110000296341,64.0,0.02442003854387413,0.00499069601927193,0.11455828043382676,0.10512929454972827,0.012438413616109915,0.012438413616109915,0.008056613869690907,0.009363959721506948,0.009363959721506948,0.007191411068969716,0.012573081206566701,0.01256429570586012,0.008056613869690907,0.008056613869690907,0.007859956277505135,0.007468534572837908,0.6627173028030932,0.6304775816161893,0.012653022579582075,0.012641003065303361,0.00499069601927193,0.11455828043382676,0.10512929454972827,0.013401992827070613,0.013401992827070613,0.01037798532098366,0.010339053879810363,0.00985128879804897,0.00985128879804897,0.011900058886719394,0.011886351606772809,0.013401992827070613,0.013401992827070613,0.01204569414732572,0.009366269252059262,0.012641003065303361,0.012641003065303361,0.007859956277505135,0.007468534572837908,0.6627173028030932,0.6304775816161893,0.009363959721506948,0.009363959721506948,0.012573081206566701,0.01256429570586012,0.00803750471925679,0.0076313573459778,0.6575610001402433,0.6297937467557603
110000296342,64.0,0.028647594487591525,0.006296520094895712,0.1128203933508475,0.11868667555638628,0.019222794698408815,0.019222794698408815,0.008629975120802375,0.014481287625969851,0.014481287625969851,0.006764448117306129,0.018544453871850552,0.01858959647548889,0.008629975120802375,0.008629975120802375,0.011705838302290772,0.011709189431911089,0.6039457041003766,0.603462631596786,0.019774296649968034,0.019779498009418344,0.006296520094895712,0.1128203933508475,0.11868667555638628,0.020771512408365694,0.020771512408365694,0.015993557833921826,0.01596718817926879,0.014658732576938309,0.014658732576938309,0.019485692986039253,0.019484561646648996,0.020771512408365694,0.020771512408365694,0.01922719950123893,0.015815602970482158,0.019779498009418344,0.019779498009418344,0.011705838302290772,0.011709189431911089,0.6039457041003766,0.603462631596786,0.014481287625969851,0.014481287625969851,0.018544453871850552,0.01858959647548889,0.012033234100160816,0.012824119991554838,0.604300090700103,0.6053408507611158
110000296351,64.0,0.03224776849835101,0.006530084956443432,0.08467178685162191,0.07496288811696593,0.020799486187700264,0.020799486187700264,0.008580488099631963,0.014703874025695346,0.014703874025695346,0.008208440476337371,0.020236727460984268,0.020236044233317076,0.008580488099631963,0.008580488099631963,0.01249100328141469,0.011523669800483341,0.6057792235243795,0.5922783329704713,0.02159622002967122,0.021593722602959376,0.006530084956443432,0.08467178685162191,0.07496288811696593,0.020909578611468912,0.020909578611468912,0.016373346725696954,0.016529494905775405,0.016143736940650796,0.016143736940650796,0.020812468533237212,0.020814703625098026,0.020909578611468912,0.020909578611468912,0.020815352960940836,0.015122249811802702,0.021593722602959376,0.021593722602959376,0.01249100328141469,0.011523669800483341,0.6057792235243795,0.5922783329704713,0.014703874025695346,0.014703874025695346,0.020236727460984268,0.020236044233317076,0.012379205307325877,0.012014082332071923,0.6163171444835903,0.6097855851597176
110000296370,64.0,0.033988191578109,0.006749496332470589,0.14220415042423837,0.1214512720121383,0.01723795589817118,0.01723795589817118,0.01072828681985653,0.010996395417894765,0.010996395417894765,0.009203517418504597,0.017883770655133423,0.01788439860839817,0.01072828681985653,0.01072828681985653,0.010217636180613717,0.010341895355816038,0.7002378901471896,0.6844964163509079,0.01755255861828214,0.017491078876582373,0.006749496332470589,0.14220415042423837,0.1214512720121383,0.018731713811886538,0.018731713811886538,0.010612794002411092,0.010623254377483175,0.011067499291187511,0.011067499291187511,0.01682783375304076,0.016836992926413757,0.018731713811886538,0.018731713811886538,0.016520249738323813,0.01252328835224987,0.017491078876582373,0.017491078876582373,0.010217636180613717,0.010341895355816038,0.7002378901471896,0.6844964163509079,0.010996395417894765,0.010996395417894765,0.017883770655133423,0.01788439860839817,0.010860847487871562,0.01083641084257691,0.6903421893908915,0.680572057797326
110000296373,64.0,0.036233261219001146,0.0068793657160431815,0.13065416370951438,0.11458822051721464,0.016490438443639798,0.016490438443639798,0.0109855658012347,0.013306578194699612,0.013306578194699612,0.009125716132674381,0.015903632336581704,0.01590382865980452,0.0109855658012347,0.0109855658012347,0.01107205604434884,0.01019532223912646,0.6741355128391334,0.6559170132016994,0.016172971391930285,0.016103432982896442,0.0068793657160431815,0.13065416370951438,0.11458822051721464,0.01772217223896197,0.01772217223896197,0.014203723421994205,0.014213018603759963,0.014162515728725626,0.014162515728725626,0.016095089156457635,0.016083196291745934,0.01772217223896197,0.01772217223896197,0.015595524709159637,0.012658425520145148,0.016103432982896442,0.016103432982896442,0.01107205604434884,0.01019532223912646,0.6741355128391334,0.6559170132016994,0.013306578194699612,0.013306578194699612,0.015903632336581704,0.01590382865980452,0.011061792674380113,0.010576486120257246,0.6698132518843423,0.6552339555219888
110000296380,64.0,0.032623211375315285,0.006258708621879758,0.10268367730482096,0.10065259819540329,0.021441574000882323,0.021441574000882323,0.008183667993514486,0.01547913714226232,0.01547913714226232,0.00703405237485498,0.020854665830599993,0.020886317413658186,0.008183667993514486,0.008183667993514486,0.011234916682406362,0.01325825252359167,0.661905505403134,0.6541715258320266,0.023372160586121373,0.023388489800692722,0.006258708621879758,0.10268367730482096,0.10065259819540329,0.022084489719556934,0.022084489719556934,0.01585116448040951,0.015842281454526617,0.015965053730697266,0.015965053730697266,0.022454162303681403,0.02245900670890208,0.022084489719556934,0.022084489719556934,0.021184466915722417,0.01502228939658201,0.023388489800692722,0.023388489800692722,0.011234916682406362,0.01325825252359167,0.661905505403134,0.6541715258320266,0.01547913714226232,0.01547913714226232,0.020854665830599993,0.020886317413658186,0.011099094821614855,0.012985272827572787,0.6593593003536631,0.6498352489421766
110000296686,64.0,0.033213300297116576,0.004877671028570954,0.1303134828338342,0.1306375588676696,0.013320170754098746,0.013320170754098746,0.00624767064947131,0.010952305907105286,0.010952305907105286,0.005319239686826921,0.013680933775817613,0.013681118575826767,0.00624767064947131,0.00624767064947131,0.010941898352107664,0.01166840604387454,0.6100433499395544,0.5992999987603569,0.014284268689457707,0.014286813606830411,0.004877671028570954,0.1303134828338342,0.1306375588676696,0.01339664317444162,0.01339664317444162,0.011316353582223382,0.011309449003774065,0.011164150553694678,0.011164150553694678,0.013498649780435424,0.013492934473895676,0.01339664317444162,0.01339664317444162,0.013307621415325762,0.012187077409730846,0.014286813606830411,0.014286813606830411,0.010941898352107664,0.01166840604387454,0.6100433499395544,0.5992999987603569,0.010952305907105286,0.010952305907105286,0.013680933775817613,0.013681118575826767,0.010376647199011553,0.011060267718194943,0.6034095706859874,0.5989958733272159
110000296689,64.0,0.03349678458821192,0.0037234675992313085,0.1492290178628377,0.13021571499736043,0.01581310065584958,0.01581310065584958,0.005373203773974858,0.009341161427201383,0.009341161427201383,0.0044277403547639555,0.014654007723018446,0.014653917485689102,0.005373203773974858,0.005373203773974858,0.007498713872572418,0.007633947268743226,0.5803767541246457,0.583185646755185,0.016725608086374636,0.01670360234245979,0.0037234675992313085,0.1492290178628377,0.13021571499736043,0.017551206248268027,0.017551206248268027,0.010057641156298563,0.010050053722200275,0.009877931649295828,0.009877931649295828,0.014943350860172908,0.014940607738190646,0.017551206248268027,0.017551206248268027,0.016696990284443314,0.011554550212897922,0.01670360234245979,0.01670360234245979,0.007498713872572418,0.007633947268743226,0.5803767541246457,0.583185646755185,0.009341161427201383,0.009341161427201383,0.014654007723018446,0.014653917485689102,0.0068694995498320924,0.007643268861030425,0.5762550923401896,0.5787642416093554
110000296691,64.0,0.047953421664464625,0.00575135058070743,0.14112262868837652,0.12288465222196292,0.013819903901966957,0.013819903901966957,0.008956248704319953,0.011120613312129607,0.011120613312129607,0.0076254383528509126,0.01311130440827141,0.013222652567846835,0.008956248704319953,0.008956248704319953,0.008550695618988845,0.008317362681684112,0.6163748938639038,0.5878837510276422,0.013901087268519597,0.013895188850938317,0.00575135058070743,0.14112262868837652,0.12288465222196292,0.014586823118998496,0.014586823118998496,0.011139670922665657,0.011138099976039643,0.01222203163969224,0.01222203163969224,0.012834707919950734,0.012884621009317143,0.014586823118998496,0.014586823118998496,0.013593371936722233,0.011303469633379165,0.013895188850938317,0.013895188850938317,0.008550695618988845,0.008317362681684112,0.6163748938639038,0.5878837510276422,0.011120613312129607,0.011120613312129607,0.01311130440827141,0.013222652567846835,0.008780081497234487,0.008315199296405094,0.6201394459552699,0.5996623937628323
110000297112,64.0,0.029269770175789987,0.006233875376592595,0.20368557146790067,0.18228637560850736,0.028010568364571154,0.028010568364571154,0.009788526573918866,0.018372308179572455,0.018372308179572455,0.008472534974889622,0.026409486701544287,0.02642096152009613,0.009788526573918866,0.009788526573918866,0.01265484546221462,0.015542499197127841,0.6922590187406231,0.6752676367180489,0.030529309003729292,0.030530771431761045,0.006233875376592595,0.20368557146790067,0.18228637560850736,0.03215142919280056,0.03215142919280056,0.02089322090770304,0.020904085067697985,0.019484767589588906,0.019484767589588906,0.03275591514586977,0.03274200382040973,0.03215142919280056,0.03215142919280056,0.02850425325431034,0.02122628799754499,0.030530771431761045,0.030530771431761045,0.01265484546221462,0.015542499197127841,0.6922590187406231,0.6752676367180489,0.018372308179572455,0.018372308179572455,0.026409486701544287,0.02642096152009613,0.012493764886257341,0.014973955494103228,0.686949643731305,0.6693324055859595
110000297115,64.0,0.028055332738856374,0.006223094762181051,0.17674641537304223,0.16560197539057006,0.03354509098779071,0.03354509098779071,0.01423716778939781,0.019414444382843205,0.019414444382843205,0.009047190663872119,0.031004386629789767,0.030984473924731595,0.01423716778939781,0.01423716778939781,0.014608270786540544,0.01862812058276609,0.6661168694321401,0.647927714241702,0.03694341950003038,0.03693987477003494,0.006223094762181051,0.17674641537304223,0.16560197539057006,0.03978802909552642,0.03978802909552642,0.019473031223683573,0.01953702777142563,0.01984717932876651,0.01984717932876651,0.034887236644992506,0.034891835736773576,0.03978802909552642,0.03978802909552642,0.03415133800818461,0.021231496910526382,0.03693987477003494,0.03693987477003494,0.014608270786540544,0.01862812058276609,0.6661168694321401,0.647927714241702,0.019414444382843205,0.019414444382843205,0.031004386629789767,0.030984473924731595,0.013929330623765297,0.017380439109973403,0.6620522746873303,0.6481414577402617
110000297118,384.0,0.3752207220151324,0.035158902976615995,0.15823728390746788,0.2044536435150882,0.007801807115956454,0.007801807115956454,0.03292343602198291,0.007781858308118125,0.007781858308118125,0.0321752377205316,0.0077995923345902975,0.007799729363465232,0.03292343602198291,0.03292343602198291,0.007775499056956469,0.007776615092054104,0.03306975770844939,0.031735993095680065,0.007792054593484684,0.0078000505366911345,0.035158902976615995,0.15823728390746788,0.2044536435150882,0.007793431200758277,0.007793431200758277,0.00778008685921169,0.007786911790471006,0.007781166703037774,0.007781166703037774,0.007811784544974074,0.007812067619269121,0.007793431200758277,0.007793431200758277,0.0077936469743405045,0.0077906513444985824,0.0078000505366911345,0.0078000505366911345,0.007775499056956469,0.007776615092054104,0.03306975770844939,0.031735993095680065,0.007781858308118125,0.007781858308118125,0.0077995923345902975,0.007799729363465232,0.007774501910563575,0.007774159563554599,0.039453193908296984,0.03882600661495974
A1166128,384.0,0.3420960517953527,0.02417989710691003,0.299454682182169,0.3349330925767386,0.007801589060810691,0.007801589060810691,0.025362024790482333,0.007790334613194671,0.007790334613194671,0.025146296165612033,0.007799585279523358,0.007799791333961033,0.025362024790482333,0.025362024790482333,0.0077762331777346825,0.007775957210198293,0.043462555731407865,0.034507773501069386,0.00779202171568472,0.007799898203155769,0.02417989710691003,0.299454682182169,0.3349330925767386,0.007794801095840943,0.007794801095840943,0.007792208922321109,0.007798678289756416,0.0077901274232800915,0.0077901274232800915,0.007809475943548931,0.007809510228343869,0.007794801095840943,0.007794801095840943,0.007793371568673623,0.007788340413956817,0.007799898203155769,0.007799898203155769,0.0077762331777346825,0.007775957210198293,0.043462555731407865,0.034507773501069386,0.007790334613194671,0.007790334613194671,0.007799585279523358,0.007799791333961033,0.007775340806955668,0.0077756289973629,0.061759779476816636,0.040170122117708346
A1166130,65.0,0.07133584927042087,0.008742684252413152,0.07517064733869906,0.06522697017209757,0.019451907433726875,0.019451907433726875,0.010463888262100055,0.013282518402194255,0.013282518402194255,0.010033421378874125,0.02025096960441665,0.020270581981695616,0.010463888262100055,0.010463888262100055,0.01206388503988168,0.013063220193406923,0.6346858032270197,0.6197636557895506,0.020343545809524827,0.020221115703678055,0.008742684252413152,0.07517064733869906,0.06522697017209757,0.02135844786764691,0.02135844786764691,0.013737932989926021,0.01374034377849345,0.014391528968200335,0.014391528968200335,0.019027280283408905,0.019027603471181116,0.02135844786764691,0.02135844786764691,0.018935455334566344,0.017906820623865633,0.020221115703678055,0.020221115703678055,0.01206388503988168,0.013063220193406923,0.6346858032270197,0.6197636557895506,0.013282518402194255,0.013282518402194255,0.02025096960441665,0.020270581981695616,0.011813675737806496,0.012786047463870522,0.6216396833396196,0.6137836509813814
A1166133,64.0,0.09138504597797947,0.005171888690237763,0.10081329619509155,0.08540253001543588,0.019197454125646645,0.019197454125646645,0.00780412054135954,0.013805182333756948,0.013805182333756948,0.005743532749072995,0.018360174010872504,0.018357183312851424,0.00780412054135954,0.00780412054135954,0.013765844624088126,0.014430370289411461,0.6075001248692913,0.5931644614410059,0.019627154770059347,0.019636390124590147,0.005171888690237763,0.10081329619509155,0.08540253001543588,0.020441180597409014,0.020441180597409014,0.01283237270417336,0.012830607265385546,0.014215155170416346,0.014215155170416346,0.018349507058474972,0.01835099538107962,0.020441180597409014,0.020441180597409014,0.019240756691958225,0.017739594539871135,0.019636390124590147,0.019636390124590147,0.013765844624088126,0.014430370289411461,0.6075001248692913,0.5931644614410059,0.013805182333756948,0.013805182333756948,0.018360174010872504,0.018357183312851424,0.014137958834042837,0.014687620013500791,0.606013442363239,0.5985036525049134
A1166137,64.0,0.04151866237319437,0.004328784278726192,0.06824948937346914,0.06372672734200327,0.01444142233985579,0.01444142233985579,0.005791928345200672,0.011907839802068467,0.011907839802068467,0.004621272125905883,0.013975068527774482,0.013971457113618585,0.005791928345200672,0.005791928345200672,0.008768027937304294,0.008771955901545735,0.6037039276662,0.5887648057072118,0.015014392604162555,0.015006832968511779,0.004328784278726192,0.06824948937346914,0.06372672734200327,0.015722805957256614,0.015722805957256614,0.011955484596654917,0.011951507760405766,0.012919457080267534,0.012919457080267534,0.014099962805750713,0.014085446105904852,0.015722805957256614,0.015722805957256614,0.01347673735078323,0.013142462300001207,0.015006832968511779,0.015006832968511779,0.008768027937304294,0.008771955901545735,0.6037039276662,0.5887648057072118,0.011907839802068467,0.011907839802068467,0.013975068527774482,0.013971457113618585,0.009609924835251476,0.009597253146320364,0.6111447354626919,0.5939530538203288
A1166142,64.0,0.051799390739086376,0.005256480509444027,0.07734707890792102,0.06491514832856064,0.020113371694930573,0.020113371694930573,0.008077892170856582,0.011623427236901757,0.011623427236901757,0.005998443093321236,0.01962985993388616,0.019634796891910503,0.008077892170856582,0.008077892170856582,0.009861140279243124,0.010863900068622749,0.5116973503340954,0.5177361194537271,0.020105700908020725,0.020106841932804473,0.005256480509444027,0.07734707890792102,0.06491514832856064,0.023073635149167073,0.023073635149167073,0.011771630828770517,0.011762168238695294,0.012427929431888671,0.012427929431888671,0.01835864953296382,0.018340823847565045,0.023073635149167073,0.023073635149167073,0.019122058382239727,0.014491143546917568,0.020106841932804473,0.020106841932804473,0.009861140279243124,0.010863900068622749,0.5116973503340954,0.5177361194537271,0.011623427236901757,0.011623427236901757,0.01962985993388616,0.019634796891910503,0.010866548203817805,0.012007551631107206,0.5113969011621853,0.5163674099279385
A1166144,64.0,0.04734508426951569,0.005415280065876103,0.05820256727331948,0.05270996749800116,0.013056117740115647,0.013056117740115647,0.010161245691972586,0.01117145098692293,0.01117145098692293,0.005690750230814593,0.012947859959139274,0.012947589492942144,0.010161245691972586,0.010161245691972586,0.010678748089919365,0.011315058020278303,0.5840410431392572,0.5696149195171107,0.013011943612827377,0.013013156486592261,0.005415280065876103,0.05820256727331948,0.05270996749800116,0.014125141953689267,0.014125141953689267,0.011728490450218261,0.011728387873688928,0.012245123773831424,0.012245123773831424,0.013115624735325529,0.013109475882163999,0.014125141953689267,0.014125141953689267,0.01248326154918615,0.012391466666265892,0.013013156486592261,0.013013156486592261,0.010678748089919365,0.011315058020278303,0.5840410431392572,0.5696149195171107,0.01117145098692293,0.01117145098692293,0.012947859959139274,0.012947589492942144,0.011030222740012004,0.011360923456054179,0.579861281539073,0.5706171554810909
A1166147,64.0,0.033546741496084435,0.004477823281436653,0.06152195947778185,0.05018264574230826,0.021499110013119525,0.021499110013119525,0.007547151143708844,0.01616453704702369,0.01616453704702369,0.005450822864735606,0.018427026250566098,0.01842736672188067,0.007547151143708844,0.007547151143708844,0.0127697651289437,0.012804626134690895,0.5747559910429414,0.5726775807366214,0.02198028591214719,0.021922318371570874,0.004477823281436653,0.06152195947778185,0.05018264574230826,0.02133180657561403,0.02133180657561403,0.016129009971529298,0.01612537549633985,0.016960675430215635,0.016960675430215635,0.020089954454995004,0.020071858393746582,0.02133180657561403,0.02133180657561403,0.020655545576421765,0.018075387470730175,0.021922318371570874,0.021922318371570874,0.0127697651289437,0.012804626134690895,0.5747559910429414,0.5726775807366214,0.01616453704702369,0.01616453704702369,0.018427026250566098,0.01842736672188067,0.01243173510775357,0.012447379980339663,0.5658464390197779,0.5651079323086428
A1166150,64.0,0.0362996152000365,0.006909011941931805,0.061686083893445584,0.058873892761885434,0.011949019181108444,0.011949019181108444,0.008566901852202932,0.008713702269485622,0.008713702269485622,0.0070533016760896995,0.012333561435121671,0.012337460508558763,0.008566901852202932,0.008566901852202932,0.007702674700023423,0.008498810325749024,0.5933949483311164,0.5880718152611626,0.012164889249374622,0.012167451336952241,0.006909011941931805,0.061686083893445584,0.058873892761885434,0.012361328205903884,0.012361328205903884,0.009320144972751633,0.0093242241206674,0.009321375915141827,0.009321375915141827,0.012002060437827287,0.012004004303058662,0.012361328205903884,0.012361328205903884,0.011815731792692312,0.009980443012396194,0.012167451336952241,0.012167451336952241,0.007702674700023423,0.008498810325749024,0.5933949483311164,0.5880718152611626,0.008713702269485622,0.008713702269485622,0.012333561435121671,0.012337460508558763,0.007647125336029779,0.008532790622893725,0.5940304346709162,0.5890300080679297
A1166151,64.0,0.030896230016581174,0.005101257596859839,0.21267283576128124,0.1798312804921589,0.014554937611627964,0.014554937611627964,0.011127976680804522,0.01235488729411166,0.01235488729411166,0.006659346379912907,0.01567483755998272,0.015683654771037208,0.011127976680804522,0.011127976680804522,0.009427458108339701,0.009638471877612593,0.6284106988394479,0.6090996773281381,0.014550717257561128,0.014586359817375993,0.005101257596859839,0.21267283576128124,0.1798312804921589,0.016066442792781386,0.016066442792781386,0.01246589138995622,0.012456525806987452,0.012454508805746271,0.012454508805746271,0.013060789328363872,0.013065111524360894,0.016066442792781386,0.016066442792781386,0.014403318863852838,0.012691759297930988,0.014586359817375993,0.014586359817375993,0.009427458108339701,0.009638471877612593,0.6284106988394479,0.6090996773281381,0.01235488729411166,0.01235488729411166,0.01567483755998272,0.015683654771037208,0.009377488912965023,0.009637109759545428,0.6261628956842752,0.6079692718582206
A1166153,64.0,0.03443073889468721,0.00517284609484437,0.06106341392506632,0.054155466290741236,0.025688504134926505,0.025688504134926505,0.0090804495077722,0.017048299313066922,0.017048299313066922,0.006574227434800051,0.023072455778459375,0.02307560939520573,0.0090804495077722,0.0090804495077722,0.014449221320210088,0.0157212916533112,0.5396128890200665,0.5245772899750084,0.027376508594622158,0.0273896679622067,0.00517284609484437,0.06106341392506632,0.054155466290741236,0.027876122644054122,0.027876122644054122,0.017609286891899733,0.017612562010923285,0.017847682587959393,0.017847682587959393,0.02455145598431542,0.0245363421899004,0.027876122644054122,0.027876122644054122,0.02385857264942686,0.020337695655603515,0.0273896679622067,0.0273896679622067,0.014449221320210088,0.0157212916533112,0.5396128890200665,0.5245772899750084,0.017048299313066922,0.017048299313066922,0.023072455778459375,0.02307560939520573,0.014451309568497031,0.015271061691960342,0.5369087384409583,0.5198264444485434
A1166158,64.0,0.041946465578707584,0.0045035869350863135,0.07603302420084858,0.06828415818671453,0.016744272028698628,0.016744272028698628,0.006255205520193942,0.009634087141963513,0.009634087141963513,0.004968646574386243,0.01581284208724358,0.0158122713294981,0.006255205520193942,0.006255205520193942,0.010048526428248137,0.010013315779396383,0.5817404283118541,0.5683158110059195,0.01766767285702321,0.01766180726462012,0.0045035869350863135,0.07603302420084858,0.06828415818671453,0.018767382589168127,0.018767382589168127,0.00987992600897058,0.009856267409524319,0.010359797781407868,0.010359797781407868,0.01635250561865979,0.01632973394146576,0.018767382589168127,0.018767382589168127,0.016883147054746177,0.013041668898451216,0.01766180726462012,0.01766180726462012,0.010048526428248137,0.010013315779396383,0.5817404283118541,0.5683158110059195,0.009634087141963513,0.009634087141963513,0.01581284208724358,0.0158122713294981,0.010578895278379808,0.01115214409163383,0.5843010231127423,0.5741524747270528
A1166164,64.0,0.030815601528571195,0.005406980524858528,0.21808776898003487,0.19804666712915803,0.020578411076411625,0.020578411076411625,0.014112754030743628,0.01891534026927959,0.01891534026927959,0.008472636226901264,0.021613918174641117,0.021615686504280723,0.014112754030743628,0.014112754030743628,0.013193294919291497,0.014144768272980753,0.6225522327073858,0.6176884455228532,0.021554559870992966,0.0215627827570609,0.005406980524858528,0.21808776898003487,0.19804666712915803,0.02231173539158854,0.02231173539158854,0.019992830294813586,0.01999437284370268,0.0199813304067483,0.0199813304067483,0.020593259683047323,0.020587871139031964,0.02231173539158854,0.02231173539158854,0.020547495116139354,0.01859231997989883,0.0215627827570609,0.0215627827570609,0.013193294919291497,0.014144768272980753,0.6225522327073858,0.6176884455228532,0.01891534026927959,0.01891534026927959,0.021613918174641117,0.021615686504280723,0.013861546593287746,0.014173822651998602,0.6178386629221709,0.6088170408453024
A1166165,64.0,0.035045623396037576,0.004386451107286861,0.2331095664003362,0.19787143223631345,0.016248147856216484,0.016248147856216484,0.0057847539172269265,0.010941409732301201,0.010941409732301201,0.004672486799662584,0.015972848242276936,0.015981654825366162,0.0057847539172269265,0.0057847539172269265,0.010400204843494156,0.010957378619316956,0.7846507121946389,0.7693919431547942,0.01653037708427822,0.016531722759254557,0.004386451107286861,0.2331095664003362,0.19787143223631345,0.01772869667485474,0.01772869667485474,0.011337125622911177,0.011332499101844298,0.011652834132831474,0.011652834132831474,0.014533745364664074,0.01453857121280144,0.01772869667485474,0.01772869667485474,0.015566155692683149,0.01224285634083464,0.016531722759254557,0.016531722759254557,0.010400204843494156,0.010957378619316956,0.7846507121946389,0.7693919431547942,0.010941409732301201,0.010941409732301201,0.015972848242276936,0.015981654825366162,0.010640208756128708,0.010636455795427994,0.7901362044893873,0.7749757298758323
A1170389,64.0,0.054905341572977905,0.004230138773369163,0.11944702211406677,0.12170770557407498,0.018122012448061373,0.018122012448061373,0.009594083744627788,0.01237067170842474,0.01237067170842474,0.005670452862767552,0.01847294341288256,0.01848551283958652,0.009594083744627788,0.009594083744627788,0.011830583065422458,0.013294516372535224,0.5710576301360885,0.5643050974952,0.018252610907226845,0.01826406415827017,0.004230138773369163,0.11944702211406677,0.12170770557407498,0.01835740378355524,0.01835740378355524,0.012367459427138603,0.012371731191172065,0.012622305896947862,0.012622305896947862,0.017661035029570393,0.0176653034062579,0.01835740378355524,0.01835740378355524,0.017669430164733185,0.01431764894874164,0.01826406415827017,0.01826406415827017,0.011830583065422458,0.013294516372535224,0.5710576301360885,0.5643050974952,0.01237067170842474,0.01237067170842474,0.01847294341288256,0.01848551283958652,0.012059495099852375,0.013726198678027648,0.5663510395571987,0.5575212578245398
A1170391,64.0,0.034485905267089806,0.004595628484246744,0.2264955081998461,0.20497150380874452,0.016717272789021666,0.016717272789021666,0.0072145406360542945,0.013950197958092495,0.013950197958092495,0.00438821193042981,0.017384896925746907,0.01738523183731117,0.0072145406360542945,0.0072145406360542945,0.011421269483898277,0.011613260119276773,0.635118338817161,0.6234541322192823,0.0181989934035119,0.01819919576936047,0.004595628484246744,0.2264955081998461,0.20497150380874452,0.017678729298710325,0.017678729298710325,0.012857664032633161,0.012879634636361199,0.013952734544359819,0.013952734544359819,0.016655223897794905,0.016649407703220806,0.017678729298710325,0.017678729298710325,0.017331745922474814,0.013437503632292047,0.01819919576936047,0.01819919576936047,0.011421269483898277,0.011613260119276773,0.635118338817161,0.6234541322192823,0.013950197958092495,0.013950197958092495,0.017384896925746907,0.01738523183731117,0.010838313544431549,0.012075891781603435,0.652427389257347,0.6469645580724329
A1170395,64.0,0.0333961592003154,0.005615589389275838,0.08082151575961528,0.07351353837757447,0.02399590878706305,0.02399590878706305,0.010788578037311897,0.021547221536873287,0.021547221536873287,0.007705784131705573,0.025624762010882287,0.025585145945317966,0.010788578037311897,0.010788578037311897,0.015560439836712079,0.01574071578939636,0.6188070230065567,0.6166879391084212,0.024393115113580152,0.02439256971764995,0.005615589389275838,0.08082151575961528,0.07351353837757447,0.02673595092438823,0.02673595092438823,0.021335354809490725,0.021338322059478096,0.022395132838491212,0.022395132838491212,0.023977321439120767,0.023978877209640433,0.02673595092438823,0.02673595092438823,0.023181757410209853,0.019272930440178693,0.02439256971764995,0.02439256971764995,0.015560439836712079,0.01574071578939636,0.6188070230065567,0.6166879391084212,0.021547221536873287,0.021547221536873287,0.025624762010882287,0.025585145945317966,0.01581189204693549,0.01655567908718373,0.6120226279112865,0.610701039323622
A1170398,64.0,0.049617714694509575,0.0073249517034030655,0.10940491139907309,0.11319632275490239,0.017010864117240856,0.017010864117240856,0.012003745464582641,0.012707550742815822,0.012707550742815822,0.008475910724237699,0.018179793630443933,0.018177786968794924,0.012003745464582641,0.012003745464582641,0.012818884435846768,0.014152813030169714,0.5547108024934639,0.5598228424808469,0.017225148433554067,0.017224009323769645,0.0073249517034030655,0.10940491139907309,0.11319632275490239,0.020721780545641593,0.020721780545641593,0.013394589162969777,0.013396540649008764,0.013259055697451463,0.013259055697451463,0.017052205390054725,0.017041644492820234,0.020721780545641593,0.020721780545641593,0.016634968828620776,0.015696087021268873,0.017224009323769645,0.017224009323769645,0.012818884435846768,0.014152813030169714,0.5547108024934639,0.5598228424808469,0.012707550742815822,0.012707550742815822,0.018179793630443933,0.018177786968794924,0.01320342153619322,0.013645694041368159,0.5520537120393939,0.5517957125964742
A1170399,64.0,0.025658626439108632,0.006175850198676974,0.07927841116852456,0.07225969644832873,0.01605798917179993,0.01605798917179993,0.00945204638129513,0.010431709417275491,0.010431709417275491,0.009064332867222169,0.01514988814769417,0.015153248891450507,0.00945204638129513,0.00945204638129513,0.010914088734139023,0.01037910929874094,0.559562793932664,0.5550330245313122,0.0160845079212926,0.016079149101247157,0.006175850198676974,0.07927841116852456,0.07225969644832873,0.01704322461781556,0.01704322461781556,0.010907181872970946,0.010909050526997732,0.011152146531845219,0.011152146531845219,0.015213923447370764,0.01521277204642632,0.01704322461781556,0.01704322461781556,0.015845348030248386,0.013117632007055657,0.016079149101247157,0.016079149101247157,0.010914088734139023,0.01037910929874094,0.559562793932664,0.5550330245313122,0.010431709417275491,0.010431709417275491,0.01514988814769417,0.015153248891450507,0.011773201340082935,0.011612161177785393,0.5484824104858164,0.561342453981864
A1170405,64.0,0.034356655207703424,0.007264904290674327,0.11013830457495553,0.11433606842915696,0.020652732399077146,0.020652732399077146,0.010075125133066793,0.014655002386396785,0.014655002386396785,0.008125278985338264,0.019870748637107465,0.01986698033283558,0.010075125133066793,0.010075125133066793,0.013887682172755551,0.01510931159175383,0.5699946519831898,0.5810105429193784,0.020954546100296706,0.020973877629226003,0.007264904290674327,0.11013830457495553,0.11433606842915696,0.020959951847614268,0.020959951847614268,0.014777429657505106,0.01477831488820187,0.015518961650443067,0.015518961650443067,0.02019975267188668,0.02019871417157299,0.020959951847614268,0.020959951847614268,0.019928343642997323,0.01682593459321614,0.020973877629226003,0.020973877629226003,0.013887682172755551,0.01510931159175383,0.5699946519831898,0.5810105429193784,0.014655002386396785,0.014655002386396785,0.019870748637107465,0.01986698033283558,0.014345329399033878,0.01583956599523952,0.5718195684264508,0.582360430843947
A1170407,64.0,0.035776017666116336,0.006735470365951282,0.09439507878066032,0.11271237645874291,0.0148272040865702,0.0148272040865702,0.00789670206482158,0.010844774350776366,0.010844774350776366,0.006628648249862635,0.014796201524358057,0.014785404597845995,0.00789670206482158,0.00789670206482158,0.01003469198266395,0.011560009612122541,0.5635241624481424,0.5495255642934438,0.015486423829584938,0.015483617813710196,0.006735470365951282,0.09439507878066032,0.11271237645874291,0.015014345701024372,0.015014345701024372,0.01048134722676535,0.01048338561653329,0.011352252300341937,0.011352252300341937,0.014902864735375365,0.014895020457198965,0.015014345701024372,0.015014345701024372,0.014674590313332103,0.012881541117125878,0.015483617813710196,0.015483617813710196,0.01003469198266395,0.011560009612122541,0.5635241624481424,0.5495255642934438,0.010844774350776366,0.010844774350776366,0.014796201524358057,0.014785404597845995,0.010360253745782536,0.011687634432013143,0.5404236370974218,0.5345743370853934
A1170409,64.0,0.029843154988368054,0.004213217162603941,0.09546669500267722,0.09097932399367484,0.01863714988778799,0.01863714988778799,0.006519281382843776,0.01403572995407497,0.01403572995407497,0.005055109671666022,0.017474606979725214,0.01747448923801338,0.006519281382843776,0.006519281382843776,0.012430010779076213,0.014157134029474537,0.6105357387242931,0.5819372762563794,0.019232161879345566,0.01921775804887748,0.004213217162603941,0.09546669500267722,0.09097932399367484,0.01842430853275342,0.01842430853275342,0.013882439958923383,0.013888753703832163,0.014282400644474511,0.014282400644474511,0.018064295395165478,0.018058044826864978,0.01842430853275342,0.01842430853275342,0.018135529664168232,0.015126735720770198,0.01921775804887748,0.01921775804887748,0.012430010779076213,0.014157134029474537,0.6105357387242931,0.5819372762563794,0.01403572995407497,0.01403572995407497,0.017474606979725214,0.01747448923801338,0.012287418458515038,0.01393665488931192,0.5893196901250887,0.5709017355958876
A1170412,64.0,0.06437170636315985,0.004876404819235136,0.15556506677981166,0.1593215365977625,0.016700892988764458,0.016700892988764458,0.006945015210335695,0.010520270745440688,0.010520270745440688,0.005256060088452814,0.017089063915201434,0.017085947284601884,0.006945015210335695,0.006945015210335695,0.012715129410404511,0.013136166132345835,0.6470204082592963,0.6348575414021667,0.01725929236219995,0.017257000561127542,0.004876404819235136,0.15556506677981166,0.1593215365977625,0.01734754196604114,0.01734754196604114,0.011375804216993565,0.011367601676309064,0.011782567781631734,0.011782567781631734,0.017084228113927107,0.01708513464238845,0.01734754196604114,0.01734754196604114,0.017117686431573537,0.01487405832091,0.017257000561127542,0.017257000561127542,0.012715129410404511,0.013136166132345835,0.6470204082592963,0.6348575414021667,0.010520270745440688,0.010520270745440688,0.017089063915201434,0.017085947284601884,0.012331631714498787,0.01244572934418506,0.6446237648166553,0.6360908627005412
A1170415,64.0,0.040578200270805526,0.005256263275959885,0.136303417590783,0.1345788750679864,0.01318587668439697,0.01318587668439697,0.008204185675539297,0.010388502174266288,0.010388502174266288,0.006201763703233093,0.013114042046301002,0.013108762651419494,0.008204185675539297,0.008204185675539297,0.010722575211587575,0.0112680341670537,0.6448840643017604,0.640604622625594,0.014168174787934492,0.014169166632137433,0.005256263275959885,0.136303417590783,0.1345788750679864,0.014300860644024797,0.014300860644024797,0.010745926515853642,0.010746283561249985,0.010787975030670366,0.010787975030670366,0.013564539144834626,0.013561253468731469,0.014300860644024797,0.014300860644024797,0.013783979526510932,0.013375318780317494,0.014169166632137433,0.014169166632137433,0.010722575211587575,0.0112680341670537,0.6448840643017604,0.640604622625594,0.010388502174266288,0.010388502174266288,0.013114042046301002,0.013108762651419494,0.010814964015689604,0.010986840009534243,0.6349535155159381,0.6251961152030551
A1170417,64.0,0.038012836234256935,0.005582442212853047,0.14030763887390282,0.12895812782936192,0.015090665534386266,0.015090665534386266,0.010014955160745409,0.010467381912145662,0.010467381912145662,0.006607088269197376,0.015320579528127634,0.015325140987941252,0.010014955160745409,0.010014955160745409,0.011092190273210976,0.011579743329984895,0.5657043736964456,0.5647858777937154,0.015373555758427422,0.015379711272506666,0.005582442212853047,0.14030763887390282,0.12895812782936192,0.016514460172875674,0.016514460172875674,0.010654432161609374,0.01066943212255119,0.011508908018114819,0.011508908018114819,0.015323973398891412,0.015327282141584386,0.016514460172875674,0.016514460172875674,0.01526516582656036,0.01287284452382112,0.015379711272506666,0.015379711272506666,0.011092190273210976,0.011579743329984895,0.5657043736964456,0.5647858777937154,0.010467381912145662,0.010467381912145662,0.015320579528127634,0.015325140987941252,0.01155355441039698,0.012086931519202298,0.5613425821865509,0.5597985814662427
A1170421,64.0,0.02730398238611625,0.005773563478090889,0.1071145871973281,0.09687677434163143,0.019807257777877996,0.019807257777877996,0.008870964940694902,0.012780805383707298,0.012780805383707298,0.006320944688245572,0.02060457759674302,0.020607781220396366,0.008870964940694902,0.008870964940694902,0.012120828241699048,0.012865223327745482,0.6751841587781665,0.6562069145966885,0.02013230795089635,0.02010520119335651,0.005773563478090889,0.1071145871973281,0.09687677434163143,0.02035144354988836,0.02035144354988836,0.013475284043718675,0.013475483319891918,0.013409285408387324,0.013409285408387324,0.018555314644635626,0.018513854556496675,0.02035144354988836,0.02035144354988836,0.018161622758378865,0.016009690602978063,0.02010520119335651,0.02010520119335651,0.012120828241699048,0.012865223327745482,0.6751841587781665,0.6562069145966885,0.012780805383707298,0.012780805383707298,0.02060457759674302,0.020607781220396366,0.012517378821891748,0.013736743986726757,0.664012934640332,0.6477291580995933
A1170441,64.0,0.053786060031474126,0.006565994220814301,0.054080995609228674,0.04616836082506545,0.017167937056861794,0.017167937056861794,0.009628850021159926,0.01411539627378217,0.01411539627378217,0.00600205976070674,0.01620982228839471,0.016206655376978046,0.009628850021159926,0.009628850021159926,0.011601438407060004,0.012442837918900924,0.5468313931278668,0.5484869737046428,0.017181532447714202,0.01719095347844673,0.006565994220814301,0.054080995609228674,0.04616836082506545,0.01788088860684614,0.01788088860684614,0.014019980917593416,0.01402676804718081,0.015196780380836664,0.015196780380836664,0.01613591687099318,0.01613412867655784,0.01788088860684614,0.01788088860684614,0.016775660065929288,0.014130596621960449,0.01719095347844673,0.01719095347844673,0.011601438407060004,0.012442837918900924,0.5468313931278668,0.5484869737046428,0.01411539627378217,0.01411539627378217,0.01620982228839471,0.016206655376978046,0.011512387721964099,0.012525904787829195,0.5436453756103998,0.5447305480091753
A1170442,64.0,0.09786500630147445,0.005555586797908908,0.09097594604700547,0.0830395048544977,0.020488129914131212,0.020488129914131212,0.009704872707507457,0.013765805702322815,0.013765805702322815,0.0068058620747718955,0.019934502589325585,0.0199380045859799,0.009704872707507457,0.009704872707507457,0.011812959105399748,0.013460593986180687,0.5957919963586032,0.5884459415606343,0.020366853374184868,0.020367017860219404,0.005555586797908908,0.09097594604700547,0.0830395048544977,0.023247780829989413,0.023247780829989413,0.0135390074886069,0.013542082235418295,0.014478188814811417,0.014478188814811417,0.020769772728760114,0.020799599230238136,0.023247780829989413,0.023247780829989413,0.019880029451970312,0.01654416601086324,0.020367017860219404,0.020367017860219404,0.011812959105399748,0.013460593986180687,0.5957919963586032,0.5884459415606343,0.013765805702322815,0.013765805702322815,0.019934502589325585,0.0199380045859799,0.012208066990845144,0.013778646287439075,0.6027099168282992,0.5958474709735383
A1170448,64.0,0.03733291274872576,0.005836396705105332,0.10820836441866664,0.10201817179283618,0.015926067593077308,0.015926067593077308,0.00885517100791247,0.011971187087981974,0.011971187087981974,0.005937222392914677,0.015398636617649673,0.015403650880287929,0.00885517100791247,0.00885517100791247,0.011522571540955599,0.013331027701046484,0.5806771027923449,0.5789609157799849,0.016479853449461297,0.016481253007170387,0.005836396705105332,0.10820836441866664,0.10201817179283618,0.017559157955010028,0.017559157955010028,0.01240807182672593,0.012395484169612883,0.012284432619675371,0.012284432619675371,0.016090178800445123,0.01610175948196242,0.017559157955010028,0.017559157955010028,0.016368283867075867,0.014923982176794274,0.016481253007170387,0.016481253007170387,0.011522571540955599,0.013331027701046484,0.5806771027923449,0.5789609157799849,0.011971187087981974,0.011971187087981974,0.015398636617649673,0.015403650880287929,0.011985572790831725,0.013254083187511553,0.5694376118383658,0.5753021486753603
A1170452,64.0,0.023129590583660976,0.0050705339347485,0.07486829929566909,0.06244512680669927,0.012790688110897433,0.012790688110897433,0.00793489200762608,0.009304816765955917,0.009304816765955917,0.005584814885559454,0.012426055020554527,0.012423117941953034,0.00793489200762608,0.00793489200762608,0.010087169006219655,0.009119224875546469,0.5499805861362808,0.5500480398054713,0.012958596379495854,0.012956585183651406,0.0050705339347485,0.07486829929566909,0.06244512680669927,0.013343701710330903,0.013343701710330903,0.009977024874892939,0.009977048201657249,0.010096525519507365,0.010096525519507365,0.012114837772168006,0.01211404672312756,0.013343701710330903,0.013343701710330903,0.012491865029025464,0.011001501662309638,0.012956585183651406,0.012956585183651406,0.010087169006219655,0.009119224875546469,0.5499805861362808,0.5500480398054713,0.009304816765955917,0.009304816765955917,0.012426055020554527,0.012423117941953034,0.010207631026812299,0.010164594713622873,0.548601824728625,0.5507138701546059
A1170453,64.0,0.0406625204530411,0.004040878748903074,0.11997942836062206,0.10451393387320605,0.014163860846850992,0.014163860846850992,0.006754407344037747,0.010752408930095013,0.010752408930095013,0.004678548990021574,0.013779849535348162,0.013779903034816313,0.006754407344037747,0.006754407344037747,0.011206146491765268,0.011375155648807067,0.5958079782219698,0.5881244629384824,0.014640542618762499,0.014641278676090008,0.004040878748903074,0.11997942836062206,0.10451393387320605,0.014782247948814978,0.014782247948814978,0.011612137787187655,0.01161006787273036,0.011185231521700586,0.011185231521700586,0.014281662015420539,0.014284378756808805,0.014782247948814978,0.014782247948814978,0.01459378513799721,0.013568755823248017,0.014641278676090008,0.014641278676090008,0.011206146491765268,0.011375155648807067,0.5958079782219698,0.5881244629384824,0.010752408930095013,0.010752408930095013,0.013779849535348162,0.013779903034816313,0.011339804296004846,0.01231100818151165,0.5901998712572457,0.5858717377059812
A1170459,64.0,0.042636404077130985,0.006057107646115996,0.08700426914037755,0.07711047899830713,0.02018725144586827,0.02018725144586827,0.01199830758090468,0.015430029688627112,0.015430029688627112,0.008097184077992238,0.01964402981289656,0.019644969494993673,0.01199830758090468,0.01199830758090468,0.01298209955640279,0.014207212631622928,0.6266455709097964,0.6195609057924313,0.020678938292860518,0.0207159570450739,0.006057107646115996,0.08700426914037755,0.07711047899830713,0.02273483761671226,0.02273483761671226,0.014830964396213868,0.014859501574321109,0.01668543515522435,0.01668543515522435,0.02012899486153547,0.020127156898616272,0.02273483761671226,0.02273483761671226,0.019400717051386934,0.016632912176747026,0.0207159570450739,0.0207159570450739,0.01298209955640279,0.014207212631622928,0.6266455709097964,0.6195609057924313,0.015430029688627112,0.015430029688627112,0.01964402981289656,0.019644969494993673,0.012967357709455278,0.014963670952566113,0.6290664145298418,0.6271682707427846
A1170466,64.0,0.03940701100890836,0.005037407534063564,0.10341464982001874,0.08689953899868522,0.018052312395061935,0.018052312395061935,0.008694454054142058,0.012640215328103466,0.012640215328103466,0.005819817125176709,0.017513035994431127,0.01751155647654995,0.008694454054142058,0.008694454054142058,0.0135050323878752,0.014461749265855516,0.5988868502669586,0.5890037218288247,0.018091489168002614,0.018091210415307417,0.005037407534063564,0.10341464982001874,0.08689953899868522,0.018316303807624713,0.018316303807624713,0.013526736037250348,0.01352261033118167,0.014101607497744553,0.014101607497744553,0.018108779770747572,0.0181342991633646,0.018316303807624713,0.018316303807624713,0.01745652978395358,0.015598875728353617,0.018091210415307417,0.018091210415307417,0.0135050323878752,0.014461749265855516,0.5988868502669586,0.5890037218288247,0.012640215328103466,0.012640215328103466,0.017513035994431127,0.01751155647654995,0.01387059578317362,0.015027042580407355,0.5999867278825295,0.582833830970618
A1170469,64.0,0.04148667767679671,0.006570728202058694,0.1038708608773791,0.09477452007185737,0.02151441851739727,0.02151441851739727,0.013201007431094341,0.01697914289070342,0.01697914289070342,0.009768060605917016,0.020356181023476413,0.020325984224228284,0.013201007431094341,0.013201007431094341,0.015155214566563492,0.0156358391652744,0.6462990218772217,0.6352475613773059,0.02220150880887405,0.022200067169194142,0.006570728202058694,0.1038708608773791,0.09477452007185737,0.02214974334350444,0.02214974334350444,0.018380553661697864,0.018382068569054926,0.017448089973309794,0.017448089973309794,0.02108021524487289,0.021081121622791278,0.02214974334350444,0.02214974334350444,0.020686141157291334,0.01826762394549056,0.022200067169194142,0.022200067169194142,0.015155214566563492,0.0156358391652744,0.6462990218772217,0.6352475613773059,0.01697914289070342,0.01697914289070342,0.020356181023476413,0.020325984224228284,0.014683790542392383,0.01610017601800141,0.6579727544140369,0.643976716113501
A1170471,64.0,0.04390456782486712,0.004467615597190791,0.1172817266313368,0.10479255672567062,0.020876585758988233,0.020876585758988233,0.009278873508309856,0.014826164246660925,0.014826164246660925,0.007242846687688121,0.02132603123932496,0.021328557521311447,0.009278873508309856,0.009278873508309856,0.014455231452759633,0.01673034392632188,0.56276826385642,0.5449484806667231,0.02104345719154358,0.0210862130495987,0.004467615597190791,0.1172817266313368,0.10479255672567062,0.020211356924083896,0.020211356924083896,0.015691466460511224,0.015666877948639253,0.01593010447411079,0.01593010447411079,0.020642069925056242,0.02062593613285618,0.020211356924083896,0.020211356924083896,0.020011976413452145,0.020278352207259747,0.0210862130495987,0.0210862130495987,0.014455231452759633,0.01673034392632188,0.56276826385642,0.5449484806667231,0.014826164246660925,0.014826164246660925,0.02132603123932496,0.021328557521311447,0.014843797012076037,0.01623377499566363,0.5638422390916455,0.5477799934326507
A1170476,64.0,0.027768350504090464,0.005027078301270158,0.11508611182740437,0.10558558887176005,0.01682799451994621,0.01682799451994621,0.007992901819045837,0.011749347792040156,0.011749347792040156,0.00561149754132839,0.015814949025493883,0.01581574031573363,0.007992901819045837,0.007992901819045837,0.012382635580351497,0.011886141619102931,0.5692355719829684,0.5638320739645634,0.01680472558117455,0.016805474385173068,0.005027078301270158,0.11508611182740437,0.10558558887176005,0.016680774512145523,0.016680774512145523,0.012426788384997785,0.012424500972140954,0.012079759209238062,0.012079759209238062,0.016681269028340998,0.0166805918175115,0.016680774512145523,0.016680774512145523,0.015761220984015688,0.014373554856330798,0.016805474385173068,0.016805474385173068,0.012382635580351497,0.011886141619102931,0.5692355719829684,0.5638320739645634,0.011749347792040156,0.011749347792040156,0.015814949025493883,0.01581574031573363,0.012996312577709234,0.012851951012257758,0.5495513356540923,0.554709752857091
A1170479,64.0,0.05623740978895783,0.006789194845320726,0.09840704039898611,0.0907536468779863,0.020023389198584807,0.020023389198584807,0.009502870749117487,0.01589450683367291,0.01589450683367291,0.007513086111758092,0.021383521053090257,0.021380358161891985,0.009502870749117487,0.009502870749117487,0.013693584646744294,0.01403690108707694,0.5818007004440082,0.5751835300801323,0.020782333494957034,0.020731811751191747,0.006789194845320726,0.09840704039898611,0.0907536468779863,0.021983600043061886,0.021983600043061886,0.01660395793172148,0.01660586212288334,0.01590690709808482,0.01590690709808482,0.02059033185852597,0.020591697964664014,0.021983600043061886,0.021983600043061886,0.020311890859228864,0.017156525316318307,0.020731811751191747,0.020731811751191747,0.013693584646744294,0.01403690108707694,0.5818007004440082,0.5751835300801323,0.01589450683367291,0.01589450683367291,0.021383521053090257,0.021380358161891985,0.014560719518727139,0.014241875935216251,0.5887129158868396,0.5847068267092738
A1170480,64.0,0.030542121638516433,0.006144466957418716,0.11596734279329735,0.09888600805695824,0.02241241386668215,0.02241241386668215,0.011417916298288316,0.016335682556227443,0.016335682556227443,0.007578393913715483,0.021983249422086792,0.02198494288396755,0.011417916298288316,0.011417916298288316,0.014161042680529269,0.01623232901572342,0.6249089402381751,0.6116377822233126,0.02315494008344577,0.023164453697313247,0.006144466957418716,0.11596734279329735,0.09888600805695824,0.02213412332081019,0.02213412332081019,0.016869501415025856,0.016872261210779563,0.01628302440383504,0.01628302440383504,0.02216557108816577,0.022163388705461785,0.02213412332081019,0.02213412332081019,0.022393189381634235,0.018670301980710343,0.023164453697313247,0.023164453697313247,0.014161042680529269,0.01623232901572342,0.6249089402381751,0.6116377822233126,0.016335682556227443,0.016335682556227443,0.021983249422086792,0.02198494288396755,0.0145941335214592,0.015917836135355568,0.6200860884463207,0.6048993854757484
A1170493,64.0,0.17959526826298247,0.00823106429591851,0.15750408920574116,0.12962286616543617,0.02021250265627853,0.02021250265627853,0.011004542688930977,0.014670897790836092,0.014670897790836092,0.008816497343186208,0.019339293836149962,0.01934422233294331,0.011004542688930977,0.011004542688930977,0.01236415587579848,0.012995950218491219,0.5921492204462879,0.579383458333587,0.02049394585063786,0.020492942066034456,0.00823106429591851,0.15750408920574116,0.12962286616543617,0.021448199054211425,0.021448199054211425,0.01363449876523267,0.013647537139421451,0.014816636378354937,0.014816636378354937,0.018525281001832903,0.018529410868681696,0.021448199054211425,0.021448199054211425,0.019706305913317138,0.01681054852314998,0.020492942066034456,0.020492942066034456,0.01236415587579848,0.012995950218491219,0.5921492204462879,0.579383458333587,0.014670897790836092,0.014670897790836092,0.019339293836149962,0.01934422233294331,0.012195724635052058,0.012587381839545582,0.5944172602613468,0.5838229902960763
A1170499,64.0,0.0995043067045942,0.009952922237403024,0.09899973398509344,0.0728169003889253,0.015512041233440414,0.015512041233440414,0.011938298301158064,0.013822709347343178,0.013822709347343178,0.009673421763782374,0.015864330464710193,0.0158655031122169,0.011938298301158064,0.011938298301158064,0.010812119165495397,0.01033449683687203,0.6067945715461596,0.592400409142477,0.01591728989274059,0.015917740488973972,0.009952922237403024,0.09899973398509344,0.0728169003889253,0.016260921025895336,0.016260921025895336,0.0136976946009656,0.013698609199929922,0.01405526114826067,0.01405526114826067,0.015902378726559994,0.015899761218278536,0.016260921025895336,0.016260921025895336,0.015165087693130429,0.013682268827185205,0.015917740488973972,0.015917740488973972,0.010812119165495397,0.01033449683687203,0.6067945715461596,0.592400409142477,0.013822709347343178,0.013822709347343178,0.015864330464710193,0.0158655031122169,0.010948439818241756,0.011292046682571872,0.6181358149900125,0.6063546389497128
A1170504,64.0,0.044957198982214494,0.007417804356470758,0.15220745730828744,0.11827701498815597,0.016296942057219325,0.016296942057219325,0.009158823172062576,0.010263338776421462,0.010263338776421462,0.007129020296181146,0.015423871507806615,0.01542103073406094,0.009158823172062576,0.009158823172062576,0.01016348362693241,0.010421439852303609,0.6859991106095837,0.6645440082578441,0.016965742740019957,0.01696905618009181,0.007417804356470758,0.15220745730828744,0.11827701498815597,0.017844364015065114,0.017844364015065114,0.010939711149275312,0.010941139363943999,0.01128136198128725,0.01128136198128725,0.014246989284501582,0.0142499506397155,0.017844364015065114,0.017844364015065114,0.016099427031147754,0.012516098714669301,0.01696905618009181,0.01696905618009181,0.01016348362693241,0.010421439852303609,0.6859991106095837,0.6645440082578441,0.010263338776421462,0.010263338776421462,0.015423871507806615,0.01542103073406094,0.009800161278153217,0.010455154010438597,0.6913846586701955,0.6687160387252707
A1170507,64.0,0.06691940452370847,0.006892219443452705,0.06499879387423908,0.0617051698708704,0.01710054287433608,0.01710054287433608,0.007853287691409899,0.01316082758853621,0.01316082758853621,0.006547894779884825,0.016884723165362804,0.016886432300891784,0.007853287691409899,0.007853287691409899,0.01093566189185867,0.010721955939388864,0.5502767649212871,0.5474776015325683,0.018417828772814504,0.01841442805354572,0.006892219443452705,0.06499879387423908,0.0617051698708704,0.020137090064101353,0.020137090064101353,0.014261823757527334,0.014346220098016725,0.014565083819563682,0.014565083819563682,0.01757947832348501,0.01756964780457589,0.020137090064101353,0.020137090064101353,0.01689276414950424,0.013976531271739819,0.01841442805354572,0.01841442805354572,0.01093566189185867,0.010721955939388864,0.5502767649212871,0.5474776015325683,0.01316082758853621,0.01316082758853621,0.016884723165362804,0.016886432300891784,0.011911687978025819,0.0120481112860461,0.5580630135768727,0.5526075554423056
A1170513,64.0,0.041078707009044535,0.005961055727228674,0.07840583872866119,0.06823736846373617,0.02378458527021445,0.02378458527021445,0.0077205135518100005,0.0210785489536591,0.0210785489536591,0.0066991720220921066,0.02285789763895976,0.0228539055740798,0.0077205135518100005,0.0077205135518100005,0.012391121129926965,0.01491387834562393,0.5831045112800196,0.5673888436590052,0.025492424913259672,0.025496435498693452,0.005961055727228674,0.07840583872866119,0.06823736846373617,0.027149634733591103,0.027149634733591103,0.020770055148208493,0.020778387221178456,0.021335778807051994,0.021335778807051994,0.02368461337301491,0.023674983291977817,0.027149634733591103,0.027149634733591103,0.02403251462007864,0.0178786842562158,0.025496435498693452,0.025496435498693452,0.012391121129926965,0.01491387834562393,0.5831045112800196,0.5673888436590052,0.0210785489536591,0.0210785489536591,0.02285789763895976,0.0228539055740798,0.013952098174751324,0.015904559756460594,0.5960711572253431,0.5812218570614083
A1170515,64.0,0.05604940288123372,0.005344626857388316,0.04423057136855381,0.03728008102058341,0.01683333505112806,0.01683333505112806,0.011020665581734054,0.014576376343287423,0.014576376343287423,0.00944899450468301,0.017400529445975275,0.017401176523281235,0.011020665581734054,0.011020665581734054,0.012089806827933727,0.01250707243293879,0.5467046255501433,0.5311548236091135,0.01728216703278125,0.017281330692650008,0.005344626857388316,0.04423057136855381,0.03728008102058341,0.016998726578991853,0.016998726578991853,0.01616925740053182,0.016172619538624124,0.01503113065622963,0.01503113065622963,0.016284547169901947,0.016286308252363043,0.016998726578991853,0.016998726578991853,0.017045617843675958,0.015247009179646404,0.017281330692650008,0.017281330692650008,0.012089806827933727,0.01250707243293879,0.5467046255501433,0.5311548236091135,0.014576376343287423,0.014576376343287423,0.017400529445975275,0.017401176523281235,0.011923769565696584,0.012828036462294773,0.5466116099801208,0.530766715331252
A1170516,64.0,0.038440626694340646,0.007666574080367127,0.10489252174736081,0.0811200049558318,0.01839570829371564,0.01839570829371564,0.010105064965451186,0.013793355007662225,0.013793355007662225,0.008551999215262134,0.017176362775388514,0.017177433460868415,0.010105064965451186,0.010105064965451186,0.01096180163492225,0.012001597589632446,0.5447615510830259,0.534542847015991,0.01869918665118237,0.018684645030059555,0.007666574080367127,0.10489252174736081,0.0811200049558318,0.020120035884910452,0.020120035884910452,0.014599089540668063,0.014607301357556961,0.014405635005160754,0.014405635005160754,0.016462284809487943,0.016460537118109096,0.020120035884910452,0.020120035884910452,0.01748869856339747,0.015424369997344213,0.018684645030059555,0.018684645030059555,0.01096180163492225,0.012001597589632446,0.5447615510830259,0.534542847015991,0.013793355007662225,0.013793355007662225,0.017176362775388514,0.017177433460868415,0.011507600259955522,0.0122746901100409,0.5516026411143654,0.5405171033510274
A1170518,64.0,0.046149127742448906,0.008679950726832959,0.10340184917148278,0.08030688166391174,0.013304525959005527,0.013304525959005527,0.01112095933041518,0.010476632930705035,0.010476632930705035,0.006877584037813421,0.013190846065000554,0.013187895877979729,0.01112095933041518,0.01112095933041518,0.00940282158604326,0.009850632364040858,0.5285231428323333,0.5191034424669545,0.013335816349707779,0.013318377648030847,0.008679950726832959,0.10340184917148278,0.08030688166391174,0.013532101449166929,0.013532101449166929,0.011281297065468585,0.01128341558608406,0.011179159260079665,0.011179159260079665,0.012194009635641804,0.01219293657912471,0.013532101449166929,0.013532101449166929,0.012866506021539296,0.011872819348310958,0.013318377648030847,0.013318377648030847,0.00940282158604326,0.009850632364040858,0.5285231428323333,0.5191034424669545,0.010476632930705035,0.010476632930705035,0.013190846065000554,0.013187895877979729,0.009221617177213008,0.009428146335336602,0.543115029777671,0.5295066615363367
A1170527,64.0,0.04076122606576677,0.005746579816392961,0.17924004568372956,0.15368883878683354,0.019822434259959856,0.019822434259959856,0.009080708112208541,0.014779928679683023,0.014779928679683023,0.006199422704833584,0.021076345815271645,0.021059669136706802,0.009080708112208541,0.009080708112208541,0.014116824032305431,0.014914287073567475,0.6326455726025852,0.6271147372576124,0.019808651224630887,0.019814425328639692,0.005746579816392961,0.17924004568372956,0.15368883878683354,0.02232221070691663,0.02232221070691663,0.014523930770301707,0.014523607262300647,0.016309900817062604,0.016309900817062604,0.019880953648170097,0.019880291910428803,0.02232221070691663,0.02232221070691663,0.019382307528566387,0.019116961330182276,0.019814425328639692,0.019814425328639692,0.014116824032305431,0.014914287073567475,0.6326455726025852,0.6271147372576124,0.014779928679683023,0.014779928679683023,0.021076345815271645,0.021059669136706802,0.014433027850593465,0.01583017814902434,0.6329239014059369,0.6275771865986973
A1170535,65.0,0.08044444259342497,0.008259250645636306,0.14739566411612806,0.1188396393070381,0.021804665417856816,0.021804665417856816,0.011269253489439007,0.017684562371475306,0.017684562371475306,0.009528860931065374,0.023599282056771826,0.023577114763108798,0.011269253489439007,0.011269253489439007,0.014971884358329215,0.01584979058522963,0.5552646739318042,0.5418789915159734,0.021862947348158898,0.02186666799577708,0.008259250645636306,0.14739566411612806,0.1188396393070381,0.023596511531579777,0.023596511531579777,0.017319916385181277,0.01732010654330334,0.017737216093398556,0.017737216093398556,0.02148106746298497,0.02148442428204684,0.023596511531579777,0.023596511531579777,0.02026700113610022,0.019651216931757486,0.02186666799577708,0.02186666799577708,0.014971884358329215,0.01584979058522963,0.5552646739318042,0.5418789915159734,0.017684562371475306,0.017684562371475306,0.023599282056771826,0.023577114763108798,0.01527241527182198,0.016285774576767963,0.5522419471661068,0.5422922163129127
A1170541,64.0,0.037679473567428484,0.006085613312248762,0.08810182643243884,0.0722080436244141,0.01897457880802597,0.01897457880802597,0.007933040460533187,0.014617063327762844,0.014617063327762844,0.006478730841156655,0.01861898076762841,0.01861570019338627,0.007933040460533187,0.007933040460533187,0.011011480092817428,0.010714757288043355,0.5974095753013094,0.5875552151870447,0.018904576775290276,0.01890740937272714,0.006085613312248762,0.08810182643243884,0.0722080436244141,0.0199615582670137,0.0199615582670137,0.014759231269932588,0.014760566551667484,0.01488450086820638,0.01488450086820638,0.01666834245600734,0.016668424826212412,0.0199615582670137,0.0199615582670137,0.01810856899971658,0.013860779116603737,0.01890740937272714,0.01890740937272714,0.011011480092817428,0.010714757288043355,0.5974095753013094,0.5875552151870447,0.014617063327762844,0.014617063327762844,0.01861898076762841,0.01861570019338627,0.011872110194828046,0.01102430009823594,0.5977030740746339,0.585093683454529
A12069cW,64.0,0.2341612195002982,0.009054752688814163,0.08315127876353318,0.05962216574155342,0.01144539591170128,0.01144539591170128,0.013213612415270169,0.013040845104077837,0.013040845104077837,0.012674385654850382,0.013772726099231034,0.013783557412569638,0.013213612415270169,0.013213612415270169,0.0065357150680019835,0.006805985101434281,0.9174565722764214,0.7567522397767591,0.012791929711517477,0.012788303096904903,0.009054752688814163,0.08315127876353318,0.05962216574155342,0.015770879158950386,0.015770879158950386,0.01265960933268384,0.012596366001645428,0.013619765857076895,0.013619765857076895,0.01333249293720835,0.013263718105661309,0.015770879158950386,0.015770879158950386,0.01209447006815246,0.011213061313713088,0.012788303096904903,0.012788303096904903,0.0065357150680019835,0.006805985101434281,0.9174565722764214,0.7567522397767591,0.013040845104077837,0.013040845104077837,0.013772726099231034,0.013783557412569638,0.0065090797063386725,0.006276235176199824,0.922455146122027,0.7960136897938563
A13415cW,64.0,0.23542282958597335,0.014760441564308627,0.08011393315406772,0.06758589035382509,0.01064725498733638,0.01064725498733638,0.01993119295879974,0.009313159603364105,0.009313159603364105,0.018997878652860473,0.01043471377710059,0.0104365443643888,0.01993119295879974,0.01993119295879974,0.006230951577232395,0.0063225616631065905,0.5904223151019901,0.4495476543148485,0.010913978117641243,0.01079155689777653,0.014760441564308627,0.08011393315406772,0.06758589035382509,0.011019076439942047,0.011019076439942047,0.01012983828667228,0.010144314124394498,0.009692212823096825,0.009692212823096825,0.01043864711294886,0.010436771465235471,0.011019076439942047,0.011019076439942047,0.00963337307026858,0.00957020349989249,0.01079155689777653,0.01079155689777653,0.006230951577232395,0.0063225616631065905,0.5904223151019901,0.4495476543148485,0.009313159603364105,0.009313159603364105,0.01043471377710059,0.0104365443643888,0.006494643443124693,0.006482695194984434,0.5795163439388931,0.4464414472134853
A13415dW,64.0,0.42073004470516023,0.006657123799999532,0.02760535607941109,0.02213581017538549,0.01164361670371606,0.01164361670371606,0.009648824702085683,0.011762193625289859,0.011762193625289859,0.008225335870910008,0.013790902087965781,0.013800801841483626,0.009648824702085683,0.009648824702085683,0.006631685996774669,0.006528471216086564,0.4099600897130462,0.3926783522617607,0.012124537561708254,0.01212399118975069,0.006657123799999532,0.02760535607941109,0.02213581017538549,0.013884426994326732,0.013884426994326732,0.011085641555520024,0.011090390237734726,0.012470812982796366,0.012470812982796366,0.012016744134393067,0.012026032123785465,0.013884426994326732,0.013884426994326732,0.011283903687518089,0.009988114334693815,0.01212399118975069,0.01212399118975069,0.006631685996774669,0.006528471216086564,0.4099600897130462,0.3926783522617607,0.011762193625289859,0.011762193625289859,0.013790902087965781,0.013800801841483626,0.006816381643150849,0.0064986939271320715,0.44194433395607785,0.39769370063773574
A13451bW,64.0,0.8260999808573286,0.010771022543186803,0.0359007510330038,0.024883169241089163,0.017832636009804174,0.017832636009804174,0.019082937586275377,0.0180188639793929,0.0180188639793929,0.018464524891170234,0.01901323791430642,0.01905058485083179,0.019082937586275377,0.019082937586275377,0.008354842808303488,0.008033706771163529,0.42181726419564575,0.3529597624196526,0.01948791132128457,0.019490317150796327,0.010771022543186803,0.0359007510330038,0.024883169241089163,0.01875176311754695,0.01875176311754695,0.017788567546199452,0.017794032947068838,0.018570957884729067,0.018570957884729067,0.018752478039032724,0.018757640084221885,0.01875176311754695,0.01875176311754695,0.018424364335997572,0.015680007693520678,0.019490317150796327,0.019490317150796327,0.008354842808303488,0.008033706771163529,0.42181726419564575,0.3529597624196526,0.0180188639793929,0.0180188639793929,0.01901323791430642,0.01905058485083179,0.00705023214868439,0.0071254804799687314,0.41613698750585193,0.35392442717982175
AEOJUM204,64.0,0.0239573542931969,0.006168177620664044,0.07270491239188984,0.06996691689205346,0.011881179350034746,0.011881179350034746,0.008165005203723862,0.010415065416293699,0.010415065416293699,0.007341358820378935,0.012243945909505546,0.012245272133151117,0.008165005203723862,0.008165005203723862,0.00737096244865724,0.008180834409678817,0.6082449674727834,0.5922459082732546,0.013319753061735218,0.013323769695216805,0.006168177620664044,0.07270491239188984,0.06996691689205346,0.01395257289378654,0.01395257289378654,0.011860600022745462,0.011863956049238667,0.011039572375753844,0.011039572375753844,0.013568039119491926,0.013569072244432337,0.01395257289378654,0.01395257289378654,0.0122555877642546,0.00998231597208473,0.013323769695216805,0.013323769695216805,0.00737096244865724,0.008180834409678817,0.6082449674727834,0.5922459082732546,0.010415065416293699,0.010415065416293699,0.012243945909505546,0.012245272133151117,0.00834074087891518,0.008597841903540841,0.6144755165047571,0.5973187003281591
AEOJUM303,64.0,0.03296014652540848,0.006327372281472904,0.08161860393840684,0.06814311802738662,0.017949887084091013,0.017949887084091013,0.008775952068668127,0.013959240939964061,0.013959240939964061,0.007271940223616597,0.01857431456668947,0.018575777497592195,0.008775952068668127,0.008775952068668127,0.007894550120637644,0.008555258003902225,0.6165724522233172,0.5871668217964675,0.01782695657890374,0.017828212592067145,0.006327372281472904,0.08161860393840684,0.06814311802738662,0.023381697669492472,0.023381697669492472,0.012244692682671974,0.012258271823519299,0.01371510022286955,0.01371510022286955,0.016625588575962212,0.01662581244027715,0.023381697669492472,0.023381697669492472,0.017360853527834418,0.012933404180711818,0.017828212592067145,0.017828212592067145,0.007894550120637644,0.008555258003902225,0.6165724522233172,0.5871668217964675,0.013959240939964061,0.013959240939964061,0.01857431456668947,0.018575777497592195,0.007876906815314366,0.00886604508988216,0.6270366890155249,0.5895783845219792
AEOJUM402,64.0,0.045460468194559775,0.010127588282180681,0.14922417838746918,0.13274319956416317,0.024414612101957233,0.024414612101957233,0.015697508861506337,0.022322136180569045,0.022322136180569045,0.012003827138296539,0.024954234968820502,0.02494947069914717,0.015697508861506337,0.015697508861506337,0.013604037881871983,0.015175883108019896,0.6100661183359938,0.5967723652545595,0.025590208945245524,0.025592465833198023,0.010127588282180681,0.14922417838746918,0.13274319956416317,0.027718873249661637,0.027718873249661637,0.02400147289651082,0.023978606486543902,0.02215521296079094,0.02215521296079094,0.02575861069933703,0.025763630864288786,0.027718873249661637,0.027718873249661637,0.02531234484342731,0.01893485866732421,0.025592465833198023,0.025592465833198023,0.013604037881871983,0.015175883108019896,0.6100661183359938,0.5967723652545595,0.022322136180569045,0.022322136180569045,0.024954234968820502,0.02494947069914717,0.013852687069405964,0.01521434453163988,0.6148580265538143,0.6030402364418151
AEOJUM501,64.0,0.027428405158413705,0.005847143795782708,0.093288154184065,0.08608770911800152,0.01085851964860342,0.01085851964860342,0.006800593579689578,0.009325453148154444,0.009325453148154444,0.006050543556892004,0.010717011342486711,0.01071514452926783,0.006800593579689578,0.006800593579689578,0.007234113443772752,0.007284865566500289,0.5477232447366291,0.5437688192033328,0.011638782296037714,0.011698205889804135,0.005847143795782708,0.093288154184065,0.08608770911800152,0.012012832976838165,0.012012832976838165,0.010190342096383698,0.010190951212269738,0.009759156459255208,0.009759156459255208,0.010611211729972937,0.010604309486469078,0.012012832976838165,0.012012832976838165,0.011170308583615942,0.009515795707676914,0.011698205889804135,0.011698205889804135,0.007234113443772752,0.007284865566500289,0.5477232447366291,0.5437688192033328,0.009325453148154444,0.009325453148154444,0.010717011342486711,0.01071514452926783,0.007547488622677453,0.007713071977549233,0.551142295814657,0.5438849001754362
AEOJUM707,64.0,0.08396784319774298,0.008502211470704823,0.11354338845640176,0.10917243132865079,0.012577937611761016,0.012577937611761016,0.010892444501430183,0.011516496917793785,0.011516496917793785,0.00927743803387962,0.01386932565734169,0.013863102037697913,0.010892444501430183,0.010892444501430183,0.009907806108966142,0.0096588168392062,0.5950573201862778,0.589695244022267,0.012717559796425547,0.012719542410552558,0.008502211470704823,0.11354338845640176,0.10917243132865079,0.013785924277130539,0.013785924277130539,0.012139466924605262,0.012138774489378211,0.012047185697303297,0.012047185697303297,0.01297041324522924,0.012981692231797577,0.013785924277130539,0.013785924277130539,0.01244433654813894,0.010217609897171237,0.012719542410552558,0.012719542410552558,0.009907806108966142,0.0096588168392062,0.5950573201862778,0.589695244022267,0.011516496917793785,0.011516496917793785,0.01386932565734169,0.013863102037697913,0.010344314109283815,0.00982114580562834,0.5972513028711731,0.5900943149576234
AEOJUM807,64.0,0.10129356411750413,0.007108384643076095,0.1324911271005694,0.11199027433883366,0.015144935064349491,0.015144935064349491,0.010611944945737955,0.013367550404936757,0.013367550404936757,0.008603719626626396,0.015586254374787742,0.015586753996460671,0.010611944945737955,0.010611944945737955,0.010869601355085749,0.010680456426431497,0.5964782251801773,0.5930141026784729,0.015155116822184693,0.01515405287416203,0.007108384643076095,0.1324911271005694,0.11199027433883366,0.015577228196310744,0.015577228196310744,0.01435027468625331,0.014375492788135694,0.013718296378823634,0.013718296378823634,0.015677633827957716,0.0156776974124127,0.015577228196310744,0.015577228196310744,0.014514386118381272,0.013056028720324341,0.01515405287416203,0.01515405287416203,0.010869601355085749,0.010680456426431497,0.5964782251801773,0.5930141026784729,0.013367550404936757,0.013367550404936757,0.015586254374787742,0.015586753996460671,0.01084180507257994,0.010999657507751233,0.5991914300784668,0.602716309264645
AETJUM104,64.0,0.06139802455642715,0.01157271761142372,0.13445399935508542,0.12333666849611832,0.024247953352991722,0.024247953352991722,0.013022554419445645,0.016885954080662364,0.016885954080662364,0.011793365034116902,0.0253256043145298,0.025318548821599004,0.013022554419445645,0.013022554419445645,0.015099028837760086,0.016146339226529666,0.6101079691682016,0.6037389796634183,0.02473759122674147,0.02475482385306338,0.01157271761142372,0.13445399935508542,0.12333666849611832,0.028620683419884944,0.028620683419884944,0.01704703157476734,0.01702511981015566,0.018457648387363416,0.018457648387363416,0.025093337070732632,0.025080413924612723,0.028620683419884944,0.028620683419884944,0.02378950772887845,0.019891394530215566,0.02475482385306338,0.02475482385306338,0.015099028837760086,0.016146339226529666,0.6101079691682016,0.6037389796634183,0.016885954080662364,0.016885954080662364,0.0253256043145298,0.025318548821599004,0.01573397493223574,0.01542586679733355,0.6112778987093981,0.6017658215296434
AETJUM111,64.0,0.03510047647932308,0.005725027830037657,0.06528783869299615,0.06483895035031323,0.01367841512938749,0.01367841512938749,0.006319335291292871,0.0123058515523537,0.0123058515523537,0.0059877374397144904,0.013131498049945642,0.01312876360708355,0.006319335291292871,0.006319335291292871,0.010121796255949266,0.009722196186971123,0.5945559975415923,0.5808403725633682,0.014142175335662496,0.014144870929047051,0.005725027830037657,0.06528783869299615,0.06483895035031323,0.01542041913317918,0.01542041913317918,0.012135817994651967,0.012136658583757703,0.012991014209647253,0.012991014209647253,0.013785370862073352,0.013785656760604559,0.01542041913317918,0.01542041913317918,0.013553672134425154,0.012653468918672865,0.014144870929047051,0.014144870929047051,0.010121796255949266,0.009722196186971123,0.5945559975415923,0.5808403725633682,0.0123058515523537,0.0123058515523537,0.013131498049945642,0.01312876360708355,0.010222548944462539,0.010482193456260116,0.6094500169340957,0.5952799174949538
AETJUM119,64.0,0.037975957803818065,0.005567648408239867,0.0663870128506012,0.06366890558401343,0.016340752229039135,0.016340752229039135,0.007793815356969628,0.01428668727595075,0.01428668727595075,0.006939921897098554,0.01698672729404352,0.01698014622192407,0.007793815356969628,0.007793815356969628,0.009920836316357809,0.010106585639259463,0.5169901224114679,0.511922893934128,0.017134684038846146,0.01712638474417103,0.005567648408239867,0.0663870128506012,0.06366890558401343,0.017415761179161274,0.017415761179161274,0.016409947988702506,0.016410526166658692,0.014955427663334901,0.014955427663334901,0.016399622231367664,0.01639798278023214,0.017415761179161274,0.017415761179161274,0.016864997562477974,0.013270035050214684,0.01712638474417103,0.01712638474417103,0.009920836316357809,0.010106585639259463,0.5169901224114679,0.511922893934128,0.01428668727595075,0.01428668727595075,0.01698672729404352,0.01698014622192407,0.01049310483984409,0.010831897839568498,0.5063942665071096,0.5054137121094927
AETJUM229,64.0,0.058984511376631035,0.0061882807032405595,0.15547590287439084,0.1290310328977283,0.016499663202866936,0.016499663202866936,0.008018450987123787,0.012583163534151273,0.012583163534151273,0.007506022730960532,0.016804643382910277,0.0168269368724328,0.008018450987123787,0.008018450987123787,0.00951847662994075,0.008468911985019206,0.6289354185080194,0.6249167241821879,0.017201115710255396,0.01718927453798028,0.0061882807032405595,0.15547590287439084,0.1290310328977283,0.019203097676802162,0.019203097676802162,0.012162706277424946,0.012160714273098052,0.013663077617549499,0.013663077617549499,0.015323502066050333,0.015325012434907906,0.019203097676802162,0.019203097676802162,0.016296169607298468,0.013091905538572922,0.01718927453798028,0.01718927453798028,0.00951847662994075,0.008468911985019206,0.6289354185080194,0.6249167241821879,0.012583163534151273,0.012583163534151273,0.016804643382910277,0.0168269368724328,0.010029384449460688,0.008827554688091729,0.6325556852419412,0.627833172984707
APTJUM107,64.0,0.04279619887377765,0.005956710613576202,0.1485387066553791,0.1385045475780537,0.019385406663750174,0.019385406663750174,0.010343982606052803,0.013869939461219328,0.013869939461219328,0.007932479136482457,0.019948809651840094,0.01994834208011784,0.010343982606052803,0.010343982606052803,0.010675250133609919,0.012121033143633725,0.5746257208618191,0.5634982007963083,0.02035333692867359,0.020351422224040027,0.005956710613576202,0.1485387066553791,0.1385045475780537,0.020520413911651898,0.020520413911651898,0.014893000963743557,0.014955248107351412,0.014171235329507077,0.014171235329507077,0.019719379717572306,0.01972040668053958,0.020520413911651898,0.020520413911651898,0.019759371450328817,0.015878333311394915,0.020351422224040027,0.020351422224040027,0.010675250133609919,0.012121033143633725,0.5746257208618191,0.5634982007963083,0.013869939461219328,0.013869939461219328,0.019948809651840094,0.01994834208011784,0.010594524666511613,0.011948232787499125,0.5797568073295327,0.5663498008903123
APTJUM110,64.0,0.06454023923059882,0.008994810767432833,0.11946518464588736,0.10219138959624956,0.022716771731299306,0.022716771731299306,0.013556886606177286,0.01588978175350675,0.01588978175350675,0.012961138283332393,0.01976884631109503,0.01977008197255608,0.013556886606177286,0.013556886606177286,0.008470459194673097,0.010376280435566917,0.5858663242266167,0.5605175816200166,0.02384983784623998,0.02385534926395591,0.008994810767432833,0.11946518464588736,0.10219138959624956,0.021778596945294236,0.021778596945294236,0.015827442571150197,0.015825208322864902,0.01694241378542471,0.01694241378542471,0.020879199204424694,0.020921812271337284,0.021778596945294236,0.021778596945294236,0.022206038824325407,0.01533979829628981,0.02385534926395591,0.02385534926395591,0.008470459194673097,0.010376280435566917,0.5858663242266167,0.5605175816200166,0.01588978175350675,0.01588978175350675,0.01976884631109503,0.01977008197255608,0.008518039751988556,0.009698230381403397,0.5939974438278994,0.5646841999259656
APTJUM114,64.0,0.0338554665042688,0.004434206210019398,0.0420448452238332,0.03267570563563323,0.015779942750392587,0.015779942750392587,0.005290434969175857,0.011905114013303708,0.011905114013303708,0.005262867754586332,0.015028003799948057,0.01502758414884171,0.005290434969175857,0.005290434969175857,0.007599635511476994,0.008018525358827215,0.5098199444007809,0.4885128130976054,0.01680554269683881,0.01680131072588654,0.004434206210019398,0.0420448452238332,0.03267570563563323,0.016679073199386923,0.016679073199386923,0.013049634927521203,0.01305841873298614,0.012306630816074325,0.012306630816074325,0.014704583057528493,0.014701739812675078,0.016679073199386923,0.016679073199386923,0.015415228775965704,0.012421771147523089,0.01680131072588654,0.01680131072588654,0.007599635511476994,0.008018525358827215,0.5098199444007809,0.4885128130976054,0.011905114013303708,0.011905114013303708,0.015028003799948057,0.01502758414884171,0.008222299664095335,0.00842240493105558,0.49982553809630925,0.4824725592704839
APTJUM124,64.0,0.043270490071601476,0.006575085734955727,0.09967658158055677,0.08527225141007921,0.02527588609109577,0.02527588609109577,0.013966356688839124,0.019328347766346524,0.019328347766346524,0.011075904625736805,0.026944461086170005,0.02696765182147591,0.013966356688839124,0.013966356688839124,0.011608837407240188,0.013747465904590883,0.4910228308662587,0.49129379113765703,0.026158564453243997,0.02614647752797736,0.006575085734955727,0.09967658158055677,0.08527225141007921,0.029101072979474146,0.029101072979474146,0.020398431361861487,0.020405733540563898,0.019673442166909038,0.019673442166909038,0.025141575912929263,0.025162166769567992,0.029101072979474146,0.029101072979474146,0.02484371891115247,0.018170411677364603,0.02614647752797736,0.02614647752797736,0.011608837407240188,0.013747465904590883,0.4910228308662587,0.49129379113765703,0.019328347766346524,0.019328347766346524,0.026944461086170005,0.02696765182147591,0.01272840174957377,0.014971708907829695,0.49415898541362635,0.4953182160431228
APTJUM131,64.0,0.04241438807086723,0.005854661658687329,0.047670914838752805,0.046265803847960627,0.016232808779298915,0.016232808779298915,0.008173321609394681,0.013208981625085228,0.013208981625085228,0.0072555736375578515,0.016395849977207055,0.016397902916372383,0.008173321609394681,0.008173321609394681,0.01155770759427667,0.011127487244006015,0.5232905790041247,0.5207100309948197,0.0163332767247025,0.016337358267552525,0.005854661658687329,0.047670914838752805,0.046265803847960627,0.01738802558566017,0.01738802558566017,0.012220426174515318,0.012220063257046464,0.013507022567089352,0.013507022567089352,0.015159080409188933,0.015158442376704877,0.01738802558566017,0.01738802558566017,0.0161151328995094,0.013282401253117804,0.016337358267552525,0.016337358267552525,0.01155770759427667,0.011127487244006015,0.5232905790041247,0.5207100309948197,0.013208981625085228,0.013208981625085228,0.016395849977207055,0.016397902916372383,0.011667785214764699,0.011404765205348721,0.5178661839298053,0.5133269537248885
APTJUM212,64.0,0.025547358028910228,0.007031525344324974,0.08090040722077475,0.07664985799339963,0.026819292770409307,0.026819292770409307,0.010524292533866346,0.018150206307012782,0.018150206307012782,0.008796230952794908,0.024295399972139555,0.024270188126003293,0.010524292533866346,0.010524292533866346,0.01363087017808446,0.017226155152050834,0.4887632513323979,0.47327560101791216,0.02899092477759717,0.028971430237418886,0.007031525344324974,0.08090040722077475,0.07664985799339963,0.02810628284513679,0.02810628284513679,0.019830710659259804,0.019836042951046486,0.018439867146756255,0.018439867146756255,0.026885446623655357,0.02687800020765173,0.02810628284513679,0.02810628284513679,0.026611917873554235,0.020402374161975635,0.028971430237418886,0.028971430237418886,0.01363087017808446,0.017226155152050834,0.4887632513323979,0.47327560101791216,0.018150206307012782,0.018150206307012782,0.024295399972139555,0.024270188126003293,0.013633182799743728,0.0167191973850224,0.4888568975679184,0.4708711272644669
APTJUM216,64.0,0.0629931227249938,0.0065230198225395865,0.1090885314155394,0.0873132196691528,0.012494897951254002,0.012494897951254002,0.00833398862565462,0.009315349430817299,0.009315349430817299,0.008303952740811919,0.011763953701092313,0.011763911044633877,0.00833398862565462,0.00833398862565462,0.007061889222845059,0.007414964052558434,0.5983272178579074,0.5701731582351007,0.013112123874800838,0.013124120847716641,0.0065230198225395865,0.1090885314155394,0.0873132196691528,0.012677469766349782,0.012677469766349782,0.009328631385406148,0.009289072689911278,0.010281659511733859,0.010281659511733859,0.011842529817649754,0.011843976034926165,0.012677469766349782,0.012677469766349782,0.012691858131489792,0.011081143779651905,0.013124120847716641,0.013124120847716641,0.007061889222845059,0.007414964052558434,0.5983272178579074,0.5701731582351007,0.009315349430817299,0.009315349430817299,0.011763953701092313,0.011763911044633877,0.007424641093982235,0.007900113757931981,0.5910562348787374,0.5689546811346127
APTJUM229,64.0,0.02816734786758337,0.006111674204849723,0.10902012266741243,0.09293084855426006,0.022515889069861954,0.022515889069861954,0.010611801166311646,0.017325756588121084,0.017325756588121084,0.008510760583461176,0.02137572662908404,0.02136878186882567,0.010611801166311646,0.010611801166311646,0.011267906997424486,0.012783709220646266,0.5852309905598377,0.586829512067446,0.023327409533439765,0.023311603725640104,0.006111674204849723,0.10902012266741243,0.09293084855426006,0.026283813633089532,0.026283813633089532,0.018629203675562894,0.018649494088213644,0.01855143675091285,0.01855143675091285,0.021913433633702604,0.021972016588551715,0.026283813633089532,0.026283813633089532,0.021796393800265962,0.01654541596515147,0.023311603725640104,0.023311603725640104,0.011267906997424486,0.012783709220646266,0.5852309905598377,0.586829512067446,0.017325756588121084,0.017325756588121084,0.02137572662908404,0.02136878186882567,0.011636946414979353,0.012975017756924175,0.5992869880447003,0.591249670884213
APTJUM324,64.0,0.02878035872604444,0.005953722254027064,0.1200625753368573,0.0998400003239711,0.017940548352579952,0.017940548352579952,0.009578609639626477,0.015763498921586315,0.015763498921586315,0.008235168610488428,0.01881137174075439,0.018814346298069336,0.009578609639626477,0.009578609639626477,0.009884216961029245,0.010301586443612672,0.5506386467974667,0.549464264497158,0.018896898792292623,0.018908150336664174,0.005953722254027064,0.1200625753368573,0.0998400003239711,0.023390057309763877,0.023390057309763877,0.01544309060728948,0.015428799466725658,0.0158802842516545,0.0158802842516545,0.01707834360419281,0.017073316554046872,0.023390057309763877,0.023390057309763877,0.017282249824075686,0.016327830154166056,0.018908150336664174,0.018908150336664174,0.009884216961029245,0.010301586443612672,0.5506386467974667,0.549464264497158,0.015763498921586315,0.015763498921586315,0.01881137174075439,0.018814346298069336,0.010029326542392246,0.010797975895881827,0.5592059324941747,0.5488245654634124
APTJUM327,64.0,0.09947848874438753,0.005690509899035483,0.12481994561242436,0.10951589924303912,0.01756654230457346,0.01756654230457346,0.008561297959356739,0.012609269577755546,0.012609269577755546,0.006587501262622842,0.015662011316725705,0.015660181253422594,0.008561297959356739,0.008561297959356739,0.008055249481452191,0.008511630732613311,0.6319262050680629,0.6055802258393951,0.018113243205762578,0.01823628945743402,0.005690509899035483,0.12481994561242436,0.10951589924303912,0.01681175495652929,0.01681175495652929,0.014419999048595797,0.01442039433062153,0.013274142664138157,0.013274142664138157,0.01585359465462531,0.015953151547297307,0.01681175495652929,0.01681175495652929,0.017415133714071326,0.011995595676774131,0.01823628945743402,0.01823628945743402,0.008055249481452191,0.008511630732613311,0.6319262050680629,0.6055802258393951,0.012609269577755546,0.012609269577755546,0.015662011316725705,0.015660181253422594,0.008279338688892954,0.008370776793720164,0.6188830383906586,0.5953169187980882
APTJUM611,64.0,0.04363817994208031,0.005527347581003582,0.08129342974345857,0.07917152644500491,0.010555472147768663,0.010555472147768663,0.007915478490952718,0.00952872852140761,0.00952872852140761,0.007097378276361296,0.011282311811120884,0.011281351832545188,0.007915478490952718,0.007915478490952718,0.008085340873879198,0.008427503610021238,0.5913666311775457,0.6000767909726081,0.010943631345015664,0.010949747744760081,0.005527347581003582,0.08129342974345857,0.07917152644500491,0.011939412375867478,0.011939412375867478,0.010259991194514465,0.010341711419993526,0.009855614675403428,0.009855614675403428,0.010725613325493207,0.010724077785924576,0.011939412375867478,0.011939412375867478,0.010448754058724022,0.009938928255270808,0.010949747744760081,0.010949747744760081,0.008085340873879198,0.008427503610021238,0.5913666311775457,0.6000767909726081,0.00952872852140761,0.00952872852140761,0.011282311811120884,0.011281351832545188,0.00851731419946781,0.008869042087984117,0.5974658041996491,0.6034667339583499
ATSJUM106,64.0,0.03310884571706855,0.007553159760552905,0.10844373378422986,0.0872041424917785,0.01845833007233467,0.01845833007233467,0.012285277178579284,0.017526410544843468,0.017526410544843468,0.01046118503339923,0.016943469893827647,0.01695586452302853,0.012285277178579284,0.012285277178579284,0.010894214883281178,0.01247402247540639,0.553924698565541,0.5432907253253475,0.01871634153592318,0.0187290870009563,0.007553159760552905,0.10844373378422986,0.0872041424917785,0.01941341012448318,0.01941341012448318,0.019715789786713987,0.019711498729450046,0.01871506264382691,0.01871506264382691,0.017715782729213425,0.017695096815938994,0.01941341012448318,0.01941341012448318,0.017495940903355413,0.016209680884269308,0.0187290870009563,0.0187290870009563,0.010894214883281178,0.01247402247540639,0.553924698565541,0.5432907253253475,0.017526410544843468,0.017526410544843468,0.016943469893827647,0.01695586452302853,0.011279625372625729,0.012977055107679663,0.5518638489555504,0.5387551787110523
ATSJUM113,64.0,0.027669935932745006,0.006319118823916807,0.08822686183247554,0.08057589414942201,0.015788707467006568,0.015788707467006568,0.007407726948622679,0.011950974107840509,0.011950974107840509,0.006779342327166954,0.015252230491611991,0.015240000769932462,0.007407726948622679,0.007407726948622679,0.01098968682402521,0.01113007698544344,0.5968011848457685,0.6073115447631581,0.016037698535883133,0.016034732754922253,0.006319118823916807,0.08822686183247554,0.08057589414942201,0.017322813671904413,0.017322813671904413,0.011608463045841056,0.011596227332475126,0.012662429572643394,0.012662429572643394,0.015759261242292776,0.01576144766148544,0.017322813671904413,0.017322813671904413,0.015147758909613535,0.014549969254622928,0.016034732754922253,0.016034732754922253,0.01098968682402521,0.01113007698544344,0.5968011848457685,0.6073115447631581,0.011950974107840509,0.011950974107840509,0.015252230491611991,0.015240000769932462,0.011292804203917517,0.011639491331884485,0.602607601012874,0.6138963585426855
ATSJUM118,64.0,0.04869029132561802,0.00657184179298397,0.10884820620295209,0.09629533560501166,0.016550942855641893,0.016550942855641893,0.008313553294850364,0.013870079116221595,0.013870079116221595,0.007703340711997286,0.016761023866421004,0.016761327867519247,0.008313553294850364,0.008313553294850364,0.011875276716639077,0.013048383547392139,0.540454429152265,0.5391888085488116,0.01661168997806213,0.016611144187405776,0.00657184179298397,0.10884820620295209,0.09629533560501166,0.017650831634786077,0.017650831634786077,0.013797411376201925,0.013814989137362165,0.014595615272773534,0.014595615272773534,0.016488599354083658,0.016490176103235537,0.017650831634786077,0.017650831634786077,0.015867494651305464,0.01490014468068374,0.016611144187405776,0.016611144187405776,0.011875276716639077,0.013048383547392139,0.540454429152265,0.5391888085488116,0.013870079116221595,0.013870079116221595,0.016761023866421004,0.016761327867519247,0.012343048621632883,0.013839544691585931,0.543899664824722,0.5434643785416005
ATSJUM127,64.0,0.032701066664045306,0.006105140100854986,0.10228431238462686,0.08498353434735859,0.023117954058618058,0.023117954058618058,0.010145866519850548,0.01496559841535452,0.01496559841535452,0.009184957566517694,0.02178385223037359,0.021826738295300133,0.010145866519850548,0.010145866519850548,0.01221579557108242,0.015288748884226988,0.5177845921291885,0.5157548395713499,0.024733095130974027,0.02474069826725116,0.006105140100854986,0.10228431238462686,0.08498353434735859,0.0239999987767343,0.0239999987767343,0.01565762217956089,0.01565153770546907,0.014965635749734658,0.014965635749734658,0.023412891504172226,0.023416852182926495,0.0239999987767343,0.0239999987767343,0.02165077547249746,0.017421321406386372,0.02474069826725116,0.02474069826725116,0.01221579557108242,0.015288748884226988,0.5177845921291885,0.5157548395713499,0.01496559841535452,0.01496559841535452,0.02178385223037359,0.021826738295300133,0.012802559944503517,0.015400735677914834,0.5226804617922648,0.5227358118089749
ATSJUM202,64.0,0.04107329618873559,0.005467856565970463,0.08320662025538823,0.06937725497365534,0.015032949151335556,0.015032949151335556,0.007902333599054043,0.01176895433449518,0.01176895433449518,0.006510214225130279,0.014892100649355526,0.01489060116025056,0.007902333599054043,0.007902333599054043,0.010788908465076238,0.010884806388578592,0.6366030430828902,0.6192004525301705,0.015094409309713213,0.015073254551965369,0.005467856565970463,0.08320662025538823,0.06937725497365534,0.016197553726180848,0.016197553726180848,0.012313429586394916,0.01231484366757496,0.012152538568950405,0.012152538568950405,0.014539184063319454,0.014539954853556983,0.016197553726180848,0.016197553726180848,0.014476054108634276,0.012759495390697269,0.015073254551965369,0.015073254551965369,0.010788908465076238,0.010884806388578592,0.6366030430828902,0.6192004525301705,0.01176895433449518,0.01176895433449518,0.014892100649355526,0.01489060116025056,0.010705100218142765,0.011936038308990326,0.624758759745744,0.6077941484354742
ATSJUM206,64.0,0.03244858836098652,0.006820481447073439,0.06624431023570497,0.054731150857322594,0.015702336531961087,0.015702336531961087,0.009394946920237903,0.013586664763169385,0.013586664763169385,0.008688510400904154,0.017307868543976496,0.017311363537491173,0.009394946920237903,0.009394946920237903,0.00981782313721605,0.009562668116254235,0.5795642651570303,0.5534018286531903,0.016150551036441738,0.01614859889427093,0.006820481447073439,0.06624431023570497,0.054731150857322594,0.019058349258366296,0.019058349258366296,0.013410288996014529,0.013399489521333642,0.014055681932557261,0.014055681932557261,0.015262449023892587,0.015272060997566405,0.019058349258366296,0.019058349258366296,0.016723388143532615,0.01186343565539847,0.01614859889427093,0.01614859889427093,0.00981782313721605,0.009562668116254235,0.5795642651570303,0.5534018286531903,0.013586664763169385,0.013586664763169385,0.017307868543976496,0.017311363537491173,0.009860972432165528,0.00960454155842274,0.5760904974461084,0.5485745021453151
ATSJUM214,64.0,0.03599340249653606,0.005324797160477631,0.07756927440241618,0.06404491268237038,0.012657445555317887,0.012657445555317887,0.005785603929295319,0.010169066464888354,0.010169066464888354,0.005459183553375541,0.013450518389013257,0.013442353782392436,0.005785603929295319,0.005785603929295319,0.006406680651249768,0.007140513978678887,0.5672940772310576,0.5384126414328012,0.012560871488398887,0.012577465549599692,0.005324797160477631,0.07756927440241618,0.06404491268237038,0.014045447177360056,0.014045447177360056,0.009736018608335176,0.009739677444678246,0.01044754537842466,0.01044754537842466,0.011463712178627294,0.011425353271394587,0.014045447177360056,0.014045447177360056,0.011818643656989624,0.010545349882891186,0.012577465549599692,0.012577465549599692,0.006406680651249768,0.007140513978678887,0.5672940772310576,0.5384126414328012,0.010169066464888354,0.010169066464888354,0.013450518389013257,0.013442353782392436,0.006622275790457093,0.006984273968504958,0.5542191521290081,0.5323986134975781
ATSJUM222,64.0,0.037303257212667223,0.006152292237646104,0.11919578516040273,0.09860307945446818,0.012668059451450577,0.012668059451450577,0.007121962590301032,0.00906429391010858,0.00906429391010858,0.006127059325217536,0.012695001121678987,0.012698332386314072,0.007121962590301032,0.007121962590301032,0.008314028568425084,0.009051115754734267,0.6004189597322377,0.5810532785786393,0.012767461975160672,0.012768208473632307,0.006152292237646104,0.11919578516040273,0.09860307945446818,0.013961147896782973,0.013961147896782973,0.009270436037213269,0.009270850795123542,0.0095619462975134,0.0095619462975134,0.012364798769995168,0.012360065227263316,0.013961147896782973,0.013961147896782973,0.012441707090032363,0.01090228749577402,0.012768208473632307,0.012768208473632307,0.008314028568425084,0.009051115754734267,0.6004189597322377,0.5810532785786393,0.00906429391010858,0.00906429391010858,0.012695001121678987,0.012698332386314072,0.009236573694790494,0.009420998170207195,0.6005935861120139,0.581613054554908
ATSJUM228,64.0,0.0572026141535197,0.0076400157294871755,0.09519119112573322,0.08111817337967654,0.01743912392326214,0.01743912392326214,0.010157624115857754,0.014128174424439135,0.014128174424439135,0.009398823155890126,0.01636103341011706,0.01636699628831286,0.010157624115857754,0.010157624115857754,0.009738480534771467,0.010773579357824022,0.5832547439025689,0.5751526938726118,0.018543345798501858,0.018550901131855025,0.0076400157294871755,0.09519119112573322,0.08111817337967654,0.018235232518510343,0.018235232518510343,0.015445528218994637,0.015452009779702541,0.014147511774069102,0.014147511774069102,0.01684402010943897,0.01684236764736085,0.018235232518510343,0.018235232518510343,0.018182880852366717,0.014359887408950089,0.018550901131855025,0.018550901131855025,0.009738480534771467,0.010773579357824022,0.5832547439025689,0.5751526938726118,0.014128174424439135,0.014128174424439135,0.01636103341011706,0.01636699628831286,0.010018216619776147,0.010428256655488863,0.5809420324183666,0.5706050265296233
ATSJUM401,64.0,0.04705220460153962,0.006399432554199659,0.10700159294882727,0.08244083419052373,0.014653345702044488,0.014653345702044488,0.009255359224094529,0.011987556350025326,0.011987556350025326,0.009224550412543499,0.01460669843985162,0.01460498709738138,0.009255359224094529,0.009255359224094529,0.009179174121705984,0.00906924009682952,0.5956506329731059,0.5849863829238631,0.014810582590317489,0.014809572413902223,0.006399432554199659,0.10700159294882727,0.08244083419052373,0.01533987519455567,0.01533987519455567,0.012223273060373114,0.012219946082941894,0.01331607808739197,0.01331607808739197,0.014218334465580898,0.014215429128068367,0.01533987519455567,0.01533987519455567,0.014480076972744017,0.013058384337605486,0.014809572413902223,0.014809572413902223,0.009179174121705984,0.00906924009682952,0.5956506329731059,0.5849863829238631,0.011987556350025326,0.011987556350025326,0.01460669843985162,0.01460498709738138,0.00914682544572387,0.009665669155012846,0.6042694681436648,0.5911691175581516
ATSJUM418,64.0,0.06832075745039545,0.005689260910177317,0.11798945276416511,0.09856008755488624,0.013383892648507196,0.013383892648507196,0.012088391335933367,0.01150460162619122,0.01150460162619122,0.011764479106119123,0.014382544674694986,0.014381706842943888,0.012088391335933367,0.012088391335933367,0.006487411568452344,0.007255203125450573,0.6027873699877546,0.5799955574915512,0.014021940856483485,0.014026277206331334,0.005689260910177317,0.11798945276416511,0.09856008755488624,0.016106220712176156,0.016106220712176156,0.012684161886101643,0.012687423762129463,0.012516366816961675,0.012516366816961675,0.014896642787158283,0.014895292452696463,0.016106220712176156,0.016106220712176156,0.013487473601912452,0.010238907942154533,0.014026277206331334,0.014026277206331334,0.006487411568452344,0.007255203125450573,0.6027873699877546,0.5799955574915512,0.01150460162619122,0.01150460162619122,0.014382544674694986,0.014381706842943888,0.0071099166338038896,0.007686157878616881,0.6028062250768332,0.5809560600779757
ATTJUM206,64.0,0.047206665286522925,0.005900063007688969,0.11171029831463694,0.10237880480598766,0.01779035996196001,0.01779035996196001,0.008733392872305297,0.01598372386483283,0.01598372386483283,0.007668392280220698,0.018414506100542634,0.018419454283545782,0.008733392872305297,0.008733392872305297,0.012364233108086096,0.012678868790224843,0.5553843280018189,0.5420771450862244,0.018582899012459755,0.018548763608478413,0.005900063007688969,0.11171029831463694,0.10237880480598766,0.01889109275360433,0.01889109275360433,0.017405001276725805,0.017399948236949146,0.017149506373174087,0.017149506373174087,0.018381029063151665,0.018380596439866653,0.01889109275360433,0.01889109275360433,0.018328495255286348,0.015583237073730417,0.018548763608478413,0.018548763608478413,0.012364233108086096,0.012678868790224843,0.5553843280018189,0.5420771450862244,0.01598372386483283,0.01598372386483283,0.018414506100542634,0.018419454283545782,0.01257073808370554,0.013161568778081386,0.5666982284715959,0.5493036554338835
B040103b,64.0,0.10226077534658787,0.00615163560618332,0.07739285486011133,0.06451345009354938,0.01827788934738072,0.01827788934738072,0.012753766457070253,0.013545880159554834,0.013545880159554834,0.011147401695927475,0.017810468236901744,0.01780387159391906,0.012753766457070253,0.012753766457070253,0.010755549662685503,0.011599605687280258,0.5525048279620877,0.5613952709593099,0.018914298329659116,0.018909882579665072,0.00615163560618332,0.07739285486011133,0.06451345009354938,0.02289971881015788,0.02289971881015788,0.015151574965538395,0.01515320978668369,0.015880102280191943,0.015880102280191943,0.01725782651345777,0.01725715017449021,0.02289971881015788,0.02289971881015788,0.018227319746548502,0.015193618329461525,0.018909882579665072,0.018909882579665072,0.010755549662685503,0.011599605687280258,0.5525048279620877,0.5613952709593099,0.013545880159554834,0.013545880159554834,0.017810468236901744,0.01780387159391906,0.01211970839741974,0.012383284573644283,0.5741132829126372,0.5713431484094541
B040903b,64.0,0.1419691152352505,0.010367740915729912,0.10625992386283883,0.08543908634499252,0.014557703524865719,0.014557703524865719,0.01255961596604963,0.014987311439096079,0.014987311439096079,0.011818559608263805,0.014873668312549337,0.014874904947291004,0.01255961596604963,0.01255961596604963,0.009052264484529969,0.008643439753212452,0.6295059531407471,0.6008370836486522,0.014683104656599338,0.014687548104506008,0.010367740915729912,0.10625992386283883,0.08543908634499252,0.018093871534364356,0.018093871534364356,0.01537683673721857,0.015370539708857864,0.016161102561726204,0.016161102561726204,0.014336147106593151,0.014323673432314306,0.018093871534364356,0.018093871534364356,0.014750356369520351,0.012784297000301528,0.014687548104506008,0.014687548104506008,0.009052264484529969,0.008643439753212452,0.6295059531407471,0.6008370836486522,0.014987311439096079,0.014987311439096079,0.014873668312549337,0.014874904947291004,0.009946406567821536,0.008779090115462814,0.6448759361218563,0.6032568893923389
B040903c,64.0,0.1507523488528882,0.01010127847538106,0.11651889045349055,0.10259155807746458,0.027028064654705742,0.027028064654705742,0.014494201122061134,0.023333649643683257,0.023333649643683257,0.013968580092950286,0.024845467631705767,0.024853381847423535,0.014494201122061134,0.014494201122061134,0.013573199082331691,0.013693167717378617,0.6201672569000958,0.5723118838806472,0.028560810334422336,0.02856850497167943,0.01010127847538106,0.11651889045349055,0.10259155807746458,0.02767421543734554,0.02767421543734554,0.02458170958226823,0.024617950848066276,0.02485501591679352,0.02485501591679352,0.025103535928990856,0.025108314153649867,0.02767421543734554,0.02767421543734554,0.02756244124110314,0.01954664750790237,0.02856850497167943,0.02856850497167943,0.013573199082331691,0.013693167717378617,0.6201672569000958,0.5723118838806472,0.023333649643683257,0.023333649643683257,0.024845467631705767,0.024853381847423535,0.013566095088676143,0.014039249134943442,0.6300852101768659,0.580196673695973
B40003dW,64.0,0.2294025529301197,0.010446728898795183,0.08080775955762097,0.06788005750176704,0.011884865141227996,0.011884865141227996,0.014024620643437038,0.012950182262693361,0.012950182262693361,0.012549038845421984,0.011685270252922274,0.011679286064815705,0.014024620643437038,0.014024620643437038,0.007802194089816344,0.007686293706380564,0.6146882561616872,0.5604579533406578,0.012425126582359898,0.012396767472292168,0.010446728898795183,0.08080775955762097,0.06788005750176704,0.013591647587198854,0.013591647587198854,0.014594505762797947,0.014593960033390372,0.013913465543357758,0.013913465543357758,0.012308769882217503,0.012322009480297135,0.013591647587198854,0.013591647587198854,0.012088547150100897,0.010793113985800556,0.012396767472292168,0.012396767472292168,0.007802194089816344,0.007686293706380564,0.6146882561616872,0.5604579533406578,0.012950182262693361,0.012950182262693361,0.011685270252922274,0.011679286064815705,0.0075374980382334365,0.007382975533436289,0.606355356324076,0.5529989318115076
B40403bW,64.0,0.40475286017936873,0.010637540353659459,0.1002762474675809,0.09651225537510415,0.014309681005157334,0.014309681005157334,0.013469882142558308,0.016620964917142152,0.016620964917142152,0.01474040267437949,0.015952857060182173,0.01595374442644134,0.013469882142558308,0.013469882142558308,0.007636992712755579,0.007679853385405177,0.5062118010872726,0.46575012827765716,0.014567841090267968,0.014581735844079336,0.010637540353659459,0.1002762474675809,0.09651225537510415,0.015702825704637446,0.015702825704637446,0.018212475895994777,0.018193494711265846,0.01728452155672801,0.01728452155672801,0.014284833837992773,0.014266049374524274,0.015702825704637446,0.015702825704637446,0.014096377315029496,0.012239307282417105,0.014581735844079336,0.014581735844079336,0.007636992712755579,0.007679853385405177,0.5062118010872726,0.46575012827765716,0.016620964917142152,0.016620964917142152,0.015952857060182173,0.01595374442644134,0.0078095376998475,0.008366787024250581,0.4998682533467259,0.4572334239878201
B40703cW,64.0,0.4069980218431742,0.014093236130435567,0.0918692091924175,0.06706795577837546,0.021837072808431945,0.021837072808431945,0.019854791476324577,0.02062785479571253,0.02062785479571253,0.019375848517242597,0.020626081095602516,0.020597265515194144,0.019854791476324577,0.019854791476324577,0.013468225798865521,0.013210560560693316,0.6695479483982405,0.5836304938248053,0.022150998327825577,0.02213890346112313,0.014093236130435567,0.0918692091924175,0.06706795577837546,0.021989847807125703,0.021989847807125703,0.02014857059437182,0.020114474592861153,0.021538285482738975,0.021538285482738975,0.019839957083824977,0.019841861419323193,0.021989847807125703,0.021989847807125703,0.02207026725235874,0.018931681436942745,0.02213890346112313,0.02213890346112313,0.013468225798865521,0.013210560560693316,0.6695479483982405,0.5836304938248053,0.02062785479571253,0.02062785479571253,0.020626081095602516,0.020597265515194144,0.013095603967959082,0.013033061138005952,0.636876648759307,0.5686634210661005
BAY5867c,64.0,0.19094241289183028,0.006628439901921824,0.03803689998094101,0.0317530965851679,0.011934612681419588,0.011934612681419588,0.009332830149805578,0.011281350636761013,0.011281350636761013,0.008575996054356622,0.01496218028541483,0.014967698435630577,0.009332830149805578,0.009332830149805578,0.004848721186398491,0.004457017651194291,0.6804799465305146,0.4942736485331783,0.01232679857741296,0.012323855565103015,0.006628439901921824,0.03803689998094101,0.0317530965851679,0.014541514542769666,0.014541514542769666,0.010444561093186245,0.010445862113987401,0.012037175520989676,0.012037175520989676,0.011753848656528773,0.011776870938406635,0.014541514542769666,0.014541514542769666,0.01141646815301112,0.009758894347589059,0.012323855565103015,0.012323855565103015,0.004848721186398491,0.004457017651194291,0.6804799465305146,0.4942736485331783,0.011281350636761013,0.011281350636761013,0.01496218028541483,0.014967698435630577,0.005382510155331576,0.004704289014008964,0.6542005862016073,0.48133255316824447
BAY5869b,64.0,0.21007141312419306,0.007041067695595352,0.04402433555015302,0.04484841702132478,0.00984640794888293,0.00984640794888293,0.010002736839399286,0.012975456276064553,0.012975456276064553,0.009560045466736526,0.012279584660833554,0.012274090006366891,0.010002736839399286,0.010002736839399286,0.005611583826401489,0.005385292062823308,0.5004837152048387,0.44257947895533317,0.010528964880949012,0.010519533268136065,0.007041067695595352,0.04402433555015302,0.04484841702132478,0.013253646331757652,0.013253646331757652,0.011583421234193585,0.01175379775525807,0.014080013940974906,0.014080013940974906,0.010290847124153457,0.010290971443292692,0.013253646331757652,0.013253646331757652,0.011107543629122661,0.009019119249157454,0.010519533268136065,0.010519533268136065,0.005611583826401489,0.005385292062823308,0.5004837152048387,0.44257947895533317,0.012975456276064553,0.012975456276064553,0.012279584660833554,0.012274090006366891,0.005590307036305929,0.004983890298089465,0.4947298645616256,0.43637263186479386
BAY5870d,64.0,0.2664403886999129,0.0039297214041038794,0.03784997872419718,0.03596237534409429,0.005952839586504312,0.005952839586504312,0.005125210372556771,0.006808286751636949,0.006808286751636949,0.005067653702875784,0.006477753406535666,0.006478053857514597,0.005125210372556771,0.005125210372556771,0.0035258176042915635,0.0031496070882490856,0.45412438537864624,0.39645404780564336,0.006336574561106724,0.006337880347589656,0.0039297214041038794,0.03784997872419718,0.03596237534409429,0.006699154912709405,0.006699154912709405,0.006219509379080877,0.0062412460454055445,0.006648886845774849,0.006648886845774849,0.006315368187978294,0.006312493686737069,0.006699154912709405,0.006699154912709405,0.005640208248255881,0.004688354148339309,0.006337880347589656,0.006337880347589656,0.0035258176042915635,0.0031496070882490856,0.45412438537864624,0.39645404780564336,0.006808286751636949,0.006808286751636949,0.006477753406535666,0.006478053857514597,0.0036199865855516596,0.0036949626547070633,0.4552680488928349,0.3911155901113762
BAY5872a,64.0,0.447296582484516,0.014570396862502222,0.08026552815488203,0.0728139779007825,0.013315359133043107,0.013315359133043107,0.0214728681191683,0.010332578173907314,0.010332578173907314,0.020195652379470977,0.013237242135539087,0.013240774571215126,0.0214728681191683,0.0214728681191683,0.006276360501631543,0.0054855642302262045,0.4964452251440259,0.43041005473109883,0.012829692189454725,0.012846664293336411,0.014570396862502222,0.08026552815488203,0.0728139779007825,0.014869717866209057,0.014869717866209057,0.009040712199825341,0.009042267497184063,0.011083332202990325,0.011083332202990325,0.012478746806850365,0.01247565883376268,0.014869717866209057,0.014869717866209057,0.012252400201251797,0.009273856500519312,0.012846664293336411,0.012846664293336411,0.006276360501631543,0.0054855642302262045,0.4964452251440259,0.43041005473109883,0.010332578173907314,0.010332578173907314,0.013237242135539087,0.013240774571215126,0.005772542300814684,0.00532276410569342,0.4916874344149354,0.43101708685565776
BAY5873c,64.0,0.47884020568341834,0.011137838926875787,0.04789226797617705,0.04231594202784266,0.008840619436288045,0.008840619436288045,0.01244816931814856,0.008153039394146187,0.008153039394146187,0.012737218720853184,0.008272981708526788,0.00827284036927355,0.01244816931814856,0.01244816931814856,0.0054505762925640315,0.005825279615215299,0.3901266651640617,0.41742738117975436,0.008655825934829465,0.008654188614219077,0.011137838926875787,0.04789226797617705,0.04231594202784266,0.009163640838034273,0.009163640838034273,0.008776645254695835,0.008777554382802444,0.008309856116404026,0.008309856116404026,0.009007223545103336,0.00900810970176473,0.009163640838034273,0.009163640838034273,0.008526153057611454,0.007977282517461973,0.008654188614219077,0.008654188614219077,0.0054505762925640315,0.005825279615215299,0.3901266651640617,0.41742738117975436,0.008153039394146187,0.008153039394146187,0.008272981708526788,0.00827284036927355,0.00584810331601039,0.005946058150112739,0.3849841223103177,0.42701473362810743
BAY5876d,64.0,0.48878224344928217,0.015624208933967482,0.08391803345452573,0.06470622322326298,0.01136630125292428,0.01136630125292428,0.02123905460528237,0.011517766799623332,0.011517766799623332,0.020560914779293532,0.01289270288346999,0.01289428514769973,0.02123905460528237,0.02123905460528237,0.007115373045498495,0.007059989526239246,0.45386711411635583,0.39533034706281445,0.012718525095363645,0.012721952502866857,0.015624208933967482,0.08391803345452573,0.06470622322326298,0.013977848661520893,0.013977848661520893,0.012113466035520586,0.012110850343987983,0.012886682448713297,0.012886682448713297,0.012473002732773696,0.012477058075873517,0.013977848661520893,0.013977848661520893,0.012826134438556262,0.011629333719209121,0.012721952502866857,0.012721952502866857,0.007115373045498495,0.007059989526239246,0.45386711411635583,0.39533034706281445,0.011517766799623332,0.011517766799623332,0.01289270288346999,0.01289428514769973,0.007820898158053738,0.0071602860192594465,0.4558338259231342,0.3953670716961912
BR5867c3,64.0,0.0750463718577529,0.004720994337735042,0.09677312724208181,0.07853913307979496,0.013291465779072802,0.013291465779072802,0.006455461857652615,0.010407446929863734,0.010407446929863734,0.006008585073248203,0.012088111747049818,0.012085613805999734,0.006455461857652615,0.006455461857652615,0.005770102621261502,0.006326646885575557,0.5808188803004273,0.5596085714771748,0.01409114763408324,0.014092759253387398,0.004720994337735042,0.09677312724208181,0.07853913307979496,0.013008920120492273,0.013008920120492273,0.012950183620754441,0.013013571183491742,0.010738667835065892,0.010738667835065892,0.012497185116368522,0.012573632272389702,0.013008920120492273,0.013008920120492273,0.01342170103745428,0.010921245190204812,0.014092759253387398,0.014092759253387398,0.005770102621261502,0.006326646885575557,0.5808188803004273,0.5596085714771748,0.010407446929863734,0.010407446929863734,0.012088111747049818,0.012085613805999734,0.0057705624137280856,0.006056594820802822,0.570584152964863,0.5605759380998785
BR5868b3,64.0,0.06913687420350884,0.004650361343985027,0.06059101942795845,0.05640715118750526,0.011340471200874336,0.011340471200874336,0.006442018937066969,0.010565329048586498,0.010565329048586498,0.005705893719363579,0.011981066470932025,0.011981170128126092,0.006442018937066969,0.006442018937066969,0.00703101977502407,0.007027127360733082,0.48969514542145354,0.47896341815808224,0.011745514399080156,0.011754349016024308,0.004650361343985027,0.06059101942795845,0.05640715118750526,0.01274667169034705,0.01274667169034705,0.011094835420475919,0.011089833860672887,0.010772380768323615,0.010772380768323615,0.011615266014902561,0.011610780382254101,0.01274667169034705,0.01274667169034705,0.010956526874782952,0.00958525592654462,0.011754349016024308,0.011754349016024308,0.00703101977502407,0.007027127360733082,0.48969514542145354,0.47896341815808224,0.010565329048586498,0.010565329048586498,0.011981066470932025,0.011981170128126092,0.00784621662394328,0.007972374284987843,0.47477421545463566,0.47294203701206666
BR5870b3,64.0,0.06976665488191582,0.006270272777940747,0.08061940758511893,0.07224498530059907,0.012700503107816976,0.012700503107816976,0.0069054114953853545,0.011665457365791087,0.011665457365791087,0.005726997767403455,0.011652237462199488,0.011652340290456538,0.0069054114953853545,0.0069054114953853545,0.0087901330058323,0.00884733733353406,0.5179135357745014,0.5096113375793152,0.012716235286561762,0.012706943038371206,0.006270272777940747,0.08061940758511893,0.07224498530059907,0.013742655604467021,0.013742655604467021,0.011572799493102881,0.011571670561923729,0.012456350073101885,0.012456350073101885,0.011856192407145905,0.011842661204526834,0.013742655604467021,0.013742655604467021,0.012216676829454145,0.010859059710111219,0.012706943038371206,0.012706943038371206,0.0087901330058323,0.00884733733353406,0.5179135357745014,0.5096113375793152,0.011665457365791087,0.011665457365791087,0.011652237462199488,0.011652340290456538,0.00983995578819375,0.009590623143916815,0.5220695094107677,0.5115700505530387
BR5872c3,65.0,0.18342221495574504,0.008555381311630313,0.05308070308037521,0.04197249712079814,0.015195541020776266,0.015195541020776266,0.012684241604765929,0.01617610567413012,0.01617610567413012,0.012011831479694797,0.015481404128022007,0.015486166873535292,0.012684241604765929,0.012684241604765929,0.008737689366697172,0.009239810250823342,0.4782318675862637,0.4712541181727181,0.015891256235248376,0.015888275626615912,0.008555381311630313,0.05308070308037521,0.04197249712079814,0.01767718816917445,0.01767718816917445,0.01691290303990229,0.01695814802965081,0.01715549792843824,0.01715549792843824,0.01575160938558596,0.015748350926311314,0.01767718816917445,0.01767718816917445,0.015264583582908102,0.012812419352045459,0.015888275626615912,0.015888275626615912,0.008737689366697172,0.009239810250823342,0.4782318675862637,0.4712541181727181,0.01617610567413012,0.01617610567413012,0.015481404128022007,0.015486166873535292,0.009020504611312572,0.009171891528126768,0.49469134795781733,0.47980794079419786
BR5873b3,64.0,0.1419586202045855,0.0057605747299891395,0.03750979962814284,0.03595490510060825,0.015669102040787867,0.015669102040787867,0.014366566969636868,0.014075573770007026,0.014075573770007026,0.01386802894931168,0.016046643076727832,0.016095237859614663,0.014366566969636868,0.014366566969636868,0.007840016167643606,0.008440033772152739,0.47486754810757137,0.4414687823023478,0.01620400315142921,0.016207860821965344,0.0057605747299891395,0.03750979962814284,0.03595490510060825,0.01620320185017572,0.01620320185017572,0.013261137300214186,0.013266768694351713,0.014019404231569351,0.014019404231569351,0.01574814685841737,0.015749589443679487,0.01620320185017572,0.01620320185017572,0.015412574054560263,0.012994979044692585,0.016207860821965344,0.016207860821965344,0.007840016167643606,0.008440033772152739,0.47486754810757137,0.4414687823023478,0.014075573770007026,0.014075573770007026,0.016046643076727832,0.016095237859614663,0.00795733772080666,0.008843934342021501,0.4734247861753282,0.448548558424028
BR5875b3,64.0,0.14449965928842443,0.00738495670522671,0.09712245550697657,0.0889933991474604,0.015823700492344953,0.015823700492344953,0.009060549574112557,0.014594221021815096,0.014594221021815096,0.009898308392111699,0.015668551072859967,0.015665275965948897,0.009060549574112557,0.009060549574112557,0.010385062947196638,0.011446412256129083,0.5125090932891052,0.5057040648808772,0.01640465659757256,0.016411602598623738,0.00738495670522671,0.09712245550697657,0.0889933991474604,0.017513899043071223,0.017513899043071223,0.01608649015003048,0.01602411939458656,0.015665698513839775,0.015665698513839775,0.01597922540192235,0.015955176252720967,0.017513899043071223,0.017513899043071223,0.01570529766001894,0.014399877521357206,0.016411602598623738,0.016411602598623738,0.010385062947196638,0.011446412256129083,0.5125090932891052,0.5057040648808772,0.014594221021815096,0.014594221021815096,0.015668551072859967,0.015665275965948897,0.01091767730812037,0.012058508881877752,0.5097863903468504,0.5116375817038451
C13459aW,64.0,0.14555152477117403,0.00819328622142361,0.1515026919800881,0.13107968592207783,0.019540296140841403,0.019540296140841403,0.014526334576540506,0.01695193235843591,0.01695193235843591,0.012262810767871248,0.018332679162180607,0.01831653888669194,0.014526334576540506,0.014526334576540506,0.012714529728512475,0.012953735107923978,0.5924377532819719,0.5743904376688941,0.01975892912196583,0.019758903276973574,0.00819328622142361,0.1515026919800881,0.13107968592207783,0.020048697229412826,0.020048697229412826,0.016981916866228294,0.01698287842685456,0.0178673245711806,0.0178673245711806,0.018607555441527035,0.01861126709441494,0.020048697229412826,0.020048697229412826,0.018923774651492635,0.014734165182429808,0.019758903276973574,0.019758903276973574,0.012714529728512475,0.012953735107923978,0.5924377532819719,0.5743904376688941,0.01695193235843591,0.01695193235843591,0.018332679162180607,0.01831653888669194,0.013356719802004905,0.013437075354105056,0.5849237278468021,0.5728567647508439
C13459bW,64.0,0.1441148396400791,0.011622824776782344,0.21283047230459143,0.20592239916334362,0.017843380357640732,0.017843380357640732,0.01774537849456687,0.016399976008437695,0.016399976008437695,0.014584132500418352,0.018028200649480606,0.018018890739542937,0.01774537849456687,0.01774537849456687,0.011639701840093431,0.01134322152167745,0.6772913028863389,0.647625301166022,0.018777274643523457,0.018779085704045417,0.011622824776782344,0.21283047230459143,0.20592239916334362,0.020574663334171392,0.020574663334171392,0.018381612490014982,0.01837965522231528,0.016444885564543446,0.016444885564543446,0.017780907511856296,0.01778788227796111,0.020574663334171392,0.020574663334171392,0.01823582740307308,0.013944899557736536,0.018779085704045417,0.018779085704045417,0.011639701840093431,0.01134322152167745,0.6772913028863389,0.647625301166022,0.016399976008437695,0.016399976008437695,0.018028200649480606,0.018018890739542937,0.012173403966345909,0.011931642186594723,0.6782512280198294,0.6500487778607534
C13487cW,64.0,0.19958182749936876,0.009266085888691506,0.22605986108436193,0.20982166501073304,0.018416767835769145,0.018416767835769145,0.013701377099448223,0.01753205396126258,0.01753205396126258,0.011650216771426756,0.019061219989546817,0.01906191599486269,0.013701377099448223,0.013701377099448223,0.012347912717457549,0.012376070106516564,0.5999127222869867,0.582046013501491,0.01888303964848247,0.018883555182593777,0.009266085888691506,0.22605986108436193,0.20982166501073304,0.019634450127716724,0.019634450127716724,0.01775766050606116,0.01775755498516713,0.01766631665556788,0.01766631665556788,0.01787170782869056,0.017875895388274325,0.019634450127716724,0.019634450127716724,0.018204081884088907,0.013989194661962839,0.018883555182593777,0.018883555182593777,0.012347912717457549,0.012376070106516564,0.5999127222869867,0.582046013501491,0.01753205396126258,0.01753205396126258,0.019061219989546817,0.01906191599486269,0.013400836903384698,0.013352691536012122,0.5978862484995822,0.5840667041634983
DMSO71-102_1,384.0,0.5271884999614463,0.040259547028749086,0.18548933450713825,0.21133323368521076,0.007807634919878959,0.007807634919878959,0.04520144400247162,0.007787665342793532,0.007787665342793532,0.04283313771758234,0.00780534118589991,0.007805549123314062,0.04520144400247162,0.04520144400247162,0.0077827080436645504,0.007781699556611436,0.0326988684491185,0.030431809013000646,0.007795268591221686,0.007805891499304874,0.040259547028749086,0.18548933450713825,0.21133323368521076,0.0078001876150217185,0.0078001876150217185,0.007784894105300779,0.007793596889199973,0.007786582244082276,0.007786582244082276,0.007813355724482137,0.007814035741007268,0.0078001876150217185,0.0078001876150217185,0.0077983977383394186,0.0077952811948968454,0.007805891499304874,0.007805891499304874,0.0077827080436645504,0.007781699556611436,0.0326988684491185,0.030431809013000646,0.007787665342793532,0.007787665342793532,0.00780534118589991,0.007805549123314062,0.007779672403608954,0.007781580205874921,0.033769018713147324,0.03293751660877428
Dest210531-152149,64.0,0.22531511725586095,0.013035517550513432,0.2060921861290121,0.19493436964663707,0.023506247541696567,0.023506247541696567,0.021409421337250257,0.026208586805102012,0.026208586805102012,0.01617156463202342,0.024789083700525988,0.02477978089272387,0.021409421337250257,0.021409421337250257,0.013839231538212607,0.016324770251067128,0.5960283209215552,0.5674133076098643,0.024896963428931076,0.024897317413426535,0.013035517550513432,0.2060921861290121,0.19493436964663707,0.027039186171565418,0.027039186171565418,0.026270058392946945,0.026259058173997984,0.02720779070386383,0.02720779070386383,0.023989138745690843,0.02396920308285166,0.027039186171565418,0.027039186171565418,0.023932943994980433,0.01933386785714108,0.024897317413426535,0.024897317413426535,0.013839231538212607,0.016324770251067128,0.5960283209215552,0.5674133076098643,0.026208586805102012,0.026208586805102012,0.024789083700525988,0.02477978089272387,0.014155020490914813,0.015386221209387504,0.5879063949874349,0.5648192929590171
Dest210531-152324,64.0,0.09354897628559315,0.006490651466851555,0.14710784002916136,0.13816399652565486,0.019236906216571533,0.019236906216571533,0.009397077030562468,0.014868309445499574,0.014868309445499574,0.00727922223295203,0.019996204053825066,0.019996735369803047,0.009397077030562468,0.009397077030562468,0.010502294666138286,0.013644670280839493,0.56148734492806,0.5480433529960405,0.019618990828766433,0.019623605430332355,0.006490651466851555,0.14710784002916136,0.13816399652565486,0.021361045869710025,0.021361045869710025,0.015925019718478435,0.01590674252907173,0.015489832377972742,0.015489832377972742,0.0184795009920544,0.01847878658470448,0.021361045869710025,0.021361045869710025,0.018434923832229624,0.01558293530435902,0.019623605430332355,0.019623605430332355,0.010502294666138286,0.013644670280839493,0.56148734492806,0.5480433529960405,0.014868309445499574,0.014868309445499574,0.019996204053825066,0.019996735369803047,0.011173713640570527,0.014057806009584763,0.5612760341961,0.5433630523620783
Dest210531-152634,64.0,0.08850540571426382,0.007189390548743583,0.13218287134528853,0.12571266176090556,0.011610387782387831,0.011610387782387831,0.009367705444111626,0.009557500804316141,0.009557500804316141,0.008107185175201252,0.011835300290156002,0.011847116084386978,0.009367705444111626,0.009367705444111626,0.0072344859805334215,0.00801045655617629,0.641015941813868,0.6314397478715493,0.011939550708285151,0.011939820145424867,0.007189390548743583,0.13218287134528853,0.12571266176090556,0.013235008589179743,0.013235008589179743,0.010463047276439158,0.010339262759661334,0.010340281378985128,0.010340281378985128,0.011246269485102637,0.01123518160622306,0.013235008589179743,0.013235008589179743,0.01157689814982072,0.009462862592725713,0.011939820145424867,0.011939820145424867,0.0072344859805334215,0.00801045655617629,0.641015941813868,0.6314397478715493,0.009557500804316141,0.009557500804316141,0.011835300290156002,0.011847116084386978,0.008317331747815376,0.00837081554966478,0.6380001669487868,0.6334443419736224
Dest210601-153606,64.0,0.06626979590945507,0.006539339663011448,0.13840918412557032,0.13688211200139686,0.017466114210179004,0.017466114210179004,0.011849566113472196,0.01623691592450908,0.01623691592450908,0.010551266916428355,0.017462271118699236,0.0174596780364494,0.011849566113472196,0.011849566113472196,0.009084658903369127,0.009439434151980161,0.6355939544948357,0.6289945944364776,0.018397333728324805,0.01839473529691981,0.006539339663011448,0.13840918412557032,0.13688211200139686,0.019604735143679386,0.019604735143679386,0.017223935633075615,0.01728815004148671,0.016989355012750097,0.016989355012750097,0.018061499007356357,0.01810565944716248,0.019604735143679386,0.019604735143679386,0.017642668386295874,0.01299358798608533,0.01839473529691981,0.01839473529691981,0.009084658903369127,0.009439434151980161,0.6355939544948357,0.6289945944364776,0.01623691592450908,0.01623691592450908,0.017462271118699236,0.0174596780364494,0.009099402134685203,0.009810544343957815,0.6222374225472248,0.6246931316602499
Dest210601-154612,64.0,0.05754347593370542,0.004614515169808232,0.0865348270992153,0.08550308114397713,0.011418760793003429,0.011418760793003429,0.0062391489355536536,0.01010724591492532,0.01010724591492532,0.005058313102903426,0.01262527029800558,0.012626389035683654,0.0062391489355536536,0.0062391489355536536,0.007716620665973832,0.007384594557269486,0.5930251306266557,0.5856837155879179,0.011845235966485998,0.011846867235808136,0.004614515169808232,0.0865348270992153,0.08550308114397713,0.013014439578043166,0.013014439578043166,0.00991385587227785,0.009908328591158342,0.011047015085564452,0.011047015085564452,0.011781197992809193,0.01177841084504198,0.013014439578043166,0.013014439578043166,0.011832845084691,0.009678344835243304,0.011846867235808136,0.011846867235808136,0.007716620665973832,0.007384594557269486,0.5930251306266557,0.5856837155879179,0.01010724591492532,0.01010724591492532,0.01262527029800558,0.012626389035683654,0.0081846031864329,0.007402524316326792,0.5952073851213897,0.5873133265143468
Dest210601-155722,64.0,0.036283204318075093,0.005924337661163168,0.078551352327402,0.07899293926350522,0.01351818512345632,0.01351818512345632,0.007671088847892915,0.012775938463801819,0.012775938463801819,0.007211689902240527,0.015000338503546075,0.014993444866303265,0.007671088847892915,0.007671088847892915,0.0069451485232431736,0.006668926256248402,0.5997411884981827,0.5601318071086577,0.014847520060536476,0.014798559305398392,0.005924337661163168,0.078551352327402,0.07899293926350522,0.015732189968190816,0.015732189968190816,0.013350843803555834,0.013350658516054324,0.013153444168455156,0.013153444168455156,0.013726699135821203,0.013809600502878074,0.015732189968190816,0.015732189968190816,0.014507761156081392,0.010181235576488501,0.014798559305398392,0.014798559305398392,0.0069451485232431736,0.006668926256248402,0.5997411884981827,0.5601318071086577,0.012775938463801819,0.012775938463801819,0.015000338503546075,0.014993444866303265,0.008352160535855623,0.007836240909809005,0.5960653172791573,0.5654350742041573
Dest210607-134930,64.0,0.04807123965843383,0.005327149524091734,0.042375243736944145,0.044526306833570325,0.021155004643863003,0.021155004643863003,0.008338493279028174,0.015407671612147764,0.015407671612147764,0.007227633731022894,0.021168847620875824,0.02118509479831111,0.008338493279028174,0.008338493279028174,0.010886293506655837,0.012462195964412543,0.5878279511199394,0.5850168706552744,0.021503415143259257,0.021504142466641285,0.005327149524091734,0.042375243736944145,0.044526306833570325,0.02305439100255153,0.02305439100255153,0.019700933255363696,0.019706387711372144,0.016725948571307315,0.016725948571307315,0.020087228094975932,0.020083443783192767,0.02305439100255153,0.02305439100255153,0.020949099693777284,0.01883500427153641,0.021504142466641285,0.021504142466641285,0.010886293506655837,0.012462195964412543,0.5878279511199394,0.5850168706552744,0.015407671612147764,0.015407671612147764,0.021168847620875824,0.02118509479831111,0.011175526357019296,0.013488558403942683,0.6032327257611508,0.5940217855157732
Dest210607-135106,64.0,0.037320909323256685,0.006088666258038361,0.06637459366886617,0.05823489545448865,0.02393992237269764,0.02393992237269764,0.011886596368657316,0.02034261559078223,0.02034261559078223,0.009860834114428155,0.023189489512716308,0.02318014613641199,0.011886596368657316,0.011886596368657316,0.01251834204181541,0.014549403009295497,0.6137903242501092,0.5927051034238996,0.02510430359211785,0.025064737424542776,0.006088666258038361,0.06637459366886617,0.05823489545448865,0.025790832253782835,0.025790832253782835,0.021075475036703817,0.02107406349324811,0.02107810707122763,0.02107810707122763,0.023295803292869725,0.02330712271914799,0.025790832253782835,0.025790832253782835,0.02332267778770585,0.020283317776275532,0.025064737424542776,0.025064737424542776,0.01251834204181541,0.014549403009295497,0.6137903242501092,0.5927051034238996,0.02034261559078223,0.02034261559078223,0.023189489512716308,0.02318014613641199,0.012594925801878978,0.015161919620302836,0.6148285000615006,0.5906528850656387
Dest210607-135426,64.0,0.03573978493958866,0.005211856927487807,0.05837436860736287,0.05912412096320432,0.01803407919826397,0.01803407919826397,0.007941690463069603,0.015794503832985474,0.015794503832985474,0.006811146645808976,0.01745961835332742,0.017437827946738003,0.007941690463069603,0.007941690463069603,0.00845758688082134,0.009417691164019547,0.5766503886447774,0.5739757630197326,0.018805082246393028,0.018789867683843182,0.005211856927487807,0.05837436860736287,0.05912412096320432,0.018495627129511447,0.018495627129511447,0.01553722084093101,0.01552863894873211,0.01642380837638683,0.01642380837638683,0.017555979588062737,0.017562933337228467,0.018495627129511447,0.018495627129511447,0.018531517366665286,0.014353133681151669,0.018789867683843182,0.018789867683843182,0.00845758688082134,0.009417691164019547,0.5766503886447774,0.5739757630197326,0.015794503832985474,0.015794503832985474,0.01745961835332742,0.017437827946738003,0.00865429811351782,0.010023361655167535,0.5598470525724003,0.5620816440267338
Dest210608-151243,64.0,0.09502454333110466,0.007064328461789037,0.10893717731837678,0.11255900935531077,0.018400690843752437,0.018400690843752437,0.011044488981029008,0.015526215797394154,0.015526215797394154,0.00813203481416912,0.01866499058569222,0.01867026294255686,0.011044488981029008,0.011044488981029008,0.013533425011879483,0.014057054951240976,0.49261472142905655,0.5094573817606174,0.018972029262750094,0.018975215127225078,0.007064328461789037,0.10893717731837678,0.11255900935531077,0.020208017509213264,0.020208017509213264,0.016518201073564685,0.016522051281911334,0.016133275113474434,0.016133275113474434,0.01775094520604633,0.01775065423234983,0.020208017509213264,0.020208017509213264,0.018188539517272204,0.016447178177998373,0.018975215127225078,0.018975215127225078,0.013533425011879483,0.014057054951240976,0.49261472142905655,0.5094573817606174,0.015526215797394154,0.015526215797394154,0.01866499058569222,0.01867026294255686,0.013714280901724059,0.014255571658159997,0.48812117581840503,0.5064343790080196
Dest210608-152610,61.0,0.03810824421767882,0.006095362314092309,0.05390270885690523,0.05244630748934847,0.012772504674167861,0.012772504674167861,0.010490056897428657,0.009746410842813878,0.009746410842813878,0.00901414895423499,0.013225176847883432,0.013216256021621487,0.010490056897428657,0.010490056897428657,0.006953821714095209,0.007318803084808348,0.5522574057116422,0.5475393428015847,0.01460097891659133,0.014601203249400575,0.006095362314092309,0.05390270885690523,0.05244630748934847,0.015187070693686883,0.015187070693686883,0.010721220099294443,0.010695609343841374,0.010575476537118931,0.010575476537118931,0.012319398478737947,0.012318819493524131,0.015187070693686883,0.015187070693686883,0.012853490049199726,0.009763320414583342,0.014601203249400575,0.014601203249400575,0.006953821714095209,0.007318803084808348,0.5522574057116422,0.5475393428015847,0.009746410842813878,0.009746410842813878,0.013225176847883432,0.013216256021621487,0.007291954486685083,0.007271666674874846,0.5392447037657013,0.5462639177023276
Dest210608-153057,59.0,0.05248347309266926,0.007054372787542095,0.14242423582467198,0.11550422672205839,0.01844358232541153,0.01844358232541153,0.010722968615683103,0.01569578416333156,0.01569578416333156,0.00860895069357308,0.017878267057030633,0.01787495398273447,0.010722968615683103,0.010722968615683103,0.009305435392121796,0.009615871925942925,0.6696056382832171,0.6384641258778784,0.01887183139906278,0.0188409579847898,0.007054372787542095,0.14242423582467198,0.11550422672205839,0.01955402342540352,0.01955402342540352,0.015118734183862647,0.015118023243676976,0.017087794410436067,0.017087794410436067,0.01654603443566002,0.016548459104497343,0.01955402342540352,0.01955402342540352,0.01792806724558918,0.011381593783922643,0.0188409579847898,0.0188409579847898,0.009305435392121796,0.009615871925942925,0.6696056382832171,0.6384641258778784,0.01569578416333156,0.01569578416333156,0.017878267057030633,0.01787495398273447,0.009488136054600737,0.009195939849946435,0.6639122229194525,0.6312810539482047
Dest210614-162933,64.0,0.029407477938220704,0.007639297035564017,0.05868357561067476,0.053659899153722886,0.016053268438674963,0.016053268438674963,0.009292221613979272,0.013892388239846478,0.013892388239846478,0.00824011720894582,0.016324101948510437,0.016322554940335722,0.009292221613979272,0.009292221613979272,0.008374323212782617,0.008976693457173756,0.6361096070042871,0.6282701026619337,0.016618545845520562,0.016612753889616964,0.007639297035564017,0.05868357561067476,0.053659899153722886,0.019266509555649663,0.019266509555649663,0.014493276700066546,0.01449207605888334,0.014342030674505913,0.014342030674505913,0.01481951777652435,0.014843478940774318,0.019266509555649663,0.019266509555649663,0.016244597497563493,0.012045064008439577,0.016612753889616964,0.016612753889616964,0.008374323212782617,0.008976693457173756,0.6361096070042871,0.6282701026619337,0.013892388239846478,0.013892388239846478,0.016324101948510437,0.016322554940335722,0.00876248796541334,0.009466749459550488,0.6296961221763375,0.620693586978923
Dest210614-164243,63.0,0.10201592288148506,0.009840883503345891,0.07830259980697898,0.0636997950520611,0.0196455256497124,0.0196455256497124,0.016156587666459277,0.01688684741933051,0.01688684741933051,0.011607010808831872,0.02108141113578758,0.021082364617404505,0.016156587666459277,0.016156587666459277,0.008399996900140665,0.010266618343663705,0.533209379280038,0.5317276433426325,0.020895712934822713,0.02089788877824138,0.009840883503345891,0.07830259980697898,0.0636997950520611,0.022093585451946837,0.022093585451946837,0.018328321405960118,0.018333541569879784,0.017610439759422458,0.017610439759422458,0.018607513545903905,0.018612581707040325,0.022093585451946837,0.022093585451946837,0.019007765284243874,0.014271104844666826,0.02089788877824138,0.02089788877824138,0.008399996900140665,0.010266618343663705,0.533209379280038,0.5317276433426325,0.01688684741933051,0.01688684741933051,0.02108141113578758,0.021082364617404505,0.008233586599798332,0.010906206850434804,0.5310192359072352,0.5308536626872571
Dest210614-165045,60.0,0.046867645029772885,0.008618244737377672,0.06611773907080959,0.056910905465033766,0.014726576494106596,0.014726576494106596,0.014027976521465873,0.010533405296585897,0.010533405296585897,0.011146093316420906,0.01319297439922603,0.013212451239723531,0.014027976521465873,0.014027976521465873,0.00489419785621723,0.006808532207575233,0.5309481280859516,0.5386204379824182,0.015291889549061499,0.015295424541217005,0.008618244737377672,0.06611773907080959,0.056910905465033766,0.015891622926728535,0.015891622926728535,0.012752718291780644,0.01275805615081897,0.011418522041904583,0.011418522041904583,0.01266806336170113,0.01266804450225876,0.015891622926728535,0.015891622926728535,0.014353841521303813,0.010143283640009602,0.015295424541217005,0.015295424541217005,0.00489419785621723,0.006808532207575233,0.5309481280859516,0.5386204379824182,0.010533405296585897,0.010533405296585897,0.01319297439922603,0.013212451239723531,0.005144120436753484,0.006918626048381038,0.5314804892709559,0.5371258745017135
Dest210615-151336,61.0,0.0642666639321389,0.009324463419090816,0.1312360489615108,0.10912265069597547,0.01633276124961859,0.01633276124961859,0.01093667550202218,0.01237343291065861,0.01237343291065861,0.009905731214793816,0.016081805281600747,0.01607877770805068,0.01093667550202218,0.01093667550202218,0.008708661952476538,0.00984430407292165,0.7341493691216305,0.697892820151419,0.017513443674120013,0.01754990368822096,0.009324463419090816,0.1312360489615108,0.10912265069597547,0.01955456491382731,0.01955456491382731,0.012537478291150117,0.012585554667866854,0.013682868774515028,0.013682868774515028,0.015227505876781466,0.015226926302826885,0.01955456491382731,0.01955456491382731,0.016232137892556404,0.012224838309162689,0.01754990368822096,0.01754990368822096,0.008708661952476538,0.00984430407292165,0.7341493691216305,0.697892820151419,0.01237343291065861,0.01237343291065861,0.016081805281600747,0.01607877770805068,0.009222721744792732,0.010563894891169202,0.7382510693308896,0.7032432578544624
Dest210615-152648,61.0,0.0343811466132439,0.011607397299384932,0.06875883690648299,0.0630828740524569,0.01246226423863647,0.01246226423863647,0.014222623977033113,0.00989400335463338,0.00989400335463338,0.01196424828517492,0.01056427719734759,0.010520788468027105,0.014222623977033113,0.014222623977033113,0.005756313758427201,0.007212520002299946,0.5913195895500638,0.591438309314568,0.012907595814634822,0.012906992251724167,0.011607397299384932,0.06875883690648299,0.0630828740524569,0.01355791973166556,0.01355791973166556,0.011040709850604107,0.01103483306211414,0.010366939988714182,0.010366939988714182,0.011043469889444126,0.011045263892104761,0.01355791973166556,0.01355791973166556,0.01208400628114674,0.00945833661519135,0.012906992251724167,0.012906992251724167,0.005756313758427201,0.007212520002299946,0.5913195895500638,0.591438309314568,0.00989400335463338,0.00989400335463338,0.01056427719734759,0.010520788468027105,0.005824998868714637,0.007552595864981909,0.5925735107585827,0.5904307154754594
Dest210615-153137,60.0,0.04492770025588358,0.01026396675721884,0.07920224225024618,0.07145510061374641,0.01750943634185901,0.01750943634185901,0.01290164545898083,0.012766296823734983,0.012766296823734983,0.010838515472703524,0.01567520306436074,0.015531182524158842,0.01290164545898083,0.01290164545898083,0.005781725609295338,0.007720467796903647,0.6268800076091706,0.5887862570263349,0.017396569980543456,0.017403197465050424,0.01026396675721884,0.07920224225024618,0.07145510061374641,0.015866363365625406,0.015866363365625406,0.014490510004994784,0.014493172922178854,0.013043942387648576,0.013043942387648576,0.01583231154651619,0.01591362680452021,0.015866363365625406,0.015866363365625406,0.01562927710098282,0.012818242584414115,0.017403197465050424,0.017403197465050424,0.005781725609295338,0.007720467796903647,0.6268800076091706,0.5887862570263349,0.012766296823734983,0.012766296823734983,0.01567520306436074,0.015531182524158842,0.0059965361551539455,0.008007069309543995,0.6133422105462366,0.5845048362061956
Dest210621-132542,64.0,0.034384743530517126,0.007020645456658952,0.059063905337047196,0.06199123213981514,0.01421437736091132,0.01421437736091132,0.0097402901191318,0.012713503528393977,0.012713503528393977,0.008902020457246132,0.014557395827352129,0.014565243867261516,0.0097402901191318,0.0097402901191318,0.008695363041358142,0.008524163324047079,0.5512817836935586,0.5537878364604135,0.014753970079464196,0.014752884791533806,0.007020645456658952,0.059063905337047196,0.06199123213981514,0.015369905003535841,0.015369905003535841,0.013261761394081431,0.013216288399933926,0.013460985162381865,0.013460985162381865,0.013857395878908961,0.013827689507408408,0.015369905003535841,0.015369905003535841,0.013774830085555582,0.01145770147785499,0.014752884791533806,0.014752884791533806,0.008695363041358142,0.008524163324047079,0.5512817836935586,0.5537878364604135,0.012713503528393977,0.012713503528393977,0.014557395827352129,0.014565243867261516,0.009126020717734724,0.009451742246642315,0.5406967273089047,0.5470955864921417
Dest210621-132717,64.0,0.04189481518088046,0.009350602094297233,0.06841642011360596,0.0711948545058696,0.010160430023970584,0.010160430023970584,0.011235827802029561,0.010369282316931178,0.010369282316931178,0.009474150779352814,0.010439978871073185,0.010462115257190197,0.011235827802029561,0.011235827802029561,0.00610041027128061,0.0065445715050675615,0.6110172497993231,0.5981808155371711,0.010592411272880487,0.010591057480800132,0.009350602094297233,0.06841642011360596,0.0711948545058696,0.01130196153057153,0.01130196153057153,0.009915956122757136,0.009899417505930019,0.011016580645998955,0.011016580645998955,0.009453975406749367,0.00945555374415314,0.01130196153057153,0.01130196153057153,0.010042231685703633,0.008550051088559498,0.010591057480800132,0.010591057480800132,0.00610041027128061,0.0065445715050675615,0.6110172497993231,0.5981808155371711,0.010369282316931178,0.010369282316931178,0.010439978871073185,0.010462115257190197,0.00602099027246781,0.005975800249418298,0.6027159680841361,0.5862296593842896
Dest210621-133202,64.0,0.04957535068776105,0.00964604253909916,0.07138520532109577,0.07255657144953943,0.011904515347053522,0.011904515347053522,0.011890935826083434,0.009696373765529648,0.009696373765529648,0.010129092461176884,0.012020620808694774,0.012019828989200166,0.011890935826083434,0.011890935826083434,0.007761844807045302,0.008050593752289103,0.5600662235628011,0.5510300598811774,0.012525055928539523,0.012487117948943494,0.00964604253909916,0.07138520532109577,0.07255657144953943,0.013882988276049951,0.013882988276049951,0.010134080747677342,0.010008267574883177,0.009997443565984594,0.009997443565984594,0.01142040890924887,0.011421260784996994,0.013882988276049951,0.013882988276049951,0.01209341996331922,0.009103668376185583,0.012487117948943494,0.012487117948943494,0.007761844807045302,0.008050593752289103,0.5600662235628011,0.5510300598811774,0.009696373765529648,0.009696373765529648,0.012020620808694774,0.012019828989200166,0.008331793445552502,0.00864119607531455,0.5664584667599012,0.5576340883649871
Dest210622-142830,60.0,0.05046947112008043,0.005266927969099088,0.19232437711530334,0.1745264136377762,0.01940808709673914,0.01940808709673914,0.008023484772961985,0.013070611679020268,0.013070611679020268,0.007266540774909476,0.01892230090367231,0.018933657824359927,0.008023484772961985,0.008023484772961985,0.008203308607793534,0.010735315172787039,0.6926195223981503,0.6602595911915271,0.019667317017507457,0.019667804801790832,0.005266927969099088,0.19232437711530334,0.1745264136377762,0.02208681461275637,0.02208681461275637,0.012321129204798836,0.012318237064162886,0.014228288041301539,0.014228288041301539,0.020031235145878453,0.020032767809726074,0.02208681461275637,0.02208681461275637,0.01958546305605106,0.013201807098482772,0.019667804801790832,0.019667804801790832,0.008203308607793534,0.010735315172787039,0.6926195223981503,0.6602595911915271,0.013070611679020268,0.013070611679020268,0.01892230090367231,0.018933657824359927,0.00909721405773662,0.010943223957704525,0.7011290771791143,0.6680471899687993
Dest210622-144945,60.0,0.02713837229124061,0.007778161016719612,0.041486518627932636,0.039933479979420435,0.01250806589981106,0.01250806589981106,0.013113971694084176,0.01119748067316068,0.01119748067316068,0.009930186198791439,0.010942741666353608,0.010943799777372117,0.013113971694084176,0.013113971694084176,0.007012278417799935,0.007164447291652059,0.5824216142977429,0.5619900663082157,0.012978156888656212,0.012965446341755527,0.007778161016719612,0.041486518627932636,0.039933479979420435,0.014645755511101926,0.014645755511101926,0.012056846468071175,0.012196188374121538,0.011747786661362034,0.011747786661362034,0.012075146186491859,0.012072296092901388,0.014645755511101926,0.014645755511101926,0.013023846515641565,0.008428492596580298,0.012965446341755527,0.012965446341755527,0.007012278417799935,0.007164447291652059,0.5824216142977429,0.5619900663082157,0.01119748067316068,0.01119748067316068,0.010942741666353608,0.010943799777372117,0.007456857866574812,0.007148811237558248,0.5568674860408405,0.551833258729572
Dest210622-145259,60.0,0.02246459238032567,0.005219298896696186,0.0707027394678293,0.0654173618679172,0.00838538579023985,0.00838538579023985,0.007758443423525848,0.006443570394771624,0.006443570394771624,0.0066774865808381855,0.009000675233753037,0.00895098763959109,0.007758443423525848,0.007758443423525848,0.00424128142665138,0.0043569208063725445,0.6317418362696423,0.6139932731797643,0.009231017906199583,0.009201441734957523,0.005219298896696186,0.0707027394678293,0.0654173618679172,0.009079441177103813,0.009079441177103813,0.007150394157097172,0.007152315589687612,0.006386487896567786,0.006386487896567786,0.008126288946427064,0.008124030754632031,0.009079441177103813,0.009079441177103813,0.008724448793444924,0.006340321206662719,0.009201441734957523,0.009201441734957523,0.00424128142665138,0.0043569208063725445,0.6317418362696423,0.6139932731797643,0.006443570394771624,0.006443570394771624,0.009000675233753037,0.00895098763959109,0.004047758240268223,0.005239741409189541,0.6236202943406844,0.6045963990241906
Dest210705-142134,64.0,0.05487436053463518,0.004932117561973882,0.05792789800325854,0.04927994641859171,0.014661369751800053,0.014661369751800053,0.009099798321859733,0.012181868586352373,0.012181868586352373,0.008358725122942121,0.014281754717626983,0.014273077916814342,0.009099798321859733,0.009099798321859733,0.009555849606629445,0.009120913446504104,0.5323077362857564,0.544516847425996,0.015151733977794847,0.015151705795164776,0.004932117561973882,0.05792789800325854,0.04927994641859171,0.015868550771307912,0.015868550771307912,0.014451289889471745,0.014441694737727702,0.013595601753678304,0.013595601753678304,0.014607389049943601,0.014605299924345259,0.015868550771307912,0.015868550771307912,0.014868782351647337,0.011916256785830574,0.015151705795164776,0.015151705795164776,0.009555849606629445,0.009120913446504104,0.5323077362857564,0.544516847425996,0.012181868586352373,0.012181868586352373,0.014281754717626983,0.014273077916814342,0.008991804465673287,0.009027141667047068,0.5296467089023899,0.5413509421992175
Dest210705-143821,60.0,0.03286628046462238,0.0052110229242865,0.04382422693151754,0.03796307158099585,0.013846961061665133,0.013846961061665133,0.006866217696624575,0.012202106092995898,0.012202106092995898,0.006096514333307846,0.013141169589645075,0.01314122600984347,0.006866217696624575,0.006866217696624575,0.008181105576359112,0.008687236204698452,0.5840420966870845,0.5686800360555542,0.0144273285714495,0.014426701237161282,0.0052110229242865,0.04382422693151754,0.03796307158099585,0.014491832101016584,0.014491832101016584,0.013028854900178332,0.01300558115865023,0.013037345322476855,0.013037345322476855,0.01283999737221466,0.012839416165656651,0.014491832101016584,0.014491832101016584,0.013546466812610328,0.011022328722745544,0.014426701237161282,0.014426701237161282,0.008181105576359112,0.008687236204698452,0.5840420966870845,0.5686800360555542,0.012202106092995898,0.012202106092995898,0.013141169589645075,0.01314122600984347,0.007996662470815074,0.008774605987823285,0.581162921516382,0.5661041886287229
Dest210705-144135,60.0,0.024169381469101036,0.004037264231641311,0.03702578382108106,0.030308707989797724,0.010696260793998937,0.010696260793998937,0.006017201253872051,0.0071902233961653825,0.0071902233961653825,0.00469229459899234,0.00933693136287016,0.009328019283123351,0.006017201253872051,0.006017201253872051,0.005033119606820032,0.005564818611732255,0.5892961247804709,0.5803938362367169,0.01168543864875485,0.011680974881965312,0.004037264231641311,0.03702578382108106,0.030308707989797724,0.01219403916714881,0.01219403916714881,0.007580688247195874,0.0075703300472133835,0.007756850669105917,0.007756850669105917,0.010352750134502726,0.010336228876630653,0.01219403916714881,0.01219403916714881,0.010979254406072335,0.009003228514971423,0.011680974881965312,0.011680974881965312,0.005033119606820032,0.005564818611732255,0.5892961247804709,0.5803938362367169,0.0071902233961653825,0.0071902233961653825,0.00933693136287016,0.009328019283123351,0.005213802743200465,0.005596126675515273,0.5747534438342459,0.5636721217823255
Dest210707-094057,60.0,0.057531779955042724,0.004728299388050301,0.04829750381061447,0.05842940110565426,0.011877906908506704,0.011877906908506704,0.006121553947177936,0.009881019776090842,0.009881019776090842,0.005688945424811272,0.011830991308283443,0.011828792572761723,0.006121553947177936,0.006121553947177936,0.00807557051318415,0.008626273030497922,0.5635935310774827,0.543934504418448,0.012699841980378374,0.012666671187243657,0.004728299388050301,0.04829750381061447,0.05842940110565426,0.01355664110953781,0.01355664110953781,0.011534011675285833,0.011531736097099985,0.010948457343167838,0.010948457343167838,0.011776596225896262,0.01177724974211269,0.01355664110953781,0.01355664110953781,0.011417817051564796,0.010716042230438134,0.012666671187243657,0.012666671187243657,0.00807557051318415,0.008626273030497922,0.5635935310774827,0.543934504418448,0.009881019776090842,0.009881019776090842,0.011830991308283443,0.011828792572761723,0.008381756380567765,0.008798396293982194,0.5535099314299807,0.5430928045671795
Dest210707-094231,60.0,0.0440081496044798,0.0038361061436226157,0.07532717041780877,0.06683692602699327,0.01668636359393935,0.01668636359393935,0.007115343819044045,0.013854641770054724,0.013854641770054724,0.00657431939700402,0.015143356997571371,0.015142532596595334,0.007115343819044045,0.007115343819044045,0.010466037752277965,0.010367321933346274,0.6459562266427586,0.6333355053151936,0.016850114871504847,0.016854647435963318,0.0038361061436226157,0.07532717041780877,0.06683692602699327,0.016797735619764262,0.016797735619764262,0.016629399256881026,0.016629986782311396,0.015050101162396497,0.015050101162396497,0.01632067955064184,0.01632003866940177,0.016797735619764262,0.016797735619764262,0.01591136580814683,0.013117522497470972,0.016854647435963318,0.016854647435963318,0.010466037752277965,0.010367321933346274,0.6459562266427586,0.6333355053151936,0.013854641770054724,0.013854641770054724,0.015143356997571371,0.015142532596595334,0.010999233023308961,0.01017410507565103,0.6421061089989616,0.6265087047414862
Dest210707-094542,60.0,0.04080973466067871,0.004652178958574612,0.0444865089507082,0.0432912836044993,0.014562962468998053,0.014562962468998053,0.007341375906680558,0.010432198176167973,0.010432198176167973,0.006389073727893577,0.013080663473599994,0.013077382230870741,0.007341375906680558,0.007341375906680558,0.008487556291691505,0.009157096327605897,0.5482544805603705,0.5365428269504149,0.01373720849094567,0.01373239673326786,0.004652178958574612,0.0444865089507082,0.0432912836044993,0.01478414067758361,0.01478414067758361,0.010019154880672605,0.010018602953361417,0.010691059960244519,0.010691059960244519,0.01228069416276326,0.012275874247110683,0.01478414067758361,0.01478414067758361,0.013489881388402788,0.011162756871905218,0.01373239673326786,0.01373239673326786,0.008487556291691505,0.009157096327605897,0.5482544805603705,0.5365428269504149,0.010432198176167973,0.010432198176167973,0.013080663473599994,0.013077382230870741,0.008150946603948803,0.008924666871041311,0.5445445082882406,0.5334095216017458
Dest210726-160506,60.0,0.071118579433815,0.00632080944035417,0.4212065885066842,0.3522008187468323,0.01418126522671476,0.01418126522671476,0.008657381335286814,0.012899129055225327,0.012899129055225327,0.008069393639866005,0.01539969052000641,0.01540005364358898,0.008657381335286814,0.008657381335286814,0.009783803545464388,0.011158977017127567,0.8843454287680553,0.8727224017541142,0.014796595508920677,0.014797281908987847,0.00632080944035417,0.4212065885066842,0.3522008187468323,0.015235912687243959,0.015235912687243959,0.013316596007959263,0.013318430058065385,0.01315673844777068,0.01315673844777068,0.014409137176778374,0.014407904740537608,0.015235912687243959,0.015235912687243959,0.014026498754573296,0.012609009633192059,0.014797281908987847,0.014797281908987847,0.009783803545464388,0.011158977017127567,0.8843454287680553,0.8727224017541142,0.012899129055225327,0.012899129055225327,0.01539969052000641,0.01540005364358898,0.009982840360298768,0.0107439668002863,0.8835859762369399,0.8709796955413603
Dest210726-160643,60.0,0.08176838602746411,0.00903205684490129,0.16131360322726834,0.1275734232720543,0.024851162640492884,0.024851162640492884,0.014677605661095435,0.017801086941662776,0.017801086941662776,0.011241459556311107,0.023751654045090005,0.023746531972608596,0.014677605661095435,0.014677605661095435,0.01354602586241116,0.015493619342843228,0.561925753620791,0.5361733818457495,0.0240132494200456,0.024013529432344232,0.00903205684490129,0.16131360322726834,0.1275734232720543,0.027853913557271223,0.027853913557271223,0.018247469897485744,0.01825327198834991,0.018512496413154503,0.018512496413154503,0.023073845300223536,0.023072616741524016,0.027853913557271223,0.027853913557271223,0.023231209234071373,0.018284774318129485,0.024013529432344232,0.024013529432344232,0.01354602586241116,0.015493619342843228,0.561925753620791,0.5361733818457495,0.017801086941662776,0.017801086941662776,0.023751654045090005,0.023746531972608596,0.013625701354553451,0.01601097526427699,0.5671838568552968,0.5381763004184843
Dest210726-162828,60.0,0.07115834492729188,0.0050944525689583225,0.18667642041856086,0.15882682130734854,0.012731901839984305,0.012731901839984305,0.0053850608449159945,0.010030779656809024,0.010030779656809024,0.004813464160157161,0.012354044012570292,0.01235654676720226,0.0053850608449159945,0.0053850608449159945,0.008526020242445954,0.009186225240745437,0.7788979268414535,0.7586980974407134,0.013141350338119577,0.013142294796166649,0.0050944525689583225,0.18667642041856086,0.15882682130734854,0.013840196087025304,0.013840196087025304,0.010661324979683928,0.010669686921690836,0.010783892309261477,0.010783892309261477,0.012617130558191152,0.01261324928658624,0.013840196087025304,0.013840196087025304,0.012906958180388058,0.011214109541846951,0.013142294796166649,0.013142294796166649,0.008526020242445954,0.009186225240745437,0.7788979268414535,0.7586980974407134,0.010030779656809024,0.010030779656809024,0.012354044012570292,0.01235654676720226,0.00876016779360669,0.009605335810408767,0.768669916162646,0.7535344275576678
Dest210727-153944,64.0,0.06323735072809865,0.008119011408694215,0.05699715286416888,0.05464730220562677,0.01147857819134844,0.01147857819134844,0.010547367791351592,0.010853851005448027,0.010853851005448027,0.009580592314117611,0.011353070954208087,0.011353025327635172,0.010547367791351592,0.010547367791351592,0.0074340299159062016,0.0074302231069565535,0.5900694189927748,0.578618115976349,0.012126448727178621,0.012124948810127866,0.008119011408694215,0.05699715286416888,0.05464730220562677,0.013763764448416479,0.013763764448416479,0.011206847784683376,0.011205440317236852,0.011482539826235217,0.011482539826235217,0.010733911124653658,0.010734905506700226,0.013763764448416479,0.013763764448416479,0.012129313136673845,0.008838947549942728,0.012124948810127866,0.012124948810127866,0.0074340299159062016,0.0074302231069565535,0.5900694189927748,0.578618115976349,0.010853851005448027,0.010853851005448027,0.011353070954208087,0.011353025327635172,0.007717582269133946,0.00792302041033395,0.5893308817659229,0.5767469897262116
Dest210727-154746,64.0,0.0679594223792262,0.009760946772565478,0.07506576934918052,0.07044496432420436,0.02048635516227081,0.02048635516227081,0.011653835339223293,0.020941645102762942,0.020941645102762942,0.010396621252886122,0.022935217766257978,0.022974935381655674,0.011653835339223293,0.011653835339223293,0.00865083493901229,0.010341125823305668,0.6488162453729653,0.6219544941580828,0.022244575732966752,0.0222502939550463,0.009760946772565478,0.07506576934918052,0.07044496432420436,0.024030214898941117,0.024030214898941117,0.02185333176325684,0.02185056282927712,0.020735752824277292,0.020735752824277292,0.02193188024009266,0.021927042276381377,0.024030214898941117,0.024030214898941117,0.02085008176447413,0.014750114206501838,0.0222502939550463,0.0222502939550463,0.00865083493901229,0.010341125823305668,0.6488162453729653,0.6219544941580828,0.020941645102762942,0.020941645102762942,0.022935217766257978,0.022974935381655674,0.008950346159084868,0.010609208733585809,0.6506882307310118,0.6264303170977309
Dest210727-155901,64.0,0.05819752442517042,0.01054443445923619,0.07887093770358476,0.06787661473018197,0.016612765699412894,0.016612765699412894,0.013178201504788656,0.013526709368957144,0.013526709368957144,0.012565923609686204,0.01584239807522694,0.01586436635335999,0.013178201504788656,0.013178201504788656,0.007352564820166759,0.008750670875806865,0.607966937071953,0.5904892891210748,0.017393469157249077,0.01740856149493983,0.01054443445923619,0.07887093770358476,0.06787661473018197,0.01818827575429748,0.01818827575429748,0.014989348759880209,0.014993083102582044,0.014675889832343041,0.014675889832343041,0.015614322884302043,0.01562997632439208,0.01818827575429748,0.01818827575429748,0.01696543807601704,0.011218517532974518,0.01740856149493983,0.01740856149493983,0.007352564820166759,0.008750670875806865,0.607966937071953,0.5904892891210748,0.013526709368957144,0.013526709368957144,0.01584239807522694,0.01586436635335999,0.007907730313855825,0.009717738770822389,0.6064782700568118,0.5824305427704259
Dest210803-154133,60.0,0.07975740344018509,0.010476016707603139,0.12729897116458713,0.10791427544545261,0.03156267239872131,0.03156267239872131,0.015087907529482915,0.029643095028327366,0.029643095028327366,0.01320034000795861,0.033994137094636626,0.03399752273351941,0.015087907529482915,0.015087907529482915,0.011696977931184262,0.02029666334832453,0.6558423683784995,0.6241445575791869,0.032240669748037014,0.03225621699747636,0.010476016707603139,0.12729897116458713,0.10791427544545261,0.03619013468389487,0.03619013468389487,0.03408791366149991,0.03408263516413941,0.029797467681219554,0.029797467681219554,0.03236295209286868,0.03236933914050456,0.03619013468389487,0.03619013468389487,0.03200236965370043,0.022552660707783553,0.03225621699747636,0.03225621699747636,0.011696977931184262,0.02029666334832453,0.6558423683784995,0.6241445575791869,0.029643095028327366,0.029643095028327366,0.033994137094636626,0.03399752273351941,0.012600661258313177,0.019110261756947067,0.6540728102698455,0.6214337748695608
Dest210803-160041,60.0,0.10023498715634306,0.010893506155964716,0.0654942549389473,0.07051910393621123,0.03452042141694636,0.03452042141694636,0.022268483328285113,0.030316375924148077,0.030316375924148077,0.016016070288723698,0.03151700138342718,0.031466196845854146,0.022268483328285113,0.022268483328285113,0.0138917650491055,0.021721907941494534,0.5114648991064951,0.5162056718756454,0.03499137250658517,0.034975989772334,0.010893506155964716,0.0654942549389473,0.07051910393621123,0.04202533843624702,0.04202533843624702,0.03114777879204854,0.03114425447195608,0.03340678446486361,0.03340678446486361,0.03224489236847045,0.03229768075865222,0.04202533843624702,0.04202533843624702,0.031993651495167925,0.025016543345950996,0.034975989772334,0.034975989772334,0.0138917650491055,0.021721907941494534,0.5114648991064951,0.5162056718756454,0.030316375924148077,0.030316375924148077,0.03151700138342718,0.031466196845854146,0.014461601658382665,0.023874216443922028,0.5179584631134323,0.5164427880929647
Dest210803-160702,9.0,0.024166426832687337,0.000436460065528446,0.04427068394722522,0.02809986572916602,0.030908826339499634,0.030908826339499634,0.0033551730039805957,0.032923314810001075,0.032923314810001075,0.007624076725316413,0.0166642061584277,0.016664962909074373,0.0033551730039805957,0.0033551730039805957,0.00047712116926578525,0.000304844066571464,0.2779925373526491,0.27787113114694356,0.018766159799940688,0.019094721425519566,0.000436460065528446,0.04427068394722522,0.02809986572916602,0.0384995086625572,0.0384995086625572,0.03360850468208903,0.03360900103043551,0.04016708155029308,0.04016708155029308,0.019489463843877106,0.0194640281903048,0.0384995086625572,0.0384995086625572,0.017596398704348468,0.019965944054392344,0.019094721425519566,0.019094721425519566,0.00047712116926578525,0.000304844066571464,0.2779925373526491,0.27787113114694356,0.032923314810001075,0.032923314810001075,0.0166642061584277,0.016664962909074373,0.0008398701620773465,0.0002506814072126256,0.2645833797676704,0.2113879450128813
Dest210809-134710,60.0,0.07402217271565989,0.007095632098495158,0.059215589225347975,0.05375575736452142,0.015546203449622736,0.015546203449622736,0.010465010013084952,0.012429151909152003,0.012429151909152003,0.009617511636350965,0.014046169296819795,0.014050413221666003,0.010465010013084952,0.010465010013084952,0.00706839878217052,0.008907006726874918,0.5467836690509268,0.558951001514214,0.016970326102635682,0.01696569371721812,0.007095632098495158,0.059215589225347975,0.05375575736452142,0.01936167307489507,0.01936167307489507,0.012982399389043931,0.012981929574600797,0.01294027273598489,0.01294027273598489,0.013615916445958633,0.013617791696214559,0.01936167307489507,0.01936167307489507,0.016942080337245584,0.011904758830275681,0.01696569371721812,0.01696569371721812,0.00706839878217052,0.008907006726874918,0.5467836690509268,0.558951001514214,0.012429151909152003,0.012429151909152003,0.014046169296819795,0.014050413221666003,0.0070809728301692194,0.008394822030816386,0.5460093306283046,0.5582170143610928
Dest210809-135505,60.0,0.06928006652772843,0.00773556167942658,0.0675583054878361,0.07083071493483524,0.014508970150213525,0.014508970150213525,0.010104203604683873,0.010513822733157324,0.010513822733157324,0.00962557950405969,0.01285257323383913,0.012851585804369396,0.010104203604683873,0.010104203604683873,0.007091517055281976,0.007652217861030848,0.6086911651051227,0.6064017343926449,0.014395772935819761,0.014400920842903715,0.00773556167942658,0.0675583054878361,0.07083071493483524,0.013652270586796697,0.013652270586796697,0.011127430668789831,0.011122170642253586,0.011568489428253373,0.011568489428253373,0.0114349997366985,0.01144454660560227,0.013652270586796697,0.013652270586796697,0.013611832583091616,0.0115336259895101,0.014400920842903715,0.014400920842903715,0.007091517055281976,0.007652217861030848,0.6086911651051227,0.6064017343926449,0.010513822733157324,0.010513822733157324,0.01285257323383913,0.012851585804369396,0.0071965618128079,0.007673417941123214,0.6079707782802503,0.6101451790403404
Dest210809-141809,60.0,0.12930556420571843,0.009263414144571531,0.09517827526356311,0.094864547789994,0.010853802508443752,0.010853802508443752,0.011468997106494235,0.009992287622778899,0.009992287622778899,0.010732317168589045,0.010138585086256181,0.010138348527276545,0.011468997106494235,0.011468997106494235,0.007507318538497105,0.007910671181882345,0.6543254911024642,0.6456472075668486,0.011091879614690481,0.011093930523412692,0.009263414144571531,0.09517827526356311,0.094864547789994,0.010772562060402014,0.010772562060402014,0.010802397342335044,0.010801664232325493,0.010154351905641039,0.010154351905641039,0.010521493112341766,0.010521474405340259,0.010772562060402014,0.010772562060402014,0.01093867903463977,0.00935814675886226,0.011093930523412692,0.011093930523412692,0.007507318538497105,0.007910671181882345,0.6543254911024642,0.6456472075668486,0.009992287622778899,0.009992287622778899,0.010138585086256181,0.010138348527276545,0.007460368818143897,0.008674700494159342,0.6509323155941511,0.6402898215240249
Dest210810-173859,60.0,0.09516552431521741,0.009032509293572672,0.09807541944885154,0.07075358752840444,0.012337529556205073,0.012337529556205073,0.011139694672356181,0.009803315187969487,0.009803315187969487,0.009061513002063286,0.012030544554293978,0.012025214194204343,0.011139694672356181,0.011139694672356181,0.007558435665128552,0.007494111860698389,0.650230589804693,0.6529930883221552,0.012992191287328632,0.012926714654007286,0.009032509293572672,0.09807541944885154,0.07075358752840444,0.01309860926770166,0.01309860926770166,0.011256491500603196,0.011265763482249964,0.010671953193193806,0.010671953193193806,0.012802448668567785,0.01279803527905542,0.01309860926770166,0.01309860926770166,0.012784651473954346,0.010509311726481991,0.012926714654007286,0.012926714654007286,0.007558435665128552,0.007494111860698389,0.650230589804693,0.6529930883221552,0.009803315187969487,0.009803315187969487,0.012030544554293978,0.012025214194204343,0.007274673423366391,0.0077594022464733785,0.6656243228750353,0.6569684954347751
Dest210810-175828,60.0,0.20507892094754998,0.014538764421096523,0.1257758785562326,0.10854306189909696,0.015443584619979224,0.015443584619979224,0.016247814385617867,0.010922896294661432,0.010922896294661432,0.01495185008801324,0.014722855591659766,0.01472251064575676,0.016247814385617867,0.016247814385617867,0.008515755286826208,0.00851493743917356,0.6962104906084593,0.6861185602524836,0.016194814931467176,0.016176584863482838,0.014538764421096523,0.1257758785562326,0.10854306189909696,0.018323726654914513,0.018323726654914513,0.012259753675138827,0.012233558482975835,0.011989025116014376,0.011989025116014376,0.016130534969976344,0.01613545798106783,0.018323726654914513,0.018323726654914513,0.01536348199501333,0.011743935734554543,0.016176584863482838,0.016176584863482838,0.008515755286826208,0.00851493743917356,0.6962104906084593,0.6861185602524836,0.010922896294661432,0.010922896294661432,0.014722855591659766,0.01472251064575676,0.008822499790524733,0.009069362193604841,0.7044904538072533,0.6903089551741609
Dest210810-180004,60.0,0.16303029550992956,0.014083457556397774,0.09107939261990274,0.07175129845891173,0.01669954222925961,0.01669954222925961,0.018566332324806145,0.016014654635424695,0.016014654635424695,0.015782824064092874,0.01599226761901717,0.01599150196977788,0.018566332324806145,0.018566332324806145,0.010475140407558302,0.010475268244501689,0.6981297060090647,0.6803031347960329,0.016920339658588166,0.016880847677919378,0.014083457556397774,0.09107939261990274,0.07175129845891173,0.018181583900724232,0.018181583900724232,0.016852264003706076,0.016853635050534322,0.016941632614196237,0.016941632614196237,0.015504559546743034,0.015504723863364172,0.018181583900724232,0.018181583900724232,0.0163102177070181,0.013823483325752183,0.016880847677919378,0.016880847677919378,0.010475140407558302,0.010475268244501689,0.6981297060090647,0.6803031347960329,0.016014654635424695,0.016014654635424695,0.01599226761901717,0.01599150196977788,0.011061083618469629,0.010192084531425864,0.7071774847177409,0.6832611142955819
Dest210823-172940,64.0,0.05390801285234484,0.005314347503910916,0.10693907079197829,0.11016871332442023,0.02153821123440274,0.02153821123440274,0.009488840495243489,0.015307076796787372,0.015307076796787372,0.007349635381938612,0.019921498068403,0.019927796461282846,0.009488840495243489,0.009488840495243489,0.009784535022313847,0.012265609687533098,0.5211499965961881,0.5106101419583167,0.02231481095162923,0.02232551907128251,0.005314347503910916,0.10693907079197829,0.11016871332442023,0.022378980691895842,0.022378980691895842,0.017592810637897714,0.017588522461812316,0.016989385319099857,0.016989385319099857,0.02046768030965272,0.02047344443349264,0.022378980691895842,0.022378980691895842,0.02051182480408297,0.016273935421672332,0.02232551907128251,0.02232551907128251,0.009784535022313847,0.012265609687533098,0.5211499965961881,0.5106101419583167,0.015307076796787372,0.015307076796787372,0.019921498068403,0.019927796461282846,0.009525870472451216,0.011595571804531935,0.5201542418830343,0.5075508232888318
Dest210823-173441,64.0,0.043223685867562714,0.006320864664000571,0.057402721103317116,0.059705352593668805,0.013572161047945053,0.013572161047945053,0.01149927036643174,0.011106975227487386,0.011106975227487386,0.00966528584832,0.013896449725128098,0.013886653162231125,0.01149927036643174,0.01149927036643174,0.008465953974096491,0.008962222093623188,0.5388229012508603,0.5285378021599634,0.014306993628372634,0.014309596046439763,0.006320864664000571,0.057402721103317116,0.059705352593668805,0.014225328995324183,0.014225328995324183,0.011799952699032735,0.011798109180422336,0.01154740820293384,0.01154740820293384,0.01367674818881837,0.013668132805639322,0.014225328995324183,0.014225328995324183,0.014036866349761016,0.010632283829843006,0.014309596046439763,0.014309596046439763,0.008465953974096491,0.008962222093623188,0.5388229012508603,0.5285378021599634,0.011106975227487386,0.011106975227487386,0.013896449725128098,0.013886653162231125,0.008764348468802563,0.00944934631490059,0.5398038482212701,0.5299579491744775
Dest210823-173752,64.0,0.056953724798190046,0.005963612953128805,0.06603825400931333,0.0725186620034379,0.017038013022463397,0.017038013022463397,0.00932400140339999,0.012980918958945258,0.012980918958945258,0.006424809573574666,0.017522004384354195,0.017520571381549464,0.00932400140339999,0.00932400140339999,0.01079804564985343,0.011104118031719484,0.5240201816365829,0.5322013701750331,0.01781409941022278,0.017819886695604498,0.005963612953128805,0.06603825400931333,0.0725186620034379,0.01885968025954344,0.01885968025954344,0.013905694205921979,0.013905340897116958,0.013677802922702558,0.013677802922702558,0.016166641937176703,0.01618343337943895,0.01885968025954344,0.01885968025954344,0.01641752926224504,0.013903591310579576,0.017819886695604498,0.017819886695604498,0.01079804564985343,0.011104118031719484,0.5240201816365829,0.5322013701750331,0.012980918958945258,0.012980918958945258,0.017522004384354195,0.017520571381549464,0.011937210995490676,0.01201462612095525,0.521196193446061,0.5303731217034559
Dest210823-180039,64.0,0.07619256621402272,0.008348492706071721,0.09532466277052931,0.08088785943939907,0.03523224196622469,0.03523224196622469,0.01725863220082116,0.025899629190020777,0.025899629190020777,0.013857577192706166,0.03350313828552343,0.033503196018806344,0.01725863220082116,0.01725863220082116,0.011306953285639347,0.018229449371718137,0.5693597238168648,0.549039599045786,0.03502430645126695,0.03501336960216261,0.008348492706071721,0.09532466277052931,0.08088785943939907,0.03436924710604723,0.03436924710604723,0.02813828655691462,0.02811571175808025,0.024970026549817573,0.024970026549817573,0.03482615444401397,0.034828388775210585,0.03436924710604723,0.03436924710604723,0.032938647461659205,0.022993579584033596,0.03501336960216261,0.03501336960216261,0.011306953285639347,0.018229449371718137,0.5693597238168648,0.549039599045786,0.025899629190020777,0.025899629190020777,0.03350313828552343,0.033503196018806344,0.011374046150556478,0.01713873213488881,0.5591718693152753,0.531371313161782
Dest210823-181018,60.0,0.06428271637683246,0.0064799729279167275,0.09358452448361759,0.08349744298818587,0.029987113007423318,0.029987113007423318,0.013155709424010327,0.021711044432228453,0.021711044432228453,0.01006233796896641,0.031182488578310807,0.031132893192113445,0.013155709424010327,0.013155709424010327,0.014902695520742018,0.018837320386951642,0.5439523997951469,0.5336795691896191,0.03117568286395827,0.03117139578622928,0.0064799729279167275,0.09358452448361759,0.08349744298818587,0.03316285813864803,0.03316285813864803,0.0222811053486958,0.022255576467142976,0.022535207729107325,0.022535207729107325,0.02956343447622218,0.02955369675196403,0.03316285813864803,0.03316285813864803,0.030193492509806415,0.023017783537007935,0.03117139578622928,0.03117139578622928,0.014902695520742018,0.018837320386951642,0.5439523997951469,0.5336795691896191,0.021711044432228453,0.021711044432228453,0.031182488578310807,0.031132893192113445,0.015221783719038016,0.018572633421442473,0.5509342385566024,0.5397275692663752
Dest210823-181501,60.0,0.050048000535108855,0.007689011055981733,0.07209437257679666,0.06793137655870692,0.04506520998877426,0.04506520998877426,0.023219976754500236,0.030057544785845523,0.030057544785845523,0.016564161597752914,0.042979285883003406,0.04297288269168418,0.023219976754500236,0.023219976754500236,0.014624774489538004,0.027567692581362855,0.4946940009450946,0.473658373669102,0.04732416407500514,0.04732054196886916,0.007689011055981733,0.07209437257679666,0.06793137655870692,0.04553258743348448,0.04553258743348448,0.03181801151128561,0.0318185054716987,0.03163602312985791,0.03163602312985791,0.041871864063989704,0.04188004554895524,0.04553258743348448,0.04553258743348448,0.04293377109932601,0.029953331745916,0.04732054196886916,0.04732054196886916,0.014624774489538004,0.027567692581362855,0.4946940009450946,0.473658373669102,0.030057544785845523,0.030057544785845523,0.042979285883003406,0.04297288269168418,0.015878295011078136,0.02584644292701834,0.5016859098402561,0.47995340258935687
EC000002,64.0,0.3204634573312951,0.0051911915048146505,0.148624510783026,0.11578698714280213,0.01478993964862431,0.01478993964862431,0.006978793716424047,0.014969340410748072,0.014969340410748072,0.006913167670723034,0.015444464082368143,0.015444168086405658,0.006978793716424047,0.006978793716424047,0.00946232839237081,0.009695095899863395,0.5876007915891001,0.554853354475046,0.015669334935604365,0.01567041897631346,0.0051911915048146505,0.148624510783026,0.11578698714280213,0.016118780140296142,0.016118780140296142,0.01486051987921373,0.014857305628982338,0.016154233475151325,0.016154233475151325,0.014902583264209074,0.014901526533198968,0.016118780140296142,0.016118780140296142,0.014692096094957027,0.013812696597318987,0.01567041897631346,0.01567041897631346,0.00946232839237081,0.009695095899863395,0.5876007915891001,0.554853354475046,0.014969340410748072,0.014969340410748072,0.015444464082368143,0.015444168086405658,0.00968174369985758,0.009637696040355803,0.5895678425588244,0.5565699095578555
EC000006,64.0,0.12036340087390547,0.005499476638631875,0.04253077589987659,0.03419793929788932,0.014549735121884594,0.014549735121884594,0.007328846604027453,0.012647691255371582,0.012647691255371582,0.006460166065038634,0.014854832805961433,0.014851915270486342,0.007328846604027453,0.007328846604027453,0.00851837702323195,0.007923187129323215,0.5847271122246017,0.5248299254832964,0.015391854237165147,0.015385693880465724,0.005499476638631875,0.04253077589987659,0.03419793929788932,0.017518245864856962,0.017518245864856962,0.012566982537057523,0.012568171541467532,0.012954316743731436,0.012954316743731436,0.014994439662498882,0.014994626843221065,0.017518245864856962,0.017518245864856962,0.01426872913097246,0.011367943506505086,0.015385693880465724,0.015385693880465724,0.00851837702323195,0.007923187129323215,0.5847271122246017,0.5248299254832964,0.012647691255371582,0.012647691255371582,0.014854832805961433,0.014851915270486342,0.009152059463644939,0.008317852487178472,0.5713554827607249,0.51582244178435
EC000007,64.0,0.15497793427329315,0.00456143623146788,0.12057803808004577,0.0914402679883732,0.013453417459891539,0.013453417459891539,0.005450999712896889,0.011216613479992086,0.011216613479992086,0.005261245677326878,0.014556657918210618,0.01457876274863216,0.005450999712896889,0.005450999712896889,0.007130407553695904,0.0065735336690012115,0.572637820119962,0.5550736299244272,0.015415694743933601,0.015406788420141336,0.00456143623146788,0.12057803808004577,0.0914402679883732,0.014993152586144256,0.014993152586144256,0.012446202482886302,0.012443838954598826,0.012531692832590348,0.012531692832590348,0.014571631278382369,0.014569689582551906,0.014993152586144256,0.014993152586144256,0.014486881655232636,0.01024413972272029,0.015406788420141336,0.015406788420141336,0.007130407553695904,0.0065735336690012115,0.572637820119962,0.5550736299244272,0.011216613479992086,0.011216613479992086,0.014556657918210618,0.01457876274863216,0.007355593442824214,0.0067576589361425,0.5673869385321785,0.5538078688118565
EC000016,64.0,0.11217315966393322,0.004145962851546287,0.06924892757759224,0.060490887435137836,0.013189943894874604,0.013189943894874604,0.005614068176103115,0.010995581427878915,0.010995581427878915,0.005084016029613076,0.012823455589361751,0.012820322143479168,0.005614068176103115,0.005614068176103115,0.01045307140582245,0.010702411666948986,0.5674549624378804,0.4936628029914621,0.013269574817244001,0.01327224841380352,0.004145962851546287,0.06924892757759224,0.060490887435137836,0.014362171141919742,0.014362171141919742,0.011808589059274848,0.011808993989814512,0.011464142949597179,0.011464142949597179,0.013259771890665049,0.013235936883799756,0.014362171141919742,0.014362171141919742,0.013037604268114828,0.012440923766311396,0.01327224841380352,0.01327224841380352,0.01045307140582245,0.010702411666948986,0.5674549624378804,0.4936628029914621,0.010995581427878915,0.010995581427878915,0.012823455589361751,0.012820322143479168,0.010473046960638721,0.010422107397360865,0.5668554873259963,0.4928648838469722
EC000017,64.0,0.12040766951816102,0.0064930541826491075,0.04851814048974631,0.040852331532342405,0.017451424427126806,0.017451424427126806,0.008502067595248268,0.015246973338148926,0.015246973338148926,0.007177303467374496,0.01756064145859043,0.017557047119021587,0.008502067595248268,0.008502067595248268,0.012809869637037868,0.013360617098868018,0.48833099043597783,0.4345603070531318,0.017758855038550275,0.017755980154096927,0.0064930541826491075,0.04851814048974631,0.040852331532342405,0.01898742595526514,0.01898742595526514,0.015775861798981484,0.015775847048421856,0.01589822503778328,0.01589822503778328,0.017687123379791444,0.017686982113546454,0.01898742595526514,0.01898742595526514,0.01724384154053051,0.016139463430231184,0.017755980154096927,0.017755980154096927,0.012809869637037868,0.013360617098868018,0.48833099043597783,0.4345603070531318,0.015246973338148926,0.015246973338148926,0.01756064145859043,0.017557047119021587,0.0125570703194784,0.013774378774863474,0.4710253787379899,0.4285332128581076
EC000018,64.0,0.09240507615996381,0.0071121052591239,0.05452986506874152,0.05338375893717096,0.016076813018063116,0.016076813018063116,0.008406044304808248,0.015374660979626443,0.015374660979626443,0.00781574866794798,0.016854850516350453,0.016856957147996295,0.008406044304808248,0.008406044304808248,0.011194487147511733,0.010697980452587125,0.5277667401338484,0.5250880088969714,0.016710232957113047,0.01671384170950383,0.0071121052591239,0.05452986506874152,0.05338375893717096,0.017746041954483108,0.017746041954483108,0.016010253843685426,0.015946528561758235,0.016872464349385864,0.016872464349385864,0.016276427616727172,0.016249302923219126,0.017746041954483108,0.017746041954483108,0.015699617055495628,0.014231254518998454,0.01671384170950383,0.01671384170950383,0.011194487147511733,0.010697980452587125,0.5277667401338484,0.5250880088969714,0.015374660979626443,0.015374660979626443,0.016854850516350453,0.016856957147996295,0.011270853153758632,0.0105970530881135,0.5214092276103635,0.5181704855712581
EC000020,64.0,0.9783188560545871,0.07964053297595626,0.21406893684192232,0.17900002768007947,0.017617435293762335,0.017617435293762335,0.09241185015231493,0.016852235494125622,0.016852235494125622,0.0890711018802931,0.01820641424214928,0.01821139161469789,0.09241185015231493,0.09241185015231493,0.00909594080062536,0.00952341724358237,0.7253760568878014,0.6137461519947418,0.017949714492381162,0.017948203656229067,0.07964053297595626,0.21406893684192232,0.17900002768007947,0.018994328900133733,0.018994328900133733,0.01769144303404867,0.017813796048418692,0.01739010189003941,0.01739010189003941,0.018787872742660874,0.018791701411191238,0.018994328900133733,0.018994328900133733,0.018057740862912113,0.014324095361434199,0.017948203656229067,0.017948203656229067,0.00909594080062536,0.00952341724358237,0.7253760568878014,0.6137461519947418,0.016852235494125622,0.016852235494125622,0.01820641424214928,0.01821139161469789,0.009305985486542627,0.009281886182989052,0.7166151126495678,0.608100719177593
EC000022,62.0,0.11301424972334763,0.005814211308916954,0.12383924398820724,0.10932598747342435,0.014759183622753596,0.014759183622753596,0.006780085416695284,0.013138181141924993,0.013138181141924993,0.006280039841221338,0.015610762552329278,0.015651051367597684,0.006780085416695284,0.006780085416695284,0.011197429992808523,0.011507031052434438,0.6395925745262772,0.5990394351243061,0.014786026764676144,0.01478328429465057,0.005814211308916954,0.12383924398820724,0.10932598747342435,0.015496418473546826,0.015496418473546826,0.013644089500588872,0.013643834775588096,0.01341737160671173,0.01341737160671173,0.014847804035549897,0.014842753762291709,0.015496418473546826,0.015496418473546826,0.014104117277624112,0.013726003559883786,0.01478328429465057,0.01478328429465057,0.011197429992808523,0.011507031052434438,0.6395925745262772,0.5990394351243061,0.013138181141924993,0.013138181141924993,0.015610762552329278,0.015651051367597684,0.011840486602714478,0.011835341577104749,0.6495852338195087,0.6027134835136607
EC000025,64.0,0.17201946808004617,0.006728503954965872,0.05537628411657745,0.048672305298028,0.01386254207520702,0.01386254207520702,0.00827463180334987,0.014075744698162886,0.014075744698162886,0.008119576036057933,0.015682837910922735,0.01568486904961827,0.00827463180334987,0.00827463180334987,0.008795423859672483,0.008836385074804009,0.5564316872436547,0.5176177956940965,0.015386125137518133,0.015380144972389887,0.006728503954965872,0.05537628411657745,0.048672305298028,0.017285891287555928,0.017285891287555928,0.014874518243861221,0.014876532463956992,0.015243566644663947,0.015243566644663947,0.014753357167500303,0.014716251503633624,0.017285891287555928,0.017285891287555928,0.015503842310899785,0.013109111208385697,0.015380144972389887,0.015380144972389887,0.008795423859672483,0.008836385074804009,0.5564316872436547,0.5176177956940965,0.014075744698162886,0.014075744698162886,0.015682837910922735,0.01568486904961827,0.009118545130714343,0.009314673800430955,0.5616230592417798,0.5312264617456693
EC000031,64.0,0.33416953438715696,0.011265274349824543,0.09158925004658945,0.08331636443624478,0.016425024421027296,0.016425024421027296,0.014859915213597901,0.015356951418757309,0.015356951418757309,0.013237712813292833,0.016667230819510513,0.01670654856478702,0.014859915213597901,0.014859915213597901,0.010023895924304327,0.010423733860161509,0.5714138740867413,0.5356666137461132,0.016327197502546607,0.01626153695320751,0.011265274349824543,0.09158925004658945,0.08331636443624478,0.018075800955185756,0.018075800955185756,0.016021189062567855,0.01602274798435953,0.016513409594149306,0.016513409594149306,0.01553818676239994,0.015543306731300839,0.018075800955185756,0.018075800955185756,0.01623054541341907,0.014675207630146524,0.01626153695320751,0.01626153695320751,0.010023895924304327,0.010423733860161509,0.5714138740867413,0.5356666137461132,0.015356951418757309,0.015356951418757309,0.016667230819510513,0.01670654856478702,0.009875361910640992,0.009643602159323743,0.5725320785855295,0.5339918937332518
EC000037,64.0,0.09877395301644794,0.013013219557774286,0.08625066025746694,0.07408028618957557,0.01587888271481662,0.01587888271481662,0.018962422548944154,0.015030365894435125,0.015030365894435125,0.017521440522744906,0.016539283400234455,0.016541918850352347,0.018962422548944154,0.018962422548944154,0.008785647717390729,0.009041031655756503,0.5581629411440163,0.4882730099539327,0.01659143070822337,0.016579771677817722,0.013013219557774286,0.08625066025746694,0.07408028618957557,0.01817620909765448,0.01817620909765448,0.015383796730063065,0.01538998380920308,0.015721550586642177,0.015721550586642177,0.015297525950334437,0.015226384061369606,0.01817620909765448,0.01817620909765448,0.016229171376961518,0.013621029693651174,0.016579771677817722,0.016579771677817722,0.008785647717390729,0.009041031655756503,0.5581629411440163,0.4882730099539327,0.015030365894435125,0.015030365894435125,0.016539283400234455,0.016541918850352347,0.009365213781967892,0.009000844429479835,0.5591610575345434,0.48583283712292724
EC000042,64.0,0.1573328470141882,0.00719018279172781,0.06690511949433074,0.056212647437474096,0.01580601338956506,0.01580601338956506,0.009181090958695523,0.014933990706792001,0.014933990706792001,0.008273126395646849,0.017012310418657983,0.01700946071387403,0.009181090958695523,0.009181090958695523,0.010452165667022869,0.010832472297320149,0.5458617034613705,0.4999981091820531,0.015861338457052437,0.01586153083007361,0.00719018279172781,0.06690511949433074,0.056212647437474096,0.017099776285461835,0.017099776285461835,0.015569895282111352,0.015576350294990392,0.016153199203593337,0.016153199203593337,0.015938591713039272,0.015936998039997416,0.017099776285461835,0.017099776285461835,0.01642706977943651,0.014180418660753195,0.01586153083007361,0.01586153083007361,0.010452165667022869,0.010832472297320149,0.5458617034613705,0.4999981091820531,0.014933990706792001,0.014933990706792001,0.017012310418657983,0.01700946071387403,0.010592977640360386,0.011136664069480962,0.5482244225008771,0.4996092235675053
EC000045,30.0,0.06867657097293496,0.002043798010835291,0.048326859688127784,0.033252436357487286,0.01551968830646275,0.01551968830646275,0.003915316114255033,0.01533881188955483,0.01533881188955483,0.0033249303657032995,0.01575984726815097,0.01576002804938623,0.003915316114255033,0.003915316114255033,0.007887321276855512,0.007782278918743625,0.5469237134491658,0.47660630490931316,0.01705379780803596,0.017055130326656863,0.002043798010835291,0.048326859688127784,0.033252436357487286,0.01691454106160693,0.01691454106160693,0.01711304499375744,0.017113753693087194,0.01777995209007306,0.01777995209007306,0.015609912114402694,0.01561257114768095,0.01691454106160693,0.01691454106160693,0.01666349029779579,0.012209042077673267,0.017055130326656863,0.017055130326656863,0.007887321276855512,0.007782278918743625,0.5469237134491658,0.47660630490931316,0.01533881188955483,0.01533881188955483,0.01575984726815097,0.01576002804938623,0.00816482455205951,0.007994538750911828,0.5449662039531228,0.4686769112593645
EC000053,64.0,0.09511355107103994,0.005294211286884184,0.05922646728084692,0.0552122160733598,0.01671286920695238,0.01671286920695238,0.008099453870990364,0.015894380895183382,0.015894380895183382,0.00783403990969659,0.019587869198110244,0.019578554700762543,0.008099453870990364,0.008099453870990364,0.009146056709466421,0.009558021822619325,0.5922325490124384,0.5487011429334083,0.017907040735050415,0.017901363987968315,0.005294211286884184,0.05922646728084692,0.0552122160733598,0.02072805279727252,0.02072805279727252,0.015727935318517076,0.015796074555098395,0.016460128084520437,0.016460128084520437,0.017538647544579997,0.017548363733716398,0.02072805279727252,0.02072805279727252,0.018344961030348637,0.014162366102995962,0.017901363987968315,0.017901363987968315,0.009146056709466421,0.009558021822619325,0.5922325490124384,0.5487011429334083,0.015894380895183382,0.015894380895183382,0.019587869198110244,0.019578554700762543,0.00928938107983641,0.009533978135450715,0.5880833880291536,0.5449214444732563
EC000054,64.0,0.11761396181771382,0.00730267093008837,0.1259821830700725,0.1068849367497284,0.013620955172751829,0.013620955172751829,0.008864226933534107,0.012310166060676291,0.012310166060676291,0.007773613685645888,0.016662523245730143,0.016651134098639348,0.008864226933534107,0.008864226933534107,0.00705164750666864,0.007669581792845822,0.5771793881740145,0.5430453509133686,0.015672836873859747,0.015689515636247438,0.00730267093008837,0.1259821830700725,0.1068849367497284,0.017360362294237337,0.017360362294237337,0.013654647754851883,0.013640905806237384,0.01375158805474238,0.01375158805474238,0.015077092259637754,0.015087565164918522,0.017360362294237337,0.017360362294237337,0.014539772995751505,0.01162064526906753,0.015689515636247438,0.015689515636247438,0.00705164750666864,0.007669581792845822,0.5771793881740145,0.5430453509133686,0.012310166060676291,0.012310166060676291,0.016662523245730143,0.016651134098639348,0.007094902604038822,0.007823848314159021,0.5783014633051228,0.5482264357319567
EC000055,64.0,0.10753421405481303,0.004974216885657873,0.07196481828919779,0.06817525471433797,0.01760559642799394,0.01760559642799394,0.006599669901031951,0.013981508637220271,0.013981508637220271,0.005880118302753185,0.017181381457748203,0.017182333221744,0.006599669901031951,0.006599669901031951,0.011530804441878699,0.011665529721780003,0.5664344292277833,0.5375213036509744,0.01811471232866002,0.018115027729662222,0.004974216885657873,0.07196481828919779,0.06817525471433797,0.020452793250831686,0.020452793250831686,0.014170943228273301,0.01416456658374665,0.01500786135022572,0.01500786135022572,0.017983851794050907,0.01798034861523416,0.020452793250831686,0.020452793250831686,0.017659747207252708,0.015359519458946237,0.018115027729662222,0.018115027729662222,0.011530804441878699,0.011665529721780003,0.5664344292277833,0.5375213036509744,0.013981508637220271,0.013981508637220271,0.017181381457748203,0.017182333221744,0.012192745567463156,0.01214878779893157,0.5675245719659434,0.5410611280662389
EC000056,64.0,0.09484333895680458,0.007301931363494705,0.0629301282164121,0.061911857507020135,0.03615004902426104,0.03615004902426104,0.011776055978620624,0.02676436258547343,0.02676436258547343,0.011418276945303464,0.03417018418695542,0.03417430392463892,0.011776055978620624,0.011776055978620624,0.014607262917944345,0.01888874171957786,0.5613189972514147,0.532948515965866,0.0392549260820553,0.03912862406593311,0.007301931363494705,0.0629301282164121,0.061911857507020135,0.03689258235008545,0.03689258235008545,0.03177110247487968,0.03182817244001664,0.027325390075966967,0.027325390075966967,0.037644630637817755,0.03761771114843081,0.03689258235008545,0.03689258235008545,0.03554893240897503,0.026305866476893786,0.03912862406593311,0.03912862406593311,0.014607262917944345,0.01888874171957786,0.5613189972514147,0.532948515965866,0.02676436258547343,0.02676436258547343,0.03417018418695542,0.03417430392463892,0.014832060483106617,0.019363219064345606,0.5572271583044599,0.532367682295846
EC000063,64.0,0.20340637577972975,0.00851957681547438,0.0856680734618211,0.08259546452920191,0.022065243998326697,0.022065243998326697,0.014278975999644667,0.019714255888449942,0.019714255888449942,0.011891922180798991,0.02232276267759466,0.02232304370838712,0.014278975999644667,0.014278975999644667,0.01062132997474867,0.009320857520169147,0.5902444890290978,0.5643746379680171,0.023783005191107237,0.023777823799617938,0.00851957681547438,0.0856680734618211,0.08259546452920191,0.023547829195238092,0.023547829195238092,0.020275498264257487,0.020267506219806046,0.020059337194839315,0.020059337194839315,0.022876364415589618,0.02289734706292443,0.023547829195238092,0.023547829195238092,0.022796774751299237,0.01445949350757795,0.023777823799617938,0.023777823799617938,0.01062132997474867,0.009320857520169147,0.5902444890290978,0.5643746379680171,0.019714255888449942,0.019714255888449942,0.02232276267759466,0.02232304370838712,0.011691745855963099,0.010699902255677272,0.595407361119751,0.5674954518849528
EC000065,64.0,0.17384907964672483,0.007417865554822841,0.10178392678760766,0.08237953687775007,0.0173480941639026,0.0173480941639026,0.011654278450026869,0.019988943612142495,0.019988943612142495,0.011070340572672713,0.01935557087659917,0.019352561606296084,0.011654278450026869,0.011654278450026869,0.009268929765995007,0.010486662796172745,0.5519949821901757,0.5120131471524378,0.01795829847124851,0.01795686294545371,0.007417865554822841,0.10178392678760766,0.08237953687775007,0.021127703872284586,0.021127703872284586,0.01973103975511209,0.01973548493030881,0.0215897385846038,0.0215897385846038,0.017969284292910545,0.01796533593995565,0.021127703872284586,0.021127703872284586,0.0171459745614658,0.015413489484665676,0.01795686294545371,0.01795686294545371,0.009268929765995007,0.010486662796172745,0.5519949821901757,0.5120131471524378,0.019988943612142495,0.019988943612142495,0.01935557087659917,0.019352561606296084,0.009955607738102182,0.010811465907943595,0.5590332666169586,0.5266594745470777
EC000066,64.0,0.26845625596357625,0.00986483382051243,0.11653482540942309,0.09195462803283998,0.020264151038455237,0.020264151038455237,0.017685135829662815,0.018895976223890328,0.018895976223890328,0.016303702296725,0.022676487293372013,0.02269169067455706,0.017685135829662815,0.017685135829662815,0.01110405136425848,0.011404473413627979,0.5517051013854706,0.5191434251883696,0.020950685044801708,0.020979866298783706,0.00986483382051243,0.11653482540942309,0.09195462803283998,0.0240382339748488,0.0240382339748488,0.01753348814343575,0.017504763196223835,0.02038445478507626,0.02038445478507626,0.020981827509599378,0.020986981736336677,0.0240382339748488,0.0240382339748488,0.021789818255732073,0.0154790305325345,0.020979866298783706,0.020979866298783706,0.01110405136425848,0.011404473413627979,0.5517051013854706,0.5191434251883696,0.018895976223890328,0.018895976223890328,0.022676487293372013,0.02269169067455706,0.011116402657496695,0.011442935011131593,0.5443567961364607,0.514251534326636
EC000073,64.0,0.1264990357274905,0.0066517413322453025,0.09266833788043592,0.08516983004602227,0.012885521820467035,0.012885521820467035,0.0073810790342850345,0.011306743961742983,0.011306743961742983,0.006894304868137661,0.013324839472277627,0.01324325731952994,0.0073810790342850345,0.0073810790342850345,0.0071542467468118254,0.006419404784979675,0.7645200020542233,0.6982097050295052,0.012938282166506483,0.012933355796960507,0.0066517413322453025,0.09266833788043592,0.08516983004602227,0.013682086568272443,0.013682086568272443,0.011742614193044879,0.011741984890161376,0.012509713274510063,0.012509713274510063,0.012964362810903286,0.012965017105627133,0.013682086568272443,0.013682086568272443,0.012325968124499875,0.011769907806677955,0.012933355796960507,0.012933355796960507,0.0071542467468118254,0.006419404784979675,0.7645200020542233,0.6982097050295052,0.011306743961742983,0.011306743961742983,0.013324839472277627,0.01324325731952994,0.007595837993808003,0.007456080191578163,0.7701581977252605,0.7073194314637726
EC000077,64.0,0.13013488531972028,0.008384661390383014,0.16209254475807175,0.1353299339091841,0.009227912729426666,0.009227912729426666,0.009767113775507083,0.009562132723112727,0.009562132723112727,0.009434096815335214,0.010860617237980633,0.010855226460295882,0.009767113775507083,0.009767113775507083,0.00603539649975897,0.00669352881447714,0.7570239464313451,0.6491900782820766,0.009607416511617521,0.009607126832571387,0.008384661390383014,0.16209254475807175,0.1353299339091841,0.01112554421276561,0.01112554421276561,0.009469967110201507,0.00946390937294427,0.010042059044279546,0.010042059044279546,0.009622784965522978,0.00962436409150523,0.01112554421276561,0.01112554421276561,0.008922672836767911,0.009112025531873182,0.009607126832571387,0.009607126832571387,0.00603539649975897,0.00669352881447714,0.7570239464313451,0.6491900782820766,0.009562132723112727,0.009562132723112727,0.010860617237980633,0.010855226460295882,0.006391210013159188,0.006568650636952601,0.7603560908371653,0.6477577217991989
EC000084,63.0,0.14295489217095905,0.010159892830769839,0.13833476593520347,0.12435098047075059,0.014158561359175984,0.014158561359175984,0.010478980857287875,0.009465265206015806,0.009465265206015806,0.009506548039678151,0.014211806767662085,0.01420980084865408,0.010478980857287875,0.010478980857287875,0.00722627028661119,0.006788480501404429,0.6729349095496651,0.6219491247597344,0.015315762727547425,0.0153045860759318,0.010159892830769839,0.13833476593520347,0.12435098047075059,0.01647436712619531,0.01647436712619531,0.011833797395327899,0.011837208198553639,0.010272027077312349,0.010272027077312349,0.013757566647986014,0.013757152543063153,0.01647436712619531,0.01647436712619531,0.014990092554228267,0.0119898217410069,0.0153045860759318,0.0153045860759318,0.00722627028661119,0.006788480501404429,0.6729349095496651,0.6219491247597344,0.009465265206015806,0.009465265206015806,0.014211806767662085,0.01420980084865408,0.006632810771308435,0.005856057561758568,0.6643841676113289,0.6155681794675155
EC000090,64.0,0.1454223540766582,0.11883941753570555,0.31438663613791523,0.2728531611708317,0.014137577101092967,0.014137577101092967,0.21580991064614966,0.011907333970534426,0.011907333970534426,0.15277400490561063,0.016631258416275965,0.016583607802890622,0.21580991064614966,0.21580991064614966,0.00873793146760314,0.008707896968665512,0.6918318962776506,0.6050157857405949,0.014678689091704764,0.014671153315007148,0.11883941753570555,0.31438663613791523,0.2728531611708317,0.020518274874596294,0.020518274874596294,0.012843088490347019,0.012823920503288379,0.013505687039887923,0.013505687039887923,0.014462315019902049,0.014447017547746913,0.020518274874596294,0.020518274874596294,0.013928952792647721,0.013073094999186992,0.014671153315007148,0.014671153315007148,0.00873793146760314,0.008707896968665512,0.6918318962776506,0.6050157857405949,0.011907333970534426,0.011907333970534426,0.016631258416275965,0.016583607802890622,0.010509004308844211,0.009866338474545898,0.7093799616813562,0.611736522939852
EC000091,64.0,0.10192086493997858,0.00569309175670572,0.29948921771574816,0.27144218743695275,0.01644418124795823,0.01644418124795823,0.007846133037854088,0.016971381069564525,0.016971381069564525,0.007719648635734844,0.018484528719642873,0.018464539651406178,0.007846133037854088,0.007846133037854088,0.008342067158980442,0.008325230719195728,0.8032068562187485,0.7800116997705805,0.017215101856678305,0.01721897839357374,0.00569309175670572,0.29948921771574816,0.27144218743695275,0.020543814931614154,0.020543814931614154,0.017326461719903975,0.017323913440822385,0.017982957636563025,0.017982957636563025,0.017005290581111734,0.01700101866242793,0.020543814931614154,0.020543814931614154,0.016711390294958304,0.014264435529753143,0.01721897839357374,0.01721897839357374,0.008342067158980442,0.008325230719195728,0.8032068562187485,0.7800116997705805,0.016971381069564525,0.016971381069564525,0.018484528719642873,0.018464539651406178,0.009273116788160498,0.008824769050230835,0.8064835599135409,0.7784526803055903
EC000092,64.0,0.07248496409102632,0.00719690642832976,0.047907609337002756,0.03946759880844168,0.01698830178983866,0.01698830178983866,0.007616581778945493,0.014304323346471037,0.014304323346471037,0.007093748609950975,0.01745666054563339,0.017461580935597246,0.007616581778945493,0.007616581778945493,0.009031956046658038,0.00856511240984605,0.5238156877535775,0.5154157933251013,0.01865899256000204,0.018658848369188165,0.00719690642832976,0.047907609337002756,0.03946759880844168,0.01935963778840404,0.01935963778840404,0.014857980001011717,0.014856910525633328,0.0157214065623536,0.0157214065623536,0.0169521188619148,0.016949039230297232,0.01935963778840404,0.01935963778840404,0.018642237303314046,0.013128873412743458,0.018658848369188165,0.018658848369188165,0.009031956046658038,0.00856511240984605,0.5238156877535775,0.5154157933251013,0.014304323346471037,0.014304323346471037,0.01745666054563339,0.017461580935597246,0.009484824652726456,0.008286307808693764,0.5047745251907175,0.5032498289724782
EC000098,63.0,0.13718569039364914,0.004983094104507,0.12261913717264859,0.09712514107889814,0.018341634790690786,0.018341634790690786,0.005128500642083172,0.012796047389786347,0.012796047389786347,0.00484950766450152,0.018289614671023094,0.018289364185121046,0.005128500642083172,0.005128500642083172,0.008953337273178453,0.008718648005014455,0.7076533731884777,0.6624295971443775,0.018359667102325894,0.018350132772922717,0.004983094104507,0.12261913717264859,0.09712514107889814,0.019591770356967218,0.019591770356967218,0.011876506983471544,0.011898492826313398,0.012860365603376736,0.012860365603376736,0.017474925907211024,0.01746937549587958,0.019591770356967218,0.019591770356967218,0.01703002263504866,0.013812008167966553,0.018350132772922717,0.018350132772922717,0.008953337273178453,0.008718648005014455,0.7076533731884777,0.6624295971443775,0.012796047389786347,0.012796047389786347,0.018289614671023094,0.018289364185121046,0.008448843736936502,0.007149036346532688,0.7178661494316251,0.6702833862148267
EC000100,64.0,0.1111410235644166,0.006499742980783736,0.04795150482234067,0.04299265347960752,0.01223453580338104,0.01223453580338104,0.006644001378092117,0.010474274539142138,0.010474274539142138,0.00591012387144128,0.012131582675929153,0.012133502055853137,0.006644001378092117,0.006644001378092117,0.0073871635732700065,0.00798056423959545,0.6651539996035841,0.5723544220602441,0.012566746501302208,0.012569649863970632,0.006499742980783736,0.04795150482234067,0.04299265347960752,0.01449440003766582,0.01449440003766582,0.009621663982256523,0.009647694153865967,0.011879494377689611,0.011879494377689611,0.011476766429960266,0.011458631900171361,0.01449440003766582,0.01449440003766582,0.012818405102056094,0.011505420056752582,0.012569649863970632,0.012569649863970632,0.0073871635732700065,0.00798056423959545,0.6651539996035841,0.5723544220602441,0.010474274539142138,0.010474274539142138,0.012131582675929153,0.012133502055853137,0.007337844467281403,0.007423953732930243,0.6619129224078062,0.5807153535054069
EC000102,64.0,0.1861067356846073,0.008808983940617611,0.10823593751590277,0.08818329522454615,0.026678654000316642,0.026678654000316642,0.016951976454006628,0.02441507032684157,0.02441507032684157,0.015363263600926578,0.02784219915643391,0.027767103608721207,0.016951976454006628,0.016951976454006628,0.009487009326337144,0.011368969337094024,0.7068126460595131,0.6509935534753122,0.030088071695223102,0.03009407446688291,0.008808983940617611,0.10823593751590277,0.08818329522454615,0.034792917532376205,0.034792917532376205,0.02343299123689221,0.02344806908042563,0.02702946680156808,0.02702946680156808,0.02611789031975054,0.026132139733304784,0.034792917532376205,0.034792917532376205,0.025842364921439095,0.020156279313949546,0.03009407446688291,0.03009407446688291,0.009487009326337144,0.011368969337094024,0.7068126460595131,0.6509935534753122,0.02441507032684157,0.02441507032684157,0.02784219915643391,0.027767103608721207,0.009939520379579746,0.011080644005179845,0.7127461401089592,0.6560481862321578
EC000104,64.0,0.07439888805472238,0.0056100920733674845,0.06699434641668511,0.055336308446835056,0.017404611837529987,0.017404611837529987,0.008150155516022488,0.014628974287712803,0.014628974287712803,0.007235074107239379,0.017117369239613253,0.01711914310552142,0.008150155516022488,0.008150155516022488,0.010190243760537671,0.010698840745684054,0.5865373043825339,0.5854993310325483,0.017910053078630854,0.01791172226882662,0.0056100920733674845,0.06699434641668511,0.055336308446835056,0.019619866423620656,0.019619866423620656,0.014501188493891032,0.014497143546668563,0.015700864733147506,0.015700864733147506,0.01716444562498675,0.017164095370815795,0.019619866423620656,0.019619866423620656,0.01689104742209817,0.015869493184853974,0.01791172226882662,0.01791172226882662,0.010190243760537671,0.010698840745684054,0.5865373043825339,0.5854993310325483,0.014628974287712803,0.014628974287712803,0.017117369239613253,0.01711914310552142,0.01064961530251878,0.010939745274922688,0.5825540063370369,0.5831813055800811
EC000112,64.0,0.12421785053522606,0.007060036294077253,0.0906860937691857,0.07937745140687037,0.01389052553286153,0.01389052553286153,0.010716939345700597,0.012335919935365473,0.012335919935365473,0.008998862612968152,0.014343956371584006,0.014344585217983591,0.010716939345700597,0.010716939345700597,0.010201044123492539,0.010723281883893005,0.6012267559477994,0.5795838815167166,0.013882898144883924,0.013881998016064948,0.007060036294077253,0.0906860937691857,0.07937745140687037,0.015626034985472173,0.015626034985472173,0.011683495178162943,0.011681625061040436,0.012523298366051271,0.012523298366051271,0.01382534792369215,0.013825877537965372,0.015626034985472173,0.015626034985472173,0.013758655121982438,0.012896458451505256,0.013881998016064948,0.013881998016064948,0.010201044123492539,0.010723281883893005,0.6012267559477994,0.5795838815167166,0.012335919935365473,0.012335919935365473,0.014343956371584006,0.014344585217983591,0.010206235993854515,0.011276236857285302,0.607734448838297,0.5862166044544272
EC000114,64.0,0.06345040528286516,0.003726400915519604,0.054973632647382746,0.052062173281966065,0.022607279522419407,0.022607279522419407,0.004490505540362145,0.018584718586629093,0.018584718586629093,0.004231565542970161,0.022884469774199185,0.022851913709399593,0.004490505540362145,0.004490505540362145,0.01142192529098567,0.011975652783256413,0.5562069759808215,0.5278665129245753,0.023961547646222513,0.023975303329321962,0.003726400915519604,0.054973632647382746,0.052062173281966065,0.02496545244159438,0.02496545244159438,0.020304988584753204,0.020288337515958245,0.020322373515233548,0.020322373515233548,0.02435725952296553,0.024349372956465467,0.02496545244159438,0.02496545244159438,0.0232134864488873,0.019229833954251777,0.023975303329321962,0.023975303329321962,0.01142192529098567,0.011975652783256413,0.5562069759808215,0.5278665129245753,0.018584718586629093,0.018584718586629093,0.022884469774199185,0.022851913709399593,0.01271601973366019,0.013745345761086117,0.5625054466683044,0.5347318800186858
EC000115,58.0,0.052402403944789525,0.0037972025161606138,0.27827596552476186,0.23483596181280483,0.017435395547278715,0.017435395547278715,0.004213841266305152,0.013509686364217755,0.013509686364217755,0.0038733975946618165,0.020992475262442755,0.02099341175024869,0.004213841266305152,0.004213841266305152,0.009375760964211707,0.009525415670353417,0.8201570655806706,0.7943784548900145,0.017677543492583055,0.01757518031648521,0.0037972025161606138,0.27827596552476186,0.23483596181280483,0.0201237753891416,0.0201237753891416,0.014412480257636317,0.014416991901842436,0.01501421163041444,0.01501421163041444,0.017805899016271547,0.017805849537882938,0.0201237753891416,0.0201237753891416,0.016084030180749657,0.014030527058836033,0.01757518031648521,0.01757518031648521,0.009375760964211707,0.009525415670353417,0.8201570655806706,0.7943784548900145,0.013509686364217755,0.013509686364217755,0.020992475262442755,0.02099341175024869,0.009701375840830098,0.009759780321788753,0.8317186419620707,0.8013408276773096
EC000117,64.0,0.10982197375824615,0.011133718736104805,0.07540866907797371,0.06978976403872597,0.0171399037155176,0.0171399037155176,0.015247964774331196,0.019830454419262494,0.019830454419262494,0.011706525076827439,0.02063275722843961,0.020635887267458304,0.015247964774331196,0.015247964774331196,0.01176851527906257,0.012191849573698605,0.5599941953312328,0.5356172899519096,0.018530711865616396,0.018525277999050852,0.011133718736104805,0.07540866907797371,0.06978976403872597,0.02261537448229179,0.02261537448229179,0.01968001971912692,0.019680565804248856,0.020986914683843734,0.020986914683843734,0.018616343144973665,0.018611711010032252,0.02261537448229179,0.02261537448229179,0.01820857348896364,0.015372830751924065,0.018525277999050852,0.018525277999050852,0.01176851527906257,0.012191849573698605,0.5599941953312328,0.5356172899519096,0.019830454419262494,0.019830454419262494,0.02063275722843961,0.020635887267458304,0.012303357653032341,0.012663389352127267,0.5594723632499322,0.5342608383839285
EC000121,61.0,0.0584332206589706,0.004209794879189925,0.31144595792673063,0.2696173197423015,0.01388045453290448,0.01388045453290448,0.006427248697846829,0.016026517869466163,0.016026517869466163,0.005827403962740212,0.014654905336392842,0.01464834596933455,0.006427248697846829,0.006427248697846829,0.009257987182466383,0.009788630332712846,0.8656372684498989,0.8445846387436909,0.014369309155957622,0.014370919525967158,0.004209794879189925,0.31144595792673063,0.2696173197423015,0.015160779562669431,0.015160779562669431,0.016838442177253932,0.016864100998070383,0.016834928194816332,0.016834928194816332,0.014482171385188826,0.01448737509089779,0.015160779562669431,0.015160779562669431,0.013848217526459894,0.012326201525188398,0.014370919525967158,0.014370919525967158,0.009257987182466383,0.009788630332712846,0.8656372684498989,0.8445846387436909,0.016026517869466163,0.016026517869466163,0.014654905336392842,0.01464834596933455,0.009714910978158789,0.010158737033974222,0.8577544295699412,0.8405191465257696
EC000125,64.0,0.09322697439205453,0.0057415519528454945,0.05726876577177745,0.05052254524622856,0.019323741749549126,0.019323741749549126,0.009349464744729473,0.015931635473931897,0.015931635473931897,0.007634837577054125,0.01962490763978176,0.019624892555672627,0.009349464744729473,0.009349464744729473,0.012366719883356934,0.011946495909727054,0.5793988527401116,0.5530781578419164,0.019790123407561082,0.019802635423370074,0.0057415519528454945,0.05726876577177745,0.05052254524622856,0.019035753574962577,0.019035753574962577,0.016655590544546805,0.016649356334919346,0.01616621511967393,0.01616621511967393,0.019452032162804278,0.01946645654992782,0.019035753574962577,0.019035753574962577,0.018558621264106304,0.014643428564229354,0.019802635423370074,0.019802635423370074,0.012366719883356934,0.011946495909727054,0.5793988527401116,0.5530781578419164,0.015931635473931897,0.015931635473931897,0.01962490763978176,0.019624892555672627,0.012395763426019222,0.01145364821463595,0.5804379006899226,0.5569764169368062
EC000128,64.0,0.0402474012853769,0.004653914813254653,0.06992488365354702,0.0572141962803219,0.015850193927590555,0.015850193927590555,0.007632725806563893,0.012486329393945181,0.012486329393945181,0.006864894864077019,0.015834648090963136,0.015854324492934474,0.007632725806563893,0.007632725806563893,0.008906792216662917,0.008834381841623003,0.618897648301677,0.6217971259313544,0.016419422487750183,0.0164284713432971,0.004653914813254653,0.06992488365354702,0.0572141962803219,0.016837830767812662,0.016837830767812662,0.014166263113710168,0.01417576174096989,0.013403678022465256,0.013403678022465256,0.015252280462375844,0.015251580813723617,0.016837830767812662,0.016837830767812662,0.01613657269434965,0.013564668466856656,0.0164284713432971,0.0164284713432971,0.008906792216662917,0.008834381841623003,0.618897648301677,0.6217971259313544,0.012486329393945181,0.012486329393945181,0.015834648090963136,0.015854324492934474,0.009054064198396437,0.00968017078448155,0.6275976699227862,0.627245422098482
EC000132,64.0,0.06281145144735666,0.004660862247966518,0.1544288442205558,0.1264518542620503,0.015808576282203276,0.015808576282203276,0.007782725661909757,0.014861997020158802,0.014861997020158802,0.006946038794484909,0.016763994146295324,0.016746342883653793,0.007782725661909757,0.007782725661909757,0.010142082499689354,0.010426415599496704,0.7215457145161163,0.6783568269106598,0.016096587132166933,0.01610184603096178,0.004660862247966518,0.1544288442205558,0.1264518542620503,0.017794065108407336,0.017794065108407336,0.013715273864241867,0.01371410044461848,0.015177164333009403,0.015177164333009403,0.015647241928968634,0.015649080360119662,0.017794065108407336,0.017794065108407336,0.016010306582125437,0.012902717163847279,0.01610184603096178,0.01610184603096178,0.010142082499689354,0.010426415599496704,0.7215457145161163,0.6783568269106598,0.014861997020158802,0.014861997020158802,0.016763994146295324,0.016746342883653793,0.0104440338703228,0.01111808469448471,0.7277454857030516,0.6851414660116688
EC000138,64.0,0.06499875130275529,0.005620899480207551,0.05647954774550482,0.054827359014889304,0.013228860515549518,0.013228860515549518,0.008008953131333188,0.012353539292067835,0.012353539292067835,0.006989760968261345,0.014710449088327991,0.0147093946785824,0.008008953131333188,0.008008953131333188,0.01046983069803757,0.009868854640730857,0.5632667905278368,0.5411018341952231,0.013429127512888833,0.013431222333979378,0.005620899480207551,0.05647954774550482,0.054827359014889304,0.013989458452310005,0.013989458452310005,0.012806403645058194,0.012820826861618806,0.012746220174839718,0.012746220174839718,0.013327822224436455,0.013350894077119285,0.013989458452310005,0.013989458452310005,0.013459222632809575,0.012215379926723552,0.013431222333979378,0.013431222333979378,0.01046983069803757,0.009868854640730857,0.5632667905278368,0.5411018341952231,0.012353539292067835,0.012353539292067835,0.014710449088327991,0.0147093946785824,0.01065455499807432,0.009796360999892196,0.5617764137099113,0.5456282839603195
EC000143,64.0,0.07621595523330424,0.007061570786063387,0.08696489066925615,0.08034641740928261,0.020609319464054882,0.020609319464054882,0.009628843809780767,0.01923926351731243,0.01923926351731243,0.00786063342476626,0.02244429272970895,0.02241450140446646,0.009628843809780767,0.009628843809780767,0.014319272729343701,0.015865191069597957,0.5920852372001517,0.5853055005064436,0.021064866170975784,0.021063538644566712,0.007061570786063387,0.08696489066925615,0.08034641740928261,0.02322721920483005,0.02322721920483005,0.0179262914872999,0.017934109095230875,0.020500491243193232,0.020500491243193232,0.020792386708875055,0.02079345680878175,0.02322721920483005,0.02322721920483005,0.02035350039100248,0.02012634045136502,0.021063538644566712,0.021063538644566712,0.014319272729343701,0.015865191069597957,0.5920852372001517,0.5853055005064436,0.01923926351731243,0.01923926351731243,0.02244429272970895,0.02241450140446646,0.014216341135307497,0.015323696042728943,0.5921436944352775,0.5839446113780288
EC000144,64.0,0.06865619666456155,0.004752501521240942,0.05412378202097344,0.04954013061531331,0.020126454715100096,0.020126454715100096,0.0062277018257423985,0.01690043804593222,0.01690043804593222,0.005308056217368542,0.020997635382093052,0.020965331343361048,0.0062277018257423985,0.0062277018257423985,0.011610232836771128,0.01166850424063869,0.5412768083714268,0.5232495664859947,0.021282906835204427,0.02127417439052162,0.004752501521240942,0.05412378202097344,0.04954013061531331,0.02160142199140946,0.02160142199140946,0.016927066760022508,0.01689347345914749,0.016953507497309728,0.016953507497309728,0.020862877799009204,0.020860335540093148,0.02160142199140946,0.02160142199140946,0.02080689965310454,0.017962325705207557,0.02127417439052162,0.02127417439052162,0.011610232836771128,0.01166850424063869,0.5412768083714268,0.5232495664859947,0.01690043804593222,0.01690043804593222,0.020997635382093052,0.020965331343361048,0.011487043574940974,0.011530156657238855,0.553752787682853,0.5370373725591169
EC000146,64.0,0.08983406461176134,0.005961204133619887,0.056967966262563306,0.04762093651274039,0.015552421454747965,0.015552421454747965,0.008426846091847857,0.011937717700023482,0.011937717700023482,0.007851159613767693,0.015020378849200664,0.0150237196401678,0.008426846091847857,0.008426846091847857,0.009869807998554388,0.0109476709515747,0.5209528365247822,0.5108476875699066,0.015514394450932565,0.01552331235613088,0.005961204133619887,0.056967966262563306,0.04762093651274039,0.015908213608392924,0.015908213608392924,0.012588241160782252,0.012592532618221474,0.012639008315989016,0.012639008315989016,0.014987569778360934,0.014999682119496663,0.015908213608392924,0.015908213608392924,0.014700540245077236,0.013741156062439752,0.01552331235613088,0.01552331235613088,0.009869807998554388,0.0109476709515747,0.5209528365247822,0.5108476875699066,0.011937717700023482,0.011937717700023482,0.015020378849200664,0.0150237196401678,0.010834945230986534,0.011542559133378929,0.5307728920407158,0.5191506779989973
EC000147,64.0,0.08602052626267828,0.0063951038299668314,0.05376766290744689,0.050643210532411526,0.017845991597463685,0.017845991597463685,0.008680465327513093,0.01699205342778605,0.01699205342778605,0.007468894481215245,0.018227127248821532,0.018212322229479418,0.008680465327513093,0.008680465327513093,0.0120098345890826,0.01176067773995362,0.5803217540288813,0.5484151426694827,0.019683083092637468,0.0196843275245831,0.0063951038299668314,0.05376766290744689,0.050643210532411526,0.019455738288383664,0.019455738288383664,0.01806176831900833,0.01812425778579238,0.018005300149188302,0.018005300149188302,0.017947789100116286,0.017942582267757044,0.019455738288383664,0.019455738288383664,0.018781563207794214,0.016032585795846016,0.0196843275245831,0.0196843275245831,0.0120098345890826,0.01176067773995362,0.5803217540288813,0.5484151426694827,0.01699205342778605,0.01699205342778605,0.018227127248821532,0.018212322229479418,0.011593091774373628,0.012313292274349416,0.5889537595320432,0.5639140855716613
EC000150,64.0,0.08534676443827713,0.005383947029561213,0.0728015640727351,0.05245910508453083,0.022617548924870886,0.022617548924870886,0.007933119195030376,0.01663128417943026,0.01663128417943026,0.007186631506122128,0.022458478786536295,0.022457382161614928,0.007933119195030376,0.007933119195030376,0.009684892690115946,0.010387530314019029,0.6040063283458789,0.5882260319864903,0.0222396594849726,0.022191341284793605,0.005383947029561213,0.0728015640727351,0.05245910508453083,0.024921669560098884,0.024921669560098884,0.017873179992099687,0.017871371784362333,0.01724171201537909,0.01724171201537909,0.02127536173339636,0.021284847255528053,0.024921669560098884,0.024921669560098884,0.021459997064471614,0.01668407446500033,0.022191341284793605,0.022191341284793605,0.009684892690115946,0.010387530314019029,0.6040063283458789,0.5882260319864903,0.01663128417943026,0.01663128417943026,0.022458478786536295,0.022457382161614928,0.010004714521630305,0.01079141889378939,0.6100511738789367,0.588232510751114
EC000156,64.0,0.16305477108126223,0.005039142382289138,0.06896042954824373,0.05170691533445796,0.015979663117079053,0.015979663117079053,0.00734805151403231,0.016118440260640857,0.016118440260640857,0.006520842157691808,0.01844375345503427,0.018447302244035315,0.00734805151403231,0.00734805151403231,0.009944696950002297,0.01071636325892418,0.5424223822675976,0.504365498414024,0.017296702690133177,0.017220827310531282,0.005039142382289138,0.06896042954824373,0.05170691533445796,0.018344811304812483,0.018344811304812483,0.01678429789813473,0.016757582928278975,0.01687877061172913,0.01687877061172913,0.016906871379260637,0.016905252306815513,0.018344811304812483,0.018344811304812483,0.01641316050107919,0.014264303771495197,0.017220827310531282,0.017220827310531282,0.009944696950002297,0.01071636325892418,0.5424223822675976,0.504365498414024,0.016118440260640857,0.016118440260640857,0.01844375345503427,0.018447302244035315,0.010389410498547793,0.011114600173454038,0.5438737882509221,0.504604801591687
EC000167,64.0,0.09205536153705494,0.004402022547906181,0.09268648059282059,0.08625579579209798,0.02137776537990806,0.02137776537990806,0.007086582020474098,0.019089212645956026,0.019089212645956026,0.005840873249088572,0.023844719880575203,0.023854027815990532,0.007086582020474098,0.007086582020474098,0.013990084293186517,0.014160898108921264,0.6275949661665713,0.5959717843692618,0.02201361409731737,0.022010294961674906,0.004402022547906181,0.09268648059282059,0.08625579579209798,0.023815175362667917,0.023815175362667917,0.018771701337960352,0.018824737551954573,0.01903930096670233,0.01903930096670233,0.022355929368609573,0.022363028421272448,0.023815175362667917,0.023815175362667917,0.021274336185258803,0.01999924830392995,0.022010294961674906,0.022010294961674906,0.013990084293186517,0.014160898108921264,0.6275949661665713,0.5959717843692618,0.019089212645956026,0.019089212645956026,0.023844719880575203,0.023854027815990532,0.013978676992573135,0.014485668145087763,0.6057443839502701,0.5712656524478609
EC000170,64.0,0.16864800049362227,0.0060445418293033825,0.07151984670288343,0.0630438944645038,0.020147976494257685,0.020147976494257685,0.009660797651337908,0.017671341535292175,0.017671341535292175,0.007552294070496528,0.021095310954208035,0.02110800600655307,0.009660797651337908,0.009660797651337908,0.013106053360459547,0.013144063647495706,0.5519076255957809,0.5299176959761955,0.020617835266842903,0.020765967389762285,0.0060445418293033825,0.07151984670288343,0.0630438944645038,0.022555770647095203,0.022555770647095203,0.017736443567232522,0.017705745741513356,0.017593281334595708,0.017593281334595708,0.019865364244418607,0.019848634727349577,0.022555770647095203,0.022555770647095203,0.019845071409597872,0.017043928499563793,0.020765967389762285,0.020765967389762285,0.013106053360459547,0.013144063647495706,0.5519076255957809,0.5299176959761955,0.017671341535292175,0.017671341535292175,0.021095310954208035,0.02110800600655307,0.013056129559323539,0.013109745489139898,0.5556429312464397,0.5366757226389064
EC103-132DMSO2,384.0,0.4787301372767607,0.024070157570499632,0.1481521545506647,0.19234444945651683,0.007810882630545957,0.007810882630545957,0.023242586812229796,0.007794901037720163,0.007794901037720163,0.023418575813200764,0.007807682509032768,0.007807639757084533,0.023242586812229796,0.023242586812229796,0.007780708263927835,0.007775714095065837,0.03140485669542293,0.03186956923669527,0.007797721304864413,0.007809044625493517,0.024070157570499632,0.1481521545506647,0.19234444945651683,0.007804863640393816,0.007804863640393816,0.007790140446151264,0.0077997850039591456,0.0077951611051547505,0.0077951611051547505,0.007816767469361224,0.0078169552768228,0.007804863640393816,0.007804863640393816,0.007798122867544287,0.007795993522474491,0.007809044625493517,0.007809044625493517,0.007780708263927835,0.007775714095065837,0.03140485669542293,0.03186956923669527,0.007794901037720163,0.007794901037720163,0.007807682509032768,0.007807639757084533,0.007780770023439594,0.0077764938992515055,0.031484870038835024,0.03353775311545623
EC133-171DMSO1,384.0,0.7044296410493246,0.028393983717194343,0.09282014223460566,0.13882931779692265,0.007794561414720923,0.007794561414720923,0.02844081103164277,0.0077950728981625245,0.0077950728981625245,0.028471105190378262,0.007793054395766143,0.007793211377459218,0.02844081103164277,0.02844081103164277,0.007771850080234011,0.007772469789982181,0.031732534434026016,0.031410899046068114,0.007786840421645176,0.00779337567885748,0.028393983717194343,0.09282014223460566,0.13882931779692265,0.007787722591603431,0.007787722591603431,0.0077935855217941856,0.007800325410956078,0.007794318966478741,0.007794318966478741,0.007800003407666736,0.007800250472899016,0.007787722591603431,0.007787722591603431,0.007789052469460121,0.0077835302393374954,0.00779337567885748,0.00779337567885748,0.007771850080234011,0.007772469789982181,0.031732534434026016,0.031410899046068114,0.0077950728981625245,0.0077950728981625245,0.007793054395766143,0.007793211377459218,0.007769887276142644,0.007771042903371079,0.03422196013788375,0.033820194438209
GR00003279,240.0,0.11778010871777309,0.016621326127896973,0.25281677211258324,0.3060739866679778,0.031089667788861755,0.031089667788861755,0.01904531126561903,0.024634136038497508,0.024634136038497508,0.017603005820638427,0.03356064752625387,0.033557726660229895,0.01904531126561903,0.01904531126561903,0.021100569915385278,0.021509784948929966,0.8683076177762081,0.8635208227054622,0.031088337290772337,0.031091218291901243,0.016621326127896973,0.25281677211258324,0.3060739866679778,0.033152034965268265,0.033152034965268265,0.024654291513815763,0.024649057547249973,0.025241385744090492,0.025241385744090492,0.03232779861530063,0.03233278680710777,0.033152034965268265,0.033152034965268265,0.030431530570604975,0.02388357783425368,0.031091218291901243,0.031091218291901243,0.021100569915385278,0.021509784948929966,0.8683076177762081,0.8635208227054622,0.024634136038497508,0.024634136038497508,0.03356064752625387,0.033557726660229895,0.022478683695765136,0.022273914825334935,0.8666020152919244,0.8633621758330284
GR00003285,240.0,0.059371547251549826,0.012512145976373056,0.1901875853944748,0.20329198013503333,0.02935002416831005,0.02935002416831005,0.014100311599184947,0.023002188111314395,0.023002188111314395,0.01343437393634751,0.030182419071051216,0.030185975884992958,0.014100311599184947,0.014100311599184947,0.02051331419310337,0.020409029258760435,0.8437570884149672,0.8209595948156334,0.02932364105526801,0.0293251144990181,0.012512145976373056,0.1901875853944748,0.20329198013503333,0.030427348605473484,0.030427348605473484,0.02294076467058117,0.022939638296141245,0.023183071716539758,0.023183071716539758,0.02965380144978697,0.02964956803376367,0.030427348605473484,0.030427348605473484,0.02876306737933122,0.023249923118240104,0.0293251144990181,0.0293251144990181,0.02051331419310337,0.020409029258760435,0.8437570884149672,0.8209595948156334,0.023002188111314395,0.023002188111314395,0.030182419071051216,0.030185975884992958,0.02182544142841244,0.02126412172205361,0.8484145548585171,0.8218886801060704
GR00003289,240.0,0.03909461311921523,0.015064846287278128,0.16599901483116106,0.17583549861483352,0.028751691516401553,0.028751691516401553,0.016520528114419196,0.022437726190553498,0.022437726190553498,0.015460567160171178,0.029002828996883136,0.02900019429602363,0.016520528114419196,0.016520528114419196,0.02118121179597044,0.020938100207219198,0.8459063935729281,0.8046111057569922,0.02874256948023066,0.02874861975506198,0.015064846287278128,0.16599901483116106,0.17583549861483352,0.029258598246887993,0.029258598246887993,0.02202918355497743,0.022031199766221896,0.022976013593793178,0.022976013593793178,0.0282196778989252,0.028211412491471806,0.029258598246887993,0.029258598246887993,0.028236140083260093,0.022470210856938996,0.02874861975506198,0.02874861975506198,0.02118121179597044,0.020938100207219198,0.8459063935729281,0.8046111057569922,0.022437726190553498,0.022437726190553498,0.029002828996883136,0.02900019429602363,0.022126473780312333,0.022041204863722078,0.8368056931661756,0.8008056185160769
GR00003290,240.0,0.068893713390512,0.012660735237366362,0.1944092720359092,0.19188455284814304,0.031359327860864115,0.031359327860864115,0.01463685356249244,0.027797913044762305,0.027797913044762305,0.013483842692306002,0.03285161345203327,0.03284693521410547,0.01463685356249244,0.01463685356249244,0.023434096111860966,0.02274840359585885,0.8540747744205153,0.8191344423437354,0.031377131851205144,0.03138391037644081,0.012660735237366362,0.1944092720359092,0.19188455284814304,0.03337779171080773,0.03337779171080773,0.028091982042404838,0.028093447982111032,0.027931452198738754,0.027931452198738754,0.031879531309426175,0.0318747098524895,0.03337779171080773,0.03337779171080773,0.030827907910501336,0.024166206114208874,0.03138391037644081,0.03138391037644081,0.023434096111860966,0.02274840359585885,0.8540747744205153,0.8191344423437354,0.027797913044762305,0.027797913044762305,0.03285161345203327,0.03284693521410547,0.024561973484366246,0.024363501129933563,0.8493104012741618,0.8101702285260205
GR00003296,240.0,0.07188378053439769,0.012830989342659884,0.19012494605488348,0.18303035282899305,0.04486186340512852,0.04486186340512852,0.016620362124745058,0.028534536431996136,0.028534536431996136,0.014197097186811756,0.04464931197775619,0.04464592927084685,0.016620362124745058,0.016620362124745058,0.02919433483078939,0.04562880872228341,0.7996183707120916,0.7808777590746706,0.04448012844846476,0.04448202578037159,0.012830989342659884,0.19012494605488348,0.18303035282899305,0.0472655578033364,0.0472655578033364,0.02855669578667782,0.028557473988356084,0.028721279371756826,0.028721279371756826,0.044123861942012246,0.044115542662366905,0.0472655578033364,0.0472655578033364,0.04285747323428554,0.03204946935308988,0.04448202578037159,0.04448202578037159,0.02919433483078939,0.04562880872228341,0.7996183707120916,0.7808777590746706,0.028534536431996136,0.028534536431996136,0.04464931197775619,0.04464592927084685,0.030622721299197814,0.04613015854569188,0.8025911102643394,0.7824664864640826
GR00003297,240.0,0.06088414784562979,0.011991279453909732,0.17871740680453727,0.1594169318427402,0.04871098367161815,0.04871098367161815,0.015072610873929616,0.033224158142437156,0.033224158142437156,0.012708161669861186,0.05065598735251488,0.050648164353693396,0.015072610873929616,0.015072610873929616,0.03127643814283921,0.058441490501747524,0.7902134147306901,0.775985624165591,0.04874680224957963,0.048755218861113954,0.011991279453909732,0.17871740680453727,0.1594169318427402,0.05182649017763253,0.05182649017763253,0.03301802366235914,0.033019726092610245,0.033642094174235346,0.033642094174235346,0.04907373363387092,0.04907192354084677,0.05182649017763253,0.05182649017763253,0.04734633293435779,0.0333538566269131,0.048755218861113954,0.048755218861113954,0.03127643814283921,0.058441490501747524,0.7902134147306901,0.775985624165591,0.033224158142437156,0.033224158142437156,0.05065598735251488,0.050648164353693396,0.03311317830339296,0.06714610155332727,0.7864272331032741,0.7696943504883825
GR00003298,240.0,0.06801015340374711,0.012911326876952484,0.16981100171502858,0.1469067841057345,0.044764260138770065,0.044764260138770065,0.016649277050999254,0.029951819722697545,0.029951819722697545,0.013627402050033625,0.045448535543561916,0.04544171090331871,0.016649277050999254,0.016649277050999254,0.02785166955574047,0.03892988787849402,0.8364422050434175,0.8166876983675203,0.04509333292947074,0.04509218721455088,0.012911326876952484,0.16981100171502858,0.1469067841057345,0.044802597743241974,0.044802597743241974,0.030479228355056887,0.030483148492352913,0.030382728445884407,0.030382728445884407,0.045346608625074246,0.0453463793746915,0.044802597743241974,0.044802597743241974,0.0436134431143137,0.02954303870737578,0.04509218721455088,0.04509218721455088,0.02785166955574047,0.03892988787849402,0.8364422050434175,0.8166876983675203,0.029951819722697545,0.029951819722697545,0.045448535543561916,0.04544171090331871,0.028138729404977556,0.03832215972360143,0.8333082460810558,0.815587071200497
GR00003299,240.0,0.051906536276731245,0.01468094375800144,0.1185443734068444,0.10835199154335506,0.0459388074601071,0.0459388074601071,0.017447602702529465,0.030851787867112887,0.030851787867112887,0.01461647102080097,0.04679322450783297,0.046785426937083825,0.017447602702529465,0.017447602702529465,0.03210604112723942,0.06435339978581417,0.7765734961615094,0.7510249513307895,0.0457282274748191,0.04572090640027544,0.01468094375800144,0.1185443734068444,0.10835199154335506,0.04874112341638,0.04874112341638,0.030569262886146985,0.030560389054048415,0.031466338626614104,0.031466338626614104,0.046125356799479225,0.04612190495139522,0.04874112341638,0.04874112341638,0.04444154330330115,0.03551254359258759,0.04572090640027544,0.04572090640027544,0.03210604112723942,0.06435339978581417,0.7765734961615094,0.7510249513307895,0.030851787867112887,0.030851787867112887,0.04679322450783297,0.046785426937083825,0.03325534539249752,0.05969018332846525,0.7702272969728378,0.7517361223725554
GR00003306,240.0,0.07282964763153131,0.012303635707844086,0.1837505764703475,0.2023950095584323,0.04151037999084648,0.04151037999084648,0.01776883211559129,0.029330858041321902,0.029330858041321902,0.015142834908159765,0.04510460914021454,0.04510560419764458,0.01776883211559129,0.01776883211559129,0.02840022599768943,0.03521620084519375,0.8422771334560815,0.8339717413689862,0.04144280997970077,0.04145557221576054,0.012303635707844086,0.1837505764703475,0.2023950095584323,0.045643460933356514,0.045643460933356514,0.029335336278786987,0.029337422797444553,0.028842057425382015,0.028842057425382015,0.043556728997552294,0.043554059229957656,0.045643460933356514,0.045643460933356514,0.0407180950463408,0.030840119937314076,0.04145557221576054,0.04145557221576054,0.02840022599768943,0.03521620084519375,0.8422771334560815,0.8339717413689862,0.029330858041321902,0.029330858041321902,0.04510460914021454,0.04510560419764458,0.030094447434207066,0.037945712612847494,0.8539662157126233,0.8400414616063985
GR00003311,240.0,0.08073403550964062,0.014247449267388227,0.2906255426628196,0.2854015162902771,0.0357402512262552,0.0357402512262552,0.019715106881624873,0.029101690807819148,0.029101690807819148,0.01796806573699928,0.03682804304483482,0.036824147874763256,0.019715106881624873,0.019715106881624873,0.023090493762268644,0.024280044663902114,0.869148701188007,0.8415847503217083,0.03544987307233421,0.03545502005712563,0.014247449267388227,0.2906255426628196,0.2854015162902771,0.03731666210356866,0.03731666210356866,0.029224627845700214,0.02920732967105684,0.029126280948855294,0.029126280948855294,0.03559028429676768,0.03559053463074694,0.03731666210356866,0.03731666210356866,0.03474987472941213,0.024982702624394667,0.03545502005712563,0.03545502005712563,0.023090493762268644,0.024280044663902114,0.869148701188007,0.8415847503217083,0.029101690807819148,0.029101690807819148,0.03682804304483482,0.036824147874763256,0.023833414751984285,0.024495468954842288,0.87014815630296,0.8430389307567808
GR00003315,240.0,0.21883994601406,0.027135707434091823,0.3963180994000621,0.3830409560839423,0.045848753839842535,0.045848753839842535,0.032088846214188796,0.02966617853670418,0.02966617853670418,0.027757627403316654,0.04523909925551433,0.04523554075424064,0.032088846214188796,0.032088846214188796,0.03272098325627292,0.044920888769447255,0.86862836733542,0.8670599324474221,0.045811991194801185,0.04582002450288572,0.027135707434091823,0.3963180994000621,0.3830409560839423,0.046192963590386195,0.046192963590386195,0.028960061254667022,0.0289534146949213,0.029256737889394348,0.029256737889394348,0.044558298673278644,0.044566920170079696,0.046192963590386195,0.046192963590386195,0.04461573007052423,0.0337173692279131,0.04582002450288572,0.04582002450288572,0.03272098325627292,0.044920888769447255,0.86862836733542,0.8670599324474221,0.02966617853670418,0.02966617853670418,0.04523909925551433,0.04523554075424064,0.03291425361902717,0.044315403354178155,0.8679755560537152,0.8666637308393397
GR00003316,240.0,0.08710003923523343,0.013245631010512092,0.19143255048440133,0.1991996717926118,0.03336884241380696,0.03336884241380696,0.016727476364085947,0.0271398048174716,0.0271398048174716,0.015265236298684896,0.03657441465798658,0.036573521254679546,0.016727476364085947,0.016727476364085947,0.022780293647648945,0.02356875790073373,0.8440333152491143,0.8162916561300897,0.03350349528416623,0.03349835347002778,0.013245631010512092,0.19143255048440133,0.1991996717926118,0.03492163767041039,0.03492163767041039,0.02722794066455186,0.02723370857301308,0.027285483156592922,0.027285483156592922,0.03580559118450137,0.035798578785638184,0.03492163767041039,0.03492163767041039,0.033001459923113076,0.024461245133147538,0.03349835347002778,0.03349835347002778,0.022780293647648945,0.02356875790073373,0.8440333152491143,0.8162916561300897,0.0271398048174716,0.0271398048174716,0.03657441465798658,0.036573521254679546,0.023705067919969656,0.024656941413352933,0.8405666682278039,0.81586194921368
GR00003318,240.0,0.15597262378063306,0.02108942470515346,0.32073331333163824,0.3113346154489091,0.038076491931151146,0.038076491931151146,0.02483487799180192,0.03669626270510851,0.03669626270510851,0.021878656440542807,0.039457864376386896,0.039456229078366656,0.02483487799180192,0.02483487799180192,0.02441492428521297,0.025349332314185864,0.8957361257866477,0.8673999800375115,0.038612513632591106,0.03861644999799421,0.02108942470515346,0.32073331333163824,0.3113346154489091,0.03981996268930346,0.03981996268930346,0.03767080058130926,0.037670301621041055,0.03631232083537912,0.03631232083537912,0.039052442997415636,0.03904273444673025,0.03981996268930346,0.03981996268930346,0.03786294831844675,0.028220840853030817,0.03861644999799421,0.03861644999799421,0.02441492428521297,0.025349332314185864,0.8957361257866477,0.8673999800375115,0.03669626270510851,0.03669626270510851,0.039457864376386896,0.039456229078366656,0.025794693821215894,0.025727203908565328,0.9047496129301409,0.8720584863697751
GR00003330,240.0,0.05252750241594167,0.011791889612796976,0.24671329708760806,0.2253473322336123,0.044973262966324895,0.044973262966324895,0.01665766573082755,0.033682139328353046,0.033682139328353046,0.013174167500915657,0.04699626792840654,0.04698824879780707,0.01665766573082755,0.01665766573082755,0.02820602909644738,0.04831722559281635,0.8638879354888898,0.8571124857244814,0.04473140808443867,0.044732067552317685,0.011791889612796976,0.24671329708760806,0.2253473322336123,0.048055778714907724,0.048055778714907724,0.03396447038658335,0.033962299000959505,0.03360849240645451,0.03360849240645451,0.045601573259532666,0.04560641920768183,0.048055778714907724,0.048055778714907724,0.04333673523416097,0.030646488284683252,0.044732067552317685,0.044732067552317685,0.02820602909644738,0.04831722559281635,0.8638879354888898,0.8571124857244814,0.033682139328353046,0.033682139328353046,0.04699626792840654,0.04698824879780707,0.03014938953673998,0.048733527990899764,0.8636556113112711,0.8543311952239308
GR00003333,240.0,0.0493510886947547,0.011615586179912787,0.20592255885969196,0.19204850067821264,0.03649927369323726,0.03649927369323726,0.013982783983024712,0.027140114178556517,0.027140114178556517,0.012883981473017288,0.038342868398679175,0.03834202482017897,0.013982783983024712,0.013982783983024712,0.024970682542614142,0.0284333740777208,0.9056664626347632,0.8840700858128016,0.036429892846434025,0.036417036717017744,0.011615586179912787,0.20592255885969196,0.19204850067821264,0.03919907338381841,0.03919907338381841,0.02672575869951838,0.02673072659741714,0.027309955316166746,0.027309955316166746,0.03709707151842601,0.03709550142751226,0.03919907338381841,0.03919907338381841,0.035838182079970124,0.02778219744835606,0.036417036717017744,0.036417036717017744,0.024970682542614142,0.0284333740777208,0.9056664626347632,0.8840700858128016,0.027140114178556517,0.027140114178556517,0.038342868398679175,0.03834202482017897,0.027054103984658694,0.029780839124763446,0.8984659939706198,0.8826468475892816
GR00003336,240.0,0.04233547313108096,0.011675231366089377,0.23726802918478251,0.2234886609782015,0.03444952676776744,0.03444952676776744,0.014522662187088385,0.0257472948896092,0.0257472948896092,0.01257804290658183,0.03838044594233395,0.0383822245853742,0.014522662187088385,0.014522662187088385,0.02525678252353586,0.03266810552552411,0.8301633192218069,0.8104531540470756,0.034341966300532975,0.03433665850285803,0.011675231366089377,0.23726802918478251,0.2234886609782015,0.038325604327418696,0.038325604327418696,0.02529355022260771,0.02529009994359491,0.026009071522456243,0.026009071522456243,0.03684224472015162,0.03684385625343302,0.038325604327418696,0.038325604327418696,0.033471328158092915,0.02636229454157666,0.03433665850285803,0.03433665850285803,0.02525678252353586,0.03266810552552411,0.8301633192218069,0.8104531540470756,0.0257472948896092,0.0257472948896092,0.03838044594233395,0.0383822245853742,0.026891123073269185,0.035554526078041125,0.8210835783627471,0.8030643729785347
GR00003337,240.0,0.03468904160522632,0.012267364452265887,0.12592015270179696,0.11492016982557887,0.048990535624336175,0.048990535624336175,0.015150421059022765,0.027738919452416685,0.027738919452416685,0.01306625384538239,0.05068560661908326,0.050684493952281855,0.015150421059022765,0.015150421059022765,0.02894703013194965,0.04244902852838208,0.8173234767439895,0.8041118301101883,0.04977479470177924,0.04977378232856941,0.012267364452265887,0.12592015270179696,0.11492016982557887,0.049751684702320755,0.049751684702320755,0.027872523578472464,0.027876340364201415,0.02770063151966934,0.02770063151966934,0.0497967428904403,0.04979485507489685,0.049751684702320755,0.049751684702320755,0.04786167435110175,0.03170197686202213,0.04977378232856941,0.04977378232856941,0.02894703013194965,0.04244902852838208,0.8173234767439895,0.8041118301101883,0.027738919452416685,0.027738919452416685,0.05068560661908326,0.050684493952281855,0.030602855969070798,0.04244228264818682,0.8148297781604728,0.8030054457204817
GR00003341,240.0,0.09936917595949503,0.016123452948242235,0.2565568292288273,0.2517292197393702,0.04873861333872385,0.04873861333872385,0.020996373225436692,0.02686541208812842,0.02686541208812842,0.01750736172494746,0.04623654400339447,0.04623873183625592,0.020996373225436692,0.020996373225436692,0.029880429983935707,0.04986844395663997,0.8630753090284068,0.860410583194239,0.04872539802666938,0.048729467545571496,0.016123452948242235,0.2565568292288273,0.2517292197393702,0.05251726507517327,0.05251726507517327,0.026818112915199404,0.02682020754823748,0.026886776585469386,0.026886776585469386,0.04615268098175787,0.046145256597509475,0.05251726507517327,0.05251726507517327,0.04685418469841603,0.03215748083650882,0.048729467545571496,0.048729467545571496,0.029880429983935707,0.04986844395663997,0.8630753090284068,0.860410583194239,0.02686541208812842,0.02686541208812842,0.04623654400339447,0.04623873183625592,0.031426195846595124,0.06078256529080337,0.864860847333145,0.8607201933397259
GR00003342,240.0,0.08700791863142301,0.015678092298221,0.20829638242255863,0.21029880999104417,0.035273555595315025,0.035273555595315025,0.018466578594672396,0.026370208282156284,0.026370208282156284,0.016175068828993486,0.036656889373002384,0.0366579031197495,0.018466578594672396,0.018466578594672396,0.026198279529336357,0.032354405197243856,0.8730133737679935,0.8707479321818791,0.03534469151467656,0.03534797309987095,0.015678092298221,0.20829638242255863,0.21029880999104417,0.03816846813376817,0.03816846813376817,0.026729805991233122,0.026731852414665195,0.026636851630463147,0.026636851630463147,0.03582805630190029,0.03583094099869439,0.03816846813376817,0.03816846813376817,0.03438334891979884,0.027564517840323804,0.03534797309987095,0.03534797309987095,0.026198279529336357,0.032354405197243856,0.8730133737679935,0.8707479321818791,0.026370208282156284,0.026370208282156284,0.036656889373002384,0.0366579031197495,0.027722308397535374,0.03447505557603987,0.874279874343707,0.8704524097774572
GR00003344,240.0,0.06637422777472182,0.014623920096015076,0.25061222399520355,0.24249043971846246,0.03938993932902143,0.03938993932902143,0.019622106003237837,0.02482600841693167,0.02482600841693167,0.014777956615853561,0.04286025792174756,0.042857903681019834,0.019622106003237837,0.019622106003237837,0.02407926379424563,0.031846303184968096,0.8608796761461267,0.8537982319149781,0.03937922637782087,0.039388650854472636,0.014623920096015076,0.25061222399520355,0.24249043971846246,0.04237118076642823,0.04237118076642823,0.02505420120287344,0.02505378204159474,0.025257064987379903,0.025257064987379903,0.04091129510051181,0.04091479673579232,0.04237118076642823,0.04237118076642823,0.03859955858175369,0.02664244833944603,0.039388650854472636,0.039388650854472636,0.02407926379424563,0.031846303184968096,0.8608796761461267,0.8537982319149781,0.02482600841693167,0.02482600841693167,0.04286025792174756,0.042857903681019834,0.025262527662424136,0.03336430232011523,0.86042044376147,0.8553931030482083
GR00003381,240.0,0.05999033240808123,0.012072988946906239,0.09885760361511162,0.11110051052243852,0.028238669617353277,0.028238669617353277,0.013917538348611905,0.023574293543539276,0.023574293543539276,0.01370269801077562,0.03036723269469006,0.030370134108276447,0.013917538348611905,0.013917538348611905,0.020903984714057758,0.02236076243558721,0.8246369608251972,0.7876366772672116,0.028258777446887776,0.028248891166821985,0.012072988946906239,0.09885760361511162,0.11110051052243852,0.030007186459681884,0.030007186459681884,0.023080565242525074,0.023083819423414257,0.023599442411998014,0.023599442411998014,0.029586490583630658,0.029584042758110697,0.030007186459681884,0.030007186459681884,0.0278408080873508,0.022786444768051965,0.028248891166821985,0.028248891166821985,0.020903984714057758,0.02236076243558721,0.8246369608251972,0.7876366772672116,0.023574293543539276,0.023574293543539276,0.03036723269469006,0.030370134108276447,0.021945999551060975,0.022700674986570843,0.8422883234434656,0.8028107913145415
GR00003382,240.0,0.06587607808122961,0.010557166555414825,0.07572198625555032,0.08511170625734711,0.031736706681622276,0.031736706681622276,0.012065569717466773,0.02384788771258058,0.02384788771258058,0.011870483244036398,0.03389383180845558,0.03389655718803151,0.012065569717466773,0.012065569717466773,0.023561000981055905,0.023867268324989255,0.8449582635807455,0.8277764929765205,0.03166801541012471,0.03167363134897737,0.010557166555414825,0.07572198625555032,0.08511170625734711,0.033479036365851575,0.033479036365851575,0.02372361814441223,0.023723390544310493,0.023854737229833434,0.023854737229833434,0.03249886417420034,0.03249677634001125,0.033479036365851575,0.033479036365851575,0.031244634551716968,0.024952811938085084,0.03167363134897737,0.03167363134897737,0.023561000981055905,0.023867268324989255,0.8449582635807455,0.8277764929765205,0.02384788771258058,0.02384788771258058,0.03389383180845558,0.03389655718803151,0.02454717830472678,0.024742509261524045,0.8401176035238339,0.8213114930170214
GR00003384,240.0,0.058604684879661854,0.012284697672008455,0.0681940227150323,0.07909516992074078,0.026001284400208765,0.026001284400208765,0.014398012033755358,0.027512498322299836,0.027512498322299836,0.014846144574440832,0.028361909760493954,0.028369466273516757,0.014398012033755358,0.014398012033755358,0.018123544878219492,0.017706456338321352,0.820311368163167,0.7996552302834863,0.026077488204038105,0.026078700748224607,0.012284697672008455,0.0681940227150323,0.07909516992074078,0.029096616042444522,0.029096616042444522,0.02780892021373835,0.027809975568272385,0.02777517833522198,0.02777517833522198,0.027681373032530703,0.027691149675035377,0.029096616042444522,0.029096616042444522,0.025634396617439173,0.01984644805736265,0.026078700748224607,0.026078700748224607,0.018123544878219492,0.017706456338321352,0.820311368163167,0.7996552302834863,0.027512498322299836,0.027512498322299836,0.028361909760493954,0.028369466273516757,0.019022104293282053,0.018977658941127483,0.8240886344545026,0.8016230492631589
GR00003386,240.0,0.05721454485117799,0.012239643175790004,0.07693997032488523,0.07833357872241883,0.02765478769660241,0.02765478769660241,0.013650529316626497,0.028091653454863977,0.028091653454863977,0.013381549875008596,0.030071023167455264,0.030069981633954846,0.013650529316626497,0.013650529316626497,0.020297862920937184,0.019878969659669506,0.8464542781894108,0.7999830739864666,0.027554660771721848,0.02755737566686068,0.012239643175790004,0.07693997032488523,0.07833357872241883,0.03043037736018019,0.03043037736018019,0.028090182501632557,0.02808851709555853,0.028551018327568574,0.028551018327568574,0.029254967384548074,0.029258438577754935,0.03043037736018019,0.03043037736018019,0.027180585509106864,0.021606426043232745,0.02755737566686068,0.02755737566686068,0.020297862920937184,0.019878969659669506,0.8464542781894108,0.7999830739864666,0.028091653454863977,0.028091653454863977,0.030071023167455264,0.030069981633954846,0.02214061977151771,0.0211452135345035,0.8421505872503634,0.7926227813995425
GR00003390,240.0,0.08012874583823958,0.014367606292792951,0.10822739185945454,0.12381077114081789,0.02520185425576492,0.02520185425576492,0.016748947164911262,0.02286554244380654,0.02286554244380654,0.014736729327165158,0.027129153466377003,0.027132788210945804,0.016748947164911262,0.016748947164911262,0.019409032882587284,0.019040541625609808,0.7960442694884863,0.7496662982720419,0.02513116508770439,0.025122545287417777,0.014367606292792951,0.10822739185945454,0.12381077114081789,0.02789607446991561,0.02789607446991561,0.02286770753784815,0.022858971756409316,0.02305848308430227,0.02305848308430227,0.026805154004754875,0.026803814238481567,0.02789607446991561,0.02789607446991561,0.024782654910061548,0.020339994946615515,0.025122545287417777,0.025122545287417777,0.019409032882587284,0.019040541625609808,0.7960442694884863,0.7496662982720419,0.02286554244380654,0.02286554244380654,0.027129153466377003,0.027132788210945804,0.02125492206803089,0.020599854683514347,0.8146826977892355,0.7661034901063154
GR00003391,240.0,0.05771510668251962,0.01209290784308841,0.37801447227459123,0.36651179925642724,0.046258833086266285,0.046258833086266285,0.019146837333430186,0.03519578299932188,0.03519578299932188,0.015694917454135076,0.050032035629228234,0.050029094044330785,0.019146837333430186,0.019146837333430186,0.02777494896500895,0.030131414129672438,0.8174458239600656,0.7891319595557269,0.046279957738354215,0.046287226065342656,0.01209290784308841,0.37801447227459123,0.36651179925642724,0.048708643179723204,0.048708643179723204,0.03543501461156924,0.03542964924516679,0.03505552150879922,0.03505552150879922,0.048632107556401724,0.048636036460811806,0.048708643179723204,0.048708643179723204,0.04513227131318971,0.03360971476329469,0.046287226065342656,0.046287226065342656,0.02777494896500895,0.030131414129672438,0.8174458239600656,0.7891319595557269,0.03519578299932188,0.03519578299932188,0.050032035629228234,0.050029094044330785,0.028908166059473276,0.03194199499490807,0.8095638115787761,0.7848953406848744
GR00003393,240.0,0.043615580083430215,0.012035123558465258,0.139057533776701,0.13741957338091948,0.027242337706474228,0.027242337706474228,0.01318278377155226,0.020844205284546908,0.020844205284546908,0.013371231331978158,0.02787321818571638,0.027867439288174957,0.01318278377155226,0.01318278377155226,0.01920017562607636,0.02056932520038069,0.818974924278269,0.7944029314297165,0.027008749545206955,0.027018294077239633,0.012035123558465258,0.139057533776701,0.13741957338091948,0.02763707924448067,0.02763707924448067,0.02067082404883992,0.020676602497227792,0.02084880844421195,0.02084880844421195,0.02706986162585542,0.027055006690568355,0.02763707924448067,0.02763707924448067,0.026428604728715104,0.020934539711460858,0.027018294077239633,0.027018294077239633,0.01920017562607636,0.02056932520038069,0.818974924278269,0.7944029314297165,0.020844205284546908,0.020844205284546908,0.02787321818571638,0.027867439288174957,0.019942539724127722,0.020615748253894794,0.8164707197603618,0.8011074622806595
GR00003396,240.0,0.0633429363381727,0.011264349689573698,0.09237837915832083,0.10110123838489335,0.030861997183162758,0.030861997183162758,0.012854916100912253,0.0266904658500711,0.0266904658500711,0.012822926762534239,0.03276110711084305,0.03275620894700284,0.012854916100912253,0.012854916100912253,0.021464174767399948,0.020424651642175603,0.8185370429039514,0.7673963864825696,0.03095795240527051,0.030959133423813283,0.011264349689573698,0.09237837915832083,0.10110123838489335,0.0327389000505641,0.0327389000505641,0.026506561359567558,0.026511839873319967,0.026773268577012597,0.026773268577012597,0.032677779919891424,0.03267542108639805,0.0327389000505641,0.0327389000505641,0.03049856332866738,0.023274225902439504,0.030959133423813283,0.030959133423813283,0.021464174767399948,0.020424651642175603,0.8185370429039514,0.7673963864825696,0.0266904658500711,0.0266904658500711,0.03276110711084305,0.03275620894700284,0.022523797144702866,0.0211680607355453,0.8239828139371356,0.7804219427584358
GR00004368,240.0,0.05730433964131885,0.011561000060837618,0.12690931972205066,0.11883132722107838,0.03895853968842602,0.03895853968842602,0.015788442097935833,0.03240404440768085,0.03240404440768085,0.012609900842736155,0.04164158690942738,0.04164246648474042,0.015788442097935833,0.015788442097935833,0.027133046513938965,0.032264749571648016,0.8010677160384868,0.7986728579535519,0.03903577795094096,0.039040974554898154,0.011561000060837618,0.12690931972205066,0.11883132722107838,0.041242782054283354,0.041242782054283354,0.03268755293766744,0.03268686691230766,0.03308994826205453,0.03308994826205453,0.040507863735604485,0.04050409972491768,0.041242782054283354,0.041242782054283354,0.03782258255550927,0.02810857783159435,0.039040974554898154,0.039040974554898154,0.027133046513938965,0.032264749571648016,0.8010677160384868,0.7986728579535519,0.03240404440768085,0.03240404440768085,0.04164158690942738,0.04164246648474042,0.028404072639777823,0.03549382839225284,0.8097040124243472,0.8040496372386502
GR00004370,240.0,0.04454528169389137,0.0131139601750677,0.07591500067775679,0.07824519135409956,0.03917512257476395,0.03917512257476395,0.016799310271508803,0.035876445480190575,0.035876445480190575,0.014591724794838536,0.04182218731489577,0.04181819786043681,0.016799310271508803,0.016799310271508803,0.02586173729168477,0.031106174488086977,0.8252883865707626,0.8044199793796243,0.03893939721077831,0.03893951903117168,0.0131139601750677,0.07591500067775679,0.07824519135409956,0.042736531240585234,0.042736531240585234,0.035056728175653,0.03505509802899369,0.03586058329248651,0.03586058329248651,0.03998766348050667,0.03998530483887509,0.042736531240585234,0.042736531240585234,0.03805765385188985,0.02999147414139051,0.03893951903117168,0.03893951903117168,0.02586173729168477,0.031106174488086977,0.8252883865707626,0.8044199793796243,0.035876445480190575,0.035876445480190575,0.04182218731489577,0.04181819786043681,0.027316251900986483,0.032206773616763995,0.830241983013997,0.8055794849148857
GR00004373,240.0,0.04623856553377472,0.0140732912596895,0.27360426870921334,0.24047734922349007,0.03149941315332873,0.03149941315332873,0.017704285393444215,0.026556677989986566,0.026556677989986566,0.013438520639406376,0.03282660470084922,0.03282764719472213,0.017704285393444215,0.017704285393444215,0.021127343853717284,0.02073109413075357,0.917291555366394,0.8622749112527089,0.03157628312929736,0.031573685928658383,0.0140732912596895,0.27360426870921334,0.24047734922349007,0.034015184497225445,0.034015184497225445,0.025644685488399706,0.025644653026595448,0.02653234089988959,0.02653234089988959,0.03237818296464889,0.03237035526329985,0.034015184497225445,0.034015184497225445,0.031247603064045944,0.02484299491870889,0.031573685928658383,0.031573685928658383,0.021127343853717284,0.02073109413075357,0.917291555366394,0.8622749112527089,0.026556677989986566,0.026556677989986566,0.03282660470084922,0.03282764719472213,0.022356414357920316,0.021223743423194823,0.9394628659129717,0.8655012806440735
GR00004374,240.0,0.060390289467527815,0.012229670319009534,0.3096782221438754,0.28063605428361943,0.03489880772921429,0.03489880772921429,0.0136833323380541,0.02850949336582971,0.02850949336582971,0.012426442379154265,0.03543886837774204,0.0354399951769778,0.0136833323380541,0.0136833323380541,0.02365509511724674,0.021733393913722705,0.976430462697841,0.9538935445197624,0.035111286086388374,0.035114028780067655,0.012229670319009534,0.3096782221438754,0.28063605428361943,0.03658838836864661,0.03658838836864661,0.028680456625696404,0.028679565053950532,0.028228273705383854,0.028228273705383854,0.0347665881440379,0.034757250562691445,0.03658838836864661,0.03658838836864661,0.03439412534334866,0.02469091152986979,0.035114028780067655,0.035114028780067655,0.02365509511724674,0.021733393913722705,0.976430462697841,0.9538935445197624,0.02850949336582971,0.02850949336582971,0.03543886837774204,0.0354399951769778,0.024509546951909322,0.022930599105399945,0.9784590264497024,0.9512182223212898
GR00004379,240.0,0.04384461630616758,0.012078640281051472,0.3756881642042675,0.3469052092468373,0.028244021947465826,0.028244021947465826,0.01396433186937971,0.022929673764243073,0.022929673764243073,0.011636482090441614,0.030577382446088423,0.030586793289551658,0.01396433186937971,0.01396433186937971,0.020903207080485306,0.019721815481237324,0.9502643792032163,0.9205217461752423,0.028301550919991692,0.028309994790674527,0.012078640281051472,0.3756881642042675,0.3469052092468373,0.0315282404794019,0.0315282404794019,0.023079504133079482,0.02308857931695388,0.022974000820346587,0.022974000820346587,0.029466425825514793,0.029468121050156573,0.0315282404794019,0.0315282404794019,0.028016376059746665,0.02263845238630226,0.028309994790674527,0.028309994790674527,0.020903207080485306,0.019721815481237324,0.9502643792032163,0.9205217461752423,0.022929673764243073,0.022929673764243073,0.030577382446088423,0.030586793289551658,0.02200377748278177,0.02078202164579453,0.9519095645852619,0.9333174948394
GR00004382,240.0,0.05127039075881279,0.02051085105403014,0.16596486126925838,0.14370840007684402,0.03364064069624136,0.03364064069624136,0.022044926379822603,0.023281683021630847,0.023281683021630847,0.018814950204057324,0.03458775740865191,0.03458289823451845,0.022044926379822603,0.022044926379822603,0.021813018665954403,0.02171883206558271,0.8950949270206969,0.8493174671513594,0.03369095562745124,0.033705188984431284,0.02051085105403014,0.16596486126925838,0.14370840007684402,0.03740377901642342,0.03740377901642342,0.022481020513983128,0.022490984856340986,0.02343855915122252,0.02343855915122252,0.03382268730808022,0.033828253498248397,0.03740377901642342,0.03740377901642342,0.032515763147239744,0.023657897561081186,0.033705188984431284,0.033705188984431284,0.021813018665954403,0.02171883206558271,0.8950949270206969,0.8493174671513594,0.023281683021630847,0.023281683021630847,0.03458775740865191,0.03458289823451845,0.023332811128099564,0.023111225805307334,0.881673013564221,0.8353479141486245
GR00004384,240.0,0.040559160091664354,0.01413257946197454,0.22658519875502411,0.21195718206112968,0.02811351836112622,0.02811351836112622,0.015453767431412933,0.023303087643469375,0.023303087643469375,0.013748929925717223,0.02866603524276284,0.028673564292053928,0.015453767431412933,0.015453767431412933,0.020882020474450418,0.020101330467569893,0.9404958835038534,0.9166236199404044,0.028266059360485173,0.028256036840248275,0.01413257946197454,0.22658519875502411,0.21195718206112968,0.03031313986110823,0.03031313986110823,0.023129793951992376,0.02312997558304155,0.02370566129011771,0.02370566129011771,0.028523449343352877,0.02851634971564864,0.03031313986110823,0.03031313986110823,0.027772739078632216,0.021735464154223037,0.028256036840248275,0.028256036840248275,0.020882020474450418,0.020101330467569893,0.9404958835038534,0.9166236199404044,0.023303087643469375,0.023303087643469375,0.02866603524276284,0.028673564292053928,0.021866271483684575,0.021096182767664663,0.9408466600745642,0.911454374774515
GR00004385,240.0,0.15142705884534582,0.024924852513665767,0.18800451386186665,0.17764226354838905,0.040494922214341804,0.040494922214341804,0.02980241600050572,0.03628223432557175,0.03628223432557175,0.025955013402882404,0.04321182552121645,0.04320238944416822,0.02980241600050572,0.02980241600050572,0.026747418027713597,0.030960816670027376,0.7822470525860848,0.7687499130620369,0.040890631625505366,0.040889790869433076,0.024924852513665767,0.18800451386186665,0.17764226354838905,0.04310522668348106,0.04310522668348106,0.03640460691602014,0.03640219689023101,0.03643242142990855,0.03643242142990855,0.04163510901490605,0.0416393174428626,0.04310522668348106,0.04310522668348106,0.04026360843778467,0.02975208096262531,0.040889790869433076,0.040889790869433076,0.026747418027713597,0.030960816670027376,0.7822470525860848,0.7687499130620369,0.03628223432557175,0.03628223432557175,0.04321182552121645,0.04320238944416822,0.027540751596696004,0.031115818454063762,0.7799529060208219,0.7656931673261125
GR00004392,240.0,0.07380008137486883,0.012956549954089616,0.2134496777790633,0.21259426252199184,0.03665869330062954,0.03665869330062954,0.01661511580144948,0.03144629951657559,0.03144629951657559,0.01439280963251475,0.038597298299542324,0.03860294346393127,0.01661511580144948,0.01661511580144948,0.025400109416684084,0.0305366825989772,0.869328006872301,0.8627305985652817,0.036998102467963326,0.03700122869056502,0.012956549954089616,0.2134496777790633,0.21259426252199184,0.0387210100424092,0.0387210100424092,0.030611707286974047,0.030611910391590613,0.03164277329762198,0.03164277329762198,0.037695869582894795,0.03769502285514627,0.0387210100424092,0.0387210100424092,0.03621210298318853,0.026543222101118678,0.03700122869056502,0.03700122869056502,0.025400109416684084,0.0305366825989772,0.869328006872301,0.8627305985652817,0.03144629951657559,0.03144629951657559,0.038597298299542324,0.03860294346393127,0.02660644632069798,0.031114391005483855,0.8692707626140254,0.8627159056904923
GR00004397,240.0,0.05870747337114061,0.011504008136034059,0.1883423859247904,0.16483002345124909,0.036427852785733426,0.036427852785733426,0.013185022453586947,0.026608628598068642,0.026608628598068642,0.01265554293496055,0.03678006140375653,0.03677210684496335,0.013185022453586947,0.013185022453586947,0.0256238383648182,0.03205308987368696,0.8735437023878778,0.8724335510410923,0.03634379708472311,0.03634688151224789,0.011504008136034059,0.1883423859247904,0.16483002345124909,0.0373621307838579,0.0373621307838579,0.02640618180655558,0.026413597767243457,0.02680081440784281,0.02680081440784281,0.03542417002511109,0.03541954860816992,0.0373621307838579,0.0373621307838579,0.035593952750299175,0.028390401463181662,0.03634688151224789,0.03634688151224789,0.0256238383648182,0.03205308987368696,0.8735437023878778,0.8724335510410923,0.026608628598068642,0.026608628598068642,0.03678006140375653,0.03677210684496335,0.026218656303121653,0.03193796305845433,0.8735475097437347,0.8718968967263074
GR00004398,240.0,0.03687835489734901,0.012607219591633143,0.19053910973307847,0.17926899394732815,0.03242106183182438,0.03242106183182438,0.01301558324476219,0.022073666071347718,0.022073666071347718,0.012330892447820645,0.033587697596183,0.03358353237664849,0.01301558324476219,0.01301558324476219,0.023367764724380437,0.0253385504045578,0.8730683056871149,0.8704178262356314,0.03231809872990537,0.032325509888240817,0.012607219591633143,0.19053910973307847,0.17926899394732815,0.03547273438705258,0.03547273438705258,0.02206394868182599,0.022066883627968114,0.02212949441604973,0.02212949441604973,0.03272912923328181,0.032725083101985,0.03547273438705258,0.03547273438705258,0.03207020521189966,0.02521786669015131,0.032325509888240817,0.032325509888240817,0.023367764724380437,0.0253385504045578,0.8730683056871149,0.8704178262356314,0.022073666071347718,0.022073666071347718,0.033587697596183,0.03358353237664849,0.024821728622719492,0.026468990283465516,0.8732441950542963,0.8705467287176736
GR00004401,240.0,0.04617073814715391,0.014135093522705438,0.1450687496161526,0.130480287083747,0.026125930678308002,0.026125930678308002,0.014478533989284866,0.024615137177822464,0.024615137177822464,0.013530920747468348,0.027347547267292997,0.027346404544828163,0.014478533989284866,0.014478533989284866,0.02032150224314888,0.02223380439479179,0.8768262508104239,0.8702726011304142,0.02615924622501065,0.026169265763381997,0.014135093522705438,0.1450687496161526,0.130480287083747,0.027570230290254294,0.027570230290254294,0.024614442959942806,0.02462312895068336,0.024608589985588635,0.024608589985588635,0.026661144628582704,0.026660743013974406,0.027570230290254294,0.027570230290254294,0.02594080915990804,0.021904593472697065,0.026169265763381997,0.026169265763381997,0.02032150224314888,0.02223380439479179,0.8768262508104239,0.8702726011304142,0.024615137177822464,0.024615137177822464,0.027347547267292997,0.027346404544828163,0.021137730900138343,0.022506587814185075,0.8772997469772359,0.870499501072515
GR00004411,240.0,0.0763215935810627,0.013311123158935574,0.19691920762185985,0.1777231704212024,0.03940203639309968,0.03940203639309968,0.016577790819332378,0.02998826782986239,0.02998826782986239,0.013867504791020396,0.041029783004173134,0.04102632206125289,0.016577790819332378,0.016577790819332378,0.028456456574886334,0.035615875765581825,0.8456232029144314,0.8331207692365289,0.03949366886027092,0.039501696121792315,0.013311123158935574,0.19691920762185985,0.1777231704212024,0.041600708031403436,0.041600708031403436,0.02979913532628942,0.029797941385719846,0.030112357410641652,0.030112357410641652,0.04001100924937142,0.04001039023860036,0.041600708031403436,0.041600708031403436,0.038402934934957625,0.02855696275507287,0.039501696121792315,0.039501696121792315,0.028456456574886334,0.035615875765581825,0.8456232029144314,0.8331207692365289,0.02998826782986239,0.02998826782986239,0.041029783004173134,0.04102632206125289,0.02984376875990171,0.0391780001901826,0.8448786235301659,0.8315744934217968
GR00004414,240.0,0.07790301738963869,0.013850520690398447,0.2684294578696808,0.23698145448493643,0.030878915271552114,0.030878915271552114,0.018016467609036378,0.023933265388524954,0.023933265388524954,0.014588362142482717,0.03276248380112336,0.03275371997384398,0.018016467609036378,0.018016467609036378,0.023202302556483225,0.026159911855809855,0.8354868535246358,0.8242644144349051,0.030669311174402955,0.03067234726081348,0.013850520690398447,0.2684294578696808,0.23698145448493643,0.032302466102579884,0.032302466102579884,0.024118674531379822,0.024116141304803763,0.023769972309518456,0.023769972309518456,0.031289471162238104,0.03128843829553382,0.032302466102579884,0.032302466102579884,0.02992916998928097,0.023832310559123163,0.03067234726081348,0.03067234726081348,0.023202302556483225,0.026159911855809855,0.8354868535246358,0.8242644144349051,0.023933265388524954,0.023933265388524954,0.03276248380112336,0.03275371997384398,0.02411484548100312,0.02664937319720482,0.8313015794974191,0.8206285522785601
GR00004417,240.0,0.5006544704206334,0.03772042627817714,0.20366776310842752,0.18706832722595415,0.037089600331687,0.037089600331687,0.04413490915897829,0.039281715140088824,0.039281715140088824,0.042307629311323605,0.03823065785423132,0.038229576616302725,0.04413490915897829,0.04413490915897829,0.028572643852790864,0.02868399562474364,0.7961961087982122,0.7344999737961094,0.03719961787842769,0.03720032084526388,0.03772042627817714,0.20366776310842752,0.18706832722595415,0.03765631963179385,0.03765631963179385,0.03972821132149794,0.03972998121282361,0.03919234617229328,0.03919234617229328,0.03793596845758903,0.03793408886373337,0.03765631963179385,0.03765631963179385,0.036411260793431,0.029613499007390662,0.03720032084526388,0.03720032084526388,0.028572643852790864,0.02868399562474364,0.7961961087982122,0.7344999737961094,0.039281715140088824,0.039281715140088824,0.03823065785423132,0.038229576616302725,0.02845492567935265,0.02832591544805768,0.7869624995984931,0.7232655362985567
GR00004420,240.0,0.23905798487002453,0.022329476815618775,0.20278343938980867,0.17938603187110017,0.0374398934696554,0.0374398934696554,0.026377280454534517,0.03160718731524131,0.03160718731524131,0.023717272168319196,0.03965132154087509,0.03965091729121733,0.026377280454534517,0.026377280454534517,0.027793746638083244,0.028119148286492167,0.9205666765896944,0.8984082575703781,0.03743898081328067,0.03744955018129859,0.022329476815618775,0.20278343938980867,0.17938603187110017,0.039743829407852364,0.039743829407852364,0.031501634287654914,0.03149864382626359,0.0315649494070184,0.0315649494070184,0.03854790921173572,0.03854442735768204,0.039743829407852364,0.039743829407852364,0.03709534045278457,0.02934356045865363,0.03744955018129859,0.03744955018129859,0.027793746638083244,0.028119148286492167,0.9205666765896944,0.8984082575703781,0.03160718731524131,0.03160718731524131,0.03965132154087509,0.03965091729121733,0.02893173583492475,0.029827331850984,0.9170539887559644,0.8894567191716458
J12284d,64.0,0.09980367892254016,0.008011650068301084,0.11685458761453747,0.10042178002665149,0.017430133107411913,0.017430133107411913,0.012006915041503976,0.015655154787574628,0.015655154787574628,0.009880780159352833,0.017549618797589386,0.017541316349984463,0.012006915041503976,0.012006915041503976,0.014486083365239197,0.01559088291943787,0.6456351439425292,0.6390960596489451,0.017921736284334203,0.01792117562419924,0.008011650068301084,0.11685458761453747,0.10042178002665149,0.018526546498023728,0.018526546498023728,0.01620935178040174,0.016208489547452545,0.015774304269188737,0.015774304269188737,0.017653967764488705,0.01764376109310211,0.018526546498023728,0.018526546498023728,0.017634230748206116,0.016129543785822598,0.01792117562419924,0.01792117562419924,0.014486083365239197,0.01559088291943787,0.6456351439425292,0.6390960596489451,0.015655154787574628,0.015655154787574628,0.017549618797589386,0.017541316349984463,0.014531067069809254,0.015317547551789493,0.6637138358564244,0.648349574492144
J12424a,64.0,0.08925422527626307,0.008529365473361692,0.11046776816838333,0.09379148618732239,0.014833091053513993,0.014833091053513993,0.011087771043940528,0.012783665248817078,0.012783665248817078,0.0089625611055192,0.016240325880562477,0.01624654507135942,0.011087771043940528,0.011087771043940528,0.009919564984609778,0.011028180206517229,0.6929229294173793,0.6806691992932155,0.015734146853732183,0.015742900416251166,0.008529365473361692,0.11046776816838333,0.09379148618732239,0.017432347669582553,0.017432347669582553,0.01289018398201782,0.012889261524649665,0.013176871809894625,0.013176871809894625,0.015510672500563368,0.015506407668392251,0.017432347669582553,0.017432347669582553,0.014581607238823525,0.013035023241187214,0.015742900416251166,0.015742900416251166,0.009919564984609778,0.011028180206517229,0.6929229294173793,0.6806691992932155,0.012783665248817078,0.012783665248817078,0.016240325880562477,0.01624654507135942,0.011174734485329645,0.011376319413173032,0.7069617485746194,0.6895220641227997
J12424d,64.0,0.36680724012485494,0.012034991436794271,0.22336622807471193,0.17516274061648082,0.025294993905561922,0.025294993905561922,0.021617067205069316,0.024739119436879488,0.024739119436879488,0.021022139547059605,0.026453587963526915,0.026443272450396987,0.021617067205069316,0.021617067205069316,0.015510577201615595,0.01786249707995537,0.7143185684036715,0.6578449273937456,0.02580138971717443,0.025809730484788213,0.012034991436794271,0.22336622807471193,0.17516274061648082,0.02862966072354609,0.02862966072354609,0.024430204995855617,0.024424611885944882,0.026477787885861612,0.026477787885861612,0.025515007827063407,0.025476782258957116,0.02862966072354609,0.02862966072354609,0.024939455869347107,0.021865615145210668,0.025809730484788213,0.025809730484788213,0.015510577201615595,0.01786249707995537,0.7143185684036715,0.6578449273937456,0.024739119436879488,0.024739119436879488,0.026453587963526915,0.026443272450396987,0.015932787442633274,0.018032011658901947,0.7154836550778699,0.6552991438737343
J12432a,64.0,0.15593105322043277,0.007176986249732887,0.09037621783550813,0.07453818327396658,0.01396363347860742,0.01396363347860742,0.011465418954383695,0.014609035772562475,0.014609035772562475,0.009834063084710305,0.01288377568958847,0.012876408214777082,0.011465418954383695,0.011465418954383695,0.008563773615642888,0.008068425549339646,0.6616538745129366,0.6275314473711883,0.014359241171504644,0.014357253091828271,0.007176986249732887,0.09037621783550813,0.07453818327396658,0.014313368700154806,0.014313368700154806,0.014401670733360503,0.0143615764868898,0.01480029566889825,0.01480029566889825,0.0131515900104252,0.013153639300434943,0.014313368700154806,0.014313368700154806,0.013446319939016465,0.011610184785307556,0.014357253091828271,0.014357253091828271,0.008563773615642888,0.008068425549339646,0.6616538745129366,0.6275314473711883,0.014609035772562475,0.014609035772562475,0.01288377568958847,0.012876408214777082,0.008103768187571168,0.00796122305632811,0.6704519427750759,0.6367997945432746
J12440dW,64.0,0.5389445045130512,0.006937299063023682,0.04494293533289714,0.04087946756504963,0.0062459698772123024,0.0062459698772123024,0.012401753897122766,0.007181544263913093,0.007181544263913093,0.01283112935442908,0.0069681651082476445,0.006970529864724766,0.012401753897122766,0.012401753897122766,0.002611557679127646,0.0031862902767477645,0.4258193550690553,0.3951909797183018,0.005827067155256605,0.0058243213848631304,0.006937299063023682,0.04494293533289714,0.04087946756504963,0.007443189128475606,0.007443189128475606,0.006750641080318281,0.0067485418139503995,0.007759163204975759,0.007759163204975759,0.005246722694864746,0.005249477277577857,0.007443189128475606,0.007443189128475606,0.00564219795716063,0.005655944956957168,0.0058243213848631304,0.0058243213848631304,0.002611557679127646,0.0031862902767477645,0.4258193550690553,0.3951909797183018,0.007181544263913093,0.007181544263913093,0.0069681651082476445,0.006970529864724766,0.002525394101545033,0.0030047182045046823,0.44145306576892535,0.3961896465515007
J12450b,64.0,0.15278426400228454,0.006499129337802196,0.15426410712425573,0.1340882985634737,0.012156688335616048,0.012156688335616048,0.008139909212736558,0.00944219673693256,0.00944219673693256,0.007839655572838677,0.011869029393487135,0.011867759725780637,0.008139909212736558,0.008139909212736558,0.006658808267353732,0.006620808807163647,0.5705868557586183,0.5876240518426542,0.012621756799653383,0.012621913249403753,0.006499129337802196,0.15426410712425573,0.1340882985634737,0.012352981067666462,0.012352981067666462,0.00982214089630212,0.009823147790493834,0.009961784739636355,0.009961784739636355,0.011927720662950399,0.011927746326927951,0.012352981067666462,0.012352981067666462,0.011935354502136002,0.009990617283953113,0.012621913249403753,0.012621913249403753,0.006658808267353732,0.006620808807163647,0.5705868557586183,0.5876240518426542,0.00944219673693256,0.00944219673693256,0.011869029393487135,0.011867759725780637,0.006661184917728624,0.0067889023345559345,0.5936699585947174,0.6017576741587949
J12459b,64.0,0.39903912110692374,0.006867597246691098,0.22763864808155473,0.20684455410769476,0.010748717133553408,0.010748717133553408,0.008299639772884027,0.010450090149462434,0.010450090149462434,0.007741621262937425,0.010009578113683804,0.01001075405191299,0.008299639772884027,0.008299639772884027,0.007645986280409363,0.007996411189929439,0.7679144255425849,0.7305099383591638,0.01117530350504374,0.011176310333303636,0.006867597246691098,0.22763864808155473,0.20684455410769476,0.011319507860268337,0.011319507860268337,0.010729098181570123,0.010816163859270088,0.011151846986546332,0.011151846986546332,0.010530352056228022,0.010530293766601176,0.011319507860268337,0.011319507860268337,0.010150360918939479,0.010201157562057741,0.011176310333303636,0.011176310333303636,0.007645986280409363,0.007996411189929439,0.7679144255425849,0.7305099383591638,0.010450090149462434,0.010450090149462434,0.010009578113683804,0.01001075405191299,0.007876358429768329,0.007891448207282518,0.760078706019271,0.7255100669798384
P24P27dW,45.0,0.6347583396093255,0.00536575254733467,0.023398593079290927,0.016548298743018098,0.008785970905485036,0.008785970905485036,0.006661382720856389,0.009779462832245105,0.009779462832245105,0.006017899355263972,0.009931282075016321,0.00993323656474356,0.006661382720856389,0.006661382720856389,0.0049632509545584225,0.005012531602284375,0.36549085055969244,0.31639472019566006,0.009919297987249378,0.00992170585416465,0.00536575254733467,0.023398593079290927,0.016548298743018098,0.009690878577672153,0.009690878577672153,0.009582672000716653,0.009583416172254094,0.010086517678283686,0.010086517678283686,0.009736852190988377,0.009734441029099167,0.009690878577672153,0.009690878577672153,0.009314931108271984,0.009255263305662172,0.00992170585416465,0.00992170585416465,0.0049632509545584225,0.005012531602284375,0.36549085055969244,0.31639472019566006,0.009779462832245105,0.009779462832245105,0.009931282075016321,0.00993323656474356,0.00544666166853502,0.0057554098565404214,0.3438036763628416,0.3065530948277881
SP05P08b,64.0,0.07503321664274153,0.012725959453097147,0.11846556186391222,0.10676772122317123,0.011027117755058474,0.011027117755058474,0.0136566850730488,0.010720576625828817,0.010720576625828817,0.011562727956635077,0.01197508626303369,0.011974814467616703,0.0136566850730488,0.0136566850730488,0.006883071420553547,0.007328414468564253,0.7462009069362076,0.6991211146317268,0.011084671653172062,0.011089321386818646,0.012725959453097147,0.11846556186391222,0.10676772122317123,0.01508545321013321,0.01508545321013321,0.011171874540961501,0.01117148607470091,0.011388405971387006,0.011388405971387006,0.011265098633538398,0.01126330361055918,0.01508545321013321,0.01508545321013321,0.010723092457918916,0.009941535468492491,0.011089321386818646,0.011089321386818646,0.006883071420553547,0.007328414468564253,0.7462009069362076,0.6991211146317268,0.010720576625828817,0.010720576625828817,0.01197508626303369,0.011974814467616703,0.007437541342846709,0.008192306007090774,0.7426020590465751,0.6972297978886632
SP05P08c,64.0,0.08469490309965978,0.011898709384452812,0.09333470806000826,0.0717151181094623,0.01822259784815172,0.01822259784815172,0.013529298899007237,0.018410550642389074,0.018410550642389074,0.012277110782786626,0.02039146389561726,0.020387664783275597,0.013529298899007237,0.013529298899007237,0.009809195807570814,0.009881492994012003,0.7086021277746068,0.6487567623619976,0.019397063320592052,0.01937642942711273,0.011898709384452812,0.09333470806000826,0.0717151181094623,0.024120585406533612,0.024120585406533612,0.018188826124830595,0.0181731542377223,0.020261726798048177,0.020261726798048177,0.018212978056375576,0.018188027844531714,0.024120585406533612,0.024120585406533612,0.01883158457407417,0.015425330134459653,0.01937642942711273,0.01937642942711273,0.009809195807570814,0.009881492994012003,0.7086021277746068,0.6487567623619976,0.018410550642389074,0.018410550642389074,0.02039146389561726,0.020387664783275597,0.010275511604895203,0.009814511691714543,0.7319408274091659,0.6600770856153009
SP09P12d,64.0,0.0972913685122432,0.011904452379019086,0.0989796019483717,0.08532093513730492,0.01688125426886475,0.01688125426886475,0.01471059183653385,0.01565738859452552,0.01565738859452552,0.01291696647121299,0.01776850907520329,0.017758124310168218,0.01471059183653385,0.01471059183653385,0.012419313313811183,0.012389881227347365,0.5956818840855991,0.5668568448434328,0.01702491676488037,0.01702557999869382,0.011904452379019086,0.0989796019483717,0.08532093513730492,0.018086529693880603,0.018086529693880603,0.015263526459944901,0.015291742195113426,0.015573056783997818,0.015573056783997818,0.016174259808394827,0.01615938248746235,0.018086529693880603,0.018086529693880603,0.0164756284988022,0.014726919034143285,0.01702557999869382,0.01702557999869382,0.012419313313811183,0.012389881227347365,0.5956818840855991,0.5668568448434328,0.01565738859452552,0.01565738859452552,0.01776850907520329,0.017758124310168218,0.012627435281616152,0.012607080024633337,0.5975009720713635,0.5729302400940152
SP16P19d,64.0,0.16110653548394835,0.004973930168487871,0.15579522570483217,0.14065973493635137,0.014641750148533438,0.014641750148533438,0.008725880921376822,0.015230437650178038,0.015230437650178038,0.007754946608214323,0.015106641755482262,0.015095194593010649,0.008725880921376822,0.008725880921376822,0.009696979767828238,0.009535198321094217,0.6816835256241399,0.6617612034238495,0.015235063035381335,0.015237466347691117,0.004973930168487871,0.15579522570483217,0.14065973493635137,0.015426747438580784,0.015426747438580784,0.014573489668410365,0.014572612484718117,0.014968064484306669,0.014968064484306669,0.01420022566625527,0.014191508673647327,0.015426747438580784,0.015426747438580784,0.01457787553838404,0.012039532756711864,0.015237466347691117,0.015237466347691117,0.009696979767828238,0.009535198321094217,0.6816835256241399,0.6617612034238495,0.015230437650178038,0.015230437650178038,0.015106641755482262,0.015095194593010649,0.010063900499340245,0.009871873393891218,0.6857094598589609,0.6738395226018852
SP28P31d,64.0,0.2486831891178226,0.010674164896619955,0.14501178072929238,0.1225593731931593,0.017268526080301477,0.017268526080301477,0.014095608958810986,0.015657108900329515,0.015657108900329515,0.013323643562499893,0.016787310911050422,0.01678563927460325,0.014095608958810986,0.014095608958810986,0.011573412371893906,0.012300702203622367,0.6642005449951416,0.6155977089117018,0.017295449053959345,0.017308457608922207,0.010674164896619955,0.14501178072929238,0.1225593731931593,0.018431492579655137,0.018431492579655137,0.016480634949896062,0.016482441751667184,0.016681494155932043,0.016681494155932043,0.016632636003960352,0.016633687569636117,0.018431492579655137,0.018431492579655137,0.017030092214728405,0.014482815767144294,0.017308457608922207,0.017308457608922207,0.011573412371893906,0.012300702203622367,0.6642005449951416,0.6155977089117018,0.015657108900329515,0.015657108900329515,0.016787310911050422,0.01678563927460325,0.011717273179560166,0.012785504457648856,0.6630381703357278,0.611135121213087
SP36P38a,64.0,0.10065043505172692,0.006300963930567605,0.1432064423258788,0.11635131807302192,0.015202374949643903,0.015202374949643903,0.00834886869870391,0.013602124935289195,0.013602124935289195,0.007240033899613651,0.015207447216919384,0.015181062946516126,0.00834886869870391,0.00834886869870391,0.010720430644926145,0.010306200210946765,0.7083707601264385,0.6518625383147062,0.015646405861123938,0.015644915876599365,0.006300963930567605,0.1432064423258788,0.11635131807302192,0.0177151029060662,0.0177151029060662,0.01353779670571457,0.013548280515120959,0.014182168857645762,0.014182168857645762,0.015241366312149134,0.015236600027840604,0.0177151029060662,0.0177151029060662,0.01506662866248222,0.013366547453838728,0.015644915876599365,0.015644915876599365,0.010720430644926145,0.010306200210946765,0.7083707601264385,0.6518625383147062,0.013602124935289195,0.013602124935289195,0.015207447216919384,0.015181062946516126,0.011006630674844356,0.011445512329066676,0.7256400715374549,0.6604436756879035
UL000081,193.0,0.05539477448156416,0.013261752367769367,0.11700290986223522,0.1002252036906844,0.011510247548112869,0.011510247548112869,0.014110357196382909,0.011103729464719552,0.011103729464719552,0.012484802366575613,0.011892068241050192,0.011887271891750735,0.014110357196382909,0.014110357196382909,0.009596782100860927,0.009194623601160773,0.848420507651042,0.8274991948113011,0.011499253562640279,0.011503648593888626,0.013261752367769367,0.11700290986223522,0.1002252036906844,0.012176937622793527,0.012176937622793527,0.011018160094303515,0.011019655924743226,0.011176494086401591,0.011176494086401591,0.011607515945624074,0.011606091790377705,0.012176937622793527,0.012176937622793527,0.011285079259255227,0.009663443630675643,0.011503648593888626,0.011503648593888626,0.009596782100860927,0.009194623601160773,0.848420507651042,0.8274991948113011,0.011103729464719552,0.011103729464719552,0.011892068241050192,0.011887271891750735,0.009877173995949222,0.009355161089915848,0.8523620368347709,0.8331886232393112
UL000083,176.0,0.1109627969958993,0.11228126960571916,0.30344508417910715,0.2785255566235707,0.008183149929189464,0.008183149929189464,0.21427303256369018,0.007123089892702788,0.007123089892702788,0.115813667163289,0.008558807983625018,0.008560150988803174,0.21427303256369018,0.21427303256369018,0.00706120449379173,0.0062560442191877865,0.9099238085914313,0.8349617905899323,0.008231897140434402,0.008231683171736214,0.11228126960571916,0.30344508417910715,0.2785255566235707,0.009646047923707953,0.009646047923707953,0.006925819974785355,0.006927327290054104,0.007101526804342254,0.007101526804342254,0.00844532161555766,0.00844888412093218,0.009646047923707953,0.009646047923707953,0.007943695220510492,0.006602342004485959,0.008231683171736214,0.008231683171736214,0.00706120449379173,0.0062560442191877865,0.9099238085914313,0.8349617905899323,0.007123089892702788,0.007123089892702788,0.008558807983625018,0.008560150988803174,0.0075999389360765,0.0067917751678254305,0.9136344283750049,0.8474115804820852
UL000087,192.0,0.05095072313944838,0.010144258532009976,0.18631893702906688,0.14268494074677526,0.014482178954347414,0.014482178954347414,0.011318920675769867,0.012078311428221966,0.012078311428221966,0.011250570378467314,0.014932880426656907,0.014931111573724967,0.011318920675769867,0.011318920675769867,0.011639760292611974,0.011039851254721364,0.8430456762763705,0.8029051487640042,0.014573306022116636,0.01458173827530447,0.010144258532009976,0.18631893702906688,0.14268494074677526,0.015263856841465716,0.015263856841465716,0.011896324112610714,0.011908452726956337,0.012044254711630719,0.012044254711630719,0.014985658368462822,0.014987881314144717,0.015263856841465716,0.015263856841465716,0.014382011295422546,0.011985417828023604,0.01458173827530447,0.01458173827530447,0.011639760292611974,0.011039851254721364,0.8430456762763705,0.8029051487640042,0.012078311428221966,0.012078311428221966,0.014932880426656907,0.014931111573724967,0.0121026262684001,0.011412781660276297,0.8514888877698801,0.8054486049629489
UL000089,777.0,0.2621937116868557,0.043505453485368856,0.28311929214573595,0.3025161090426926,0.017105930465428812,0.017105930465428812,0.043969713768019614,0.01713737247067072,0.01713737247067072,0.04261858834244174,0.01711298698519968,0.01711317287620047,0.043969713768019614,0.043969713768019614,0.01705540427050122,0.017014292899321645,0.94669140259154,0.9443949892004604,0.017069505392916916,0.017103764545115734,0.043505453485368856,0.28311929214573595,0.3025161090426926,0.01710732018796376,0.01710732018796376,0.017121079156999248,0.017134178397567878,0.017137409517092434,0.017137409517092434,0.017125748402474026,0.01712568964484639,0.01710732018796376,0.01710732018796376,0.017066037585532046,0.01704952582056578,0.017103764545115734,0.017103764545115734,0.01705540427050122,0.017014292899321645,0.94669140259154,0.9443949892004604,0.01713737247067072,0.01713737247067072,0.017112986823810687,0.01711317287620047,0.01706421679358981,0.01702513952191738,0.9468430145424686,0.944619093938064
UL000091,193.0,0.057153855305705395,0.010406632365811967,0.10206801635518796,0.0850910937446677,0.010289344169910002,0.010289344169910002,0.010728098921928093,0.00990561941520472,0.00990561941520472,0.010484955078363474,0.010846054069145974,0.010838740463856168,0.010728098921928093,0.010728098921928093,0.008686531998101129,0.008098190151742705,0.8812210204787078,0.8508129618382229,0.010271858088942565,0.010271983481660333,0.010406632365811967,0.10206801635518796,0.0850910937446677,0.011176401074370344,0.011176401074370344,0.009809122463354919,0.009809968940889743,0.009805970925568576,0.009805970925568576,0.010449957048347891,0.01045541372513555,0.011176401074370344,0.011176401074370344,0.010097032380216005,0.008653463416172517,0.010271983481660333,0.010271983481660333,0.008686531998101129,0.008098190151742705,0.8812210204787078,0.8508129618382229,0.00990561941520472,0.00990561941520472,0.010846054069145974,0.010838740463856168,0.008905823133206304,0.00838009064827609,0.894936612762622,0.8596301379021956
UL000093,194.0,0.11304976217209735,0.0265924740124366,0.29577667990440853,0.24864059905361005,0.015440721756900328,0.015440721756900328,0.03156665030335579,0.014371610082214778,0.014371610082214778,0.027667827447223653,0.015898033899547657,0.01589691894475255,0.03156665030335579,0.03156665030335579,0.012236929095779546,0.01062288528164406,0.8283774738889361,0.7940332085951533,0.015427966807397345,0.015420882195807077,0.0265924740124366,0.29577667990440853,0.24864059905361005,0.01609154150686505,0.01609154150686505,0.01426574758793014,0.014266654694769683,0.014374014898555767,0.014374014898555767,0.01577959603354062,0.01577308503672781,0.01609154150686505,0.01609154150686505,0.01519108825955736,0.011598744455069707,0.015420882195807077,0.015420882195807077,0.012236929095779546,0.01062288528164406,0.8283774738889361,0.7940332085951533,0.014371610082214778,0.014371610082214778,0.015898033899547657,0.01589691894475255,0.012967519599869526,0.011322273725999879,0.8304158121014852,0.7931142297304622
UL000095,192.0,0.12953050384729564,0.020475751628903405,0.19958662182042117,0.15880541765506032,0.014529773256499965,0.014529773256499965,0.020777976481768823,0.011975462709489062,0.011975462709489062,0.021220636702965586,0.014718610733245992,0.014711888913205835,0.020777976481768823,0.020777976481768823,0.01186499602654794,0.010637886571292965,0.8009975039990507,0.7831342384607397,0.014555237072501509,0.014563494744561771,0.020475751628903405,0.19958662182042117,0.15880541765506032,0.014555515464216172,0.014555515464216172,0.011815794193145752,0.01180838925683587,0.011912210742821817,0.011912210742821817,0.014552293427833337,0.014559639420352202,0.014555515464216172,0.014555515464216172,0.014457988004299127,0.011103459022403972,0.014563494744561771,0.014563494744561771,0.01186499602654794,0.010637886571292965,0.8009975039990507,0.7831342384607397,0.011975462709489062,0.011975462709489062,0.014718610733245992,0.014711888913205835,0.011900411665415328,0.010920160278990591,0.8061065434440073,0.7839491432245236
UL000097,192.0,0.13731396003749305,0.022028573547124394,0.15800616703139447,0.12784114740662125,0.015705463361945535,0.015705463361945535,0.022918485122009016,0.012782241307139668,0.012782241307139668,0.02261051074377712,0.015561986468621314,0.015543168403858165,0.022918485122009016,0.022918485122009016,0.012499729077438902,0.011432253612179609,0.8105612100063349,0.773205085278987,0.015509689391922132,0.01550785466264377,0.022028573547124394,0.15800616703139447,0.12784114740662125,0.01532784575567103,0.01532784575567103,0.012748652879285506,0.012745638696984536,0.012834703624446137,0.012834703624446137,0.015219472695391452,0.015229791276384587,0.01532784575567103,0.01532784575567103,0.015453842328901195,0.011978552458600722,0.01550785466264377,0.01550785466264377,0.012499729077438902,0.011432253612179609,0.8105612100063349,0.773205085278987,0.012782241307139668,0.012782241307139668,0.015561986468621314,0.015543168403858165,0.012329390920079722,0.011520924641712635,0.814892115751516,0.7710073913364924
UL000579,226.0,0.1531628250734542,0.011983525712549318,0.524060466926751,0.4883310570927755,0.011528876362232663,0.011528876362232663,0.015120420460285444,0.01149080461647878,0.01149080461647878,0.012769556286644201,0.012104526246465954,0.012100339847422184,0.015120420460285444,0.015120420460285444,0.010436920924799127,0.0090015876586612,0.8916789788590628,0.8383112294114644,0.011469776813229887,0.01146849476085516,0.011983525712549318,0.524060466926751,0.4883310570927755,0.012067586668425188,0.012067586668425188,0.011277474529498888,0.011274889356679075,0.011312664258965512,0.011312664258965512,0.011824184842709798,0.011826209314501984,0.012067586668425188,0.012067586668425188,0.011273380207600584,0.009424483165156625,0.01146849476085516,0.01146849476085516,0.010436920924799127,0.0090015876586612,0.8916789788590628,0.8383112294114644,0.01149080461647878,0.01149080461647878,0.012104526246465954,0.012100339847422184,0.010879989085000883,0.009753961627928302,0.899024752384371,0.8339590983931796
UL000581,228.0,0.10984521765833702,0.02353101351468899,0.2757719254573267,0.26242256238981115,0.01143439319959223,0.01143439319959223,0.02714445413887343,0.011640387125565506,0.011640387125565506,0.023564116049718583,0.011790837071913262,0.011788067635181344,0.02714445413887343,0.02714445413887343,0.010383194196087958,0.00860089052562958,0.9512788108429272,0.9063015735091796,0.011414252183723146,0.0114111415265457,0.02353101351468899,0.2757719254573267,0.26242256238981115,0.011766613619678177,0.011766613619678177,0.011480390546139118,0.011486208776769343,0.01163837113319664,0.01163837113319664,0.01158433922911524,0.011584544702100722,0.011766613619678177,0.011766613619678177,0.011213077914222868,0.008994138438024914,0.0114111415265457,0.0114111415265457,0.010383194196087958,0.00860089052562958,0.9512788108429272,0.9063015735091796,0.011640387125565506,0.011640387125565506,0.011790837071913262,0.011788067635181344,0.010653793049887313,0.008998677933406555,0.9480494403584946,0.8982701141944234
UL000585,192.0,0.06853110353169929,0.009760592905861178,0.07843235694647925,0.07197365643309322,0.011458506735841964,0.011458506735841964,0.011617102367322414,0.008307360729522631,0.008307360729522631,0.010435771360859146,0.011965692370036316,0.011969498370687365,0.011617102367322414,0.011617102367322414,0.008334436779957809,0.0071861330428085145,0.9131418638787568,0.8496407986550137,0.011423817209789508,0.01141816370761784,0.009760592905861178,0.07843235694647925,0.07197365643309322,0.012552177568992998,0.012552177568992998,0.008115266567033895,0.008111032868373955,0.00826343802875792,0.00826343802875792,0.011613034630359008,0.011611616553774294,0.012552177568992998,0.012552177568992998,0.01111357249132832,0.008273623717631682,0.01141816370761784,0.01141816370761784,0.008334436779957809,0.0071861330428085145,0.9131418638787568,0.8496407986550137,0.008307360729522631,0.008307360729522631,0.011965692370036316,0.011969498370687365,0.008873366797873365,0.007920320284737234,0.9155541763344042,0.853815231791135
UL000587,551.0,0.2875725367537534,0.02171780915008553,0.4178433728731816,0.4308223336998192,0.011890564677922733,0.011890564677922733,0.022199623943945854,0.011880732779981475,0.011880732779981475,0.02228005097327722,0.011899908890487173,0.011900611672199513,0.022199623943945854,0.022199623943945854,0.011834559726901731,0.01181725904368165,0.9829462281667969,0.9688171314925109,0.011869871691077422,0.011890794732549573,0.02171780915008553,0.4178433728731816,0.4308223336998192,0.011914156850664038,0.011914156850664038,0.01186313820858153,0.011871583007997125,0.011883662766428084,0.011883662766428084,0.01189065627924924,0.01189132631571963,0.011914156850664038,0.011914156850664038,0.011873566389999268,0.011871081301220292,0.011890794732549573,0.011890794732549573,0.011834559726901731,0.01181725904368165,0.9829462281667969,0.9688171314925109,0.011880732779981475,0.011880732779981475,0.011899908890487173,0.011900611672199513,0.011836503049079019,0.011820042835998764,0.9824056731253593,0.96810324900308
UL000593,192.0,0.07287941610634845,0.009571907336691887,0.1452321047683969,0.12773415352837866,0.008752562602450045,0.008752562602450045,0.010875248027746585,0.008034129501233734,0.008034129501233734,0.009690246584838176,0.009491360584151233,0.009493254959551901,0.010875248027746585,0.010875248027746585,0.007437919700575158,0.006395561103886944,0.930513586744818,0.8985950991712047,0.008708710831073762,0.008723127088043243,0.009571907336691887,0.1452321047683969,0.12773415352837866,0.009566972476366562,0.009566972476366562,0.007784250456749155,0.007786107845772627,0.008105759889663536,0.008105759889663536,0.009046046011149054,0.009048229411601412,0.009566972476366562,0.009566972476366562,0.008609719342592631,0.006928267340378977,0.008723127088043243,0.008723127088043243,0.007437919700575158,0.006395561103886944,0.930513586744818,0.8985950991712047,0.008034129501233734,0.008034129501233734,0.009491360584151233,0.009493254959551901,0.0077830797364933585,0.00676616432238799,0.9299498917951204,0.8965516107354436
UL000599,524.0,0.2648637215808557,0.022554556987985235,0.2371008932266479,0.23998658589392358,0.01138964449403858,0.01138964449403858,0.02329403157763185,0.01141460075986584,0.01141460075986584,0.022911507890701243,0.011398895398401712,0.011399437079031977,0.02329403157763185,0.02329403157763185,0.011306685276599454,0.01126673579454379,0.9690568163913792,0.9428455114257662,0.011366386603992735,0.011386676446758935,0.022554556987985235,0.2371008932266479,0.23998658589392358,0.011396660542656907,0.011396660542656907,0.011392258963540123,0.011401057113942133,0.011415352433435165,0.011415352433435165,0.011406371838372231,0.011406437333256593,0.011396660542656907,0.011396660542656907,0.011363476518300235,0.011333047608558293,0.011386676446758935,0.011386676446758935,0.011306685276599454,0.01126673579454379,0.9690568163913792,0.9428455114257662,0.01141460075986584,0.01141460075986584,0.011398895398401712,0.011399437079031977,0.011318171952920952,0.011279805064816432,0.9692108021254924,0.9436538174795053
UL001641,192.0,0.051296363872849866,0.00947398880004046,0.07248766524087398,0.06613149916330134,0.011928654458877882,0.011928654458877882,0.009565416197513705,0.010785123062827183,0.010785123062827183,0.009413551962223031,0.012492146285490113,0.012484011100036151,0.009565416197513705,0.009565416197513705,0.009242042954386647,0.008744779037501082,0.8476317205848248,0.8351281420092024,0.01194181386865277,0.011945135436667672,0.00947398880004046,0.07248766524087398,0.06613149916330134,0.0124596696841935,0.0124596696841935,0.010595118281249191,0.010603818617260488,0.010701728094326693,0.010701728094326693,0.012016532800846172,0.01202779333041055,0.0124596696841935,0.0124596696841935,0.01189745656742879,0.009205731411983487,0.011945135436667672,0.011945135436667672,0.009242042954386647,0.008744779037501082,0.8476317205848248,0.8351281420092024,0.010785123062827183,0.010785123062827183,0.012492146285490113,0.012484011100036151,0.009352189264215782,0.00862798447032957,0.8528914904620847,0.8412018413871604
UL001643,192.0,0.05792267836430942,0.009019007247766811,0.09293700530536654,0.09489353366929608,0.013548828076858352,0.013548828076858352,0.009120691648493398,0.012159279187315917,0.012159279187315917,0.008860005685423323,0.014826631615421129,0.014829692489880099,0.009120691648493398,0.009120691648493398,0.010875876239809025,0.01003509340955869,0.8226292999154877,0.7951641043129207,0.013517323152381286,0.013514614822951474,0.009019007247766811,0.09293700530536654,0.09489353366929608,0.01474518027942276,0.01474518027942276,0.012173440904853216,0.01217154491143399,0.01217650266134921,0.01217650266134921,0.014399106641343825,0.014397039172556176,0.01474518027942276,0.01474518027942276,0.0135016538955791,0.010514313207065253,0.013514614822951474,0.013514614822951474,0.010875876239809025,0.01003509340955869,0.8226292999154877,0.7951641043129207,0.012159279187315917,0.012159279187315917,0.014826631615421129,0.014829692489880099,0.011500532384242567,0.01023747700407796,0.8190145703418179,0.7973332107953909
UL001645,192.0,0.0766847403518304,0.009776739579886501,0.07468104495449024,0.06297453609083375,0.011825484036156601,0.011825484036156601,0.009976497203984079,0.011165391087277784,0.011165391087277784,0.009740257199596739,0.01229100001584562,0.012289600596185335,0.009976497203984079,0.009976497203984079,0.009683739046994972,0.008638132939709957,0.8339972597439211,0.7759700217442336,0.011913265747255106,0.01191067552809356,0.009776739579886501,0.07468104495449024,0.06297453609083375,0.012758432028079109,0.012758432028079109,0.01113516420515351,0.011136485932533038,0.01122106556408473,0.01122106556408473,0.01197631542839444,0.011972273767112504,0.012758432028079109,0.012758432028079109,0.011703258163368847,0.009433788195851233,0.01191067552809356,0.01191067552809356,0.009683739046994972,0.008638132939709957,0.8339972597439211,0.7759700217442336,0.011165391087277784,0.011165391087277784,0.01229100001584562,0.012289600596185335,0.01020479785540183,0.009047310335601124,0.8489207086630101,0.7909923082045364
UL001647,192.0,0.055421409219034164,0.01132420094010577,0.08980488142141659,0.0726100078069402,0.012031229971132986,0.012031229971132986,0.011832341026117783,0.011187784289039984,0.011187784289039984,0.01156281891616255,0.012044681271684864,0.012043335969423414,0.011832341026117783,0.011832341026117783,0.009878487518246363,0.009703298978132024,0.7736608382342857,0.7606070480099768,0.012055327684304824,0.012054593470369121,0.01132420094010577,0.08980488142141659,0.0726100078069402,0.012649436982345004,0.012649436982345004,0.011069761441142625,0.011095843276593867,0.01116468914691837,0.01116468914691837,0.011969562658875041,0.011959856228541378,0.012649436982345004,0.012649436982345004,0.01193066285858418,0.009909206356403149,0.012054593470369121,0.012054593470369121,0.009878487518246363,0.009703298978132024,0.7736608382342857,0.7606070480099768,0.011187784289039984,0.011187784289039984,0.012044681271684864,0.012043335969423414,0.009888642528482601,0.009732549145930499,0.7788383276058122,0.7595808098288727
UL001649,192.0,0.042392119740238494,0.008840519700251206,0.08664976576972705,0.07123535715605421,0.012034155164790573,0.012034155164790573,0.009069126938601913,0.01164949659391968,0.01164949659391968,0.00880398486130908,0.012777956739448265,0.012779993840223672,0.009069126938601913,0.009069126938601913,0.009970957651061612,0.009060516411814474,0.8219211374917895,0.7940965997839627,0.012005527885144229,0.011997996293349258,0.008840519700251206,0.08664976576972705,0.07123535715605421,0.013360235644947913,0.013360235644947913,0.011544113163215167,0.011539568263413862,0.01139322234157241,0.01139322234157241,0.012454002855314542,0.012459371622059815,0.013360235644947913,0.013360235644947913,0.011955202713414832,0.009511714959388854,0.011997996293349258,0.011997996293349258,0.009970957651061612,0.009060516411814474,0.8219211374917895,0.7940965997839627,0.01164949659391968,0.01164949659391968,0.012777956739448265,0.012779993840223672,0.010680176672435105,0.009881074692480434,0.8283758751396088,0.8005674584998045
UL001651,192.0,0.044035378555698106,0.008243217111181218,0.12037018939666089,0.09674780298272474,0.01120101212027236,0.01120101212027236,0.008641955402985643,0.012473175376429496,0.012473175376429496,0.008593059974871928,0.011857229513428443,0.011858915532979651,0.008641955402985643,0.008641955402985643,0.009860726159606295,0.009378981309512575,0.8659161179968818,0.8271021445965564,0.011162544613927674,0.011166238031814052,0.008243217111181218,0.12037018939666089,0.09674780298272474,0.012102375314421342,0.012102375314421342,0.012250129345284085,0.012250791223037577,0.012415462537457365,0.012415462537457365,0.011424514761187186,0.011420529916702426,0.012102375314421342,0.012102375314421342,0.01108524360036466,0.009663332974622631,0.011166238031814052,0.011166238031814052,0.009860726159606295,0.009378981309512575,0.8659161179968818,0.8271021445965564,0.012473175376429496,0.012473175376429496,0.011857229513428443,0.011858915532979651,0.010364727764395695,0.009710474609028881,0.8707964298117296,0.8369034088787735
UL001653,192.0,0.054071287097515464,0.008033467836543818,0.12426786661500022,0.1027157568541331,0.013058776914969551,0.013058776914969551,0.008252002440441868,0.011123287004703447,0.011123287004703447,0.008246541661604071,0.013275486273254339,0.013275370359377967,0.008252002440441868,0.008252002440441868,0.010942011002236412,0.010298629391300017,0.8291416067645464,0.7982785361476412,0.012982106783570722,0.01296759090479197,0.008033467836543818,0.12426786661500022,0.1027157568541331,0.013426740257654508,0.013426740257654508,0.011111154681013912,0.011108266321520932,0.011105250148013675,0.011105250148013675,0.013260192015135034,0.013261373749754264,0.013426740257654508,0.013426740257654508,0.012676214614481525,0.01113450550499654,0.01296759090479197,0.01296759090479197,0.010942011002236412,0.010298629391300017,0.8291416067645464,0.7982785361476412,0.011123287004703447,0.011123287004703447,0.013275486273254339,0.013275370359377967,0.011331866501001804,0.010406205015917472,0.8415664750260103,0.8041183922019091
UL001655,192.0,0.06174262098016828,0.01041441969378754,0.09138460072727665,0.07705086288860558,0.015785312933337445,0.015785312933337445,0.011025099023020339,0.013112843871823517,0.013112843871823517,0.01022946998384393,0.01645800427128991,0.0164556435719168,0.011025099023020339,0.011025099023020339,0.011698088634739283,0.011449257031191151,0.7537423505491884,0.7360460971404886,0.01575039472511995,0.015753754156032085,0.01041441969378754,0.09138460072727665,0.07705086288860558,0.016443182723466534,0.016443182723466534,0.012859311238422226,0.012860070507984012,0.013088851609805696,0.013088851609805696,0.01630228819994655,0.016314339982968256,0.016443182723466534,0.016443182723466534,0.015576003129070266,0.012324206176357223,0.015753754156032085,0.015753754156032085,0.011698088634739283,0.011449257031191151,0.7537423505491884,0.7360460971404886,0.013112843871823517,0.013112843871823517,0.01645800427128991,0.0164556435719168,0.011682101088494531,0.011036236413852797,0.7541405680724389,0.7354679937972403
UL001665,192.0,0.07275916341350201,0.016126077516941787,0.10503698379144015,0.08242933251454392,0.012328128513680689,0.012328128513680689,0.015715587683598802,0.013769856461077134,0.013769856461077134,0.015848629188075104,0.01241602022833544,0.012415113038176141,0.015715587683598802,0.015715587683598802,0.010133865168814553,0.009649201726926463,0.8318555951066494,0.7882346312360194,0.012504962754289013,0.012517939595358558,0.016126077516941787,0.10503698379144015,0.08242933251454392,0.012739389582677835,0.012739389582677835,0.013304580347471869,0.013308295932908956,0.013953555486997095,0.013953555486997095,0.01226086977202876,0.012252262100294209,0.012739389582677835,0.012739389582677835,0.012307730957678198,0.010148924981126581,0.012517939595358558,0.012517939595358558,0.010133865168814553,0.009649201726926463,0.8318555951066494,0.7882346312360194,0.013769856461077134,0.013769856461077134,0.01241602022833544,0.012415113038176141,0.010454745383579248,0.009968775879740922,0.8346085111191829,0.7986364263168375
UL001667,194.0,0.08962864083246447,0.021842066837719123,0.09223843654073838,0.0822851629737163,0.011331999365421279,0.011331999365421279,0.021357051245647622,0.010629604731400462,0.010629604731400462,0.02050117879481517,0.012024474772298092,0.012041871184447462,0.021357051245647622,0.021357051245647622,0.009266913964509115,0.008493303269776402,0.8369317062460724,0.8239281640924351,0.011354312857580776,0.011368350009372268,0.021842066837719123,0.09223843654073838,0.0822851629737163,0.012381984672367933,0.012381984672367933,0.010282986419134174,0.010281553495841903,0.0105787729648227,0.0105787729648227,0.011731734601333869,0.011736958247627587,0.012381984672367933,0.012381984672367933,0.011192296446400473,0.00911192267968197,0.011368350009372268,0.011368350009372268,0.009266913964509115,0.008493303269776402,0.8369317062460724,0.8239281640924351,0.010629604731400462,0.010629604731400462,0.012024474772298092,0.012041871184447462,0.00957959063585263,0.00873707981548515,0.83354647387315,0.8164213504782188
UL001669,192.0,0.3494460740546133,0.013725074927502627,0.102287222882881,0.07390579797337336,0.012712840660008363,0.012712840660008363,0.014533505815134613,0.01306919150307969,0.01306919150307969,0.013393007479285318,0.013142400786498658,0.013140388658401739,0.014533505815134613,0.014533505815134613,0.011164972530986255,0.010490426574001196,0.8268396019740929,0.7735189097274856,0.012673950949157783,0.012678136763483524,0.013725074927502627,0.102287222882881,0.07390579797337336,0.013427333332180436,0.013427333332180436,0.012707057125768884,0.012706379898275721,0.013038921215293507,0.013038921215293507,0.012764964752125697,0.012763241539883898,0.013427333332180436,0.013427333332180436,0.01257905703611849,0.010829215831812672,0.012678136763483524,0.012678136763483524,0.011164972530986255,0.010490426574001196,0.8268396019740929,0.7735189097274856,0.01306919150307969,0.01306919150307969,0.013142400786498658,0.013140388658401739,0.011378710222079737,0.010764868555627397,0.833256973600403,0.7783888792020992
UL001671,192.0,0.0829427416466657,0.010022659126513676,0.15368380400230627,0.13286730894349694,0.01301130344812653,0.01301130344812653,0.01087975853174223,0.012307115024394645,0.012307115024394645,0.010154956860367733,0.01295426115485161,0.01295241366600442,0.01087975853174223,0.01087975853174223,0.011238020683948552,0.010556696360836641,0.7988964881834666,0.7715377147116961,0.012947065127173559,0.012947435088250784,0.010022659126513676,0.15368380400230627,0.13286730894349694,0.013575397576587921,0.013575397576587921,0.012116119543402462,0.012118499987374966,0.012381958711313215,0.012381958711313215,0.012815370079458635,0.012819649311541384,0.013575397576587921,0.013575397576587921,0.012777708078724704,0.011006004082515257,0.012947435088250784,0.012947435088250784,0.011238020683948552,0.010556696360836641,0.7988964881834666,0.7715377147116961,0.012307115024394645,0.012307115024394645,0.01295426115485161,0.01295241366600442,0.011533144953375653,0.011005526852037026,0.810036630463067,0.7791086629586097
UL001673,192.0,0.050598646625521514,0.009424101228860825,0.1090503757816808,0.08779123898566481,0.014039514606658199,0.014039514606658199,0.009529545480687414,0.013988949022570802,0.013988949022570802,0.00968462307409809,0.014887408446829233,0.014883741057362893,0.009529545480687414,0.009529545480687414,0.011399483471255628,0.010919217604395529,0.8179684384069126,0.7667870955281875,0.014125201526831997,0.01412847564025784,0.009424101228860825,0.1090503757816808,0.08779123898566481,0.015360357982797716,0.015360357982797716,0.013530816204868743,0.01352564533008666,0.014099122619908614,0.014099122619908614,0.014724734423105111,0.014722097086811582,0.015360357982797716,0.015360357982797716,0.013928813789304785,0.011726082955684308,0.01412847564025784,0.01412847564025784,0.011399483471255628,0.010919217604395529,0.8179684384069126,0.7667870955281875,0.013988949022570802,0.013988949022570802,0.014887408446829233,0.014883741057362893,0.011937334529509519,0.010948488245577453,0.814441294458489,0.7715263779191911
UL001675,192.0,0.04616140849859406,0.009569821002459,0.12589386749372586,0.09573800514392451,0.01427475313557479,0.01427475313557479,0.009598842352389251,0.010791218665293064,0.010791218665293064,0.009343025335938905,0.014765379387839617,0.014762187258584504,0.009598842352389251,0.009598842352389251,0.011013368348753707,0.01044321685064286,0.8286085752445339,0.8081041446328389,0.014176617459639405,0.014177810194107868,0.009569821002459,0.12589386749372586,0.09573800514392451,0.014813854431510759,0.014813854431510759,0.010637481905469743,0.01065379572702462,0.010986648570221141,0.010986648570221141,0.014421594717922785,0.014418695312994688,0.014813854431510759,0.014813854431510759,0.013909500286183374,0.011049643385522027,0.014177810194107868,0.014177810194107868,0.011013368348753707,0.01044321685064286,0.8286085752445339,0.8081041446328389,0.010791218665293064,0.010791218665293064,0.014765379387839617,0.014762187258584504,0.011458979220773463,0.011061356503478564,0.8336583559512626,0.8071886495251978
UL001677,192.0,0.04112240961814746,0.009781575050583786,0.1007372525021955,0.08381738057572095,0.013823825623897107,0.013823825623897107,0.010308665814832368,0.012473241276156684,0.012473241276156684,0.009873989234059766,0.01437111142291131,0.014369756565329968,0.010308665814832368,0.010308665814832368,0.010842868881939709,0.009788679072350556,0.8159383924905835,0.781163307813962,0.013797175991648503,0.013813170074631726,0.009781575050583786,0.1007372525021955,0.08381738057572095,0.01516746080918521,0.01516746080918521,0.012340719688296557,0.01235259826287158,0.012483109107713894,0.012483109107713894,0.014359029665340932,0.014359555936007587,0.01516746080918521,0.01516746080918521,0.013685092352913755,0.01035044578593217,0.013813170074631726,0.013813170074631726,0.010842868881939709,0.009788679072350556,0.8159383924905835,0.781163307813962,0.012473241276156684,0.012473241276156684,0.01437111142291131,0.014369756565329968,0.011264698100682665,0.01026692822238752,0.8306710946878563,0.7928212397081964
UL001679,992.0,0.35363192767863405,0.045960059707098634,0.32334334130551,0.36439190019977796,0.021835581093035475,0.021835581093035475,0.04558531707392971,0.021905324904466977,0.021905324904466977,0.045765204267276906,0.021843174754027438,0.02184384891986949,0.04558531707392971,0.04558531707392971,0.02175096126843761,0.02171726250442688,0.9664265563109296,0.9618725319771774,0.021781386291738987,0.02183137186394026,0.045960059707098634,0.32334334130551,0.36439190019977796,0.02183156520235589,0.02183156520235589,0.02187708137811835,0.02190798588000516,0.021902041813809125,0.021902041813809125,0.021858691306840584,0.021859882975726025,0.02183156520235589,0.02183156520235589,0.021780444584578215,0.021792955256544365,0.02183137186394026,0.02183137186394026,0.02175096126843761,0.02171726250442688,0.9664265563109296,0.9618725319771774,0.021905324904466977,0.021905324904466977,0.021843174754027438,0.02184384891986949,0.02175640668656553,0.021738406769400247,0.9660023253038322,0.9615886558956704
UL001713,228.0,0.12991128017768624,0.009938630080972524,0.17365771337947059,0.16134825141807357,0.015016678928985172,0.015016678928985172,0.010499697018521182,0.013550835887421253,0.013550835887421253,0.009970361748917939,0.015396878410214627,0.015391556390351988,0.010499697018521182,0.010499697018521182,0.01241606110728622,0.01066633192067263,0.8559325231250817,0.8432395683923817,0.015011048768471803,0.01501574510618768,0.009938630080972524,0.17365771337947059,0.16134825141807357,0.015228358148628253,0.015228358148628253,0.013260249585453035,0.013267412681507626,0.013523892312418262,0.013523892312418262,0.015115260833858534,0.015120041565473663,0.015228358148628253,0.015228358148628253,0.014772961153149246,0.011557546935503116,0.01501574510618768,0.01501574510618768,0.01241606110728622,0.01066633192067263,0.8559325231250817,0.8432395683923817,0.013550835887421253,0.013550835887421253,0.015396878410214627,0.015391556390351988,0.012475099030973637,0.011182241374077485,0.84623850253673,0.832127162701004
UL001717,226.0,0.10478188857704196,0.0392665991915503,0.4590552720504534,0.4413001392818612,0.01154462582004177,0.01154462582004177,0.12028599930492201,0.013397107651616225,0.013397107651616225,0.042212153913195265,0.012049288634717884,0.012046676006124756,0.12028599930492201,0.12028599930492201,0.010314222938116943,0.008656099027993828,0.9695725698788638,0.9354814467053189,0.011497280086399332,0.011502081448716518,0.0392665991915503,0.4590552720504534,0.4413001392818612,0.012991642660099863,0.012991642660099863,0.01310065644568684,0.013092711928966301,0.01347051010259174,0.01347051010259174,0.011749907954924041,0.011750917490412781,0.012991642660099863,0.012991642660099863,0.011361643779811961,0.00901855162019593,0.011502081448716518,0.011502081448716518,0.010314222938116943,0.008656099027993828,0.9695725698788638,0.9354814467053189,0.013397107651616225,0.013397107651616225,0.012049288634717884,0.012046676006124756,0.01146838912098596,0.009991547143421275,0.9718633460050806,0.9343141255213241
UL001719,207.0,0.10233962838030888,0.017375258162190307,0.4869999053171317,0.4449330809754321,0.012734365665309038,0.012734365665309038,0.019902920716836844,0.011035559691626095,0.011035559691626095,0.01712431885150424,0.01347446840980681,0.013473176415977083,0.019902920716836844,0.019902920716836844,0.010204606460678747,0.00899568553602608,0.8396922205108966,0.8126425778996922,0.012702577686915899,0.012701317954293967,0.017375258162190307,0.4869999053171317,0.4449330809754321,0.012954026396388303,0.012954026396388303,0.01109277133150782,0.011086451626126658,0.011168425625097874,0.011168425625097874,0.013093212349077983,0.013098064922916016,0.012954026396388303,0.012954026396388303,0.012595319324857827,0.009704969014143089,0.012701317954293967,0.012701317954293967,0.010204606460678747,0.00899568553602608,0.8396922205108966,0.8126425778996922,0.011035559691626095,0.011035559691626095,0.01347446840980681,0.013473176415977083,0.010242140379189036,0.009047078729428339,0.8382591993544495,0.8142235874814864
UL001765,193.0,0.05630667676041619,0.01865429152481337,0.13922942027314003,0.11647324372030142,0.011710076068293525,0.011710076068293525,0.017904006280911888,0.01118941569459354,0.01118941569459354,0.01644655439392592,0.012238152056995579,0.01224397343333494,0.017904006280911888,0.017904006280911888,0.010072227419204993,0.009304631631701385,0.822122025542556,0.7791036646731069,0.01170014459179016,0.011708996146370634,0.01865429152481337,0.13922942027314003,0.11647324372030142,0.012749245450450093,0.012749245450450093,0.0109866220335734,0.010990425189605309,0.011168757872413972,0.011168757872413972,0.012096817018548683,0.012093995321294237,0.012749245450450093,0.012749245450450093,0.011548499113344058,0.009844770256937238,0.011708996146370634,0.011708996146370634,0.010072227419204993,0.009304631631701385,0.822122025542556,0.7791036646731069,0.01118941569459354,0.01118941569459354,0.012238152056995579,0.01224397343333494,0.010425287806456884,0.009512686596926887,0.8243465181194229,0.7840459652602204
UL001769,194.0,0.12033465799401351,0.023581154697742704,0.14981594141526117,0.13073786554574085,0.013620578036579054,0.013620578036579054,0.02378438752463761,0.014219488741752334,0.014219488741752334,0.023795303057204526,0.013793617892462466,0.013791463596761455,0.02378438752463761,0.02378438752463761,0.011296956334713247,0.01047746505129534,0.8011966351506178,0.7800880876345535,0.013793999820359363,0.013802103311148844,0.023581154697742704,0.14981594141526117,0.13073786554574085,0.014157400376157894,0.014157400376157894,0.014329708297548397,0.014330322616557704,0.014151357206113041,0.014151357206113041,0.01357998741944668,0.013585168675199467,0.014157400376157894,0.014157400376157894,0.013599658129967959,0.010888419339368651,0.013802103311148844,0.013802103311148844,0.011296956334713247,0.01047746505129534,0.8011966351506178,0.7800880876345535,0.014219488741752334,0.014219488741752334,0.013793617892462466,0.013791463596761455,0.011609721000821112,0.01068239479541225,0.8042372202269812,0.7899430942024095
UL001771,192.0,0.12240109327581511,0.020155747752044303,0.3211459730136916,0.28071737634084487,0.013710022142125975,0.013710022142125975,0.02290032791222163,0.013155368320448063,0.013155368320448063,0.02137760366414315,0.014911014003843925,0.01490936764569842,0.02290032791222163,0.02290032791222163,0.010958404100567703,0.01025921960163987,0.8353567166910586,0.8048504026194929,0.013609207532790484,0.013610196726094217,0.020155747752044303,0.3211459730136916,0.28071737634084487,0.014982398343815206,0.014982398343815206,0.012983265974506204,0.01299511450831989,0.012948065359682015,0.012948065359682015,0.014426862923574056,0.01443067584284464,0.014982398343815206,0.014982398343815206,0.013454117288644131,0.010882770473551462,0.013610196726094217,0.013610196726094217,0.010958404100567703,0.01025921960163987,0.8353567166910586,0.8048504026194929,0.013155368320448063,0.013155368320448063,0.014911014003843925,0.01490936764569842,0.011412981626566523,0.010570856833940767,0.8363456538327676,0.801117427043435
UL001781,320.0,0.15198553006347987,0.015674568790600377,0.15638479692890836,0.15420122710819145,0.009681470545801358,0.009681470545801358,0.015496395107557442,0.009455410854609617,0.009455410854609617,0.015444926377084254,0.009815237517812244,0.009814195186191036,0.015496395107557442,0.015496395107557442,0.009098507201374645,0.008765252926885056,0.9110678803443738,0.8886515637538837,0.009669378755664239,0.009672782019874097,0.015674568790600377,0.15638479692890836,0.15420122710819145,0.009820417023276806,0.009820417023276806,0.009405160458114849,0.009407745638194909,0.009445145942647533,0.009445145942647533,0.009754191246400595,0.009751655113582048,0.009820417023276806,0.009820417023276806,0.00962832183549617,0.008951888107077904,0.009672782019874097,0.009672782019874097,0.009098507201374645,0.008765252926885056,0.9110678803443738,0.8886515637538837,0.009455410854609617,0.009455410854609617,0.009815237517812244,0.009814195186191036,0.009139937732394899,0.008731616045545083,0.911091585915691,0.8888182846152765
UL001785,187.0,0.05519893418268439,0.008539465455188076,0.3110207293880363,0.2740158200190036,0.011963701759013927,0.011963701759013927,0.009038540810187345,0.009363340237836979,0.009363340237836979,0.008288682590287234,0.01298047046443265,0.012983107715995016,0.009038540810187345,0.009038540810187345,0.010390918997109661,0.009580241371603892,0.8135614604912781,0.795765722051246,0.011983161189446334,0.011983731767199553,0.008539465455188076,0.3110207293880363,0.2740158200190036,0.013199201940361782,0.013199201940361782,0.009193923391945377,0.009196373434225571,0.009413566105723118,0.009413566105723118,0.012556362126693423,0.01254350074396368,0.013199201940361782,0.013199201940361782,0.011813718035217958,0.009805650996648166,0.011983731767199553,0.011983731767199553,0.010390918997109661,0.009580241371603892,0.8135614604912781,0.795765722051246,0.009363340237836979,0.009363340237836979,0.01298047046443265,0.012983107715995016,0.010715453883190808,0.00996727318908556,0.81623371888075,0.7974152674736469
UL001787,190.0,0.052914894440391116,0.009009204993849145,0.331155080078907,0.2944336921135804,0.014117241422856131,0.014117241422856131,0.009869431283627151,0.013801799068883881,0.013801799068883881,0.008970311679392903,0.015258049485606206,0.015253988279955676,0.009869431283627151,0.009869431283627151,0.011407115261596951,0.010924099532043671,0.8212709105069321,0.7835038638508484,0.014120333371243007,0.01412837208663098,0.009009204993849145,0.331155080078907,0.2944336921135804,0.015857306214597938,0.015857306214597938,0.013793788801829002,0.01378948667574898,0.013793922289729066,0.013793922289729066,0.014628093661816945,0.014627482499071798,0.015857306214597938,0.015857306214597938,0.01399435386795363,0.011523554718076697,0.01412837208663098,0.01412837208663098,0.011407115261596951,0.010924099532043671,0.8212709105069321,0.7835038638508484,0.013801799068883881,0.013801799068883881,0.015258049485606206,0.015253988279955676,0.011778422379796458,0.011168314778674715,0.8178742415192238,0.7827712477526729
UL001789,192.0,0.06760048586128253,0.009176604146403904,0.10336077077785434,0.08374298375330565,0.011869532385710603,0.011869532385710603,0.009478572964636087,0.010180618145266784,0.010180618145266784,0.009283105781417821,0.012492735228543434,0.01249289501866443,0.009478572964636087,0.009478572964636087,0.009956715447478616,0.009693196791538421,0.8024813157783223,0.7815698689344299,0.0117903231761848,0.011792721542769238,0.009176604146403904,0.10336077077785434,0.08374298375330565,0.012796289307489798,0.012796289307489798,0.009944886098055434,0.009943976625268866,0.010114557954549538,0.010114557954549538,0.012155668521310411,0.012158353648970796,0.012796289307489798,0.012796289307489798,0.011568171104694741,0.010024897423454427,0.011792721542769238,0.011792721542769238,0.009956715447478616,0.009693196791538421,0.8024813157783223,0.7815698689344299,0.010180618145266784,0.010180618145266784,0.012492735228543434,0.01249289501866443,0.010486145437921299,0.010026642951028033,0.8018700416415437,0.7868997240070601
UL001791,192.0,0.05810191341295489,0.009479475024150256,0.10172457948830659,0.09035980188716074,0.014511706928020564,0.014511706928020564,0.010213554536444071,0.011743892700334194,0.011743892700334194,0.010027796026424368,0.01527418524671706,0.015271309004996516,0.010213554536444071,0.010213554536444071,0.011776219955339078,0.010213112039167478,0.7868256350436357,0.7784753192886158,0.014447798571951373,0.01443939247265115,0.009479475024150256,0.10172457948830659,0.09035980188716074,0.015000975475414539,0.015000975475414539,0.011549397112639375,0.011549204669915948,0.011855096758752263,0.011855096758752263,0.014757753903774212,0.014760464432147796,0.015000975475414539,0.015000975475414539,0.014327823144050823,0.010944082488758514,0.01443939247265115,0.01443939247265115,0.011776219955339078,0.010213112039167478,0.7868256350436357,0.7784753192886158,0.011743892700334194,0.011743892700334194,0.01527418524671706,0.015271309004996516,0.011980193063053673,0.010692755002880167,0.8005807744555121,0.7878719331617745
UL001793,192.0,0.08116161157132594,0.011281065103588303,0.09144401958575697,0.08271589017729937,0.015479118558495833,0.015479118558495833,0.011358511970505731,0.012644427942111973,0.012644427942111973,0.011412897043853782,0.017091456587844625,0.017074365546235266,0.011358511970505731,0.011358511970505731,0.010854958143369923,0.010067940311456747,0.8353878325383035,0.8039544950955473,0.015582250741723987,0.015581676055899546,0.011281065103588303,0.09144401958575697,0.08271589017729937,0.01769576278560746,0.01769576278560746,0.012655737085821378,0.012663896334926615,0.012674433406686676,0.012674433406686676,0.01644857157496135,0.016448662822409293,0.01769576278560746,0.01769576278560746,0.015234522295831903,0.011136754176385938,0.015581676055899546,0.015581676055899546,0.010854958143369923,0.010067940311456747,0.8353878325383035,0.8039544950955473,0.012644427942111973,0.012644427942111973,0.017091456587844625,0.017074365546235266,0.011479519876772289,0.010627424500101778,0.8344616150268124,0.804468998942708
UL001795,191.0,0.09335733098087579,0.010259305818501449,0.11500207282323723,0.1020173362215122,0.012970478887541137,0.012970478887541137,0.010809173991336999,0.011006511157171937,0.011006511157171937,0.010383411734175823,0.012867416700132256,0.012865306178203405,0.010809173991336999,0.010809173991336999,0.010391775600874958,0.00969937845993585,0.9204927182661575,0.8785648585313288,0.0129613473576438,0.012957889570431402,0.010259305818501449,0.11500207282323723,0.1020173362215122,0.013110565313652909,0.013110565313652909,0.010882863523500938,0.01088625495349976,0.010995242179572321,0.010995242179572321,0.012795387900161766,0.012801306716943808,0.013110565313652909,0.013110565313652909,0.012689516939028807,0.010302913068517033,0.012957889570431402,0.012957889570431402,0.010391775600874958,0.00969937845993585,0.9204927182661575,0.8785648585313288,0.011006511157171937,0.011006511157171937,0.012867416700132256,0.012865306178203405,0.010680795722128425,0.009845355192680004,0.9049058658078688,0.8681535966150398
UL001797,193.0,0.07253126798164307,0.010007461987467763,0.08886761771499002,0.08116245888532127,0.01214360169103636,0.01214360169103636,0.010299115801527895,0.015213266146213773,0.015213266146213773,0.010084588924986128,0.01269564020382965,0.012688610411923035,0.010299115801527895,0.010299115801527895,0.0103116352445758,0.009550466601590282,0.8478203573587767,0.8091696392606408,0.01197943490822838,0.011989485488354979,0.010007461987467763,0.08886761771499002,0.08116245888532127,0.013222493852653006,0.013222493852653006,0.014484486459226613,0.014504277114683346,0.015327176997061895,0.015327176997061895,0.012189744931981621,0.012193239577744281,0.013222493852653006,0.013222493852653006,0.011927995004472374,0.010037353329177694,0.011989485488354979,0.011989485488354979,0.0103116352445758,0.009550466601590282,0.8478203573587767,0.8091696392606408,0.015213266146213773,0.015213266146213773,0.01269564020382965,0.012688610411923035,0.01088076752771353,0.010182103692997031,0.8538810887843842,0.8185619824049228
UL001799,192.0,0.05459112036516844,0.009972556735441103,0.11057975956494781,0.0955505174559032,0.01292902715994121,0.01292902715994121,0.01098618613066188,0.01084286745683459,0.01084286745683459,0.00980399576577952,0.013338377403075375,0.013333731612113093,0.01098618613066188,0.01098618613066188,0.010842357835181496,0.010594115272187683,0.8465800663631123,0.8098904974322342,0.012928549582667497,0.012924644562081382,0.009972556735441103,0.11057975956494781,0.0955505174559032,0.013788093781360667,0.013788093781360667,0.010630740333118832,0.010645155311339133,0.010836524379364965,0.010836524379364965,0.01313318571496789,0.013133801870034307,0.013788093781360667,0.013788093781360667,0.012900443628727129,0.011106269002619483,0.012924644562081382,0.012924644562081382,0.010842357835181496,0.010594115272187683,0.8465800663631123,0.8098904974322342,0.01084286745683459,0.01084286745683459,0.013338377403075375,0.013333731612113093,0.010887937619636906,0.010425201626060953,0.8525202859605888,0.8234271827558907
Mean mAP,113.34020618556701,0.10594830182412261,0.010161941598130986,0.1266319537920906,0.11604942409497367,0.018660269693220377,0.018660269693220377,0.013780712009090387,0.015519446685663433,0.015519446685663433,0.011713495342398194,0.018983197666909906,0.018981751606204793,0.013780712009090387,0.013780712009090387,0.011782776172094353,0.012808763336992436,0.6375229279712827,0.6164430371574298,0.019094087632645133,0.01909405442058153,0.010161941598130986,0.1266319537920906,0.11604942409497367,0.020357295872886105,0.020357295872886105,0.015918881963929935,0.01592084319269549,0.016099558915395936,0.016099558915395936,0.018569370030166826,0.018569081519959073,0.020357295872886105,0.020357295872886105,0.018401564427907198,0.015064158260772368,0.01909405442058153,0.01909405442058153,0.011782776172094353,0.012808763336992436,0.6375229279712827,0.6164430371574298,0.015519446685663433,0.015519446685663433,0.018983197666493958,0.018981751606204793,0.012179071215150671,0.013170620817103953,0.6379981777733318,0.6172157330377408
