Label,Number of Queries,mAP (Embeddings_Raw),mAP (Embeddings_Raw__Int),mAP (Embeddings_Raw__Res11),mAP (Embeddings_Raw__Res01),mAP (Embeddings_Raw__ZCA_N_C),mAP (Embeddings_Raw__ZCA_C),mAP (Embeddings_Raw__rZMs_C),mAP (Embeddings_Raw__Int__ZCA_N_C),mAP (Embeddings_Raw__Int__ZCA_C),mAP (Embeddings_Raw__Int__rZMs_C),mAP (Embeddings_Raw__Res11__ZCA_C),mAP (Embeddings_Raw__Res01__ZCA_C),mAP (Embeddings_Raw__Res11__rZMs_C),mAP (Embeddings_Raw__Res01__rZMs_C),mAP (Embeddings_Raw__ZCA_N_C__Int),mAP (Embeddings_Raw__ZCA_C__Int),mAP (Embeddings_Raw__ZCA_C__Res11),mAP (Embeddings_Raw__ZCA_C__Res01),mAP (Embeddings_Raw__ZCA_N_C__rZMs_C),mAP (Embeddings_Raw__ZCA_C__rZMs_C),mAP (Embeddings_Raw__rZMs_C__Int),mAP (Embeddings_Raw__rZMs_C__Res11),mAP (Embeddings_Raw__rZMs_C__Res01),mAP (Embeddings_Raw__rZMs_C__ZCA_N_C),mAP (Embeddings_Raw__rZMs_C__ZCA_C),mAP (Embeddings_Raw__Int__ZCA_N_C__rZMs_C),mAP (Embeddings_Raw__Int__ZCA_C__rZMs_C),mAP (Embeddings_Raw__Int__rZMs_C__ZCA_N_C),mAP (Embeddings_Raw__Int__rZMs_C__ZCA_C),mAP (Embeddings_Raw__Res11__ZCA_C__rZMs_C),mAP (Embeddings_Raw__Res01__ZCA_C__rZMs_C),mAP (Embeddings_Raw__Res11__rZMs_C__ZCA_C),mAP (Embeddings_Raw__Res01__rZMs_C__ZCA_C),mAP (Embeddings_Raw__ZCA_N_C__Int__rZMs_C),mAP (Embeddings_Raw__ZCA_C__Int__rZMs_C),mAP (Embeddings_Raw__ZCA_C__Res11__rZMs_C),mAP (Embeddings_Raw__ZCA_C__Res01__rZMs_C),mAP (Embeddings_Raw__ZCA_N_C__rZMs_C__Int),mAP (Embeddings_Raw__ZCA_C__rZMs_C__Int),mAP (Embeddings_Raw__ZCA_C__rZMs_C__Res11),mAP (Embeddings_Raw__ZCA_C__rZMs_C__Res01),mAP (Embeddings_Raw__rZMs_C__Int__ZCA_N_C),mAP (Embeddings_Raw__rZMs_C__Int__ZCA_C),mAP (Embeddings_Raw__rZMs_C__Res11__ZCA_C),mAP (Embeddings_Raw__rZMs_C__Res01__ZCA_C),mAP (Embeddings_Raw__rZMs_C__ZCA_N_C__Int),mAP (Embeddings_Raw__rZMs_C__ZCA_C__Int),mAP (Embeddings_Raw__rZMs_C__ZCA_C__Res11),mAP (Embeddings_Raw__rZMs_C__ZCA_C__Res01)
1053597950,64.0,0.03027198457772301,0.0020192631215870762,0.029356184132891087,0.023627292391558405,0.01058825382258583,0.01058825382258583,0.002912278986865419,0.008310135365943855,0.008310135365943855,0.002614900057526331,0.010216183443957891,0.01021638948536542,0.002912278986865419,0.002912278986865419,0.006786745579493892,0.007055214613289064,0.45318263360458927,0.4097328591144645,0.010876338968859735,0.01087532664109425,0.0020192631215870762,0.029356184132891087,0.023627292391558405,0.011764628076269346,0.011764628076269346,0.009909251807198052,0.009910451406422984,0.009600152658236044,0.009600152658236044,0.009684170754341534,0.00968438109119062,0.011764628076269346,0.011764628076269346,0.010898809000265686,0.009977164044952079,0.01087532664109425,0.01087532664109425,0.006786745579493892,0.007055214613289064,0.45318263360458927,0.4097328591144645,0.008310135365943855,0.008310135365943855,0.010216183443957891,0.01021638948536542,0.006200538623826446,0.007072589161830425,0.4484411318965326,0.40272244841794125
1053597981,64.0,0.05149981852484178,0.002478646272275447,0.06260054687584914,0.04127225963361288,0.013971881591692487,0.013971881591692487,0.0030749727442699174,0.011164132289607467,0.011164132289607467,0.0026391411666898752,0.011836851233735754,0.01183862254009785,0.0030749727442699174,0.0030749727442699174,0.00875798418474005,0.008840617114618948,0.4560480750491672,0.4324327339873174,0.013687931551017588,0.01369053374419992,0.002478646272275447,0.06260054687584914,0.04127225963361288,0.01547791201368033,0.01547791201368033,0.013620566239907718,0.013612321057025213,0.01340883283699207,0.01340883283699207,0.013285677109767852,0.013284489763939115,0.01547791201368033,0.01547791201368033,0.013120479420226393,0.011892810096030841,0.01369053374419992,0.01369053374419992,0.00875798418474005,0.008840617114618948,0.4560480750491672,0.4324327339873174,0.011164132289607467,0.011164132289607467,0.011836851233735754,0.01183862254009785,0.00872331625066728,0.008624818939160134,0.4793341268568915,0.4440837083643772
1053597998,64.0,0.0315815728776097,0.0023294219948848567,0.04886404243341414,0.0455553569363041,0.02068148553162394,0.02068148553162394,0.004470086082942936,0.01678642998041681,0.01678642998041681,0.0036323953364677383,0.018666904397237227,0.01865871107877857,0.004470086082942936,0.004470086082942936,0.010450484522031548,0.01127028096055079,0.500159136558293,0.4573058004818027,0.022479621058065852,0.022483309902726907,0.0023294219948848567,0.04886404243341414,0.0455553569363041,0.02229923395610716,0.02229923395610716,0.017494744111352382,0.017444163400072155,0.017803312224765885,0.017803312224765885,0.016923450640217965,0.016923527155180845,0.02229923395610716,0.02229923395610716,0.021957543601619965,0.018964810592391686,0.022483309902726907,0.022483309902726907,0.010450484522031548,0.01127028096055079,0.500159136558293,0.4573058004818027,0.01678642998041681,0.01678642998041681,0.018666904397237227,0.01865871107877857,0.009829889000053852,0.010402226404567517,0.48577828757058855,0.44554945393448375
1053599589,64.0,0.028405801778880975,0.002420028005094937,0.05904712960109388,0.0365363091041257,0.015793390241616505,0.015793390241616505,0.004203033238219006,0.009145353189856228,0.009145353189856228,0.003496435026384232,0.014080836143797239,0.014204594046091916,0.004203033238219006,0.004203033238219006,0.005681260360537383,0.007223642368344401,0.40028370953266684,0.34940185934644363,0.017679829806064137,0.017682623067049184,0.002420028005094937,0.05904712960109388,0.0365363091041257,0.01763963942838285,0.01763963942838285,0.009996068787684408,0.009994830101871037,0.010549979113847606,0.010549979113847606,0.012430389748049333,0.012431194467159904,0.01763963942838285,0.01763963942838285,0.01625578501908448,0.012783171526284153,0.017682623067049184,0.017682623067049184,0.005681260360537383,0.007223642368344401,0.40028370953266684,0.34940185934644363,0.009145353189856228,0.009145353189856228,0.014080836143797239,0.014204594046091916,0.004508580830854352,0.005921862219523331,0.38611805875351474,0.34368016602842716
1053599619,64.0,0.03367190795414532,0.002614687479065677,0.03187198114913931,0.026630724518559176,0.017962893770326775,0.017962893770326775,0.00394496915913584,0.013587242325837634,0.013587242325837634,0.0032669868169252847,0.017376822949241564,0.017379759292655263,0.00394496915913584,0.00394496915913584,0.010669234953210571,0.011287226776540127,0.47624534224782294,0.42151626193466074,0.020275159733320492,0.020330615149650344,0.002614687479065677,0.03187198114913931,0.026630724518559176,0.019942644667148724,0.019942644667148724,0.014295847923242289,0.014295746029664816,0.013906126251206522,0.013906126251206522,0.016046199063778094,0.016048751861371894,0.019942644667148724,0.019942644667148724,0.01840071113931412,0.015520148253460885,0.020330615149650344,0.020330615149650344,0.010669234953210571,0.011287226776540127,0.47624534224782294,0.42151626193466074,0.013587242325837634,0.013587242325837634,0.017376822949241564,0.017379759292655263,0.009290264272354421,0.010201801462255588,0.4594173841394764,0.40694815531510625
1053599626,64.0,0.03097123239808384,0.002966612859071757,0.03108512747609683,0.01860178395034322,0.018400911918540968,0.018400911918540968,0.005260579391977968,0.012550643964473194,0.012550643964473194,0.003387280844781567,0.015894388121594348,0.015894231441711513,0.005260579391977968,0.005260579391977968,0.01128569604432253,0.012480844695502315,0.4360977409879774,0.40321843551810127,0.018906220924978772,0.018911141136510785,0.002966612859071757,0.03108512747609683,0.01860178395034322,0.019674930304546548,0.019674930304546548,0.014310215609689012,0.014268783578928499,0.01461176271141553,0.01461176271141553,0.01692931532461154,0.01693028380006353,0.019674930304546548,0.019674930304546548,0.018368906559424,0.017023100151128734,0.018911141136510785,0.018911141136510785,0.01128569604432253,0.012480844695502315,0.4360977409879774,0.40321843551810127,0.012550643964473194,0.012550643964473194,0.015894388121594348,0.015894231441711513,0.010889751936658481,0.012146865979504798,0.4406267629365273,0.4057059238238432
1053600728,64.0,0.020011823659684153,0.0032296032470038277,0.04500128544158056,0.043285150643734116,0.02284231547671038,0.02284231547671038,0.007541926074097758,0.015085362035243742,0.015085362035243742,0.005130760983130104,0.020048166824672437,0.02006139924348604,0.007541926074097758,0.007541926074097758,0.01322764402538328,0.014539854094715572,0.47337148433763254,0.46106766698286916,0.024486295518189868,0.024492039063827204,0.0032296032470038277,0.04500128544158056,0.043285150643734116,0.022412209393717235,0.022412209393717235,0.016291762644216074,0.01628776769783819,0.015384266521168085,0.015384266521168085,0.019910470589115277,0.01991027567802103,0.022412209393717235,0.022412209393717235,0.02285137843734461,0.019748263142074302,0.024492039063827204,0.024492039063827204,0.01322764402538328,0.014539854094715572,0.47337148433763254,0.46106766698286916,0.015085362035243742,0.015085362035243742,0.020048166824672437,0.02006139924348604,0.01258597509724077,0.01434757755385569,0.4630083673225588,0.45094314507917177
1053600865,64.0,0.016823081804813664,0.0021054886026663946,0.1401042187469168,0.0995580060946424,0.017338919132071067,0.017338919132071067,0.004914132342772721,0.012663336854172084,0.012663336854172084,0.0033984319176581326,0.01641422593155339,0.016414318997595455,0.004914132342772721,0.004914132342772721,0.011271519801263489,0.012161958500225388,0.4892911514435929,0.46835124589613175,0.0183273997538144,0.018319333532953282,0.0021054886026663946,0.1401042187469168,0.0995580060946424,0.017801807225237533,0.017801807225237533,0.01355475049891024,0.013570017730351765,0.013209733628982135,0.013209733628982135,0.015826856077999062,0.015826532790807608,0.017801807225237533,0.017801807225237533,0.017878996176284856,0.015388299298425813,0.018319333532953282,0.018319333532953282,0.011271519801263489,0.012161958500225388,0.4892911514435929,0.46835124589613175,0.012663336854172084,0.012663336854172084,0.01641422593155339,0.016414318997595455,0.010862840608037922,0.01182718042267079,0.4822194826598723,0.4642934633331899
1053600872,64.0,0.01653776641960138,0.00221287198052224,0.06851971753728275,0.05362434406262623,0.02130660027333211,0.02130660027333211,0.004258946702688005,0.015065763762973885,0.015065763762973885,0.003219935366396705,0.018729112318876546,0.018730107437522504,0.004258946702688005,0.004258946702688005,0.012755064410191265,0.014046312819355554,0.46963872035369947,0.44108668399443884,0.02250024652914586,0.02253325534818627,0.00221287198052224,0.06851971753728275,0.05362434406262623,0.021019750442540328,0.021019750442540328,0.016175863662522702,0.016178665298835045,0.015532171352584423,0.015532171352584423,0.01822489260838552,0.018227369740892892,0.021019750442540328,0.021019750442540328,0.022026997979421006,0.01839230435932458,0.02253325534818627,0.02253325534818627,0.012755064410191265,0.014046312819355554,0.46963872035369947,0.44108668399443884,0.015065763762973885,0.015065763762973885,0.018729112318876546,0.018730107437522504,0.01217041500393374,0.013276581084627306,0.4640983575049506,0.4399284589658641
1053601770,64.0,0.029850904232126243,0.002687348817446988,0.052307823637836995,0.04255172713830391,0.023672618186918494,0.023672618186918494,0.00802928392063219,0.014788889736514925,0.014788889736514925,0.004240087324403515,0.020171786632019795,0.020171061427946127,0.00802928392063219,0.00802928392063219,0.011673289040208675,0.013523486428253483,0.5592549129947573,0.5159664275420712,0.023890143328182203,0.023909195412523777,0.002687348817446988,0.052307823637836995,0.04255172713830391,0.02527816470842463,0.02527816470842463,0.01466546281312555,0.014665609881294088,0.01542218248663059,0.01542218248663059,0.018647069365708514,0.01865582440717879,0.02527816470842463,0.02527816470842463,0.02210422920033755,0.018706814076633903,0.023909195412523777,0.023909195412523777,0.011673289040208675,0.013523486428253483,0.5592549129947573,0.5159664275420712,0.014788889736514925,0.014788889736514925,0.020171786632019795,0.020171061427946127,0.011467639052877046,0.012810908514761932,0.5543635813305174,0.5199552895368449
1053601794,64.0,0.025412328327018906,0.0022156393788927147,0.054327876177209265,0.0505893546217779,0.019833530174711785,0.019833530174711785,0.0071051761688798514,0.016124336601468052,0.016124336601468052,0.003520212176749639,0.01883368056909185,0.018833373515173515,0.0071051761688798514,0.0071051761688798514,0.014432627620564492,0.01489645381266307,0.47105394187141175,0.45034017182302183,0.020475519339264964,0.020476057436606184,0.0022156393788927147,0.054327876177209265,0.0505893546217779,0.01944772175849816,0.01944772175849816,0.017559825376457904,0.017558514715805724,0.016523819109455922,0.016523819109455922,0.019064905002467103,0.019062292565389844,0.01944772175849816,0.01944772175849816,0.020088219982493563,0.01773871119031059,0.020476057436606184,0.020476057436606184,0.014432627620564492,0.01489645381266307,0.47105394187141175,0.45034017182302183,0.016124336601468052,0.016124336601468052,0.01883368056909185,0.018833373515173515,0.013673889905526357,0.013892757051675942,0.46785865295372003,0.4457771159148223
1053601909,64.0,0.03151042350203584,0.0027926842162147776,0.07673763915460045,0.06953635887625827,0.021918756016321435,0.021918756016321435,0.008812030058560008,0.01836782707162029,0.01836782707162029,0.0058139505745695924,0.02136634671238174,0.021365976713039154,0.008812030058560008,0.008812030058560008,0.01594444828161572,0.017365488343160894,0.5087751530136211,0.4903603779241042,0.022916127161368236,0.02291995334968776,0.0027926842162147776,0.07673763915460045,0.06953635887625827,0.02259708001622386,0.02259708001622386,0.019231882304245895,0.019232127463587583,0.019458059684270113,0.019458059684270113,0.02095862457368644,0.020958366239681857,0.02259708001622386,0.02259708001622386,0.021872807799980284,0.020658076076931337,0.02291995334968776,0.02291995334968776,0.01594444828161572,0.017365488343160894,0.5087751530136211,0.4903603779241042,0.01836782707162029,0.01836782707162029,0.02136634671238174,0.021365976713039154,0.015089473435262606,0.01594214894707681,0.4985468494221661,0.4799057278662197
1086289747,64.0,0.025202573738472518,0.0022361319785535335,0.05917896968891566,0.0516782007860532,0.018713463890700038,0.018713463890700038,0.005294576142587975,0.015278535771933255,0.015278535771933255,0.0032574616659981942,0.016528898105586727,0.01652882520662415,0.005294576142587975,0.005294576142587975,0.013029347536943037,0.013204502926940578,0.460294574478086,0.4555393701530429,0.019003362000753917,0.019003643315802673,0.0022361319785535335,0.05917896968891566,0.0516782007860532,0.01816536055266229,0.01816536055266229,0.01658129607375495,0.016580713340986812,0.01539493943155805,0.01539493943155805,0.01673846268477902,0.01673428224938775,0.01816536055266229,0.01816536055266229,0.018346037434920182,0.016403094332443864,0.019003643315802673,0.019003643315802673,0.013029347536943037,0.013204502926940578,0.460294574478086,0.4555393701530429,0.015278535771933255,0.015278535771933255,0.016528898105586727,0.01652882520662415,0.013465845172839304,0.013056238526859323,0.4584085210215611,0.4554568716375989
1086289761,64.0,0.025761907744202246,0.002263690011078984,0.05625659091961795,0.051501295871103116,0.02806354836701423,0.02806354836701423,0.00586533617561075,0.022540545826275928,0.022540545826275928,0.003771437571821585,0.025730856388960156,0.02573463808968935,0.00586533617561075,0.00586533617561075,0.018806460480765425,0.018810815386286532,0.46023176152589135,0.42716348545674,0.030718914462063995,0.030713318669163575,0.002263690011078984,0.05625659091961795,0.051501295871103116,0.030297426313193685,0.030297426313193685,0.02311929489497416,0.023120073191427604,0.02388662264374879,0.02388662264374879,0.024576020417152847,0.024577875201255414,0.030297426313193685,0.030297426313193685,0.029077799228188945,0.026305846709338016,0.030713318669163575,0.030713318669163575,0.018806460480765425,0.018810815386286532,0.46023176152589135,0.42716348545674,0.022540545826275928,0.022540545826275928,0.025730856388960156,0.02573463808968935,0.017916758864487563,0.01815646356112053,0.4490742874191691,0.4230554531724875
1086289785,64.0,0.020687729094452857,0.0032222997261960418,0.05667317261415796,0.04291476666504947,0.022196593957720764,0.022196593957720764,0.007309432750776745,0.01548389770041545,0.01548389770041545,0.005571417847913656,0.01806301466494126,0.018062581864885532,0.007309432750776745,0.007309432750776745,0.012594664118391108,0.013499991773715761,0.46512472646752334,0.43639586315581747,0.021370040606562155,0.021376827567608163,0.0032222997261960418,0.05667317261415796,0.04291476666504947,0.020793814743062654,0.020793814743062654,0.018424841823111885,0.018400852716863043,0.01674020692995838,0.01674020692995838,0.017704833743538914,0.017705000059569254,0.020793814743062654,0.020793814743062654,0.021088587269696257,0.01867621338144009,0.021376827567608163,0.021376827567608163,0.012594664118391108,0.013499991773715761,0.46512472646752334,0.43639586315581747,0.01548389770041545,0.01548389770041545,0.01806301466494126,0.018062581864885532,0.012000700429062526,0.012663424614931999,0.4557258598295761,0.4232139898776888
1086290354,64.0,0.05411919247521248,0.0028361239775533276,0.10688699384462733,0.07140080190140383,0.017534531506448722,0.017534531506448722,0.006351927949203582,0.013944942109456902,0.013944942109456902,0.0041019230335899255,0.015473568971296222,0.015473290135765212,0.006351927949203582,0.006351927949203582,0.011763982001365216,0.012801710213877278,0.4885361885307888,0.4451791499745919,0.017701937573887896,0.017703672095869764,0.0028361239775533276,0.10688699384462733,0.07140080190140383,0.018106138184530215,0.018106138184530215,0.014909505443484678,0.014910472114335578,0.014628614902414055,0.014628614902414055,0.015761717298012876,0.01576113052575682,0.018106138184530215,0.018106138184530215,0.017648835931059988,0.016338990053060304,0.017703672095869764,0.017703672095869764,0.011763982001365216,0.012801710213877278,0.4885361885307888,0.4451791499745919,0.013944942109456902,0.013944942109456902,0.015473568971296222,0.015473290135765212,0.011609430015576776,0.011860703342233818,0.4846586359426177,0.44561641103504984
1086290361,64.0,0.031098954387336324,0.00281934391591914,0.06633468183571058,0.04992032891866306,0.016810188332615484,0.016810188332615484,0.006849126377001904,0.01259427304139734,0.01259427304139734,0.00535410444562291,0.01486062925579373,0.014739479811702089,0.006849126377001904,0.006849126377001904,0.00965919271042847,0.010907518500196294,0.4451724678686366,0.4237663910677679,0.017657766668940235,0.01761032801883079,0.00281934391591914,0.06633468183571058,0.04992032891866306,0.017859380061010767,0.017859380061010767,0.013990682541835392,0.013981926861822817,0.013701563598630648,0.013701563598630648,0.014541928593553079,0.014540718365850195,0.017859380061010767,0.017859380061010767,0.016097259867608498,0.014650134425967815,0.01761032801883079,0.01761032801883079,0.00965919271042847,0.010907518500196294,0.4451724678686366,0.4237663910677679,0.01259427304139734,0.01259427304139734,0.01486062925579373,0.014739479811702089,0.009282044674635342,0.01055199553588179,0.42837877324762985,0.41249692488769046
1086290453,384.0,0.27688570164154724,0.010111699112281948,0.028128755613373486,0.05854082838098743,0.008363968075139372,0.008363968075139372,0.010420336206611225,0.008366706473157778,0.008366706473157778,0.010600634502101141,0.008369250880855803,0.008371511269104076,0.010420336206611225,0.010420336206611225,0.008112404790751279,0.008114843037621498,0.036047502036049596,0.015585231356824434,0.008331511000049708,0.008331594181855743,0.010111699112281948,0.028128755613373486,0.05854082838098743,0.008362764743499772,0.008362764743499772,0.00838983899453533,0.008389994046688573,0.008366110887758625,0.008366110887758625,0.00839908289873787,0.008398929970446582,0.008362764743499772,0.008362764743499772,0.00813278624413944,0.008123008661366457,0.008331594181855743,0.008331594181855743,0.008112404790751279,0.008114843037621498,0.036047502036049596,0.015585231356824434,0.008366706473157778,0.008366706473157778,0.008369250880855803,0.008371511269104076,0.008126247280144716,0.008127984335052449,0.03675865467480443,0.015358091870982533
1086290477,384.0,0.2762264399581209,0.010460621170628515,0.02445838264410181,0.05325072768837292,0.008381342980992043,0.008381342980992043,0.01120794819867265,0.00837064647221839,0.00837064647221839,0.011232805212821726,0.008368351383354834,0.008368369226607678,0.01120794819867265,0.01120794819867265,0.008117944232260017,0.008120924026420182,0.054023864368409065,0.017998270077990607,0.008366338336333755,0.00836659061835409,0.010460621170628515,0.02445838264410181,0.05325072768837292,0.008363153512834924,0.008363153512834924,0.00839270985241186,0.008392631189019072,0.008369772924239976,0.008369772924239976,0.008394545907479735,0.008394691652536488,0.008363153512834924,0.008363153512834924,0.008139385873133507,0.008128684262339377,0.00836659061835409,0.00836659061835409,0.008117944232260017,0.008120924026420182,0.054023864368409065,0.017998270077990607,0.00837064647221839,0.00837064647221839,0.008368351383354834,0.008368369226607678,0.008127167384077318,0.00812831032881886,0.04783088796484952,0.01855111485782311
1086290484,64.0,0.021004434964445064,0.0024204344298433137,0.07097974843647988,0.05443503085433094,0.021287322282541158,0.021287322282541158,0.005942304573203582,0.017728376232513145,0.017728376232513145,0.003942227814076658,0.0206459297673045,0.020642995315173954,0.005942304573203582,0.005942304573203582,0.01354204368760846,0.014405492951623848,0.4395646199394575,0.4219909248890003,0.02259983080211173,0.022598636880092303,0.0024204344298433137,0.07097974843647988,0.05443503085433094,0.023938290263784728,0.023938290263784728,0.01815426357344122,0.018173771114631247,0.019225671364392405,0.019225671364392405,0.020516566140860316,0.020511903718545024,0.023938290263784728,0.023938290263784728,0.021317065216259215,0.019423884199898614,0.022598636880092303,0.022598636880092303,0.01354204368760846,0.014405492951623848,0.4395646199394575,0.4219909248890003,0.017728376232513145,0.017728376232513145,0.0206459297673045,0.020642995315173954,0.013176335436185446,0.013318679405599512,0.4438317174097048,0.42836734532080695
1086290644,64.0,0.024714978341386012,0.0024222840816529177,0.08263194775056779,0.05208710921912684,0.016508358584126748,0.016508358584126748,0.004281676854365379,0.013937676667853678,0.013937676667853678,0.003081764233252067,0.015286022099399754,0.015282710566650598,0.004281676854365379,0.004281676854365379,0.010584748057327426,0.011631366911382527,0.45994029066381187,0.426719526569261,0.017241858444102108,0.017237315741376394,0.0024222840816529177,0.08263194775056779,0.05208710921912684,0.016499955152737625,0.016499955152737625,0.013884727386569625,0.014008365671143247,0.014557143208965834,0.014557143208965834,0.015735751734595363,0.015736652770483632,0.016499955152737625,0.016499955152737625,0.016821550984181605,0.015049324804318826,0.017237315741376394,0.017237315741376394,0.010584748057327426,0.011631366911382527,0.45994029066381187,0.426719526569261,0.013937676667853678,0.013937676667853678,0.015286022099399754,0.015282710566650598,0.009818398035870278,0.011336535666850714,0.4590086054892428,0.4294558227329746
1086291962,64.0,0.018596312910569433,0.0021646780377288046,0.04472718857668378,0.03322088305050238,0.020293853184750237,0.020293853184750237,0.0042830147563626695,0.013197754939267675,0.013197754939267675,0.0026573645129846107,0.019804354347509222,0.019804062329927277,0.0042830147563626695,0.0042830147563626695,0.013257196727101444,0.01435209301021041,0.41454694220905436,0.3915771072463605,0.022038436250218254,0.02204006010854224,0.0021646780377288046,0.04472718857668378,0.03322088305050238,0.02283996509799656,0.02283996509799656,0.013940066803733145,0.013940852448278916,0.014418499097885966,0.014418499097885966,0.017954937273907946,0.017941982903513974,0.02283996509799656,0.02283996509799656,0.021761999663033903,0.019060132013094942,0.02204006010854224,0.02204006010854224,0.013257196727101444,0.01435209301021041,0.41454694220905436,0.3915771072463605,0.013197754939267675,0.013197754939267675,0.019804354347509222,0.019804062329927277,0.011513247880851367,0.012617384799693482,0.4038308204273203,0.3851418036964486
1086292082,64.0,0.018560617325230917,0.00295764637120677,0.11479001252434502,0.09442520531800092,0.01915548351221632,0.01915548351221632,0.005392165850508762,0.012357837752846957,0.012357837752846957,0.003743850630475162,0.017496272469196425,0.01749479295234924,0.005392165850508762,0.005392165850508762,0.013384242321418981,0.013666921010605659,0.4394522609701892,0.4068420653129803,0.020230935064555457,0.02021113121935911,0.00295764637120677,0.11479001252434502,0.09442520531800092,0.02021227965240597,0.02021227965240597,0.013133148718852006,0.013133806544315365,0.013562324130306488,0.013562324130306488,0.016598511236304528,0.016598646146896313,0.02021227965240597,0.02021227965240597,0.01933020246372899,0.017881522520780988,0.02021113121935911,0.02021113121935911,0.013384242321418981,0.013666921010605659,0.4394522609701892,0.4068420653129803,0.012357837752846957,0.012357837752846957,0.017496272469196425,0.01749479295234924,0.010747215089708316,0.011332644876639,0.4372298633128189,0.39939930573568316
1086292150,64.0,0.0239403754163752,0.00265250074937567,0.06427196098442459,0.04800275128883767,0.01988124597164231,0.01988124597164231,0.004275511136151473,0.012866288375067682,0.012866288375067682,0.0032885086225604605,0.018208718305223547,0.018206238707184318,0.004275511136151473,0.004275511136151473,0.012405732019617772,0.01318593408337021,0.4878058733917409,0.44726373324379337,0.02025382391241774,0.020246364381922864,0.00265250074937567,0.06427196098442459,0.04800275128883767,0.02166985961840248,0.02166985961840248,0.015325772337852117,0.015323616883885552,0.013999958733629511,0.013999958733629511,0.01699441169694603,0.016987365763399327,0.02166985961840248,0.02166985961840248,0.019447910396815603,0.016217697170806247,0.020246364381922864,0.020246364381922864,0.012405732019617772,0.01318593408337021,0.4878058733917409,0.44726373324379337,0.012866288375067682,0.012866288375067682,0.018208718305223547,0.018206238707184318,0.012773776667690005,0.012157195831543961,0.47578346822674733,0.432963810587963
1086292273,64.0,0.01461370712303406,0.0024049199164666744,0.041531508639718225,0.03603190710018475,0.020134123968069927,0.020134123968069927,0.005327348642879991,0.011888913764196521,0.011888913764196521,0.0035662592181601115,0.016922505021795053,0.016922902220962606,0.005327348642879991,0.005327348642879991,0.011963001425998553,0.01283227837490146,0.41485942189904057,0.3892897245451101,0.020363122627179694,0.020339896678202664,0.0024049199164666744,0.041531508639718225,0.03603190710018475,0.019056936140395424,0.019056936140395424,0.01359246414641931,0.013593037371510077,0.012976107919253216,0.012976107919253216,0.015687187254329594,0.015691656255042936,0.019056936140395424,0.019056936140395424,0.01968487243158032,0.01712697767517906,0.020339896678202664,0.020339896678202664,0.011963001425998553,0.01283227837490146,0.41485942189904057,0.3892897245451101,0.011888913764196521,0.011888913764196521,0.016922505021795053,0.016922902220962606,0.009666576791996825,0.011147921389506595,0.43352302382638314,0.3996939664487834
1086292440,64.0,0.01949725732885682,0.002205704863528976,0.08788819577852545,0.06539839042734151,0.020441205879744094,0.020441205879744094,0.005170323256704338,0.015293970657366854,0.015293970657366854,0.003588418432421247,0.02038647968103859,0.02038558904372505,0.005170323256704338,0.005170323256704338,0.01009118570634273,0.012362135171723722,0.44735690945935386,0.4386191100968709,0.021359405739378515,0.0213375300423961,0.002205704863528976,0.08788819577852545,0.06539839042734151,0.022783484530587837,0.022783484530587837,0.01685374964768854,0.016850233998329,0.01708430173527116,0.01708430173527116,0.01831968879167544,0.018319833470190835,0.022783484530587837,0.022783484530587837,0.020658647359595696,0.017499796929297335,0.0213375300423961,0.0213375300423961,0.01009118570634273,0.012362135171723722,0.44735690945935386,0.4386191100968709,0.015293970657366854,0.015293970657366854,0.02038647968103859,0.02038558904372505,0.009556352073306547,0.011819878703133434,0.4527929275180163,0.4398975346137165
1086292495,64.0,0.02228386996738057,0.003371999080541789,0.06363973306675914,0.04362984121250046,0.01965195099503071,0.01965195099503071,0.006342239327045824,0.015407215738509264,0.015407215738509264,0.003708934336038072,0.018754839019717008,0.018756264442031993,0.006342239327045824,0.006342239327045824,0.011450807378109915,0.012319008356365069,0.4394016373269856,0.3779732409458523,0.020403874718634973,0.020391325891365022,0.003371999080541789,0.06363973306675914,0.04362984121250046,0.020263847830137693,0.020263847830137693,0.01349502157937379,0.013496054506678314,0.01646530693383098,0.01646530693383098,0.01676835013192314,0.01676944698778506,0.020263847830137693,0.020263847830137693,0.019653284145405066,0.017894052589482876,0.020391325891365022,0.020391325891365022,0.011450807378109915,0.012319008356365069,0.4394016373269856,0.3779732409458523,0.015407215738509264,0.015407215738509264,0.018754839019717008,0.018756264442031993,0.010091445027011516,0.011739930652867183,0.44393593857558156,0.38380924403106376
1086292778,64.0,0.02100049122081336,0.0020107851563515786,0.05745122617180977,0.052638540220711925,0.020304368859592765,0.020304368859592765,0.005027535873424451,0.01376905918570067,0.01376905918570067,0.002995100525261798,0.01724699002165841,0.017243469216673236,0.005027535873424451,0.005027535873424451,0.011952909107647871,0.013114720138642622,0.4610147478079436,0.4313795700424917,0.020546837774975648,0.020541394444249086,0.0020107851563515786,0.05745122617180977,0.052638540220711925,0.020815244419841807,0.020815244419841807,0.015004253155606393,0.015006614978888956,0.014907383766862617,0.014907383766862617,0.01785665420184431,0.01786178839335812,0.020815244419841807,0.020815244419841807,0.019428740631743706,0.017760553732088628,0.020541394444249086,0.020541394444249086,0.011952909107647871,0.013114720138642622,0.4610147478079436,0.4313795700424917,0.01376905918570067,0.01376905918570067,0.01724699002165841,0.017243469216673236,0.01051704759728022,0.011983168246343033,0.4487374868188095,0.4216123720227193
1086292891,64.0,0.01962803493213538,0.002152303829530394,0.09501717422425189,0.07109690485030593,0.021762616249348606,0.021762616249348606,0.005311414158285311,0.017410884342601192,0.017410884342601192,0.003735476353829905,0.02009442389061185,0.020099631643211463,0.005311414158285311,0.005311414158285311,0.015526287806974447,0.01645686473046889,0.4919182582856811,0.4765049266027623,0.022842390023825522,0.022844813309654936,0.002152303829530394,0.09501717422425189,0.07109690485030593,0.0229186862907106,0.0229186862907106,0.0178331418122142,0.01782989113494087,0.01850606938004345,0.01850606938004345,0.018909787867540807,0.018909530487472105,0.0229186862907106,0.0229186862907106,0.022477699608147397,0.018986060937319683,0.022844813309654936,0.022844813309654936,0.015526287806974447,0.01645686473046889,0.4919182582856811,0.4765049266027623,0.017410884342601192,0.017410884342601192,0.02009442389061185,0.020099631643211463,0.01457702663696493,0.015807365325122745,0.48901537081433466,0.46765082486437776
1086292952,64.0,0.013953320548732495,0.0024941207294916267,0.07511214910956031,0.05049729723241189,0.022211965300506616,0.022211965300506616,0.007477615714409929,0.01765557593976957,0.01765557593976957,0.004614524133883819,0.020841177661962515,0.020839952448790746,0.007477615714409929,0.007477615714409929,0.014090626665121238,0.014314043176747539,0.4754942850682734,0.43988368949765644,0.022226833567926936,0.02222774913432134,0.0024941207294916267,0.07511214910956031,0.05049729723241189,0.023278670052163553,0.023278670052163553,0.019421632941826913,0.01942192104752397,0.018911262101090898,0.018911262101090898,0.019623033471229397,0.019623970529101493,0.023278670052163553,0.023278670052163553,0.021225947437831176,0.019738566113162798,0.02222774913432134,0.02222774913432134,0.014090626665121238,0.014314043176747539,0.4754942850682734,0.43988368949765644,0.01765557593976957,0.01765557593976957,0.020841177661962515,0.020839952448790746,0.0135614805166759,0.014162323679678214,0.4764777460879074,0.4311565614991716
1086293195,64.0,0.015641557895462833,0.0020043165633386517,0.03273078347529598,0.02530987296008985,0.017810351106480788,0.017810351106480788,0.003401885262154333,0.012803845824034195,0.012803845824034195,0.002553574505497542,0.01573431355907733,0.015733651463558887,0.003401885262154333,0.003401885262154333,0.011390385398870181,0.01149203392629085,0.4451521338731306,0.3981505198643945,0.018023436583452054,0.018024210478170204,0.0020043165633386517,0.03273078347529598,0.02530987296008985,0.017651160272451123,0.017651160272451123,0.0146144960529156,0.014610897005153726,0.013826170983844125,0.013826170983844125,0.016047054411680993,0.01604683849640306,0.017651160272451123,0.017651160272451123,0.016837833260004025,0.015062078542966493,0.018024210478170204,0.018024210478170204,0.011390385398870181,0.01149203392629085,0.4451521338731306,0.3981505198643945,0.012803845824034195,0.012803845824034195,0.01573431355907733,0.015733651463558887,0.01092412864410101,0.010834097373030788,0.42820682844105484,0.3855638510410911
1086293218,64.0,0.014528430950695982,0.002691958483223669,0.05240196091569949,0.041621781244295046,0.01854836206301013,0.01854836206301013,0.006753025884086347,0.012902060408805394,0.012902060408805394,0.003986726715001098,0.018140823515727527,0.018140971935510557,0.006753025884086347,0.006753025884086347,0.014551309877575191,0.01466862775422076,0.4704468586482434,0.4145069535049626,0.01916760578989208,0.019166599439456356,0.002691958483223669,0.05240196091569949,0.041621781244295046,0.01881219133384573,0.01881219133384573,0.013520319940934167,0.013519607392654119,0.013678163405941982,0.013678163405941982,0.017169269415564695,0.017169783266521774,0.01881219133384573,0.01881219133384573,0.018533533293397738,0.01686733362954299,0.019166599439456356,0.019166599439456356,0.014551309877575191,0.01466862775422076,0.4704468586482434,0.4145069535049626,0.012902060408805394,0.012902060408805394,0.018140823515727527,0.018140971935510557,0.013622343804461865,0.014156892745858345,0.46381515239097265,0.40622433381947476
1086293225,64.0,0.017580380164983006,0.0022574098961727113,0.03708040944982957,0.02616694584000699,0.019167440275087173,0.019167440275087173,0.004202303374302858,0.014624427871820282,0.014624427871820282,0.0036532800306347895,0.01874719950493737,0.01874734097690496,0.004202303374302858,0.004202303374302858,0.011833135027808956,0.012711044997814523,0.48157243952631906,0.4113437501621924,0.020176923670435585,0.020177892334034168,0.0022574098961727113,0.03708040944982957,0.02616694584000699,0.02116354883368842,0.02116354883368842,0.01567448011837366,0.015674136786882,0.01564654083343184,0.01564654083343184,0.018160963242876384,0.018163783393149592,0.02116354883368842,0.02116354883368842,0.019683843665591276,0.01768111173007731,0.020177892334034168,0.020177892334034168,0.011833135027808956,0.012711044997814523,0.48157243952631906,0.4113437501621924,0.014624427871820282,0.014624427871820282,0.01874719950493737,0.01874734097690496,0.01147560349144762,0.01232974079895553,0.4824536216083621,0.4099843528782375
1086293386,384.0,0.23637609476102586,0.010316730036905562,0.041759732311183455,0.08294744266503921,0.008382263178583645,0.008382263178583645,0.010849683491449727,0.008371424573593514,0.008371424573593514,0.01100602206488619,0.008374185674487512,0.0083747316121415,0.010849683491449727,0.010849683491449727,0.008129467187496535,0.00813007537253297,0.038507892632131675,0.0166211172937881,0.008376947574011367,0.00837706417513518,0.010316730036905562,0.041759732311183455,0.08294744266503921,0.008370124804122503,0.008370124804122503,0.00839053380816117,0.008390566092691181,0.008370164961301102,0.008370164961301102,0.008407857268337057,0.00840825894142482,0.008370124804122503,0.008370124804122503,0.00815220866729126,0.008140700581912982,0.00837706417513518,0.00837706417513518,0.008129467187496535,0.00813007537253297,0.038507892632131675,0.0166211172937881,0.008371424573593514,0.008371424573593514,0.008374185674487512,0.0083747316121415,0.008130001681071055,0.008130019441639024,0.05348968306509622,0.01731729385113113
1086293478,64.0,0.02097654103380363,0.002157024379431118,0.08929153485694082,0.07663928376423014,0.021688502716429105,0.021688502716429105,0.007283652738429654,0.01672365693879473,0.01672365693879473,0.004359940403278337,0.019836462853261523,0.019836602047603614,0.007283652738429654,0.007283652738429654,0.015014983509793746,0.015897155997696727,0.46132328898435276,0.4526519457467897,0.023061515647321666,0.023085921993459196,0.002157024379431118,0.08929153485694082,0.07663928376423014,0.02164102887119582,0.02164102887119582,0.017762258963115375,0.017728429113239217,0.01809548503407379,0.01809548503407379,0.019128512795608225,0.019128594383900997,0.02164102887119582,0.02164102887119582,0.02241570848724425,0.020238313006146303,0.023085921993459196,0.023085921993459196,0.015014983509793746,0.015897155997696727,0.46132328898435276,0.4526519457467897,0.01672365693879473,0.01672365693879473,0.019836462853261523,0.019836602047603614,0.013399916268614996,0.014776337293523609,0.44935550627055937,0.4414642438808536
1086293553,64.0,0.015598618410857303,0.0027855228461998974,0.06663677006449478,0.05398134763662409,0.015258048252281857,0.015258048252281857,0.0046311262549014595,0.012161001462573722,0.012161001462573722,0.003969366443215826,0.014611178651978514,0.014610950809113956,0.0046311262549014595,0.0046311262549014595,0.011862669331059348,0.012559839034025608,0.49843231589668824,0.44801242548170744,0.016144473940154298,0.01612022538900017,0.0027855228461998974,0.06663677006449478,0.05398134763662409,0.015944474965049655,0.015944474965049655,0.013466850428069598,0.01346837795196522,0.013233445469502697,0.013233445469502697,0.014387944883270824,0.014387744785769985,0.015944474965049655,0.015944474965049655,0.015451720678446877,0.014279689247779788,0.01612022538900017,0.01612022538900017,0.011862669331059348,0.012559839034025608,0.49843231589668824,0.44801242548170744,0.012161001462573722,0.012161001462573722,0.014611178651978514,0.014610950809113956,0.011676533856658183,0.011715254111803552,0.47366260627563644,0.42491509433085084
1086293850,64.0,0.01992733778569879,0.001995366165672907,0.06337662473471166,0.04599688894313581,0.026844509446516403,0.026844509446516403,0.0069674317548740665,0.019857668806400774,0.019857668806400774,0.0028469507524733813,0.02399766728602675,0.023999059568220044,0.0069674317548740665,0.0069674317548740665,0.016094190023025652,0.017681257077322956,0.44503562414579234,0.41646570048519566,0.028715682880179033,0.02871950035663917,0.001995366165672907,0.06337662473471166,0.04599688894313581,0.028929202391679783,0.028929202391679783,0.020317458626047512,0.020317168902487113,0.021217566076689984,0.021217566076689984,0.02385113603898232,0.023860627041015298,0.028929202391679783,0.028929202391679783,0.02672946556606954,0.023553321275018756,0.02871950035663917,0.02871950035663917,0.016094190023025652,0.017681257077322956,0.44503562414579234,0.41646570048519566,0.019857668806400774,0.019857668806400774,0.02399766728602675,0.023999059568220044,0.014606127583621979,0.016242936140268744,0.4359870878836394,0.40782470753467065
1086293942,64.0,0.018424826367069606,0.0023476250129177896,0.050890219309721596,0.046344359814760115,0.020284128488809346,0.020284128488809346,0.006963685381666774,0.014999372756124812,0.014999372756124812,0.004144787807059375,0.019175829784546516,0.01917744657479922,0.006963685381666774,0.006963685381666774,0.011144261293517106,0.012551093792769787,0.47807974255386587,0.4367001564618558,0.02139166368069554,0.02139413015314224,0.0023476250129177896,0.050890219309721596,0.046344359814760115,0.022114126406696036,0.022114126406696036,0.015249449859117348,0.01525933857243427,0.01629291747881407,0.01629291747881407,0.017403316493127825,0.017399463457473723,0.022114126406696036,0.022114126406696036,0.021007304787819717,0.017811822854004424,0.02139413015314224,0.02139413015314224,0.011144261293517106,0.012551093792769787,0.47807974255386587,0.4367001564618558,0.014999372756124812,0.014999372756124812,0.019175829784546516,0.01917744657479922,0.010796520596952363,0.012275880303315357,0.4452087160373483,0.40890853841264
1086294024,384.0,0.28286580024573943,0.01035849060187669,0.0449057666102434,0.078554388602363,0.008378454641647708,0.008378454641647708,0.011159751786116251,0.008373274330013055,0.008373274330013055,0.011053543039468093,0.008367928399428284,0.008368074422882309,0.011159751786116251,0.011159751786116251,0.008120986373418982,0.008121353083677074,0.02958720882901644,0.01661904920777671,0.008366483280247012,0.008366367583560358,0.01035849060187669,0.0449057666102434,0.078554388602363,0.008364476452256272,0.008364476452256272,0.008397201444113636,0.008396993994557189,0.008372916537276202,0.008372916537276202,0.008405880295435698,0.008405775044547172,0.008364476452256272,0.008364476452256272,0.00814278146916099,0.008131188805550086,0.008366367583560358,0.008366367583560358,0.008120986373418982,0.008121353083677074,0.02958720882901644,0.01661904920777671,0.008373274330013055,0.008373274330013055,0.008367928399428284,0.008368074422882309,0.008128176620284885,0.008127137169202821,0.030842715385265205,0.016472700879496174
110000293082,64.0,0.05783010227600422,0.0025965106230666822,0.12250658045402754,0.11800620786095402,0.025340112738150063,0.025340112738150063,0.008704175051369221,0.016820396908565252,0.016820396908565252,0.004483938808630308,0.021388058767125556,0.021387913283718193,0.008704175051369221,0.008704175051369221,0.015140997928381692,0.015059601122068996,0.5559365960257899,0.5491201575661636,0.02639087461290544,0.026390522078256255,0.0025965106230666822,0.12250658045402754,0.11800620786095402,0.024860079005746803,0.024860079005746803,0.016574860006753626,0.016574463248040548,0.018199847523069714,0.018199847523069714,0.020997404991363024,0.02100142841825966,0.024860079005746803,0.024860079005746803,0.02571347879106308,0.022444789725839555,0.026390522078256255,0.026390522078256255,0.015140997928381692,0.015059601122068996,0.5559365960257899,0.5491201575661636,0.016820396908565252,0.016820396908565252,0.021388058767125556,0.021387913283718193,0.01338305898362221,0.0137559349385804,0.5547692060834475,0.5479783238655637
110000293084,64.0,0.030269182941382214,0.0030054044973404775,0.07155066534896086,0.06616661493667424,0.019771645129915378,0.019771645129915378,0.007889728399363357,0.014734951398907145,0.014734951398907145,0.004820311772598411,0.017795008568872926,0.017796495185972344,0.007889728399363357,0.007889728399363357,0.012986660668183114,0.01348638695252153,0.5944885909128169,0.5784645274639518,0.02087039415194872,0.020867197292668185,0.0030054044973404775,0.07155066534896086,0.06616661493667424,0.02118388030510719,0.02118388030510719,0.015709176173480336,0.01573155757915287,0.015879905217239747,0.015879905217239747,0.017774051192856816,0.017774557136316343,0.02118388030510719,0.02118388030510719,0.020579395932814094,0.016556596579058464,0.020867197292668185,0.020867197292668185,0.012986660668183114,0.01348638695252153,0.5944885909128169,0.5784645274639518,0.014734951398907145,0.014734951398907145,0.017795008568872926,0.017796495185972344,0.011794295972858169,0.011868462287419905,0.5786611346031754,0.562472246494541
110000293088,64.0,0.024608711725777877,0.002717230063968032,0.10337501710382424,0.08021499660287729,0.015135386214670664,0.015135386214670664,0.005459324940935995,0.011491758595794212,0.011491758595794212,0.0039854816110341616,0.013544824598896502,0.013545371893448647,0.005459324940935995,0.005459324940935995,0.010117635172012612,0.010806993300441577,0.6306820725955586,0.608684798545142,0.016104362443753975,0.01606388078749006,0.002717230063968032,0.10337501710382424,0.08021499660287729,0.015401182550162274,0.015401182550162274,0.012535728877031253,0.012533694734911241,0.012091721117850214,0.012091721117850214,0.013767952857852366,0.013771117209339958,0.015401182550162274,0.015401182550162274,0.015429584394726727,0.013648619240414363,0.01606388078749006,0.01606388078749006,0.010117635172012612,0.010806993300441577,0.6306820725955586,0.608684798545142,0.011491758595794212,0.011491758595794212,0.013544824598896502,0.013545371893448647,0.00998519378510053,0.010403040674277126,0.640595348870527,0.6178137428877841
110000293096,64.0,0.021202660391433308,0.0023175749512309492,0.08273001976886367,0.07435648376744056,0.02101289107997216,0.02101289107997216,0.006215809427801762,0.01545988173208772,0.01545988173208772,0.003510301447451013,0.019206985923209567,0.019206596522995008,0.006215809427801762,0.006215809427801762,0.01459325097806378,0.014995989000028577,0.5376418103515102,0.5306021658387028,0.02131278667284962,0.021304365906862955,0.0023175749512309492,0.08273001976886367,0.07435648376744056,0.020249801702813774,0.020249801702813774,0.016564573676000605,0.016562995518656875,0.016461514070259795,0.016461514070259795,0.019664330940465644,0.019657040470355897,0.020249801702813774,0.020249801702813774,0.020614813476142427,0.01871155406953553,0.021304365906862955,0.021304365906862955,0.01459325097806378,0.014995989000028577,0.5376418103515102,0.5306021658387028,0.01545988173208772,0.01545988173208772,0.019206985923209567,0.019206596522995008,0.014007796086795053,0.013650968074809136,0.5244310242665151,0.5198257320485827
110000293098,64.0,0.018930694611938227,0.002844988326445788,0.06588211099121878,0.049546286986259604,0.027767631205345054,0.027767631205345054,0.006428952741937082,0.02062729436707047,0.02062729436707047,0.004375622158537187,0.02215162274715898,0.022149286887275455,0.006428952741937082,0.006428952741937082,0.014932685437939278,0.01478788259310701,0.5390482314972483,0.5144620666635593,0.027361441414525747,0.02735349824993558,0.002844988326445788,0.06588211099121878,0.049546286986259604,0.026953330831613668,0.026953330831613668,0.024393326661672588,0.02440046298439168,0.022589334208599456,0.022589334208599456,0.0231734918868041,0.02317369703158766,0.026953330831613668,0.026953330831613668,0.02659317917798494,0.022123865583066695,0.02735349824993558,0.02735349824993558,0.014932685437939278,0.01478788259310701,0.5390482314972483,0.5144620666635593,0.02062729436707047,0.02062729436707047,0.02215162274715898,0.022149286887275455,0.013648484998878548,0.014167935689504835,0.544055439018118,0.5208059688015705
110000293237,64.0,0.023488011292558432,0.002023567110413912,0.15431431537355333,0.11465721465897243,0.0171742990237826,0.0171742990237826,0.006316078466112344,0.010560581302732222,0.010560581302732222,0.0041441940112511835,0.015137290964596043,0.015137814464117005,0.006316078466112344,0.006316078466112344,0.00962634128015211,0.01021903746682815,0.626040287760277,0.5996967508438118,0.01798647685842107,0.017987649974192277,0.002023567110413912,0.15431431537355333,0.11465721465897243,0.01852823360250787,0.01852823360250787,0.010341570740652747,0.010339466206282998,0.011342601714286476,0.011342601714286476,0.013280229474051225,0.013278732795231948,0.01852823360250787,0.01852823360250787,0.017433402386913058,0.014892942241782609,0.017987649974192277,0.017987649974192277,0.00962634128015211,0.01021903746682815,0.626040287760277,0.5996967508438118,0.010560581302732222,0.010560581302732222,0.015137290964596043,0.015137814464117005,0.008545231766960235,0.009113732778196788,0.6072342756293105,0.5818229873598741
110000294883,64.0,0.02822172752898284,0.002069057030502622,0.05344434050149168,0.04614688085777369,0.02123848727926549,0.02123848727926549,0.005768778886444784,0.013407166123257054,0.013407166123257054,0.0031880762971049107,0.016981189192038882,0.016981208388777248,0.005768778886444784,0.005768778886444784,0.01313256871593582,0.01257053943568127,0.5613416276110158,0.5506757655441006,0.02068371732044218,0.020671401322344445,0.002069057030502622,0.05344434050149168,0.04614688085777369,0.02032333270269543,0.02032333270269543,0.014729417160312461,0.014776998220809169,0.014975801900067611,0.014975801900067611,0.017525225118972223,0.01753613950438752,0.02032333270269543,0.02032333270269543,0.02042506946660611,0.01782503485936975,0.020671401322344445,0.020671401322344445,0.01313256871593582,0.01257053943568127,0.5613416276110158,0.5506757655441006,0.013407166123257054,0.013407166123257054,0.016981189192038882,0.016981208388777248,0.011785488676406143,0.011347782023130484,0.5625438927893389,0.5507334675269068
110000294888,64.0,0.022411379860597363,0.0022678317948508263,0.08970538785946895,0.08987411426781577,0.015961990446726314,0.015961990446726314,0.00453790305461668,0.01119500583722658,0.01119500583722658,0.003491308459028657,0.01514548004456431,0.015207475616228915,0.00453790305461668,0.00453790305461668,0.011058148666757419,0.011679027866796792,0.627576139625532,0.5970976507473219,0.01586098981892075,0.01586150563934903,0.0022678317948508263,0.08970538785946895,0.08987411426781577,0.016369552419137325,0.016369552419137325,0.01236550862630757,0.012367656447766504,0.012059485715477259,0.012059485715477259,0.013595820040093819,0.013594029094783962,0.016369552419137325,0.016369552419137325,0.015242928502071802,0.014066514615982028,0.01586150563934903,0.01586150563934903,0.011058148666757419,0.011679027866796792,0.627576139625532,0.5970976507473219,0.01119500583722658,0.01119500583722658,0.01514548004456431,0.015207475616228915,0.010473911833590237,0.011361668259321387,0.6228915854770616,0.592332557024058
110000294890,64.0,0.022461034221388433,0.002013024665443751,0.05690353670800638,0.06260343640663403,0.02107955762723016,0.02107955762723016,0.006578392132009659,0.014083980884285625,0.014083980884285625,0.002742609656928733,0.01781433270202518,0.017813603363190628,0.006578392132009659,0.006578392132009659,0.012920558816208237,0.012892498464509294,0.5757434936444881,0.5471823174767682,0.022161240515741032,0.022165625961182274,0.002013024665443751,0.05690353670800638,0.06260343640663403,0.020417782137228585,0.020417782137228585,0.014189133903131503,0.01418616724531503,0.015393343527770007,0.015393343527770007,0.018897470163414656,0.0188972873248507,0.020417782137228585,0.020417782137228585,0.02213522088349322,0.019155184015678776,0.022165625961182274,0.022165625961182274,0.012920558816208237,0.012892498464509294,0.5757434936444881,0.5471823174767682,0.014083980884285625,0.014083980884285625,0.01781433270202518,0.017813603363190628,0.012353353601351105,0.012795891314847239,0.5460218521187147,0.5285874704463523
110000294899,384.0,0.3805687553129007,0.012037866619086374,0.05102325570546449,0.07566270693206383,0.008363734739027387,0.008363734739027387,0.011711020839070408,0.008348720613576046,0.008348720613576046,0.011823189728690814,0.008353632962581426,0.008353748138204716,0.011711020839070408,0.011711020839070408,0.008103504780041374,0.008103712821453755,0.04254370295867862,0.01640176840656748,0.008344216069951537,0.008344139982362607,0.012037866619086374,0.05102325570546449,0.07566270693206383,0.008349639281283516,0.008349639281283516,0.008368859399414666,0.008369017259573728,0.008347485601734766,0.008347485601734766,0.008386648970969498,0.008386728732143075,0.008349639281283516,0.008349639281283516,0.008126529340028677,0.008115511808527296,0.008344139982362607,0.008344139982362607,0.008103504780041374,0.008103712821453755,0.04254370295867862,0.01640176840656748,0.008348720613576046,0.008348720613576046,0.008353632962581426,0.008353748138204716,0.008109908406169332,0.008108734982555448,0.034644392707933715,0.016152577700177785
110000294902,64.0,0.019032914513423968,0.0036384873337111496,0.08104199155581777,0.07604535366561993,0.02405130505830679,0.02405130505830679,0.009921360829088498,0.0212226589101907,0.0212226589101907,0.0067925815330141,0.02184729587834784,0.02184738424447593,0.009921360829088498,0.009921360829088498,0.012552195258252335,0.013870135950493433,0.6969940545965212,0.6717491227391157,0.02514589449525934,0.025165281982654913,0.0036384873337111496,0.08104199155581777,0.07604535366561993,0.027522445808114113,0.027522445808114113,0.02018205325895134,0.02018266902933218,0.022330843490210243,0.022330843490210243,0.02138007152389286,0.02137784387170631,0.027522445808114113,0.027522445808114113,0.02383429918616019,0.020617603185123404,0.025165281982654913,0.025165281982654913,0.012552195258252335,0.013870135950493433,0.6969940545965212,0.6717491227391157,0.0212226589101907,0.0212226589101907,0.02184729587834784,0.02184738424447593,0.012367291865323392,0.01356070092933852,0.6888817420798269,0.6666452334576011
110000294903,64.0,0.021290994906776085,0.0033609246636129154,0.0881539358096597,0.09039420180457082,0.016229418369919372,0.016229418369919372,0.00680528407432805,0.011890227726674507,0.011890227726674507,0.004210328426909214,0.014994312532240074,0.014994228363471335,0.00680528407432805,0.00680528407432805,0.011914435009925508,0.01199689774816435,0.6436615404078592,0.6183481561121743,0.01781571520224296,0.017823013623926038,0.0033609246636129154,0.0881539358096597,0.09039420180457082,0.017086241217238042,0.017086241217238042,0.01248722713070746,0.012489813043481582,0.013121354769285408,0.013121354769285408,0.01481546904794281,0.014815404867038947,0.017086241217238042,0.017086241217238042,0.01766302966722444,0.014599060237043543,0.017823013623926038,0.017823013623926038,0.011914435009925508,0.01199689774816435,0.6436615404078592,0.6183481561121743,0.011890227726674507,0.011890227726674507,0.014994312532240074,0.014994228363471335,0.011527108292497184,0.011324733140661361,0.6501950790649164,0.6177297217003395
110000295495,64.0,0.022594910171601645,0.0022705837604286064,0.11666509657467955,0.09497515937914054,0.015335962838827008,0.015335962838827008,0.005142566893341026,0.009490796154226452,0.009490796154226452,0.003502670387047586,0.013225469460179133,0.0132257754576078,0.005142566893341026,0.005142566893341026,0.01019354558094594,0.010945764997628041,0.6301380312976114,0.602664359938553,0.015175331254305842,0.01516612492833369,0.0022705837604286064,0.11666509657467955,0.09497515937914054,0.014954376239292539,0.014954376239292539,0.01094786009871438,0.010952451421438594,0.010417085840838882,0.010417085840838882,0.012150971566402968,0.012151248347447921,0.014954376239292539,0.014954376239292539,0.014810613482704241,0.013330355859600584,0.01516612492833369,0.01516612492833369,0.01019354558094594,0.010945764997628041,0.6301380312976114,0.602664359938553,0.009490796154226452,0.009490796154226452,0.013225469460179133,0.0132257754576078,0.008848784369364841,0.009877538980014143,0.610026109759719,0.5882749559576709
110000295507,64.0,0.039566939434775836,0.0018886390481934001,0.10466384164347085,0.08749462523147244,0.014551375287863448,0.014551375287863448,0.003905020628842984,0.009866491538732034,0.009866491538732034,0.0027218880978176698,0.013626825196046305,0.013628200102898235,0.003905020628842984,0.003905020628842984,0.010954671442351648,0.011112198731422208,0.567206791169683,0.5412510139362379,0.015159828429695252,0.015160438749828671,0.0018886390481934001,0.10466384164347085,0.08749462523147244,0.014899551300040897,0.014899551300040897,0.01190281922362658,0.011904714633261235,0.011756443867451952,0.011756443867451952,0.013868588608149717,0.013868102609730386,0.014899551300040897,0.014899551300040897,0.014729221692586022,0.013856671838120697,0.015160438749828671,0.015160438749828671,0.010954671442351648,0.011112198731422208,0.567206791169683,0.5412510139362379,0.009866491538732034,0.009866491538732034,0.013626825196046305,0.013628200102898235,0.009657769986283924,0.009641212477501129,0.5570136623599249,0.5335367249865728
110000295542,64.0,0.02294878480371768,0.0018036569901161426,0.08203525424367199,0.07348459601101102,0.011720774887043777,0.011720774887043777,0.0050668004098807385,0.008709337648420043,0.008709337648420043,0.0022318775757430524,0.011167832656141437,0.011168067418430835,0.0050668004098807385,0.0050668004098807385,0.008739980520004687,0.009327817374742304,0.6256286329196961,0.592639952002386,0.012203167495976332,0.012203350458464688,0.0018036569901161426,0.08203525424367199,0.07348459601101102,0.012432481001700055,0.012432481001700055,0.00862382277784191,0.008622792648701713,0.00912792557418105,0.00912792557418105,0.011293615810261295,0.011291239623055307,0.012432481001700055,0.012432481001700055,0.011651501647786002,0.01039328820783344,0.012203350458464688,0.012203350458464688,0.008739980520004687,0.009327817374742304,0.6256286329196961,0.592639952002386,0.008709337648420043,0.008709337648420043,0.011167832656141437,0.011168067418430835,0.008508948818986953,0.008553169694882692,0.6197949606205828,0.5925282336478455
110000295544,64.0,0.024741505743226717,0.0018686996457352944,0.09395342204191363,0.06971565629625759,0.018522936401766336,0.018522936401766336,0.004157750752316267,0.012286978259561904,0.012286978259561904,0.002808207014855174,0.016315029828435492,0.01631440005010232,0.004157750752316267,0.004157750752316267,0.013435236955818969,0.014346033631961035,0.5669489179215075,0.5317111998438822,0.018417840839376445,0.018426598448548347,0.0018686996457352944,0.09395342204191363,0.06971565629625759,0.0180465003211682,0.0180465003211682,0.013104570628926069,0.013108874444405024,0.013091350476200537,0.013091350476200537,0.017019206769007124,0.017020608721707138,0.0180465003211682,0.0180465003211682,0.017828647034019447,0.016574462593840038,0.018426598448548347,0.018426598448548347,0.013435236955818969,0.014346033631961035,0.5669489179215075,0.5317111998438822,0.012286978259561904,0.012286978259561904,0.016315029828435492,0.01631440005010232,0.012607445624701329,0.013018199151730789,0.5621542542237984,0.5308238976883118
110000295563,64.0,0.03568871019889916,0.002366803491322747,0.06939804954937072,0.056209978324940534,0.015875620066237738,0.015875620066237738,0.005031331486298148,0.010439219183517628,0.010439219183517628,0.003188522561027276,0.013794561349945007,0.013795033961194542,0.005031331486298148,0.005031331486298148,0.00919288384820585,0.009948714091071434,0.5871181756917305,0.5523824462998262,0.016189044710425475,0.016186502076914903,0.002366803491322747,0.06939804954937072,0.056209978324940534,0.016169814260276874,0.016169814260276874,0.01087407812482344,0.010873874111375779,0.011377251833654175,0.011377251833654175,0.0134586917171141,0.013458581227311014,0.016169814260276874,0.016169814260276874,0.015390591740473893,0.013805088283932138,0.016186502076914903,0.016186502076914903,0.00919288384820585,0.009948714091071434,0.5871181756917305,0.5523824462998262,0.010439219183517628,0.010439219183517628,0.013794561349945007,0.013795033961194542,0.008482473025104274,0.009025885043693598,0.587251136724172,0.5512160364281578
110000295576,64.0,0.0600768898341035,0.0018563886566012983,0.1743483992371066,0.14641724920969124,0.016111484793895778,0.016111484793895778,0.003745710997653763,0.010699390945190079,0.010699390945190079,0.002592429205415941,0.015392314626976865,0.015393998892609477,0.003745710997653763,0.003745710997653763,0.009237081143540219,0.009765962971535019,0.7126872552865826,0.6894151894876236,0.01647597992787364,0.016474022256590233,0.0018563886566012983,0.1743483992371066,0.14641724920969124,0.015046358697373217,0.015046358697373217,0.011439184316885892,0.011438510714993017,0.012346839883934266,0.012346839883934266,0.014020423313814765,0.01402071136550871,0.015046358697373217,0.015046358697373217,0.015524847292533386,0.013635629961235294,0.016474022256590233,0.016474022256590233,0.009237081143540219,0.009765962971535019,0.7126872552865826,0.6894151894876236,0.010699390945190079,0.010699390945190079,0.015392314626976865,0.015393998892609477,0.008918681689745531,0.009340027642327121,0.6959598740669187,0.6739496170442989
110000295604,64.0,0.019982410415605938,0.0027624383911235848,0.08290214896635323,0.07195426969899997,0.01842594365188088,0.01842594365188088,0.006049984646629433,0.012432360032271723,0.012432360032271723,0.004120033832172694,0.014381619475302051,0.01438285499898055,0.006049984646629433,0.006049984646629433,0.00972801013881658,0.009936738963402953,0.6564804430122031,0.6309789446961969,0.017630418004066478,0.01762871226917479,0.0027624383911235848,0.08290214896635323,0.07195426969899997,0.018028294514104905,0.018028294514104905,0.013752818444846287,0.013758367073944169,0.013327868592789413,0.013327868592789413,0.015001431839110922,0.015000971717709432,0.018028294514104905,0.018028294514104905,0.01760373316803815,0.01356125881340099,0.01762871226917479,0.01762871226917479,0.00972801013881658,0.009936738963402953,0.6564804430122031,0.6309789446961969,0.012432360032271723,0.012432360032271723,0.014381619475302051,0.01438285499898055,0.009677628838075273,0.010114070928537201,0.6479537884391356,0.6230414276540023
110000295615,64.0,0.035796895328186334,0.002118267259627613,0.1637235860418274,0.14804132551599136,0.0183376988166641,0.0183376988166641,0.0047454195576334506,0.011395715024445972,0.011395715024445972,0.002923231991561295,0.015557633815201248,0.01556241128629359,0.0047454195576334506,0.0047454195576334506,0.01049711779374243,0.011142454710596616,0.6015016777942547,0.5887184085972159,0.018247475906991932,0.018243143468016112,0.002118267259627613,0.1637235860418274,0.14804132551599136,0.019485152892829025,0.019485152892829025,0.011427756406636796,0.01142849214664222,0.012570667460859523,0.012570667460859523,0.014675495447504934,0.01467482605350509,0.019485152892829025,0.019485152892829025,0.01783028592839181,0.01363088860637168,0.018243143468016112,0.018243143468016112,0.01049711779374243,0.011142454710596616,0.6015016777942547,0.5887184085972159,0.011395715024445972,0.011395715024445972,0.015557633815201248,0.01556241128629359,0.010032536014035781,0.010511581978608664,0.6009468873179161,0.5886265095636428
110000295618,64.0,0.02914983999364162,0.0020063394884365223,0.12962811429265592,0.11324477846225198,0.022121871117166864,0.022121871117166864,0.005031454136673006,0.010593533488772934,0.010593533488772934,0.0033028211114363264,0.0149011419186923,0.01491695568399981,0.005031454136673006,0.005031454136673006,0.011422565621776707,0.011672393192903004,0.6743835775714508,0.6254382169653439,0.02375681554873526,0.02377839273408556,0.0020063394884365223,0.12962811429265592,0.11324477846225198,0.020913808652803647,0.020913808652803647,0.011118159111507459,0.011118615170162032,0.01139974490523419,0.01139974490523419,0.016431929719873745,0.016454577260127546,0.020913808652803647,0.020913808652803647,0.022988426998213147,0.017734451950865752,0.02377839273408556,0.02377839273408556,0.011422565621776707,0.011672393192903004,0.6743835775714508,0.6254382169653439,0.010593533488772934,0.010593533488772934,0.0149011419186923,0.01491695568399981,0.009356274300492316,0.010103299324824129,0.6680953416649772,0.6253649791225688
110000296166,64.0,0.025693520644453353,0.002312731091571154,0.11071947887504824,0.08748965847288458,0.02253484961174988,0.02253484961174988,0.0054221135968079755,0.014076835965353546,0.014076835965353546,0.0036287336270326115,0.01850506072104015,0.018504552472198604,0.0054221135968079755,0.0054221135968079755,0.010114778348357311,0.011674606064278663,0.5886995570369168,0.5712540360425064,0.02325765340198543,0.023257318083476287,0.002312731091571154,0.11071947887504824,0.08748965847288458,0.021306785247349334,0.021306785247349334,0.014975429593744167,0.014971407247396448,0.015382174998445271,0.015382174998445271,0.017548506742047356,0.01755022146833074,0.021306785247349334,0.021306785247349334,0.021689911893944917,0.018587774854982895,0.023257318083476287,0.023257318083476287,0.010114778348357311,0.011674606064278663,0.5886995570369168,0.5712540360425064,0.014076835965353546,0.014076835965353546,0.01850506072104015,0.018504552472198604,0.009339202780705345,0.01060405646439597,0.587016991065977,0.5725158302765123
110000296170,64.0,0.020596043532176235,0.0023526410949189828,0.0659153045561183,0.05103923590366846,0.014989636365859293,0.014989636365859293,0.006220386781536747,0.011848095776941589,0.011848095776941589,0.002993778749453041,0.01469662021018078,0.014682539937064849,0.006220386781536747,0.006220386781536747,0.0112329802321913,0.011432082285000407,0.5825711531688216,0.5552665280848631,0.015427774113290799,0.01542727631696849,0.0023526410949189828,0.0659153045561183,0.05103923590366846,0.01585054718446899,0.01585054718446899,0.012732558358637252,0.012725757986672933,0.01337291221602246,0.01337291221602246,0.014222560107155132,0.014222850268800397,0.01585054718446899,0.01585054718446899,0.014677279334723453,0.013720179061150082,0.01542727631696849,0.01542727631696849,0.0112329802321913,0.011432082285000407,0.5825711531688216,0.5552665280848631,0.011848095776941589,0.011848095776941589,0.01469662021018078,0.014682539937064849,0.010204213420728216,0.01104228025358491,0.5889444751136207,0.5581600267110344
110000296298,384.0,0.30029968414241054,0.011023072935070011,0.0486560294718576,0.06788276929500921,0.008377575016159468,0.008377575016159468,0.010749609271813327,0.008352979038892247,0.008352979038892247,0.010902639093193625,0.008362011233050956,0.008361997297561166,0.010749609271813327,0.010749609271813327,0.008109764258590096,0.008111650501059492,0.05099745978729144,0.018607710990404678,0.00835562595957159,0.008355644557533385,0.011023072935070011,0.0486560294718576,0.06788276929500921,0.008358579835216692,0.008358579835216692,0.008375379677174813,0.008375612331743672,0.008352319220261898,0.008352319220261898,0.008401191643523383,0.008400995063306637,0.008358579835216692,0.008358579835216692,0.008132782577650906,0.008121732158281958,0.008355644557533385,0.008355644557533385,0.008109764258590096,0.008111650501059492,0.05099745978729144,0.018607710990404678,0.008352979038892247,0.008352979038892247,0.008362011233050956,0.008361997297561166,0.00811299556427138,0.008111752741194002,0.055256388236057524,0.01898162015702508
110000296300,64.0,0.013818049784683848,0.0020838665346408726,0.05710541777316602,0.056707920041309486,0.013385817378434913,0.013385817378434913,0.002842416132351043,0.0072459307099551895,0.0072459307099551895,0.0026106528111963846,0.011153396381225431,0.011153749671685705,0.002842416132351043,0.002842416132351043,0.007877893167484775,0.008155634617633937,0.6240784489797272,0.5881271511547453,0.013403230421480648,0.013410108953603075,0.0020838665346408726,0.05710541777316602,0.056707920041309486,0.014056905427747818,0.014056905427747818,0.007296714825883603,0.007321385775202801,0.008509499872656966,0.008509499872656966,0.009357402322203593,0.009352295701265868,0.014056905427747818,0.014056905427747818,0.012709994694624473,0.011545062551710906,0.013410108953603075,0.013410108953603075,0.007877893167484775,0.008155634617633937,0.6240784489797272,0.5881271511547453,0.0072459307099551895,0.0072459307099551895,0.011153396381225431,0.011153749671685705,0.007109927919289005,0.006710710183975981,0.6313302625621218,0.5966244099696654
110000296303,64.0,0.025384943249400452,0.002859525680192142,0.0623927895316497,0.056572417530511496,0.023224542853065307,0.023224542853065307,0.005933184398803602,0.015720469595062948,0.015720469595062948,0.004347857704954513,0.021628963878063942,0.021631459254076148,0.005933184398803602,0.005933184398803602,0.011325579612973615,0.012616227862383134,0.6051224863314383,0.5916396385663284,0.025157038140494997,0.025157078560328193,0.002859525680192142,0.0623927895316497,0.056572417530511496,0.02396303383418752,0.02396303383418752,0.01629211991294776,0.016291391384818235,0.016614097484224842,0.016614097484224842,0.019326895932413008,0.019321491531502998,0.02396303383418752,0.02396303383418752,0.023850994684215292,0.020769900165635645,0.025157078560328193,0.025157078560328193,0.011325579612973615,0.012616227862383134,0.6051224863314383,0.5916396385663284,0.015720469595062948,0.015720469595062948,0.021628963878063942,0.021631459254076148,0.010083679209183051,0.011249645102790822,0.5824310963005125,0.5760363741318896
110000296329,64.0,0.029065324693381692,0.002163375807301969,0.0860896411813245,0.08283659647951269,0.025944566143356607,0.025944566143356607,0.007302857409770436,0.013851855068894211,0.013851855068894211,0.0034160202944163304,0.021545857182535447,0.02156260615502281,0.007302857409770436,0.007302857409770436,0.011480154970789642,0.012087636571789538,0.6460401780650449,0.6364305145970595,0.02744849420911356,0.02744623356340482,0.002163375807301969,0.0860896411813245,0.08283659647951269,0.026361036306391045,0.026361036306391045,0.01412110977154486,0.014132543352003368,0.014788940088123871,0.014788940088123871,0.020393133008774482,0.02039524398063213,0.026361036306391045,0.026361036306391045,0.026203551684640863,0.01771514458512627,0.02744623356340482,0.02744623356340482,0.011480154970789642,0.012087636571789538,0.6460401780650449,0.6364305145970595,0.013851855068894211,0.013851855068894211,0.021545857182535447,0.02156260615502281,0.010295286357246972,0.01097095486960233,0.645232434141983,0.6365343579693695
110000296341,64.0,0.03518445457563809,0.002843235675726097,0.1865843504143216,0.17079276965706883,0.015317468338870467,0.015317468338870467,0.006722519732851735,0.010405588345901159,0.010405588345901159,0.00464960811721954,0.01360719151675719,0.013605947460617957,0.006722519732851735,0.006722519732851735,0.008169976263409533,0.009672144997479426,0.6834264714845477,0.6602328708160499,0.015445728674913286,0.01544021394556719,0.002843235675726097,0.1865843504143216,0.17079276965706883,0.016344111485450428,0.016344111485450428,0.010180023980404693,0.010180994488299639,0.011250592794815438,0.011250592794815438,0.013590616396451045,0.013593079265100972,0.016344111485450428,0.016344111485450428,0.015403568412096523,0.011902070243446783,0.01544021394556719,0.01544021394556719,0.008169976263409533,0.009672144997479426,0.6834264714845477,0.6602328708160499,0.010405588345901159,0.010405588345901159,0.01360719151675719,0.013605947460617957,0.007851404829751657,0.009126750976501886,0.6609005602465309,0.6433790491976004
110000296342,64.0,0.03487517845053975,0.002687928486033223,0.10486393552283209,0.11162117532846609,0.020333123187396863,0.020333123187396863,0.008546654507525151,0.016797052604076598,0.016797052604076598,0.004398491132869846,0.01980759595091141,0.01980739336641952,0.008546654507525151,0.008546654507525151,0.01591344730343733,0.015447447103044437,0.5819361234957467,0.5692900098122073,0.020217464272727737,0.020221071647150826,0.002687928486033223,0.10486393552283209,0.11162117532846609,0.020626210452057456,0.020626210452057456,0.01680612794518988,0.016786841939496925,0.017966920175872474,0.017966920175872474,0.01962878038953963,0.01963290481771256,0.020626210452057456,0.020626210452057456,0.020320346057971277,0.018228094096565024,0.020221071647150826,0.020221071647150826,0.01591344730343733,0.015447447103044437,0.5819361234957467,0.5692900098122073,0.016797052604076598,0.016797052604076598,0.01980759595091141,0.01980739336641952,0.015004231885913736,0.015232278991819117,0.5707587595311819,0.5634668810895358
110000296351,64.0,0.02586247452402494,0.002393311620283841,0.10920785921764814,0.10045655248953715,0.020857004222903874,0.020857004222903874,0.007650753733967863,0.014447571202289988,0.014447571202289988,0.004470372631794377,0.017210045265728238,0.01721187319384556,0.007650753733967863,0.007650753733967863,0.010956835770644466,0.012508088940386344,0.6947947347850407,0.6635946684863637,0.02084403180260452,0.020843271012166285,0.002393311620283841,0.10920785921764814,0.10045655248953715,0.019764033781874354,0.019764033781874354,0.014339283809618644,0.014337556618249168,0.015250213298474292,0.015250213298474292,0.019086795948537346,0.019103488871989673,0.019764033781874354,0.019764033781874354,0.01966797104224471,0.015843609135775066,0.020843271012166285,0.020843271012166285,0.010956835770644466,0.012508088940386344,0.6947947347850407,0.6635946684863637,0.014447571202289988,0.014447571202289988,0.017210045265728238,0.01721187319384556,0.010507024073223214,0.01184548369769631,0.6927357139183586,0.6631750052827865
110000296370,64.0,0.03815617721031041,0.0034250042897661453,0.12469762333916219,0.11673083251090705,0.018620404275091436,0.018620404275091436,0.006916423393258558,0.011204978455600968,0.011204978455600968,0.004323607199316218,0.015840224758799884,0.01583917112649874,0.006916423393258558,0.006916423393258558,0.010080821222428331,0.011046024383012745,0.6915874200052,0.6669955554831258,0.019116307215694184,0.019116254245701743,0.0034250042897661453,0.12469762333916219,0.11673083251090705,0.019718772875997315,0.019718772875997315,0.0113876898924072,0.011385923296559793,0.011761989841124842,0.011761989841124842,0.016650549000806713,0.01664970179760243,0.019718772875997315,0.019718772875997315,0.017951732223222584,0.013058838054979365,0.019116254245701743,0.019116254245701743,0.010080821222428331,0.011046024383012745,0.6915874200052,0.6669955554831258,0.011204978455600968,0.011204978455600968,0.015840224758799884,0.01583917112649874,0.009528513682064985,0.010824763723122525,0.6847060978701659,0.6586515106992258
110000296373,64.0,0.03715657135184114,0.003058952987054604,0.12975127342515416,0.11853988045680623,0.017553601363375634,0.017553601363375634,0.007260907417839243,0.012373395441440739,0.012373395441440739,0.004670634538579031,0.01625533123817037,0.016257282170849957,0.007260907417839243,0.007260907417839243,0.010011200177341712,0.010913651271418683,0.6552702136167909,0.6376235233023498,0.017729037531475464,0.01772910890602119,0.003058952987054604,0.12975127342515416,0.11853988045680623,0.018012604094022448,0.018012604094022448,0.012380860293074282,0.012381794855415157,0.01338139667027641,0.01338139667027641,0.014755066341663528,0.01475465907480628,0.018012604094022448,0.018012604094022448,0.016956404134389463,0.014144022154140862,0.01772910890602119,0.01772910890602119,0.010011200177341712,0.010913651271418683,0.6552702136167909,0.6376235233023498,0.012373395441440739,0.012373395441440739,0.01625533123817037,0.016257282170849957,0.009624538444438372,0.010806642096539382,0.6514313935748629,0.6344636880593484
110000296380,64.0,0.03624585102143728,0.0031810307357973398,0.12800042431000394,0.11116660159028606,0.015799532129585188,0.015799532129585188,0.008075712098362706,0.00993281053490252,0.00993281053490252,0.004083456302483791,0.012837409765356805,0.012843135841142725,0.008075712098362706,0.008075712098362706,0.009715971260682474,0.009692780818588018,0.6820849328589512,0.6611353359237214,0.015597271993740924,0.015593771289084872,0.0031810307357973398,0.12800042431000394,0.11116660159028606,0.014665536140836944,0.014665536140836944,0.010233306844580833,0.010232547579823368,0.010248048939589085,0.010248048939589085,0.012478406698456656,0.012478819581662045,0.014665536140836944,0.014665536140836944,0.01535901626929134,0.012453976485619703,0.015593771289084872,0.015593771289084872,0.009715971260682474,0.009692780818588018,0.6820849328589512,0.6611353359237214,0.00993281053490252,0.00993281053490252,0.012837409765356805,0.012843135841142725,0.008906726109209305,0.009296443816722686,0.6719626071591698,0.6498756833815426
110000296686,64.0,0.023696944157094505,0.002157069224418706,0.08749542033249255,0.0913531698578282,0.01296109607300108,0.01296109607300108,0.007301104287793542,0.010673282009142696,0.010673282009142696,0.003240373798720474,0.011844554258557656,0.011844573948373996,0.007301104287793542,0.007301104287793542,0.01050098203984004,0.011041641468511753,0.5976839412877257,0.5848076214960081,0.01402612347390964,0.014024665560318582,0.002157069224418706,0.08749542033249255,0.0913531698578282,0.01356939835249015,0.01356939835249015,0.010664315552195153,0.010672067890968253,0.010959120877512576,0.010959120877512576,0.012286373466523172,0.012286520559645353,0.01356939835249015,0.01356939835249015,0.013260878572757375,0.011617142838555172,0.014024665560318582,0.014024665560318582,0.01050098203984004,0.011041641468511753,0.5976839412877257,0.5848076214960081,0.010673282009142696,0.010673282009142696,0.011844554258557656,0.011844573948373996,0.01029675913656361,0.010731322450863263,0.5950423446684503,0.5819355920036697
110000296689,64.0,0.022099162839352714,0.0021299828032031254,0.1861308850723476,0.1668569380011625,0.016203808843050733,0.016203808843050733,0.005230171060962104,0.010340097634189591,0.010340097634189591,0.0032681551554098933,0.015739753068302255,0.01574162619187448,0.005230171060962104,0.005230171060962104,0.008478708953197973,0.010070181825089874,0.5961252484703399,0.5663473894942164,0.015602585545217986,0.015608405148432168,0.0021299828032031254,0.1861308850723476,0.1668569380011625,0.017019894350828922,0.017019894350828922,0.010745686560700574,0.010748094966211265,0.010622545514158581,0.010622545514158581,0.01530844052340469,0.015307693015517968,0.017019894350828922,0.017019894350828922,0.015172236033339871,0.012463189017743946,0.015608405148432168,0.015608405148432168,0.008478708953197973,0.010070181825089874,0.5961252484703399,0.5663473894942164,0.010340097634189591,0.010340097634189591,0.015739753068302255,0.01574162619187448,0.008631389497637573,0.00963912394702218,0.5937927913047162,0.5641705707562582
110000296691,64.0,0.025463531531648386,0.0022960713162541785,0.07884048581504358,0.06902172452351286,0.01636612130590989,0.01636612130590989,0.0053132325725802725,0.014179063472236865,0.014179063472236865,0.0037316078438254484,0.01647002380724931,0.016467902294463283,0.0053132325725802725,0.0053132325725802725,0.009814310437894025,0.009891696930663968,0.5702540910630005,0.5468740210656357,0.016537720060695735,0.016524105069131476,0.0022960713162541785,0.07884048581504358,0.06902172452351286,0.01743246514397499,0.01743246514397499,0.014098335628118885,0.014076246532260106,0.01545165245915003,0.01545165245915003,0.015358136678612166,0.015356880685673388,0.01743246514397499,0.01743246514397499,0.016139064018914493,0.01447093508540719,0.016524105069131476,0.016524105069131476,0.009814310437894025,0.009891696930663968,0.5702540910630005,0.5468740210656357,0.014179063472236865,0.014179063472236865,0.01647002380724931,0.016467902294463283,0.009840486543901373,0.009834300054611802,0.5661109400241333,0.5437369377893612
110000297112,64.0,0.03157797472143823,0.0021024121593477864,0.21223448650369217,0.19857953387538455,0.01812186090620025,0.01812186090620025,0.0054759770963345765,0.011347927104777576,0.011347927104777576,0.003398666199739954,0.015138168894560603,0.015140353346058451,0.0054759770963345765,0.0054759770963345765,0.010897048213840141,0.011788560907720224,0.7000417295059219,0.6918123084281864,0.01803105946320608,0.01802773794994572,0.0021024121593477864,0.21223448650369217,0.19857953387538455,0.01944573411837994,0.01944573411837994,0.01052155829600791,0.010525136200773968,0.011647932240762321,0.011647932240762321,0.014841259941425572,0.014833556919844294,0.01944573411837994,0.01944573411837994,0.017318251793453872,0.013689327089946567,0.01802773794994572,0.01802773794994572,0.010897048213840141,0.011788560907720224,0.7000417295059219,0.6918123084281864,0.011347927104777576,0.011347927104777576,0.015138168894560603,0.015140353346058451,0.009954527362283836,0.01087514280897277,0.689579664373296,0.6712017293932878
110000297115,64.0,0.03157341435599158,0.003949944643780499,0.18693391755240032,0.18194169701258617,0.02809977776361617,0.02809977776361617,0.008899439113124526,0.017704822208585984,0.017704822208585984,0.0055050724526684225,0.022574914092770328,0.022574711706895758,0.008899439113124526,0.008899439113124526,0.013440835602105837,0.016568868404412147,0.68435897941542,0.6677453358169959,0.033544132568035435,0.033541572963772255,0.003949944643780499,0.18693391755240032,0.18194169701258617,0.033750287522290257,0.033750287522290257,0.01744725881093116,0.017441580568356357,0.01860751907122369,0.01860751907122369,0.025915637229521858,0.025918719598317316,0.033750287522290257,0.033750287522290257,0.02916454383571044,0.02127865089410072,0.033541572963772255,0.033541572963772255,0.013440835602105837,0.016568868404412147,0.68435897941542,0.6677453358169959,0.017704822208585984,0.017704822208585984,0.022574914092770328,0.022574711706895758,0.012162452216470917,0.014709809258026013,0.6773744993604853,0.6652702713326126
110000297118,384.0,0.4317805693361309,0.012635334095747871,0.04702399852812942,0.0705547540042052,0.008349934442485768,0.008349934442485768,0.012087156496833633,0.008358385200645867,0.008358385200645867,0.012247574644127152,0.008364755760889346,0.0083665410361774,0.012087156496833633,0.012087156496833633,0.00810698821904623,0.00810849260742333,0.02798680004761138,0.016499687724846463,0.008329890217867819,0.008329996970141513,0.012635334095747871,0.04702399852812942,0.0705547540042052,0.008359333502882533,0.008359333502882533,0.008380199475719342,0.008380086372015708,0.008357788887665035,0.008357788887665035,0.008397270794022995,0.008397280179363623,0.008359333502882533,0.008359333502882533,0.00812964186380812,0.008118716674776642,0.008329996970141513,0.008329996970141513,0.00810698821904623,0.00810849260742333,0.02798680004761138,0.016499687724846463,0.008358385200645867,0.008358385200645867,0.008364755760889346,0.0083665410361774,0.008118440566476665,0.008118632247160936,0.02665480007198187,0.016819482938962387
A1166128,384.0,0.19002140785321744,0.010888274816228463,0.03606064405990438,0.06728570196656232,0.008390754327291706,0.008390754327291706,0.011097753720454087,0.008359619458562858,0.008359619458562858,0.011256141928524572,0.008373331403194594,0.008373316031807814,0.011097753720454087,0.011097753720454087,0.008125147814715685,0.008126339022633662,0.03360127041139376,0.016836767195142443,0.008377218001712861,0.008377380586234799,0.010888274816228463,0.03606064405990438,0.06728570196656232,0.008368854367027547,0.008368854367027547,0.00838268705604635,0.00838277419567852,0.008359694527737604,0.008359694527737604,0.008409863927272191,0.00840981236277268,0.008368854367027547,0.008368854367027547,0.00814679730890447,0.008133113357665641,0.008377380586234799,0.008377380586234799,0.008125147814715685,0.008126339022633662,0.03360127041139376,0.016836767195142443,0.008359619458562858,0.008359619458562858,0.008373331403194594,0.008373316031807814,0.008129398918526575,0.008130463088737326,0.03013388971732286,0.01660681474032929
A1166130,65.0,0.027609502456922688,0.0026697736872477004,0.032504610602611776,0.02660157432843583,0.022329337071549098,0.022329337071549098,0.005726847343015151,0.013752754419411702,0.013752754419411702,0.004225673042043489,0.016984571033566723,0.016991045305674298,0.005726847343015151,0.005726847343015151,0.011392265538411717,0.01263598375791608,0.4878510401210302,0.4823791157397979,0.021734351391184032,0.02173527012920241,0.0026697736872477004,0.032504610602611776,0.02660157432843583,0.021326445511881294,0.021326445511881294,0.0161322631577689,0.016138542369247767,0.01600195258063231,0.01600195258063231,0.016784580342525616,0.01678423646907013,0.021326445511881294,0.021326445511881294,0.020230924815592556,0.01887452321132746,0.02173527012920241,0.02173527012920241,0.011392265538411717,0.01263598375791608,0.4878510401210302,0.4823791157397979,0.013752754419411702,0.013752754419411702,0.016984571033566723,0.016991045305674298,0.01053781327171088,0.010798409332620069,0.4740498057879044,0.4684831546288939
A1166133,64.0,0.02952438407387849,0.00198897739134657,0.05178781293284118,0.037850052402021196,0.013571231265073746,0.013571231265073746,0.00647765879302123,0.010545265269936911,0.010545265269936911,0.002941197615664495,0.0129881063531505,0.012988207676727795,0.00647765879302123,0.00647765879302123,0.010017364886791363,0.01037200211779107,0.44880599825187273,0.41485242036846454,0.014334922358260492,0.014335003082630296,0.00198897739134657,0.05178781293284118,0.037850052402021196,0.013574968190532128,0.013574968190532128,0.011108497262204373,0.011107177159051526,0.011278920955542957,0.011278920955542957,0.01226503589585346,0.012260294055558146,0.013574968190532128,0.013574968190532128,0.013253210805540651,0.011998177888055067,0.014335003082630296,0.014335003082630296,0.010017364886791363,0.01037200211779107,0.44880599825187273,0.41485242036846454,0.010545265269936911,0.010545265269936911,0.0129881063531505,0.012988207676727795,0.009329236244087177,0.009827309924810458,0.45316437842549,0.4206180795423502
A1166137,64.0,0.02043222402730702,0.001971965954749414,0.02938034050510802,0.029117589602473223,0.016612326003313995,0.016612326003313995,0.0037863510300209183,0.011155412072227868,0.011155412072227868,0.0026779224158381375,0.014494380301956057,0.01449556365772321,0.0037863510300209183,0.0037863510300209183,0.009767179544493935,0.010441487885726273,0.4595109956248774,0.434615190026931,0.01744216034576942,0.017486548579169106,0.001971965954749414,0.02938034050510802,0.029117589602473223,0.01742928995662301,0.01742928995662301,0.012487062694770635,0.012616619608522108,0.012880078438633012,0.012880078438633012,0.014834449445853005,0.014836216938113595,0.01742928995662301,0.01742928995662301,0.015509968175182779,0.01452075935001582,0.017486548579169106,0.017486548579169106,0.009767179544493935,0.010441487885726273,0.4595109956248774,0.434615190026931,0.011155412072227868,0.011155412072227868,0.014494380301956057,0.01449556365772321,0.009877829941901005,0.01006206035736084,0.4515093244497008,0.4326658960113935
A1166142,64.0,0.01639110948046074,0.0020993338778132176,0.054492609543996554,0.041817432114910964,0.02021117311465246,0.02021117311465246,0.007867329302745885,0.01287179795825243,0.01287179795825243,0.0035909238760974092,0.016432597421522508,0.016431970968037644,0.007867329302745885,0.007867329302745885,0.012553977687827567,0.013832546278518078,0.4556333714856011,0.423773454480857,0.020551152240486627,0.020552026387863496,0.0020993338778132176,0.054492609543996554,0.041817432114910964,0.01996707751810446,0.01996707751810446,0.014775043015300113,0.014774462155869021,0.014240359981323556,0.014240359981323556,0.017043123145111208,0.01707044091507296,0.01996707751810446,0.01996707751810446,0.019093401240812522,0.01779788002512469,0.020552026387863496,0.020552026387863496,0.012553977687827567,0.013832546278518078,0.4556333714856011,0.423773454480857,0.01287179795825243,0.01287179795825243,0.016432597421522508,0.016431970968037644,0.011851087598737474,0.01220219522108559,0.44169986988849325,0.4117055343648714
A1166144,64.0,0.017797242755333547,0.002313368769194098,0.05926576511350987,0.04696743343647395,0.01746861283682077,0.01746861283682077,0.007100900742378985,0.012625270425435918,0.012625270425435918,0.002672215684757376,0.01653525882634508,0.016535273013393744,0.007100900742378985,0.007100900742378985,0.013935841841817018,0.013526414024014333,0.47660871736009913,0.4547155607421559,0.017768138021911958,0.017740868680026653,0.002313368769194098,0.05926576511350987,0.04696743343647395,0.01719396195559011,0.01719396195559011,0.013753094702407749,0.013792014237254369,0.014160836771874418,0.014160836771874418,0.01608725679077388,0.016087742589456364,0.01719396195559011,0.01719396195559011,0.017293781852368337,0.016576709459873565,0.017740868680026653,0.017740868680026653,0.013935841841817018,0.013526414024014333,0.47660871736009913,0.4547155607421559,0.012625270425435918,0.012625270425435918,0.01653525882634508,0.016535273013393744,0.013008875240697205,0.012861087889603107,0.4603124762198704,0.4366802822930857
A1166147,64.0,0.01393479139132225,0.0022429471232455326,0.020781038011437675,0.02190075608189575,0.01958909279560732,0.01958909279560732,0.005904867792765947,0.011957084602345808,0.011957084602345808,0.003592852473845348,0.01804676589110741,0.01805039175568253,0.005904867792765947,0.005904867792765947,0.012579336558068845,0.012975590482999563,0.46189374120917615,0.42724022861202954,0.020124540818486834,0.020129731427261988,0.0022429471232455326,0.020781038011437675,0.02190075608189575,0.019866036599338693,0.019866036599338693,0.012433030406752062,0.012432794004838345,0.013445553185023967,0.013445553185023967,0.018179542451372127,0.01817946644389614,0.019866036599338693,0.019866036599338693,0.019486393838153218,0.017352062574214983,0.020129731427261988,0.020129731427261988,0.012579336558068845,0.012975590482999563,0.46189374120917615,0.42724022861202954,0.011957084602345808,0.011957084602345808,0.01804676589110741,0.01805039175568253,0.012082751317661587,0.012636696782099869,0.45413585384871946,0.4172457963047035
A1166150,64.0,0.011280464951671221,0.0019666811693453312,0.03064297422573214,0.028092367163174883,0.014216719276177991,0.014216719276177991,0.004098395263786547,0.01076865088577651,0.01076865088577651,0.0023858834306622603,0.014008750229345633,0.01400832461995404,0.004098395263786547,0.004098395263786547,0.010836624515661487,0.01164034305788749,0.4607315543676147,0.42118448126828306,0.015479275474494042,0.015481300961413971,0.0019666811693453312,0.03064297422573214,0.028092367163174883,0.015265175722435433,0.015265175722435433,0.01245985024769307,0.012490443272074166,0.012097675263241943,0.012097675263241943,0.013301426015079982,0.013307374681823476,0.015265175722435433,0.015265175722435433,0.01505581093362082,0.012792173226246015,0.015481300961413971,0.015481300961413971,0.010836624515661487,0.01164034305788749,0.4607315543676147,0.42118448126828306,0.01076865088577651,0.01076865088577651,0.014008750229345633,0.01400832461995404,0.010214146181922554,0.010958719925101482,0.456625091202309,0.41735848588876684
A1166151,64.0,0.012866951636328786,0.002576111124401988,0.1722412358535164,0.12400275272709704,0.013705301469907743,0.013705301469907743,0.0067945673634203915,0.008118859802697047,0.008118859802697047,0.002567262262256552,0.011806355372340469,0.011803445356128676,0.0067945673634203915,0.0067945673634203915,0.010272674958833732,0.011046202808153115,0.5218283715464456,0.46956216981932813,0.014527326287972063,0.014526923877055814,0.002576111124401988,0.1722412358535164,0.12400275272709704,0.013727988652632504,0.013727988652632504,0.00953009716568965,0.009542438303442861,0.0086935373711523,0.0086935373711523,0.011568418951508468,0.011569285851737977,0.013727988652632504,0.013727988652632504,0.01383741387346845,0.01336810575436057,0.014526923877055814,0.014526923877055814,0.010272674958833732,0.011046202808153115,0.5218283715464456,0.46956216981932813,0.008118859802697047,0.008118859802697047,0.011806355372340469,0.011803445356128676,0.009731303949052604,0.010543418634247324,0.4865632352753935,0.4499174268431957
A1166153,64.0,0.012866152573568521,0.0019882475000345063,0.027386650440685174,0.020998873213416657,0.022295627127260756,0.022295627127260756,0.005415305032181734,0.01480509370855177,0.01480509370855177,0.002980356885767609,0.02014165294437375,0.020142166965121885,0.005415305032181734,0.005415305032181734,0.014191377830622316,0.014474978393327538,0.4621401630074376,0.4297901034757439,0.022332737126929427,0.02233339182229389,0.0019882475000345063,0.027386650440685174,0.020998873213416657,0.02179004472791175,0.02179004472791175,0.01715708287492143,0.017140288872853703,0.01635180637609755,0.01635180637609755,0.01972795037593358,0.019702601538896795,0.02179004472791175,0.02179004472791175,0.021841574862565195,0.01989339209227231,0.02233339182229389,0.02233339182229389,0.014191377830622316,0.014474978393327538,0.4621401630074376,0.4297901034757439,0.01480509370855177,0.01480509370855177,0.02014165294437375,0.020142166965121885,0.012897760344281289,0.01431146229328318,0.45033510093690665,0.421641930662443
A1166158,64.0,0.013601874563609211,0.002267845498349486,0.059436886731786945,0.0486137329091267,0.018776922801215217,0.018776922801215217,0.005901319888305082,0.011840294994634211,0.011840294994634211,0.0032121665775390476,0.0164242658133155,0.016424226079107093,0.005901319888305082,0.005901319888305082,0.009968571206328328,0.011277698596993988,0.49236994385385696,0.47199631383169566,0.01935613912676161,0.01935656671869306,0.002267845498349486,0.059436886731786945,0.0486137329091267,0.01980709026300062,0.01980709026300062,0.013603099720766164,0.013602962799058156,0.01357638147112986,0.01357638147112986,0.015825329096403093,0.015822319160095074,0.01980709026300062,0.01980709026300062,0.018686864932726567,0.015478414985269673,0.01935656671869306,0.01935656671869306,0.009968571206328328,0.011277698596993988,0.49236994385385696,0.47199631383169566,0.011840294994634211,0.011840294994634211,0.0164242658133155,0.016424226079107093,0.0098635516030875,0.010567360298313518,0.4902588358614253,0.46875200213035073
A1166164,64.0,0.011786269437191554,0.002099579950890884,0.08198826999492996,0.064730123245309,0.024090900302808006,0.024090900302808006,0.009115724672456247,0.01652963178215275,0.01652963178215275,0.003230470467668527,0.021374723498785733,0.021376752778060955,0.009115724672456247,0.009115724672456247,0.016593150672855758,0.016345175585628424,0.4467682168979433,0.4259368222766513,0.024097940864146312,0.024097752099971184,0.002099579950890884,0.08198826999492996,0.064730123245309,0.023213432259050665,0.023213432259050665,0.017697344364306578,0.017703277912931883,0.01788447142995774,0.01788447142995774,0.02068552914074679,0.020685458466289216,0.023213432259050665,0.023213432259050665,0.023375924626886712,0.021493055329797638,0.024097752099971184,0.024097752099971184,0.016593150672855758,0.016345175585628424,0.4467682168979433,0.4259368222766513,0.01652963178215275,0.01652963178215275,0.021374723498785733,0.021376752778060955,0.015899394985992073,0.016889626910575925,0.43831345275476385,0.41395045315984286
A1166165,64.0,0.014395451099185903,0.002039729307659157,0.037227985380895806,0.03263344748845089,0.01794922486248647,0.01794922486248647,0.004650125226960437,0.013525740193860438,0.013525740193860438,0.0027609682259669825,0.017139000474799646,0.017138868563815676,0.004650125226960437,0.004650125226960437,0.013925206845736664,0.014667045455048247,0.5141731190122346,0.47030418407547864,0.01826372145485029,0.01826266384859476,0.002039729307659157,0.037227985380895806,0.03263344748845089,0.01877493927320245,0.01877493927320245,0.015365332214580413,0.015369596327373699,0.014948223227410858,0.014948223227410858,0.016711696197463554,0.01671179639975259,0.01877493927320245,0.01877493927320245,0.017587665319712502,0.01716278593636271,0.01826266384859476,0.01826266384859476,0.013925206845736664,0.014667045455048247,0.5141731190122346,0.47030418407547864,0.013525740193860438,0.013525740193860438,0.017139000474799646,0.017138868563815676,0.01290761456371031,0.013602284737564764,0.4944258115004047,0.44677193024138795
A1170389,64.0,0.03674844736960056,0.0029179779337894303,0.05842694656593875,0.06482848382855345,0.021169121560801838,0.021169121560801838,0.0072242003819753065,0.013917937415651933,0.013917937415651933,0.003731440582294038,0.020454952144565688,0.02045926490959748,0.0072242003819753065,0.0072242003819753065,0.01348724473685032,0.015565988356416458,0.5197170956126835,0.5112785539090403,0.023758214718296127,0.023771405627692206,0.0029179779337894303,0.05842694656593875,0.06482848382855345,0.026658744975222682,0.026658744975222682,0.014269905653851927,0.014186458021397742,0.015237558757442624,0.015237558757442624,0.019058921210302223,0.01905999351589483,0.026658744975222682,0.026658744975222682,0.022801422827883243,0.017788627995184093,0.023771405627692206,0.023771405627692206,0.01348724473685032,0.015565988356416458,0.5197170956126835,0.5112785539090403,0.013917937415651933,0.013917937415651933,0.020454952144565688,0.02045926490959748,0.012127937508084732,0.014438364590118097,0.49843250313127596,0.49725304001151904
A1170391,64.0,0.019536242942506592,0.00193016675364397,0.07446112296948583,0.07250979908929278,0.022434446410008222,0.022434446410008222,0.00636197579493854,0.012341355631980945,0.012341355631980945,0.0025018464404017783,0.01951379672116257,0.019512875814328094,0.00636197579493854,0.00636197579493854,0.013571375741370508,0.016591656131315947,0.5323367480849331,0.5257564276176414,0.023761567886937788,0.023763154548436055,0.00193016675364397,0.07446112296948583,0.07250979908929278,0.022359301897713194,0.022359301897713194,0.014403371836481988,0.014405784170408985,0.013300588985004965,0.013300588985004965,0.02010931478156906,0.020109271870240607,0.022359301897713194,0.022359301897713194,0.02257990152910684,0.020245954321598855,0.023763154548436055,0.023763154548436055,0.013571375741370508,0.016591656131315947,0.5323367480849331,0.5257564276176414,0.012341355631980945,0.012341355631980945,0.01951379672116257,0.019512875814328094,0.01235568317264899,0.014566654176160775,0.5208807927777177,0.5134170180353477
A1170395,64.0,0.030513820522200787,0.002539707484699191,0.061023365039376845,0.05497181259601008,0.017040437812126805,0.017040437812126805,0.007656780069306211,0.01349430316933551,0.01349430316933551,0.0037901608124878807,0.01516819324017006,0.015168387661209507,0.007656780069306211,0.007656780069306211,0.013256415393727657,0.014059099710669404,0.5424573626328609,0.5325130172554371,0.017695957820984994,0.017699833371647402,0.002539707484699191,0.061023365039376845,0.05497181259601008,0.01683526589706442,0.01683526589706442,0.01456422181517576,0.014542467452003341,0.014273809273312338,0.014273809273312338,0.01528180267839365,0.015281665223980351,0.01683526589706442,0.01683526589706442,0.01728388675756339,0.015851310462897308,0.017699833371647402,0.017699833371647402,0.013256415393727657,0.014059099710669404,0.5424573626328609,0.5325130172554371,0.01349430316933551,0.01349430316933551,0.01516819324017006,0.015168387661209507,0.01326536724030424,0.013609170041585399,0.5251775422795968,0.5124718298746564
A1170398,64.0,0.0276755835087958,0.0023495221391124825,0.030064280440121077,0.04585754174657962,0.0191154111227848,0.0191154111227848,0.007046585281804201,0.014471472053456414,0.014471472053456414,0.0032060074985977953,0.017716513829544044,0.017717057436009827,0.007046585281804201,0.007046585281804201,0.013622814769965274,0.015470542269827154,0.49407827655417386,0.48811982577100305,0.019624056131322478,0.019622127202066297,0.0023495221391124825,0.030064280440121077,0.04585754174657962,0.019611829923950174,0.019611829923950174,0.014827574019939957,0.014830941321761042,0.014713612040505407,0.014713612040505407,0.015869192924635674,0.01586629367428426,0.019611829923950174,0.019611829923950174,0.018800177091907996,0.01661827690776357,0.019622127202066297,0.019622127202066297,0.013622814769965274,0.015470542269827154,0.49407827655417386,0.48811982577100305,0.014471472053456414,0.014471472053456414,0.017716513829544044,0.017717057436009827,0.013349682689513602,0.014931646611926733,0.495513225414502,0.49322925883626106
A1170399,64.0,0.012395657932768723,0.002203116106269113,0.027954656210044476,0.028180694715160597,0.014428379775155204,0.014428379775155204,0.005743444990178241,0.009537439114309472,0.009537439114309472,0.003918786397243363,0.011419675129968372,0.011426910032160785,0.005743444990178241,0.005743444990178241,0.008857656282959456,0.009443532618199942,0.5121142685149626,0.5061983207283479,0.014947593287415134,0.014949287305149966,0.002203116106269113,0.027954656210044476,0.028180694715160597,0.014159074985167152,0.014159074985167152,0.011308102309824772,0.011310186568490997,0.010607523059422717,0.010607523059422717,0.01201958657229247,0.01202745882972008,0.014159074985167152,0.014159074985167152,0.014697817829018005,0.012003262062299978,0.014949287305149966,0.014949287305149966,0.008857656282959456,0.009443532618199942,0.5121142685149626,0.5061983207283479,0.009537439114309472,0.009537439114309472,0.011419675129968372,0.011426910032160785,0.008076312194400147,0.00910146899474408,0.501298109193343,0.48973587564347576
A1170405,64.0,0.020936312496068834,0.0025213460266972805,0.06894071297955844,0.06881940972970518,0.01821723259551669,0.01821723259551669,0.006714754751641176,0.012487335650365356,0.012487335650365356,0.0034070308959055773,0.016008799463406994,0.016008275194731744,0.006714754751641176,0.006714754751641176,0.012336220633816493,0.013834548649657457,0.49589360965556456,0.4810789873904594,0.019074971649995498,0.018948935400548223,0.0025213460266972805,0.06894071297955844,0.06881940972970518,0.01875472580147117,0.01875472580147117,0.013289434895911419,0.013288895151839298,0.01370581023743316,0.01370581023743316,0.01508765185900728,0.015088200420464003,0.01875472580147117,0.01875472580147117,0.01840889551326289,0.016126751531792664,0.018948935400548223,0.018948935400548223,0.012336220633816493,0.013834548649657457,0.49589360965556456,0.4810789873904594,0.012487335650365356,0.012487335650365356,0.016008799463406994,0.016008275194731744,0.011442438465569053,0.013023735653901728,0.48267038802288126,0.4695017634032633
A1170407,64.0,0.023395761900374387,0.002117683502544833,0.05429957441314511,0.067559422018438,0.022793891524098747,0.022793891524098747,0.006097857934944722,0.015833222784591525,0.015833222784591525,0.003000988984205,0.019075894214407568,0.01907814858136464,0.006097857934944722,0.006097857934944722,0.014628868345894332,0.015064999977665684,0.48418628362776056,0.48399383577146565,0.02306382799711469,0.023056964380753837,0.002117683502544833,0.05429957441314511,0.067559422018438,0.022113715248189444,0.022113715248189444,0.01731914558375656,0.017321160358241112,0.017435168207635382,0.017435168207635382,0.019263043706096848,0.019265558817371735,0.022113715248189444,0.022113715248189444,0.02271832019494015,0.020460524598620206,0.023056964380753837,0.023056964380753837,0.014628868345894332,0.015064999977665684,0.48418628362776056,0.48399383577146565,0.015833222784591525,0.015833222784591525,0.019075894214407568,0.01907814858136464,0.014020237595812862,0.01499927649908706,0.4888433948852234,0.487943547616615
A1170409,64.0,0.023515681445190832,0.002413017945925892,0.06998980133913933,0.06978255789921321,0.019142266774329057,0.019142266774329057,0.00817509936565231,0.01524368846049692,0.01524368846049692,0.003689878959090721,0.01802464718084869,0.018024613025424623,0.00817509936565231,0.00817509936565231,0.015078240242907805,0.016187392721117966,0.5196901489513821,0.5202151271492468,0.019363584777813542,0.01936131430456087,0.002413017945925892,0.06998980133913933,0.06978255789921321,0.019755597965002366,0.019755597965002366,0.016357324254253694,0.016356505781468196,0.016299191968828404,0.016299191968828404,0.01835611836626395,0.018355907758105628,0.019755597965002366,0.019755597965002366,0.019029788593119684,0.0180972237133135,0.01936131430456087,0.01936131430456087,0.015078240242907805,0.016187392721117966,0.5196901489513821,0.5202151271492468,0.01524368846049692,0.01524368846049692,0.01802464718084869,0.018024613025424623,0.014378744226689992,0.01542477508568889,0.5006548410217178,0.4984348342282557
A1170412,64.0,0.01937098109672998,0.0021372140411684993,0.05753946557422249,0.06275268368593652,0.018196706021898674,0.018196706021898674,0.0068517438097043535,0.01315714106526635,0.01315714106526635,0.0024158347411058346,0.016727509201857064,0.016728667926954714,0.0068517438097043535,0.0068517438097043535,0.013444033214315665,0.015804602025156093,0.534108132104125,0.5350169947248025,0.018774711286061313,0.01877171531394312,0.0021372140411684993,0.05753946557422249,0.06275268368593652,0.018402560610622808,0.018402560610622808,0.014202118486527356,0.014076037535034119,0.014061095156541888,0.014061095156541888,0.016397333053166405,0.01639738812624743,0.018402560610622808,0.018402560610622808,0.018209418112481897,0.017615966521813204,0.01877171531394312,0.01877171531394312,0.013444033214315665,0.015804602025156093,0.534108132104125,0.5350169947248025,0.01315714106526635,0.01315714106526635,0.016727509201857064,0.016728667926954714,0.012904164624012076,0.014932590328436766,0.5168791795427309,0.5193044319501852
A1170415,64.0,0.022263779014448128,0.0025835230986948348,0.06812491540802323,0.06770557363340818,0.01649495644249378,0.01649495644249378,0.008097605805607018,0.014050051780809274,0.014050051780809274,0.0041177194215850565,0.015486146575311803,0.015485947064059225,0.008097605805607018,0.008097605805607018,0.011278765849732274,0.011915024262293825,0.5390065451002227,0.5421833042793325,0.0166502996203894,0.01665033060777298,0.0025835230986948348,0.06812491540802323,0.06770557363340818,0.016504298145070963,0.016504298145070963,0.01443249140194515,0.014427534971566838,0.014583365310244747,0.014583365310244747,0.014775946483120559,0.014777581825777392,0.016504298145070963,0.016504298145070963,0.016112223053970687,0.015216642190348377,0.01665033060777298,0.01665033060777298,0.011278765849732274,0.011915024262293825,0.5390065451002227,0.5421833042793325,0.014050051780809274,0.014050051780809274,0.015486146575311803,0.015485947064059225,0.011160174203299988,0.01174053696243024,0.5158659294255713,0.5127116020883211
A1170417,64.0,0.024416960400191194,0.0023616323509558584,0.08113931549706854,0.08865189385470074,0.018872327060903936,0.018872327060903936,0.008243881783531155,0.012515389979368434,0.012515389979368434,0.0034597765513748884,0.014707999472821644,0.01470835783224699,0.008243881783531155,0.008243881783531155,0.011740927543145074,0.0127318465695248,0.5480663266955733,0.5414121269432719,0.01920843778815179,0.019211354963731428,0.0023616323509558584,0.08113931549706854,0.08865189385470074,0.017416224172957153,0.017416224172957153,0.01275247620024776,0.012752773290604792,0.012424271624977327,0.012424271624977327,0.015456253927363415,0.01545618770926445,0.017416224172957153,0.017416224172957153,0.017065620458448883,0.015103393364708128,0.019211354963731428,0.019211354963731428,0.011740927543145074,0.0127318465695248,0.5480663266955733,0.5414121269432719,0.012515389979368434,0.012515389979368434,0.014707999472821644,0.01470835783224699,0.0114445037627496,0.012315842062371282,0.5217860968742201,0.5207689931019066
A1170421,64.0,0.017944612188519234,0.0031204262427743474,0.08595520305576954,0.07761277204795844,0.027206647267296644,0.027206647267296644,0.009842886807268515,0.017466434631426657,0.017466434631426657,0.004991493218969299,0.022147285209316393,0.02214683939217186,0.009842886807268515,0.009842886807268515,0.018173936768342988,0.020591211952756643,0.5693759035685393,0.5429887552924448,0.027504662839595333,0.02750373477348831,0.0031204262427743474,0.08595520305576954,0.07761277204795844,0.02611718605893394,0.02611718605893394,0.018174228952933368,0.0181499562079161,0.018635219308404977,0.018635219308404977,0.0221013096599205,0.022117432650032666,0.02611718605893394,0.02611718605893394,0.02560653313424495,0.02435278279573734,0.02750373477348831,0.02750373477348831,0.018173936768342988,0.020591211952756643,0.5693759035685393,0.5429887552924448,0.017466434631426657,0.017466434631426657,0.022147285209316393,0.02214683939217186,0.01736728200872174,0.019445616773914612,0.5513291546791432,0.5248993297449651
A1170441,64.0,0.03471560237113411,0.0023944552738879446,0.0376948233482137,0.033674226526382946,0.020098530887915737,0.020098530887915737,0.007563125381756965,0.013643018465450294,0.013643018465450294,0.003349222647855828,0.019220267060568664,0.019222051431593536,0.007563125381756965,0.007563125381756965,0.01370881504269561,0.015043019575235085,0.4824859526730789,0.463267877063294,0.020466427778888772,0.02046851915683174,0.0023944552738879446,0.0376948233482137,0.033674226526382946,0.020325211120431168,0.020325211120431168,0.014646070393180072,0.014621772455323144,0.014534178182155778,0.014534178182155778,0.01789191536566862,0.017892725041123752,0.020325211120431168,0.020325211120431168,0.020177187194401782,0.01874687273217697,0.02046851915683174,0.02046851915683174,0.01370881504269561,0.015043019575235085,0.4824859526730789,0.463267877063294,0.013643018465450294,0.013643018465450294,0.019220267060568664,0.019222051431593536,0.012823049570120319,0.014401967168954883,0.46356097864220464,0.44787296787198305
A1170442,64.0,0.03707329413263816,0.0020053691014085356,0.04403046787405992,0.042014610513979374,0.017562349110553748,0.017562349110553748,0.0068876568053192,0.014166396112232386,0.014166396112232386,0.0028125904302179284,0.015991912002172332,0.01599123921413874,0.0068876568053192,0.0068876568053192,0.012939967523634067,0.013611423909904503,0.47824707929813104,0.4766062859189185,0.01801645288769167,0.018005469425437872,0.0020053691014085356,0.04403046787405992,0.042014610513979374,0.018347181033493514,0.018347181033493514,0.014419364366324879,0.014418859836308286,0.015045409608244813,0.015045409608244813,0.016141048290837703,0.01614130911333422,0.018347181033493514,0.018347181033493514,0.01761098278969959,0.016415581467582516,0.018005469425437872,0.018005469425437872,0.012939967523634067,0.013611423909904503,0.47824707929813104,0.4766062859189185,0.014166396112232386,0.014166396112232386,0.015991912002172332,0.01599123921413874,0.012423916668587515,0.012334688490199692,0.45708849113582434,0.44736773893735227
A1170448,64.0,0.014481200527108882,0.002534173485794983,0.043567883081343226,0.0421763800411334,0.0318084821529498,0.0318084821529498,0.008642857285560284,0.017491132673511756,0.017491132673511756,0.003537789600869482,0.028956467585434725,0.028962634658738745,0.008642857285560284,0.008642857285560284,0.014618843302759399,0.019166939143732024,0.4533811674030771,0.4404371602925254,0.03437361258584046,0.03431628874414237,0.002534173485794983,0.043567883081343226,0.0421763800411334,0.035700641672584715,0.035700641672584715,0.016750238527703916,0.016758276939218268,0.01838003320174504,0.01838003320174504,0.026641898442077944,0.026634589829541765,0.035700641672584715,0.035700641672584715,0.03205915764456357,0.025839198375842413,0.03431628874414237,0.03431628874414237,0.014618843302759399,0.019166939143732024,0.4533811674030771,0.4404371602925254,0.017491132673511756,0.017491132673511756,0.028956467585434725,0.028962634658738745,0.013589664078153494,0.018166188244114076,0.4502893195336632,0.43401101515688384
A1170452,64.0,0.011618914665938944,0.002100026139007224,0.04386972310347066,0.03295242535885519,0.016529516071898263,0.016529516071898263,0.0053843011219566516,0.011249931286697537,0.011249931286697537,0.003139856396576222,0.015446891912994717,0.015446441656699198,0.0053843011219566516,0.0053843011219566516,0.011989285695141287,0.012631232216733025,0.5816519308150349,0.5611544219557008,0.01742861097656657,0.017434795087813038,0.002100026139007224,0.04386972310347066,0.03295242535885519,0.016085012089966606,0.016085012089966606,0.01253208588617409,0.012523215236445749,0.012006101399134104,0.012006101399134104,0.014718061482501646,0.014718115451753996,0.016085012089966606,0.016085012089966606,0.016798817178495417,0.015237632635505321,0.017434795087813038,0.017434795087813038,0.011989285695141287,0.012631232216733025,0.5816519308150349,0.5611544219557008,0.011249931286697537,0.011249931286697537,0.015446891912994717,0.015446441656699198,0.011270543313014083,0.011760141832653422,0.5647332322881742,0.5506278553058475
A1170453,64.0,0.013661032932249972,0.0023552319511598876,0.07229579743686436,0.06450532020331534,0.013448784679235198,0.013448784679235198,0.005701301467836865,0.009582859958896727,0.009582859958896727,0.003501005046992098,0.012455213955758323,0.012455322075589654,0.005701301467836865,0.005701301467836865,0.009610686416466197,0.010088941206342253,0.5108498748892615,0.48291598678280956,0.013635155174822432,0.01364581141397899,0.0023552319511598876,0.07229579743686436,0.06450532020331534,0.0133278107391905,0.0133278107391905,0.010333706689066241,0.01034686331830225,0.010400443832479999,0.010400443832479999,0.012187785678740952,0.01218773442437427,0.0133278107391905,0.0133278107391905,0.013173022348340759,0.012491496578054663,0.01364581141397899,0.01364581141397899,0.009610686416466197,0.010088941206342253,0.5108498748892615,0.48291598678280956,0.009582859958896727,0.009582859958896727,0.012455213955758323,0.012455322075589654,0.009783170173393915,0.010410551338386349,0.49113793759977253,0.46286542833507277
A1170459,64.0,0.018369228006313406,0.0024064884929143413,0.09473624494638126,0.08235529515155932,0.02009184228390019,0.02009184228390019,0.006171188077943381,0.011972350141537759,0.011972350141537759,0.003311630233223222,0.01676660357948263,0.016767184986350415,0.006171188077943381,0.006171188077943381,0.011971459933539805,0.01351970728220707,0.5364195750603494,0.530941301706444,0.02059255979815211,0.020593688156552513,0.0024064884929143413,0.09473624494638126,0.08235529515155932,0.019302846941102014,0.019302846941102014,0.013019117759376735,0.013012882621324785,0.012962659147263232,0.012962659147263232,0.01722714796791892,0.01722746510542001,0.019302846941102014,0.019302846941102014,0.019497238896861984,0.016644597979545633,0.020593688156552513,0.020593688156552513,0.011971459933539805,0.01351970728220707,0.5364195750603494,0.530941301706444,0.011972350141537759,0.011972350141537759,0.01676660357948263,0.016767184986350415,0.01122676343879296,0.011994067137179097,0.5239674504229288,0.5197472558480988
A1170466,64.0,0.02048286162344138,0.0019951263864930557,0.09126667385134903,0.06960365716939074,0.019173487585541583,0.019173487585541583,0.006620419219929792,0.013715527945840762,0.013715527945840762,0.0025050030069330995,0.015302655195188622,0.015302297691505871,0.006620419219929792,0.006620419219929792,0.012727292401126593,0.013938441149114852,0.5905318542347775,0.5520967777310297,0.019000735427646673,0.0190689642252307,0.0019951263864930557,0.09126667385134903,0.06960365716939074,0.01819250502891834,0.01819250502891834,0.013784867016553059,0.01378831274356474,0.014508333134961795,0.014508333134961795,0.015639162332073058,0.01564006358729018,0.01819250502891834,0.01819250502891834,0.018256264183618715,0.015378420783454241,0.0190689642252307,0.0190689642252307,0.012727292401126593,0.013938441149114852,0.5905318542347775,0.5520967777310297,0.013715527945840762,0.013715527945840762,0.015302655195188622,0.015302297691505871,0.0115101980585252,0.012597837506783774,0.554926894658537,0.5225868094998306
A1170469,64.0,0.014758822598089886,0.0024211051228237254,0.059978328090327056,0.05574016325509951,0.018601622550517966,0.018601622550517966,0.007882388560383315,0.014757942364668476,0.014757942364668476,0.0040116722349860835,0.01745891928511375,0.017458822264302395,0.007882388560383315,0.007882388560383315,0.012962767227306432,0.013746990012072122,0.518212634280273,0.5095819383508452,0.01913649577986452,0.019134910090503235,0.0024211051228237254,0.059978328090327056,0.05574016325509951,0.01931997047695176,0.01931997047695176,0.01702090485244564,0.017000805126756714,0.015872313956998507,0.015872313956998507,0.017694330136948447,0.017693753606593168,0.01931997047695176,0.01931997047695176,0.019078856854589987,0.016509378074195606,0.019134910090503235,0.019134910090503235,0.012962767227306432,0.013746990012072122,0.518212634280273,0.5095819383508452,0.014757942364668476,0.014757942364668476,0.01745891928511375,0.017458822264302395,0.012174573306428911,0.013261254117757153,0.5103740071974191,0.4904007825332676
A1170471,64.0,0.013853811131252421,0.0021335775360952366,0.052770570545494944,0.04875981245988264,0.014945491130270442,0.014945491130270442,0.005923606044625015,0.012010979671057817,0.012010979671057817,0.0029960454817462693,0.013933579621181611,0.013933536146878719,0.005923606044625015,0.005923606044625015,0.012118352002048654,0.013411236494186353,0.48717600820130313,0.49933241639477915,0.015591249732025855,0.015589596562043092,0.0021335775360952366,0.052770570545494944,0.04875981245988264,0.014785348210241524,0.014785348210241524,0.01262744735358526,0.012619909204646488,0.012622639558535771,0.012622639558535771,0.013534326215736055,0.013541566378313892,0.014785348210241524,0.014785348210241524,0.014924220630786345,0.015192393186792434,0.015589596562043092,0.015589596562043092,0.012118352002048654,0.013411236494186353,0.48717600820130313,0.49933241639477915,0.012010979671057817,0.012010979671057817,0.013933579621181611,0.013933536146878719,0.011827679754170213,0.012854575978706484,0.4786893985859831,0.48256564733458174
A1170476,64.0,0.01456084746688129,0.002339767371567746,0.05643212136680612,0.046237870447734926,0.02005221436072226,0.02005221436072226,0.0062812227733337195,0.01376040558068213,0.01376040558068213,0.0034515962750037016,0.01635271197489019,0.01635660926697855,0.0062812227733337195,0.0062812227733337195,0.012419650598885373,0.013993087685369736,0.5376219206908276,0.5272191260596221,0.02066705296728981,0.02068642423635824,0.002339767371567746,0.05643212136680612,0.046237870447734926,0.020023071088081507,0.020023071088081507,0.014821554357964766,0.014822424136049084,0.014282182401529484,0.014282182401529484,0.017155132490881193,0.017154560959362755,0.020023071088081507,0.020023071088081507,0.020309830204189958,0.01751746686610867,0.02068642423635824,0.02068642423635824,0.012419650598885373,0.013993087685369736,0.5376219206908276,0.5272191260596221,0.01376040558068213,0.01376040558068213,0.01635271197489019,0.01635660926697855,0.012044723968868493,0.01346914506879055,0.5244841615911062,0.5119969888437113
A1170479,64.0,0.015952139725013498,0.002177916460541006,0.0664202813717781,0.05606881450216082,0.019961728824952257,0.019961728824952257,0.007610529553197944,0.013200847704746084,0.013200847704746084,0.0035391244931339914,0.018885506310024173,0.018885251850469107,0.007610529553197944,0.007610529553197944,0.012858302225604051,0.015372469604501822,0.5132062605403667,0.49564327401969355,0.020769411771443133,0.020770246627171116,0.002177916460541006,0.0664202813717781,0.05606881450216082,0.020181388884692977,0.020181388884692977,0.013584063005154629,0.013584144309059562,0.014054101939218263,0.014054101939218263,0.01790407587983005,0.017903379101774048,0.020181388884692977,0.020181388884692977,0.02008231364230164,0.017365473862232212,0.020770246627171116,0.020770246627171116,0.012858302225604051,0.015372469604501822,0.5132062605403667,0.49564327401969355,0.013200847704746084,0.013200847704746084,0.018885506310024173,0.018885251850469107,0.011819960196558621,0.014368793900830831,0.5015139007544481,0.48386641830405996
A1170480,64.0,0.016454524050752917,0.002366328811485707,0.06466859957770846,0.055475164682387446,0.022554686976813988,0.022554686976813988,0.008453936603508615,0.017261724930769048,0.017261724930769048,0.004564799202902532,0.02208197291025424,0.022082901117923805,0.008453936603508615,0.008453936603508615,0.013804302905906153,0.016554967199164453,0.5277461248682784,0.5132644322256756,0.02321602845012127,0.023226288220949493,0.002366328811485707,0.06466859957770846,0.055475164682387446,0.02264943410760128,0.02264943410760128,0.017735295474945997,0.017737028798431212,0.017347037184168246,0.017347037184168246,0.022117734335181962,0.022117595037967914,0.02264943410760128,0.02264943410760128,0.022079092902726253,0.02103865050472788,0.023226288220949493,0.023226288220949493,0.013804302905906153,0.016554967199164453,0.5277461248682784,0.5132644322256756,0.017261724930769048,0.017261724930769048,0.02208197291025424,0.022082901117923805,0.01319821285982755,0.014772611322383087,0.5088960920633031,0.4924860883832548
A1170493,64.0,0.076715716335297,0.0022726384088798722,0.1210340536410768,0.09132501450572934,0.01995408524109449,0.01995408524109449,0.004657947581289667,0.011582926158860743,0.011582926158860743,0.0031061278484377963,0.01576025762213976,0.01576207416739821,0.004657947581289667,0.004657947581289667,0.011866573958551481,0.01206861118800932,0.49622021273137457,0.4939723695959186,0.02038249022071526,0.020381048197538023,0.0022726384088798722,0.1210340536410768,0.09132501450572934,0.01858895331471755,0.01858895331471755,0.013001483264774311,0.012999435331769876,0.012939425384578002,0.012939425384578002,0.01519581771955235,0.015192889524472772,0.01858895331471755,0.01858895331471755,0.019268959186046323,0.017268443538641105,0.020381048197538023,0.020381048197538023,0.011866573958551481,0.01206861118800932,0.49622021273137457,0.4939723695959186,0.011582926158860743,0.011582926158860743,0.01576025762213976,0.01576207416739821,0.01010757314233873,0.0107382377932243,0.4731069858951571,0.46338099703332425
A1170499,64.0,0.02827708986735926,0.002808197755841346,0.04414601713310518,0.03240371113042649,0.015057972761969012,0.015057972761969012,0.006278723224363542,0.011008659076409619,0.011008659076409619,0.0034454668803449765,0.013773713968238021,0.013773496522608335,0.006278723224363542,0.006278723224363542,0.011745730253749621,0.01200981125684108,0.45403715076406975,0.4148516607952149,0.01535852647941958,0.015351770342352673,0.002808197755841346,0.04414601713310518,0.03240371113042649,0.015093528017990512,0.015093528017990512,0.01195139740811849,0.011952228343735096,0.01211176580499029,0.01211176580499029,0.013097542565332472,0.01309682745785395,0.015093528017990512,0.015093528017990512,0.015133138949742666,0.014682518306868326,0.015351770342352673,0.015351770342352673,0.011745730253749621,0.01200981125684108,0.45403715076406975,0.4148516607952149,0.011008659076409619,0.011008659076409619,0.013773713968238021,0.013773496522608335,0.011079702587338454,0.011342341471380123,0.43592929279790693,0.40478106380699747
A1170504,64.0,0.021312209857694022,0.003150006778956841,0.10693656989459403,0.06862247484080862,0.017992631291507608,0.017992631291507608,0.006972752946695084,0.011332494517716162,0.011332494517716162,0.00397269200096246,0.014413308005999938,0.01441317149375815,0.006972752946695084,0.006972752946695084,0.011616135492208355,0.011691226468207049,0.5928260995211843,0.5543802981593755,0.017228697372735743,0.017226196802159272,0.003150006778956841,0.10693656989459403,0.06862247484080862,0.017443609171162007,0.017443609171162007,0.012926847597231943,0.012897301410106515,0.012549605555633373,0.012549605555633373,0.014336279653347737,0.01433613666469474,0.017443609171162007,0.017443609171162007,0.0167354449913999,0.015402564645999055,0.017226196802159272,0.017226196802159272,0.011616135492208355,0.011691226468207049,0.5928260995211843,0.5543802981593755,0.011332494517716162,0.011332494517716162,0.014413308005999938,0.01441317149375815,0.010899669806729798,0.011301435689625465,0.5664496475941007,0.5299740009675713
A1170507,64.0,0.02387823345740508,0.0021410862055775337,0.08076665709579975,0.05485556027137246,0.014582362794105118,0.014582362794105118,0.004328873189319442,0.011054867650261648,0.011054867650261648,0.002593463650543365,0.012964690999750244,0.012963894640982986,0.004328873189319442,0.004328873189319442,0.010084647316266085,0.01010317742982742,0.5238771910251645,0.4937017371566829,0.015003958545584778,0.014999933935539925,0.0021410862055775337,0.08076665709579975,0.05485556027137246,0.014463115063583162,0.014463115063583162,0.013234570466785006,0.013217024621417394,0.01252327727842901,0.01252327727842901,0.012837103216030425,0.012811075871930849,0.014463115063583162,0.014463115063583162,0.01452668326095159,0.01344885373906889,0.014999933935539925,0.014999933935539925,0.010084647316266085,0.01010317742982742,0.5238771910251645,0.4937017371566829,0.011054867650261648,0.011054867650261648,0.012964690999750244,0.012963894640982986,0.009800216264199699,0.010400953143329153,0.5121387665240641,0.48266910921605044
A1170513,64.0,0.014802258121153256,0.0027238942865403844,0.06665495061655818,0.05320737349043681,0.018949356881128032,0.018949356881128032,0.008305269948280583,0.012714872689150477,0.012714872689150477,0.004553438131561803,0.016859798943263733,0.016859901992119366,0.008305269948280583,0.008305269948280583,0.012055946501798817,0.012889915432598886,0.49166548852008907,0.44378485536212303,0.019778789717795273,0.019777984934912073,0.0027238942865403844,0.06665495061655818,0.05320737349043681,0.0210419426545711,0.0210419426545711,0.01455753859186072,0.014532148299317092,0.013598678175018518,0.013598678175018518,0.01699747303946275,0.016996969238444817,0.0210419426545711,0.0210419426545711,0.01872359698401823,0.01613823269597134,0.019777984934912073,0.019777984934912073,0.012055946501798817,0.012889915432598886,0.49166548852008907,0.44378485536212303,0.012714872689150477,0.012714872689150477,0.016859798943263733,0.016859901992119366,0.011483178887072438,0.012308980958982996,0.4829776965438978,0.4338050482974539
A1170515,64.0,0.024858625749480973,0.0027637229986970293,0.04652097207384146,0.03369539442143245,0.017086679663540803,0.017086679663540803,0.006469958103092484,0.009762750402382456,0.009762750402382456,0.0035650331678913965,0.014441553345558456,0.014441611231763121,0.006469958103092484,0.006469958103092484,0.01021368959395197,0.010950442541753987,0.5021161834850887,0.48189906397579574,0.01825568375328561,0.018258224839429606,0.0027637229986970293,0.04652097207384146,0.03369539442143245,0.017423019503592665,0.017423019503592665,0.011926969970882386,0.011922460081968688,0.010530286943349917,0.010530286943349917,0.014769112292378766,0.01477266530048748,0.017423019503592665,0.017423019503592665,0.017024919869274496,0.014754621190357581,0.018258224839429606,0.018258224839429606,0.01021368959395197,0.010950442541753987,0.5021161834850887,0.48189906397579574,0.009762750402382456,0.009762750402382456,0.014441553345558456,0.014441611231763121,0.009688761441445612,0.010633181512341591,0.4793843073346263,0.46576845255490373
A1170516,64.0,0.015474682782727655,0.0030286887884411967,0.047986813232743425,0.03277710768108864,0.017885155110791036,0.017885155110791036,0.009484999792162876,0.014575236272691095,0.014575236272691095,0.004785510993483015,0.01708313026767821,0.017084973459425886,0.009484999792162876,0.009484999792162876,0.012196889930487797,0.013513749211019005,0.44985997552787194,0.4386143265874175,0.018938607593770293,0.018955012990422064,0.0030286887884411967,0.047986813232743425,0.03277710768108864,0.01896803974659719,0.01896803974659719,0.015639272527040095,0.01566183603237737,0.01573968489894431,0.01573968489894431,0.01699729397896148,0.016996982501194288,0.01896803974659719,0.01896803974659719,0.01833870525343811,0.016573115901197106,0.018955012990422064,0.018955012990422064,0.012196889930487797,0.013513749211019005,0.44985997552787194,0.4386143265874175,0.014575236272691095,0.014575236272691095,0.01708313026767821,0.017084973459425886,0.011338386835768063,0.012574219778195887,0.4374199149216801,0.4182704430741264
A1170518,64.0,0.02146625466021954,0.0029848611445269,0.05078113787623056,0.04156626149050246,0.012913640444998455,0.012913640444998455,0.005990753394430895,0.010938031004922142,0.010938031004922142,0.004077438574117133,0.011917024511323843,0.011916866395444151,0.005990753394430895,0.005990753394430895,0.009984486797388977,0.010461860909274824,0.41638916605093224,0.3817182258068387,0.012977086033688396,0.012969830614594283,0.0029848611445269,0.05078113787623056,0.04156626149050246,0.0128920115754621,0.0128920115754621,0.01216242560062659,0.012154023900968147,0.011682286789867045,0.011682286789867045,0.012181286063318312,0.012181925123354755,0.0128920115754621,0.0128920115754621,0.012932090366023243,0.01271063295422801,0.012969830614594283,0.012969830614594283,0.009984486797388977,0.010461860909274824,0.41638916605093224,0.3817182258068387,0.010938031004922142,0.010938031004922142,0.011917024511323843,0.011916866395444151,0.009818726374718083,0.010435651664156323,0.4020548740481725,0.37578297180547543
A1170527,64.0,0.02531069724975991,0.0025234540237917416,0.09620121873027798,0.07225808594272003,0.016403306015637303,0.016403306015637303,0.006448511047592346,0.01203780456475376,0.01203780456475376,0.0036508135892651386,0.014929545600663572,0.014929500156216113,0.006448511047592346,0.006448511047592346,0.012473882541702855,0.013003227468045497,0.49612006799780595,0.45524813384746765,0.016717876930154862,0.016718026444013014,0.0025234540237917416,0.09620121873027798,0.07225808594272003,0.016454781866629676,0.016454781866629676,0.0141403182990857,0.014141925236120425,0.013098172990328711,0.013098172990328711,0.014983063972462119,0.014982970830468345,0.016454781866629676,0.016454781866629676,0.01621611689869969,0.01618801948752002,0.016718026444013014,0.016718026444013014,0.012473882541702855,0.013003227468045497,0.49612006799780595,0.45524813384746765,0.01203780456475376,0.01203780456475376,0.014929545600663572,0.014929500156216113,0.012604280342063033,0.012450625812203648,0.48953844569843347,0.45161589463711843
A1170535,65.0,0.022641284011282025,0.002676416980407246,0.08860370557570113,0.06657924601681584,0.020391143517965966,0.020391143517965966,0.007844894375412977,0.013385466467363792,0.013385466467363792,0.003736567972088359,0.01829334401969708,0.018293235223927642,0.007844894375412977,0.007844894375412977,0.015003177472662405,0.015713175811332847,0.5301289187373056,0.48917460560627296,0.02110730510330118,0.021112548616462296,0.002676416980407246,0.08860370557570113,0.06657924601681584,0.02040760875600722,0.02040760875600722,0.01540311073580448,0.015403160160366566,0.014397671269905807,0.014397671269905807,0.017258943940569028,0.01725827123662161,0.02040760875600722,0.02040760875600722,0.02042405676280102,0.019724135929188164,0.021112548616462296,0.021112548616462296,0.015003177472662405,0.015713175811332847,0.5301289187373056,0.48917460560627296,0.013385466467363792,0.013385466467363792,0.01829334401969708,0.018293235223927642,0.01426488657907978,0.014739302648680588,0.5100724511811344,0.47245816669607354
A1170541,64.0,0.012689829688854437,0.002857620633044044,0.05362827206137762,0.040174409688064544,0.02068830085581745,0.02068830085581745,0.00797983314589655,0.017686892437164682,0.017686892437164682,0.00491639376024507,0.02005947546689064,0.0200611754356863,0.00797983314589655,0.00797983314589655,0.014925443084081969,0.01490948766589335,0.5531091765283368,0.5388992576216772,0.020397917338073588,0.020393398417774627,0.002857620633044044,0.05362827206137762,0.040174409688064544,0.020387599479472485,0.020387599479472485,0.019201405621590832,0.01919943211597517,0.01861755974621705,0.01861755974621705,0.01903927595325482,0.019026913048243423,0.020387599479472485,0.020387599479472485,0.019994145706929325,0.01851574077657138,0.020393398417774627,0.020393398417774627,0.014925443084081969,0.01490948766589335,0.5531091765283368,0.5388992576216772,0.017686892437164682,0.017686892437164682,0.02005947546689064,0.0200611754356863,0.014396025093756858,0.014632971036556603,0.5404227168251091,0.5252193483016588
A12069cW,64.0,0.10606319703170071,0.003080536515457547,0.09845348698118314,0.05776938626455941,0.006521079932419984,0.006521079932419984,0.006223366138961118,0.006698897190604693,0.006698897190604693,0.006337363255587266,0.006654207405684476,0.006655869168409319,0.006223366138961118,0.006223366138961118,0.0026720240567778635,0.0028607218011744324,0.8968836716067842,0.553547979286006,0.006740795943044428,0.0067201238743270116,0.003080536515457547,0.09845348698118314,0.05776938626455941,0.007289315645968047,0.007289315645968047,0.006107360848613255,0.006110821728159454,0.007349617428590246,0.007349617428590246,0.006598377335714864,0.006596991940422925,0.007289315645968047,0.007289315645968047,0.0066318224892140554,0.005482163535311322,0.0067201238743270116,0.0067201238743270116,0.0026720240567778635,0.0028607218011744324,0.8968836716067842,0.553547979286006,0.006698897190604693,0.006698897190604693,0.006654207405684476,0.006655869168409319,0.0023050609978076033,0.0024317810827985085,0.874961458419519,0.5384427209432593
A13415cW,64.0,0.09618991729460304,0.0036454661404225442,0.04216524072572639,0.034788705391193095,0.006144387069515645,0.006144387069515645,0.004906363236144657,0.0065163071937196495,0.0065163071937196495,0.004763226214557982,0.006955769034256131,0.0069559821360963905,0.004906363236144657,0.004906363236144657,0.003534976605670012,0.0038889485583297073,0.4144959187324581,0.38446925483998445,0.006737601106025153,0.0067402678134969325,0.0036454661404225442,0.04216524072572639,0.034788705391193095,0.008145195611823211,0.008145195611823211,0.006585373589640663,0.0065860600158044085,0.007730893212941133,0.007730893212941133,0.0056784926211297495,0.005678664117447968,0.008145195611823211,0.008145195611823211,0.006650403329471061,0.006101731868443719,0.0067402678134969325,0.0067402678134969325,0.003534976605670012,0.0038889485583297073,0.4144959187324581,0.38446925483998445,0.0065163071937196495,0.0065163071937196495,0.006955769034256131,0.0069559821360963905,0.003483980748934263,0.0037501413062321198,0.3923805095817634,0.3693242990530114
A13415dW,64.0,0.2402390352422502,0.0023264382739825434,0.019735501231802233,0.013767978809923311,0.005528168041644384,0.005528168041644384,0.003073593211036292,0.0049796229314723614,0.0049796229314723614,0.002689616889992876,0.005822411927011754,0.005822124577098696,0.003073593211036292,0.003073593211036292,0.0033269850634652797,0.003350077782606388,0.3605766081837665,0.3504403791642954,0.005674296497801245,0.005674178213593008,0.0023264382739825434,0.019735501231802233,0.013767978809923311,0.005993591416689552,0.005993591416689552,0.005140583187469095,0.0051404685050181155,0.005273045011623706,0.005273045011623706,0.004935278470677201,0.004935338698573367,0.005993591416689552,0.005993591416689552,0.005721924893594872,0.005086665927500311,0.005674178213593008,0.005674178213593008,0.0033269850634652797,0.003350077782606388,0.3605766081837665,0.3504403791642954,0.0049796229314723614,0.0049796229314723614,0.005822411927011754,0.005822124577098696,0.0030304294304341964,0.003233793409537431,0.34582044595367517,0.3343496292956595
A13451bW,64.0,0.26752776194988875,0.0018845207268044267,0.006094544055662183,0.003810219775286298,0.006168352054927646,0.006168352054927646,0.0028391855343943375,0.0068698855638028855,0.0068698855638028855,0.0028297154817227927,0.007895282473198326,0.007895078748116853,0.0028391855343943375,0.0028391855343943375,0.002812368279451222,0.002935251781523655,0.27724072137248096,0.25388227928855006,0.0069702314872378485,0.006989331036722991,0.0018845207268044267,0.006094544055662183,0.003810219775286298,0.00885088411848563,0.00885088411848563,0.006849343452908334,0.006849613631223987,0.007963365958544142,0.007963365958544142,0.006770581833740899,0.006774688513530725,0.00885088411848563,0.00885088411848563,0.006898304860124685,0.006035408137939625,0.006989331036722991,0.006989331036722991,0.002812368279451222,0.002935251781523655,0.27724072137248096,0.25388227928855006,0.0068698855638028855,0.0068698855638028855,0.007895282473198326,0.007895078748116853,0.002565227061468177,0.0023591451625716003,0.2678627260076775,0.20492410401475583
AEOJUM204,64.0,0.02029974768188625,0.003372137385339035,0.07809127447580103,0.0709230495086785,0.017816517992514123,0.017816517992514123,0.005926356779566531,0.00950761870455891,0.00950761870455891,0.004519043280962735,0.014781623711205026,0.014770255775806705,0.005926356779566531,0.005926356779566531,0.007280952628660759,0.008649262184192126,0.5575601212416207,0.5328989663569389,0.01849210736053204,0.018475690067361158,0.003372137385339035,0.07809127447580103,0.0709230495086785,0.01840854877142183,0.01840854877142183,0.010014508836663268,0.010008064345653675,0.010549577774295103,0.010549577774295103,0.014503038364454638,0.014506204825045785,0.01840854877142183,0.01840854877142183,0.017324831568661436,0.013983090858766348,0.018475690067361158,0.018475690067361158,0.007280952628660759,0.008649262184192126,0.5575601212416207,0.5328989663569389,0.00950761870455891,0.00950761870455891,0.014781623711205026,0.014770255775806705,0.005994454695681499,0.006765673973102711,0.5500324280846528,0.5295078846316241
AEOJUM303,64.0,0.020516839752243637,0.0026522721834622,0.10979570604606183,0.09388901787692218,0.014210571494024528,0.014210571494024528,0.005200227525208848,0.00836702238812988,0.00836702238812988,0.0037618596291188054,0.011543680912897949,0.011543764638301627,0.005200227525208848,0.005200227525208848,0.00732414510412812,0.008075896544231687,0.5813648587782714,0.5574650479917046,0.014759622403116608,0.014699286532061569,0.0026522721834622,0.10979570604606183,0.09388901787692218,0.013502058884984347,0.013502058884984347,0.00845750370276646,0.008458483286409793,0.008854348262979449,0.008854348262979449,0.011647847979641532,0.011656424244384053,0.013502058884984347,0.013502058884984347,0.013674344405505403,0.011339614927198965,0.014699286532061569,0.014699286532061569,0.00732414510412812,0.008075896544231687,0.5813648587782714,0.5574650479917046,0.00836702238812988,0.00836702238812988,0.011543680912897949,0.011543764638301627,0.0062416199392486636,0.00704111234729682,0.5810707606534053,0.5594567148526965
AEOJUM402,64.0,0.029978363363362074,0.0036437752207742293,0.07484216519744247,0.07628260419683626,0.02583165780478385,0.02583165780478385,0.009052525279420425,0.016053292486912476,0.016053292486912476,0.005816961934109238,0.02022247433056323,0.020222125908813313,0.009052525279420425,0.009052525279420425,0.01175074665760522,0.013993567273648682,0.5664476647084004,0.5478845112463657,0.029426161597254866,0.029423324092399013,0.0036437752207742293,0.07484216519744247,0.07628260419683626,0.027785667869465094,0.027785667869465094,0.01745406088366638,0.017459732344841945,0.017319905036805534,0.017319905036805534,0.023622390308201006,0.023626601266584977,0.027785667869465094,0.027785667869465094,0.027017570577998775,0.01758438320293928,0.029423324092399013,0.029423324092399013,0.01175074665760522,0.013993567273648682,0.5664476647084004,0.5478845112463657,0.016053292486912476,0.016053292486912476,0.02022247433056323,0.020222125908813313,0.011153935979462327,0.012794390646907048,0.5637781935224071,0.5436528181359401
AEOJUM501,64.0,0.01607009204611738,0.0019687958394636594,0.07351456903654746,0.060770443652075665,0.013533878491318383,0.013533878491318383,0.004140739642534825,0.009020641976222135,0.009020641976222135,0.002497052122727413,0.014360277007576151,0.014357445647440313,0.004140739642534825,0.004140739642534825,0.006223784774487834,0.006852180919741239,0.5097407306990721,0.45128073540228153,0.015420208431552446,0.01555029463970327,0.0019687958394636594,0.07351456903654746,0.060770443652075665,0.017673804490950462,0.017673804490950462,0.009351812184702211,0.009351430240510791,0.009570985424139719,0.009570985424139719,0.013176406783187692,0.013176400655056852,0.017673804490950462,0.017673804490950462,0.014010828820420526,0.010306863270584174,0.01555029463970327,0.01555029463970327,0.006223784774487834,0.006852180919741239,0.5097407306990721,0.45128073540228153,0.009020641976222135,0.009020641976222135,0.014360277007576151,0.014357445647440313,0.005473177216552498,0.006511939879511365,0.5064693828841547,0.45485151226545506
AEOJUM707,64.0,0.048555884649980265,0.002543421956199506,0.032364642105411054,0.032124740526963395,0.01627571887955703,0.01627571887955703,0.006177706588014668,0.011888230201211932,0.011888230201211932,0.00340721843402732,0.014513708229969093,0.014506400464069275,0.006177706588014668,0.006177706588014668,0.011865977256172137,0.012829056834546266,0.5287359251987218,0.4904793403691499,0.016869345306785074,0.016871925321686913,0.002543421956199506,0.032364642105411054,0.032124740526963395,0.016223288177025987,0.016223288177025987,0.011890453480525474,0.011887370115592412,0.012681566044521086,0.012681566044521086,0.013334988922323534,0.01333424463380217,0.016223288177025987,0.016223288177025987,0.01637164581175399,0.014781946623371097,0.016871925321686913,0.016871925321686913,0.011865977256172137,0.012829056834546266,0.5287359251987218,0.4904793403691499,0.011888230201211932,0.011888230201211932,0.014513708229969093,0.014506400464069275,0.010620731967321015,0.012067373142415043,0.5256940526827313,0.4920404491198318
AEOJUM807,64.0,0.0480349397791084,0.0028993147816554366,0.050000584113726175,0.045471155209310596,0.016215379278696734,0.016215379278696734,0.006204147555216158,0.013046130589811529,0.013046130589811529,0.004858511826738141,0.014798703050784751,0.014798761255057786,0.006204147555216158,0.006204147555216158,0.012261596474751871,0.013095459609353417,0.5106868207252079,0.4880782836071436,0.01636299704634359,0.016366884711635415,0.0028993147816554366,0.050000584113726175,0.045471155209310596,0.01605328788896402,0.01605328788896402,0.013389284694879532,0.01338872133541176,0.013832683114799392,0.013832683114799392,0.014883405852234813,0.014883607572094532,0.01605328788896402,0.01605328788896402,0.01608089920417069,0.015083244522324634,0.016366884711635415,0.016366884711635415,0.012261596474751871,0.013095459609353417,0.5106868207252079,0.4880782836071436,0.013046130589811529,0.013046130589811529,0.014798703050784751,0.014798761255057786,0.011630716112271346,0.012711663529970585,0.510639919251154,0.4830312386642449
AETJUM104,64.0,0.04898394576358648,0.0034218849614859716,0.07479510453985602,0.08344814471308334,0.013846763705499926,0.013846763705499926,0.008335597931228338,0.011813268514483418,0.011813268514483418,0.00545842592280729,0.012812104214340763,0.012812382179663458,0.008335597931228338,0.008335597931228338,0.009784332266402185,0.010198940721464385,0.559523552295628,0.5398232595436484,0.014144394227271229,0.014137905202295974,0.0034218849614859716,0.07479510453985602,0.08344814471308334,0.01392346627031651,0.01392346627031651,0.012193024011598276,0.01219277141683482,0.01251939705688046,0.01251939705688046,0.012855170875369132,0.012854766441721847,0.01392346627031651,0.01392346627031651,0.013787746302075963,0.012224847385095631,0.014137905202295974,0.014137905202295974,0.009784332266402185,0.010198940721464385,0.559523552295628,0.5398232595436484,0.011813268514483418,0.011813268514483418,0.012812104214340763,0.012812382179663458,0.009876134089920387,0.01012649838038613,0.5560419195487479,0.5415698048403491
AETJUM111,64.0,0.021468914971117185,0.002369279150490236,0.06944806059638702,0.05589127832217421,0.01566768479220423,0.01566768479220423,0.003168375144044931,0.011246464897914444,0.011246464897914444,0.002621147410593015,0.013630954027691945,0.013630518414553226,0.003168375144044931,0.003168375144044931,0.01043365180211775,0.011030721055903006,0.51532595551404,0.47434194224734244,0.016603281547935896,0.016599668187315487,0.002369279150490236,0.06944806059638702,0.05589127832217421,0.01624774650662469,0.01624774650662469,0.012268026349689938,0.012263487290128737,0.012006642998883151,0.012006642998883151,0.014184039894413832,0.014186797691785151,0.01624774650662469,0.01624774650662469,0.015741996937305006,0.01371787835828802,0.016599668187315487,0.016599668187315487,0.01043365180211775,0.011030721055903006,0.51532595551404,0.47434194224734244,0.011246464897914444,0.011246464897914444,0.013630954027691945,0.013630518414553226,0.009906559582949215,0.010148989354576598,0.5168648520945139,0.4804625400511443
AETJUM119,64.0,0.020540828529067322,0.0029315494831913826,0.05264133968964631,0.05629293581114597,0.022679387055428147,0.022679387055428147,0.007186458708794784,0.018632902084693245,0.018632902084693245,0.004533123545195933,0.020676067225611664,0.020673490581810172,0.007186458708794784,0.007186458708794784,0.013259375292963168,0.01450659141002349,0.48759447563701386,0.46559849449422364,0.024037632649316347,0.02404210003813974,0.0029315494831913826,0.05264133968964631,0.05629293581114597,0.02388456439549589,0.02388456439549589,0.019806351230305295,0.0197761051846351,0.019971806168721736,0.019971806168721736,0.02044873068504558,0.020448179467842272,0.02388456439549589,0.02388456439549589,0.023137395381748332,0.02125341355349187,0.02404210003813974,0.02404210003813974,0.013259375292963168,0.01450659141002349,0.48759447563701386,0.46559849449422364,0.018632902084693245,0.018632902084693245,0.020676067225611664,0.020673490581810172,0.0122116770396756,0.01306327042033388,0.48918650093187577,0.47037700649569125
AETJUM229,64.0,0.05024892457999687,0.003328816395541697,0.09357027071487407,0.07705110175253749,0.023536572592533705,0.023536572592533705,0.006344192275640812,0.01664065800559071,0.01664065800559071,0.0047063530827835655,0.021429801739989904,0.021430629547217826,0.006344192275640812,0.006344192275640812,0.012490541871621533,0.012525574624283798,0.5492266329637625,0.5342807386407304,0.02391470608220615,0.02391744193049402,0.003328816395541697,0.09357027071487407,0.07705110175253749,0.024752387228826774,0.024752387228826774,0.017805109337232707,0.017789434715715674,0.01774380649410631,0.01774380649410631,0.02154311539479909,0.021534381874647297,0.024752387228826774,0.024752387228826774,0.022705850742359205,0.01878156931535782,0.02391744193049402,0.02391744193049402,0.012490541871621533,0.012525574624283798,0.5492266329637625,0.5342807386407304,0.01664065800559071,0.01664065800559071,0.021429801739989904,0.021430629547217826,0.011739560765017098,0.011671088464588683,0.5445473075720896,0.529701663779917
APTJUM107,64.0,0.035773811972016616,0.002877970197785627,0.06748713778610371,0.06844921791053717,0.02241637569766904,0.02241637569766904,0.007962344218001354,0.01524965927274991,0.01524965927274991,0.005521024579289357,0.02030999894388008,0.02031095125163597,0.007962344218001354,0.007962344218001354,0.010782008960706352,0.011849416989472327,0.4689592080875097,0.45300650136167464,0.022663274276522188,0.02264689459982714,0.002877970197785627,0.06748713778610371,0.06844921791053717,0.021738567494298207,0.021738567494298207,0.015356526687795299,0.015354222454503083,0.015772886847588027,0.015772886847588027,0.017548652314092653,0.017548281503651494,0.021738567494298207,0.021738567494298207,0.02150493926518405,0.018216700801062514,0.02264689459982714,0.02264689459982714,0.010782008960706352,0.011849416989472327,0.4689592080875097,0.45300650136167464,0.01524965927274991,0.01524965927274991,0.02030999894388008,0.02031095125163597,0.009869376100168421,0.010201156649265885,0.45839414850204235,0.4355155227379433
APTJUM110,64.0,0.022589159567118423,0.0022114296190094973,0.041370539219175044,0.04244672675869623,0.021501236632903865,0.021501236632903865,0.005515805445483002,0.012845609073686884,0.012845609073686884,0.004173951274810912,0.018563225715023265,0.018563873686725883,0.005515805445483002,0.005515805445483002,0.008304414292764522,0.011062720573602771,0.4904595278408042,0.4487459482103058,0.02298540426729645,0.023012689132633598,0.0022114296190094973,0.041370539219175044,0.04244672675869623,0.021952046323718034,0.021952046323718034,0.01482680422549158,0.0148318368069798,0.014290327688739878,0.014290327688739878,0.017504673292530873,0.017505070919272583,0.021952046323718034,0.021952046323718034,0.020828822832832414,0.01701983111872804,0.023012689132633598,0.023012689132633598,0.008304414292764522,0.011062720573602771,0.4904595278408042,0.4487459482103058,0.012845609073686884,0.012845609073686884,0.018563225715023265,0.018563873686725883,0.007346154257292311,0.009624669606330474,0.4647113493948662,0.43129422949504453
APTJUM114,64.0,0.01876396530231753,0.0021163941917697717,0.03875646635172364,0.029065486435454434,0.01564038499533247,0.01564038499533247,0.0024582251724239506,0.009446320730379843,0.009446320730379843,0.0023648893921390988,0.013759491465949333,0.013758200705987421,0.0024582251724239506,0.0024582251724239506,0.009153767208979006,0.009717694623133382,0.4730466880233075,0.44250166015296855,0.016587728658829026,0.01658727538155625,0.0021163941917697717,0.03875646635172364,0.029065486435454434,0.01684253807014547,0.01684253807014547,0.010954158405576167,0.010937127626159586,0.010895691413873617,0.010895691413873617,0.013212886875396058,0.013210538631033752,0.01684253807014547,0.01684253807014547,0.01575830210701659,0.013280765690652086,0.01658727538155625,0.01658727538155625,0.009153767208979006,0.009717694623133382,0.4730466880233075,0.44250166015296855,0.009446320730379843,0.009446320730379843,0.013759491465949333,0.013758200705987421,0.008012784106016432,0.008445333503354888,0.4729015877728982,0.4472735787298765
APTJUM124,64.0,0.02466845039615413,0.002740590587737027,0.10478902982551314,0.0830574861277789,0.04259529315183515,0.04259529315183515,0.00909653309287988,0.024589557061556,0.024589557061556,0.006070978793138844,0.03803945391370916,0.03804676964976723,0.00909653309287988,0.00909653309287988,0.016293820390000668,0.020281684049747836,0.45885604026082594,0.43737948238875674,0.048172033270914384,0.048182416769785116,0.002740590587737027,0.10478902982551314,0.0830574861277789,0.044020004667199845,0.044020004667199845,0.027979479016841915,0.027919741562751593,0.02716941233829495,0.02716941233829495,0.03510181669780193,0.03510234018127755,0.044020004667199845,0.044020004667199845,0.04486089939295476,0.03321267841896862,0.048182416769785116,0.048182416769785116,0.016293820390000668,0.020281684049747836,0.45885604026082594,0.43737948238875674,0.024589557061556,0.024589557061556,0.03803945391370916,0.03804676964976723,0.014018831280653801,0.017505643690245595,0.4494304434349877,0.43099042133995247
APTJUM131,64.0,0.01582154027317438,0.0020568699807867116,0.027079118114181764,0.023615539097344113,0.01862844466692254,0.01862844466692254,0.004337831902641774,0.013149757290898272,0.013149757290898272,0.0025967036438155774,0.016385606647064312,0.016380108743157425,0.004337831902641774,0.004337831902641774,0.010754418912396174,0.010998178768779317,0.4268122220355451,0.3998451490567399,0.019182397255118586,0.01918028914361162,0.0020568699807867116,0.027079118114181764,0.023615539097344113,0.018591255431175964,0.018591255431175964,0.013607632396328916,0.013619711826874822,0.014419881140544204,0.014419881140544204,0.014917524716918098,0.014915772901357595,0.018591255431175964,0.018591255431175964,0.01864096437852851,0.015458182537742705,0.01918028914361162,0.01918028914361162,0.010754418912396174,0.010998178768779317,0.4268122220355451,0.3998451490567399,0.013149757290898272,0.013149757290898272,0.016385606647064312,0.016380108743157425,0.009585422304065654,0.009658786932195998,0.43657604786714826,0.40888298576995225
APTJUM212,64.0,0.015544605612003042,0.003041543451365074,0.05648308125428486,0.051836187760324,0.027016224203249454,0.027016224203249454,0.007358525185309573,0.02172874195156023,0.02172874195156023,0.004618866684737718,0.025884588543777988,0.025880031718593436,0.007358525185309573,0.007358525185309573,0.013665732211699849,0.01566579810578721,0.46470270350053405,0.44890711555046997,0.028994738434614645,0.028991973218158044,0.003041543451365074,0.05648308125428486,0.051836187760324,0.03350363072128106,0.03350363072128106,0.021346639007349486,0.021346427202114392,0.02253465463102372,0.02253465463102372,0.0231661316633897,0.02316500965763647,0.03350363072128106,0.03350363072128106,0.02775832389591591,0.023343465970213067,0.028991973218158044,0.028991973218158044,0.013665732211699849,0.01566579810578721,0.46470270350053405,0.44890711555046997,0.02172874195156023,0.02172874195156023,0.025884588543777988,0.025880031718593436,0.01283639700654258,0.014093792409758677,0.4637689516768216,0.4494444031990726
APTJUM216,64.0,0.01902481484221782,0.0026891822050648436,0.03041459242739943,0.030942695865947972,0.01543192209187122,0.01543192209187122,0.0036320142803222192,0.009331778091567216,0.009331778091567216,0.0030763821816972244,0.011797750628924892,0.011800337086458352,0.0036320142803222192,0.0036320142803222192,0.00969717038366009,0.009323173691485684,0.4937984131052187,0.44418817504585156,0.015105222426418024,0.015104254174619301,0.0026891822050648436,0.03041459242739943,0.030942695865947972,0.014092277049428234,0.014092277049428234,0.010029785970701213,0.010036700186854168,0.00993439391756514,0.00993439391756514,0.011692556385667848,0.011692664354337693,0.014092277049428234,0.014092277049428234,0.01441954617180797,0.012705166830527914,0.015104254174619301,0.015104254174619301,0.00969717038366009,0.009323173691485684,0.4937984131052187,0.44418817504585156,0.009331778091567216,0.009331778091567216,0.011797750628924892,0.011800337086458352,0.008648892670182139,0.0078283272802218,0.49576729864667285,0.4518032927324724
APTJUM229,64.0,0.020049079032255314,0.0036710866104426652,0.0617911923751016,0.05656151119233864,0.035283401190931346,0.035283401190931346,0.008774652760497248,0.022012241746590454,0.022012241746590454,0.005769873660170815,0.026850426568268044,0.026850570181348943,0.008774652760497248,0.008774652760497248,0.015674957517432322,0.017921698497200874,0.5064649826040569,0.4738429089643372,0.03493583623009744,0.03489639107570154,0.0036710866104426652,0.0617911923751016,0.05656151119233864,0.03353214949443704,0.03353214949443704,0.0217451766187062,0.02173973554494994,0.023002831882016923,0.023002831882016923,0.025210142950191586,0.02521104740905008,0.03353214949443704,0.03353214949443704,0.03399038359317087,0.027188755150453072,0.03489639107570154,0.03489639107570154,0.015674957517432322,0.017921698497200874,0.5064649826040569,0.4738429089643372,0.022012241746590454,0.022012241746590454,0.026850426568268044,0.026850570181348943,0.012761699328048156,0.014628749503350493,0.4977035948118051,0.4676637287651019
APTJUM324,64.0,0.014504620650015546,0.0031134071023114105,0.1175887005685486,0.10492876252702961,0.013936865779014262,0.013936865779014262,0.006195677620228608,0.01155354326659906,0.01155354326659906,0.005167027175745077,0.012337041486055494,0.012337544180805694,0.006195677620228608,0.006195677620228608,0.007939192373524463,0.008856368236170033,0.49333634790091285,0.474960816511592,0.014817967419236452,0.014824563530955312,0.0031134071023114105,0.1175887005685486,0.10492876252702961,0.014859301916728834,0.014859301916728834,0.013819587206246424,0.013821252323524791,0.012875181592416575,0.012875181592416575,0.01061386060519576,0.01061680273924151,0.014859301916728834,0.014859301916728834,0.014234584310635349,0.01300932947054048,0.014824563530955312,0.014824563530955312,0.007939192373524463,0.008856368236170033,0.49333634790091285,0.474960816511592,0.01155354326659906,0.01155354326659906,0.012337041486055494,0.012337544180805694,0.00665192717525777,0.007061617606284521,0.46105893062971015,0.4426624294112077
APTJUM327,64.0,0.018339170673708497,0.0027849987743685132,0.10114796436029887,0.07662904635694512,0.014238756740454843,0.014238756740454843,0.00544904005793874,0.010525391508183829,0.010525391508183829,0.003979241261606818,0.013907740827226617,0.013906226626020871,0.00544904005793874,0.00544904005793874,0.008433699298740212,0.00908733797580745,0.5738263261676898,0.5138165012183545,0.015559807870405602,0.015564025882762272,0.0027849987743685132,0.10114796436029887,0.07662904635694512,0.016407253393500125,0.016407253393500125,0.011591958136648615,0.011590150389977873,0.010672668506517852,0.010672668506517852,0.013540876653319987,0.013538470273819166,0.016407253393500125,0.016407253393500125,0.014564945527213066,0.012808744435807201,0.015564025882762272,0.015564025882762272,0.008433699298740212,0.00908733797580745,0.5738263261676898,0.5138165012183545,0.010525391508183829,0.010525391508183829,0.013907740827226617,0.013906226626020871,0.00786894824069311,0.00859510782078532,0.5682321016261024,0.5111740377963486
APTJUM611,64.0,0.02146686848626444,0.0022650678708617837,0.08350740735588857,0.06164079813146851,0.01723734262890568,0.01723734262890568,0.0031226734596491073,0.010497680260846343,0.010497680260846343,0.002730933841464179,0.015511228007457876,0.015505469244363414,0.0031226734596491073,0.0031226734596491073,0.01040625666878709,0.01018660107831096,0.5708535201763492,0.5326156958540094,0.018678706344949808,0.01867897349407066,0.0022650678708617837,0.08350740735588857,0.06164079813146851,0.018957229640628535,0.018957229640628535,0.010858491216671533,0.010859606148078857,0.011833421025290801,0.011833421025290801,0.014594201905917063,0.014602321452632922,0.018957229640628535,0.018957229640628535,0.017833073272674832,0.015961476170082676,0.01867897349407066,0.01867897349407066,0.01040625666878709,0.01018660107831096,0.5708535201763492,0.5326156958540094,0.010497680260846343,0.010497680260846343,0.015511228007457876,0.015505469244363414,0.008681859497265368,0.008857639310709618,0.5758812533772462,0.547735098404071
ATSJUM106,64.0,0.01543350294826076,0.0023721764393460063,0.051794811616387555,0.048579304083781374,0.02561944993382996,0.02561944993382996,0.00669437967665911,0.01570093517966806,0.01570093517966806,0.004281005875076246,0.021849137417261657,0.021849452664552103,0.00669437967665911,0.00669437967665911,0.01293941921382769,0.01575731330181752,0.501812207979227,0.4802557959767441,0.026556767861932278,0.02657969700442549,0.0023721764393460063,0.051794811616387555,0.048579304083781374,0.024004873321657436,0.024004873321657436,0.017228904136640112,0.0171951971400415,0.01605079820163439,0.01605079820163439,0.01923511097209569,0.019232412834165834,0.024004873321657436,0.024004873321657436,0.025374965489471175,0.023096752632311732,0.02657969700442549,0.02657969700442549,0.01293941921382769,0.01575731330181752,0.501812207979227,0.4802557959767441,0.01570093517966806,0.01570093517966806,0.021849137417261657,0.021849452664552103,0.010339276767463872,0.012311999348320375,0.48033699361001625,0.4533302616638515
ATSJUM113,64.0,0.019207670662445744,0.002422237098998053,0.0696937191352042,0.06091075860645707,0.016150148880745955,0.016150148880745955,0.0044701592202874875,0.011753882266845801,0.011753882266845801,0.0034580959933374258,0.0149204207806072,0.014920127901980423,0.0044701592202874875,0.0044701592202874875,0.011145404456688808,0.011388981849068659,0.5483956270335543,0.5446723026025456,0.016504170447969018,0.016494884774587437,0.002422237098998053,0.0696937191352042,0.06091075860645707,0.01650266735191431,0.01650266735191431,0.012489906409839952,0.012504854451222461,0.012521391010672673,0.012521391010672673,0.014828725037754805,0.014827664780499251,0.01650266735191431,0.01650266735191431,0.016186083021657957,0.015239810951832402,0.016494884774587437,0.016494884774587437,0.011145404456688808,0.011388981849068659,0.5483956270335543,0.5446723026025456,0.011753882266845801,0.011753882266845801,0.0149204207806072,0.014920127901980423,0.01021628654654921,0.010716139205979233,0.5511892274827708,0.552483589326688
ATSJUM118,64.0,0.026921101321173146,0.002035431741452248,0.07809071445711005,0.07547020938524385,0.01749041842892592,0.01749041842892592,0.004345316615920394,0.011640345280023529,0.011640345280023529,0.002935642831955427,0.015081315395735824,0.01508125241990586,0.004345316615920394,0.004345316615920394,0.01260171818484365,0.013012100847008658,0.5602796655628873,0.5366948993632451,0.017634057213938886,0.017635430568985044,0.002035431741452248,0.07809071445711005,0.07547020938524385,0.01698622405563187,0.01698622405563187,0.012462484962867008,0.012462211390858947,0.012325636739552488,0.012325636739552488,0.015316673923210632,0.015330037418763926,0.01698622405563187,0.01698622405563187,0.017056756055435246,0.015243086038127162,0.017635430568985044,0.017635430568985044,0.01260171818484365,0.013012100847008658,0.5602796655628873,0.5366948993632451,0.011640345280023529,0.011640345280023529,0.015081315395735824,0.01508125241990586,0.01091676287988792,0.011904723149583123,0.5660972801760633,0.5437283056795094
ATSJUM127,64.0,0.019117997424580212,0.0027322264691227002,0.06603866850421389,0.05912183433354973,0.02975915921138939,0.02975915921138939,0.0067978634585815455,0.023078015646842177,0.023078015646842177,0.004704885367303133,0.028347006091894625,0.028347335420113855,0.0067978634585815455,0.0067978634585815455,0.01706702439645517,0.018805493536632516,0.46067466313928374,0.4378856548153205,0.031029029452186028,0.03103140997844554,0.0027322264691227002,0.06603866850421389,0.05912183433354973,0.03231348384913883,0.03231348384913883,0.021671680841871977,0.021641561805838556,0.023592325353712227,0.023592325353712227,0.02582509829578772,0.025820171838227345,0.03231348384913883,0.03231348384913883,0.02949973328263102,0.02609231007807635,0.03103140997844554,0.03103140997844554,0.01706702439645517,0.018805493536632516,0.46067466313928374,0.4378856548153205,0.023078015646842177,0.023078015646842177,0.028347006091894625,0.028347335420113855,0.015577790617520031,0.017435783330818713,0.4537277008305554,0.4332145195650399
ATSJUM202,64.0,0.02151582948268316,0.0019777910987709506,0.060614221572229385,0.04937590938617717,0.013684328687558046,0.013684328687558046,0.0031189737642468964,0.009472763118871897,0.009472763118871897,0.00278784983181508,0.013201046298413044,0.013201011935588964,0.0031189737642468964,0.0031189737642468964,0.010237543466650822,0.011664090456174095,0.5749888994727439,0.538322012699426,0.014022137248667101,0.014022804300943048,0.0019777910987709506,0.060614221572229385,0.04937590938617717,0.013829294826476964,0.013829294826476964,0.010137437685456918,0.010145159165906269,0.010836187142984576,0.010836187142984576,0.012099345138252044,0.012099178421527586,0.013829294826476964,0.013829294826476964,0.013774608519860773,0.013210989278436794,0.014022804300943048,0.014022804300943048,0.010237543466650822,0.011664090456174095,0.5749888994727439,0.538322012699426,0.009472763118871897,0.009472763118871897,0.013201046298413044,0.013201011935588964,0.0092093864916721,0.01021621209104356,0.5778165477404014,0.5359594679716735
ATSJUM206,64.0,0.016836444758142468,0.0024889293574230165,0.048125037784530963,0.04437722935191312,0.020092385897819583,0.020092385897819583,0.0055271388951847,0.01341152335947306,0.01341152335947306,0.004251167720241847,0.01843952020204316,0.018433231230162512,0.0055271388951847,0.0055271388951847,0.010517986323880377,0.011708953050111194,0.5830366169316453,0.5333363970075701,0.021808571263517974,0.021798415144221286,0.0024889293574230165,0.048125037784530963,0.04437722935191312,0.02196801108242788,0.02196801108242788,0.014297468759072488,0.014287012663750981,0.014922792659966941,0.014922792659966941,0.01764024296928817,0.017636372402062457,0.02196801108242788,0.02196801108242788,0.020313242671591045,0.015623371764447724,0.021798415144221286,0.021798415144221286,0.010517986323880377,0.011708953050111194,0.5830366169316453,0.5333363970075701,0.01341152335947306,0.01341152335947306,0.01843952020204316,0.018433231230162512,0.009761310941997456,0.01070903821135266,0.5788529627367461,0.5389267362851152
ATSJUM214,64.0,0.020060737671110274,0.002307004225370766,0.06519785029267045,0.04938007434307748,0.014222842005273321,0.014222842005273321,0.0035867570893500437,0.010153040344502963,0.010153040344502963,0.002800807109845609,0.011853483867837904,0.011854364487184353,0.0035867570893500437,0.0035867570893500437,0.007459931770170817,0.008063636042431717,0.45858344216051267,0.4271759374399758,0.014303722201597898,0.014305153832335708,0.002307004225370766,0.06519785029267045,0.04938007434307748,0.013267186960392134,0.013267186960392134,0.010540554111237596,0.010539160223135008,0.010677950966645144,0.010677950966645144,0.010582650528822776,0.010584953940553586,0.013267186960392134,0.013267186960392134,0.013731159560720435,0.011281508019844738,0.014305153832335708,0.014305153832335708,0.007459931770170817,0.008063636042431717,0.45858344216051267,0.4271759374399758,0.010153040344502963,0.010153040344502963,0.011853483867837904,0.011854364487184353,0.006523125884122375,0.006902508718346122,0.44801001809859725,0.4218291423889584
ATSJUM222,64.0,0.023770401702120598,0.0027578768665252615,0.10590004701097114,0.1024602881466187,0.017915717460424765,0.017915717460424765,0.003979519228864463,0.01244720096883692,0.01244720096883692,0.0029304534406298043,0.015069739391394856,0.015071927497727712,0.003979519228864463,0.003979519228864463,0.012154236538657827,0.012919186364681845,0.5434752011311003,0.5289828821748495,0.019224928097081102,0.019222656584417023,0.0027578768665252615,0.10590004701097114,0.1024602881466187,0.017520294922631807,0.017520294922631807,0.013398363122709101,0.013398297192985043,0.013915161879309995,0.013915161879309995,0.014626299289195769,0.014628445661821927,0.017520294922631807,0.017520294922631807,0.018246519771572826,0.016886669174712852,0.019222656584417023,0.019222656584417023,0.012154236538657827,0.012919186364681845,0.5434752011311003,0.5289828821748495,0.01244720096883692,0.01244720096883692,0.015069739391394856,0.015071927497727712,0.011602583741195398,0.01224415363031436,0.537337907756669,0.5294777346997956
ATSJUM228,64.0,0.03192257770254501,0.0025772393357347133,0.047244269522793966,0.04900504610178612,0.016938761748441347,0.016938761748441347,0.0045736646014569475,0.010388679798235682,0.010388679798235682,0.003673678650635558,0.014552105545527608,0.014550307700845718,0.0045736646014569475,0.0045736646014569475,0.010103584387064797,0.010990803736259078,0.4973384922870897,0.47393229282987454,0.017793916772813917,0.017781656798687318,0.0025772393357347133,0.047244269522793966,0.04900504610178612,0.017734538108386644,0.017734538108386644,0.010977434495251124,0.010976180391645515,0.011680986309834943,0.011680986309834943,0.01464962723117403,0.014648652069571291,0.017734538108386644,0.017734538108386644,0.017177289545252047,0.013931460354093766,0.017781656798687318,0.017781656798687318,0.010103584387064797,0.010990803736259078,0.4973384922870897,0.47393229282987454,0.010388679798235682,0.010388679798235682,0.014552105545527608,0.014550307700845718,0.008522373673147022,0.009704748245397493,0.49950574852166413,0.4776310597000715
ATSJUM401,64.0,0.03318155324490275,0.0024255711415475953,0.05769909279833814,0.050043094742267626,0.017935787587896417,0.017935787587896417,0.004568047428225127,0.011651759600435808,0.011651759600435808,0.0034733769301143478,0.0144577035182817,0.014454299803798218,0.004568047428225127,0.004568047428225127,0.009662610144487393,0.010677275823076109,0.5342527989420505,0.514664946429781,0.017832863402305284,0.017834746099892912,0.0024255711415475953,0.05769909279833814,0.050043094742267626,0.017323449371157366,0.017323449371157366,0.01278683784801981,0.012783555005316917,0.012667135231544429,0.012667135231544429,0.014538990715405337,0.014538915705509288,0.017323449371157366,0.017323449371157366,0.016744477526195158,0.014967095785877885,0.017834746099892912,0.017834746099892912,0.009662610144487393,0.010677275823076109,0.5342527989420505,0.514664946429781,0.011651759600435808,0.011651759600435808,0.0144577035182817,0.014454299803798218,0.008550891346302655,0.009533342504980252,0.5279752298040088,0.5163184940059836
ATSJUM418,64.0,0.06740838558160228,0.002732725261393476,0.04809234307562653,0.044256765464780475,0.017489284170963074,0.017489284170963074,0.005606969553649476,0.012469242244540261,0.012469242244540261,0.004125795650065388,0.017468735156293526,0.017467069067595865,0.005606969553649476,0.005606969553649476,0.010740202296800894,0.01219484427080021,0.5050124200080398,0.4836222574790288,0.017324076746342763,0.017362102124741766,0.002732725261393476,0.04809234307562653,0.044256765464780475,0.018504999716079273,0.018504999716079273,0.012446524311805079,0.01244284139980767,0.013069000143114802,0.013069000143114802,0.015671166844829505,0.015672985986705183,0.018504999716079273,0.018504999716079273,0.016843520859338247,0.014489233754196001,0.017362102124741766,0.017362102124741766,0.010740202296800894,0.01219484427080021,0.5050124200080398,0.4836222574790288,0.012469242244540261,0.012469242244540261,0.017468735156293526,0.017467069067595865,0.01014279054083946,0.011265075517614036,0.49144703733532064,0.47316921109886884
ATTJUM206,64.0,0.025048389839236566,0.002426661801092816,0.06984498517928212,0.06187973670577345,0.025235970094614868,0.025235970094614868,0.004909108623750246,0.015639701635386506,0.015639701635386506,0.003248115112636286,0.02247043842252843,0.022470137671747933,0.004909108623750246,0.004909108623750246,0.012764626795236328,0.013332503116685986,0.5444751808247388,0.508316242347986,0.027779166166949427,0.027763528875841756,0.002426661801092816,0.06984498517928212,0.06187973670577345,0.02622321396925156,0.02622321396925156,0.018120484739486107,0.018080277866152992,0.01727495196210654,0.01727495196210654,0.019849999592242384,0.01985092069642664,0.02622321396925156,0.02622321396925156,0.026526429791170085,0.021122014586228997,0.027763528875841756,0.027763528875841756,0.012764626795236328,0.013332503116685986,0.5444751808247388,0.508316242347986,0.015639701635386506,0.015639701635386506,0.02247043842252843,0.022470137671747933,0.009990906513672331,0.010998372412231783,0.5223546798295593,0.4901116023520378
B040103b,64.0,0.027196311719788067,0.0024787391776104526,0.06384485927905306,0.046040416307122,0.018755166976678377,0.018755166976678377,0.005667377483497667,0.01288349451978158,0.01288349451978158,0.0037902449984426622,0.015676043710157364,0.01564812239141216,0.005667377483497667,0.005667377483497667,0.009888541413615162,0.01047020987357232,0.45801729712565914,0.40751858652195705,0.018480591694798966,0.018485264103970694,0.0024787391776104526,0.06384485927905306,0.046040416307122,0.017351963862489325,0.017351963862489325,0.014960274059692396,0.014999981924335618,0.015039551361511036,0.015039551361511036,0.013935315285404513,0.013937802854342948,0.017351963862489325,0.017351963862489325,0.017757917898672298,0.015225893302923683,0.018485264103970694,0.018485264103970694,0.009888541413615162,0.01047020987357232,0.45801729712565914,0.40751858652195705,0.01288349451978158,0.01288349451978158,0.015676043710157364,0.01564812239141216,0.008910425573626042,0.00946590180682198,0.4290380417723344,0.38785718187892015
B040903b,64.0,0.022310202450336856,0.002604457607950957,0.10952952105347245,0.08572236087894428,0.010844851069392748,0.010844851069392748,0.003649494535765935,0.008950510315418944,0.008950510315418944,0.0028269063212191976,0.01034470947964077,0.010339917072297115,0.003649494535765935,0.003649494535765935,0.008448751807842643,0.00851890473660237,0.5498932689438146,0.45788832571055044,0.01177773182676587,0.011775971597141081,0.002604457607950957,0.10952952105347245,0.08572236087894428,0.011211514986084558,0.011211514986084558,0.009749519437363314,0.009621574474502225,0.009587961281582085,0.009587961281582085,0.009789896975443297,0.009789652535042558,0.011211514986084558,0.011211514986084558,0.010640713617818869,0.010294021720649239,0.011775971597141081,0.011775971597141081,0.008448751807842643,0.00851890473660237,0.5498932689438146,0.45788832571055044,0.008950510315418944,0.008950510315418944,0.01034470947964077,0.010339917072297115,0.008376036874714717,0.008274360047977294,0.5386115929626515,0.4569224505393177
B040903c,64.0,0.025179926698976635,0.0022336951569137606,0.04658562529416161,0.043748546100943086,0.014642652319534693,0.014642652319534693,0.0037010754990386106,0.009546697084598101,0.009546697084598101,0.0033359594401457106,0.013195615099972009,0.013193769747249947,0.0037010754990386106,0.0037010754990386106,0.008816645439155226,0.008613975914975794,0.45126893894861403,0.41282054816053976,0.015312800470323637,0.015303118093735177,0.0022336951569137606,0.04658562529416161,0.043748546100943086,0.015757863937840743,0.015757863937840743,0.010270639303267373,0.010291808394840262,0.010590728410803685,0.010590728410803685,0.011034548207049905,0.011033968515062487,0.015757863937840743,0.015757863937840743,0.014758316358733396,0.013220429802243137,0.015303118093735177,0.015303118093735177,0.008816645439155226,0.008613975914975794,0.45126893894861403,0.41282054816053976,0.009546697084598101,0.009546697084598101,0.013195615099972009,0.013193769747249947,0.007579732202592452,0.007899618261720002,0.4280414634247461,0.3848050517921164
B40003dW,64.0,0.04738877219755121,0.0021462056332304,0.07703056256358495,0.0555075229282044,0.016740395039962195,0.016740395039962195,0.0040278533981889025,0.01270569053358185,0.01270569053358185,0.002789401001526452,0.013847797749172597,0.013848154181492362,0.0040278533981889025,0.0040278533981889025,0.011067015869452414,0.011835288255013857,0.5044901602247297,0.4661025936063963,0.016754689861621118,0.016753622192472326,0.0021462056332304,0.07703056256358495,0.0555075229282044,0.01717609074937971,0.01717609074937971,0.014093466969216204,0.014086592098076535,0.014757712757522355,0.014757712757522355,0.013715759506559632,0.013714113953712971,0.01717609074937971,0.01717609074937971,0.016011929441143574,0.015765637704804634,0.016753622192472326,0.016753622192472326,0.011067015869452414,0.011835288255013857,0.5044901602247297,0.4661025936063963,0.01270569053358185,0.01270569053358185,0.013847797749172597,0.013848154181492362,0.010115146241783585,0.010931401489138282,0.5002236472515339,0.45346055025209875
B40403bW,64.0,0.06157206653777429,0.002475638668713183,0.05068502646092185,0.040632419529955076,0.011451045067225605,0.011451045067225605,0.0031206831609443975,0.009464008279052034,0.009464008279052034,0.0033380775895006033,0.010704856354974066,0.01070418026294569,0.0031206831609443975,0.0031206831609443975,0.007432514192351777,0.007302189756077945,0.42631670636311225,0.37375300705433634,0.012126191141308267,0.012124996369549262,0.002475638668713183,0.05068502646092185,0.040632419529955076,0.012722832331273005,0.012722832331273005,0.011387456807954345,0.011332549103097,0.011219055936594358,0.011219055936594358,0.010313869069277892,0.010334106214074889,0.012722832331273005,0.012722832331273005,0.011375060210510891,0.010703899343481572,0.012124996369549262,0.012124996369549262,0.007432514192351777,0.007302189756077945,0.42631670636311225,0.37375300705433634,0.009464008279052034,0.009464008279052034,0.010704856354974066,0.01070418026294569,0.006286062326291091,0.006443079110312112,0.41322312681821216,0.3675674264047536
B40703cW,64.0,0.09387643401338173,0.0022415749613020255,0.07495127967655368,0.04655232809550203,0.017069249164960876,0.017069249164960876,0.00363501866396805,0.013818494570164059,0.013818494570164059,0.0027348482978118015,0.015036008783175184,0.015052524091530193,0.00363501866396805,0.00363501866396805,0.011532737924190134,0.01222133572690635,0.5326710977475625,0.4717762755598935,0.01779459372957893,0.017795486500291915,0.0022415749613020255,0.07495127967655368,0.04655232809550203,0.019705322648259888,0.019705322648259888,0.01423641042570823,0.014220535651157183,0.01624897942260314,0.01624897942260314,0.014150300171176309,0.014150251479691331,0.019705322648259888,0.019705322648259888,0.017058759259330213,0.017041888139996686,0.017795486500291915,0.017795486500291915,0.011532737924190134,0.01222133572690635,0.5326710977475625,0.4717762755598935,0.013818494570164059,0.013818494570164059,0.015036008783175184,0.015052524091530193,0.010948902599901214,0.011230474173799507,0.5160108391338398,0.44994198384438217
BAY5867c,64.0,0.04444971711230588,0.002015593398179306,0.03509493138534531,0.018878707006039903,0.0041475610731396785,0.0041475610731396785,0.004092080751369582,0.004590403426536166,0.004590403426536166,0.003565083646754232,0.00481008220412214,0.004804702733088712,0.004092080751369582,0.004092080751369582,0.0025418882001344116,0.0023981807250663782,0.353463805320239,0.31845259610288024,0.004530360400822852,0.004529743878610491,0.002015593398179306,0.03509493138534531,0.018878707006039903,0.005376386687786404,0.005376386687786404,0.004196067770078436,0.004194941226390915,0.004861018127360204,0.004861018127360204,0.004459909995939217,0.004459577206808615,0.005376386687786404,0.005376386687786404,0.004434027634815859,0.003941003860067475,0.004529743878610491,0.004529743878610491,0.0025418882001344116,0.0023981807250663782,0.353463805320239,0.31845259610288024,0.004590403426536166,0.004590403426536166,0.00481008220412214,0.004804702733088712,0.002361809100702624,0.002633201539066085,0.3319961253401275,0.2957155122282354
BAY5869b,64.0,0.0818411403359922,0.0023300587989010042,0.009229966632298853,0.00892727369142912,0.007058209960775889,0.007058209960775889,0.004128048005086997,0.006314239192821493,0.006314239192821493,0.0037541325755002302,0.006725312287713118,0.006727422433855782,0.004128048005086997,0.004128048005086997,0.0025309085427542683,0.0032588294963318675,0.3311356203323228,0.3010659637569632,0.006805986014813679,0.006809182198014689,0.0023300587989010042,0.009229966632298853,0.00892727369142912,0.007430609944196128,0.007430609944196128,0.007569657489702672,0.007588177178928647,0.006889494146256469,0.006889494146256469,0.006214627849944145,0.0062118447527357715,0.007430609944196128,0.007430609944196128,0.0066925540464417,0.005257287673623795,0.006809182198014689,0.006809182198014689,0.0025309085427542683,0.0032588294963318675,0.3311356203323228,0.3010659637569632,0.006314239192821493,0.006314239192821493,0.006725312287713118,0.006727422433855782,0.0024603207041009236,0.002915661084892326,0.3162612621129288,0.2892717335859241
BAY5870d,64.0,0.0904830878520251,0.0017500935950282134,0.010065106017473582,0.008065589493617851,0.0021417938035638616,0.0021417938035638616,0.0018994607609423393,0.002474022096199823,0.002474022096199823,0.0019918930025762966,0.0023001569229937156,0.002300274707339858,0.0018994607609423393,0.0018994607609423393,0.0015873201250252396,0.001604902404280767,0.3087164578098496,0.2839081794869954,0.0023196971981181446,0.00232077096206334,0.0017500935950282134,0.010065106017473582,0.008065589493617851,0.002460332964268853,0.002460332964268853,0.0026253449405023123,0.0026248886737274546,0.0028074185941280375,0.0028074185941280375,0.0022294567163794595,0.0022293378340607064,0.002460332964268853,0.002460332964268853,0.002275939647342361,0.0022552444441404406,0.00232077096206334,0.00232077096206334,0.0015873201250252396,0.001604902404280767,0.3087164578098496,0.2839081794869954,0.002474022096199823,0.002474022096199823,0.0023001569229937156,0.002300274707339858,0.0015966760147873731,0.0015630898181911129,0.27005517202475465,0.18992430836452115
BAY5872a,64.0,0.1344921188469952,0.002314072665757189,0.020256033918946068,0.01430791356895159,0.0067246750793846805,0.0067246750793846805,0.0038891955239071167,0.006295416742924941,0.006295416742924941,0.0036448154092303827,0.008051686797349397,0.008051767235379018,0.0038891955239071167,0.0038891955239071167,0.00403053799124163,0.004262616107896117,0.3364269067716366,0.3331123208178936,0.007053814317796557,0.007057261956750548,0.002314072665757189,0.020256033918946068,0.01430791356895159,0.007620974565628673,0.007620974565628673,0.005954613132437944,0.005955664542389614,0.006851505111527585,0.006851505111527585,0.007231158719103506,0.007226321936501419,0.007620974565628673,0.007620974565628673,0.00677221035070124,0.006590232330705652,0.007057261956750548,0.007057261956750548,0.00403053799124163,0.004262616107896117,0.3364269067716366,0.3331123208178936,0.006295416742924941,0.006295416742924941,0.008051686797349397,0.008051767235379018,0.0035858705445940553,0.003837953110055551,0.34650800762303685,0.3378538401470171
BAY5873c,64.0,0.08964755359743337,0.0020743621781612945,0.01687202080535677,0.009341477396600217,0.00268424239916078,0.00268424239916078,0.002469375264268561,0.00299509905055599,0.00299509905055599,0.002557882737000787,0.002616518814950324,0.002614753088640365,0.002469375264268561,0.002469375264268561,0.001720277808077965,0.0018518139824632582,0.33074333278274737,0.31893234650836355,0.0031347376243529984,0.003135988479449105,0.0020743621781612945,0.01687202080535677,0.009341477396600217,0.0030520533330042547,0.0030520533330042547,0.003103371205616982,0.0032272791361593377,0.0033634592589534018,0.0033634592589534018,0.003089174379385239,0.003111829312920928,0.0030520533330042547,0.0030520533330042547,0.002986535994309895,0.0027212431920013995,0.003135988479449105,0.003135988479449105,0.001720277808077965,0.0018518139824632582,0.33074333278274737,0.31893234650836355,0.00299509905055599,0.00299509905055599,0.002616518814950324,0.002614753088640365,0.0017203657968392128,0.002002583091239703,0.31722304898931225,0.30954635741983766
BAY5876d,64.0,0.21959209044985345,0.0026902078312572523,0.015175570337226862,0.010121339744883,0.0035820269975331697,0.0035820269975331697,0.0036281776368756328,0.0029571258702524514,0.0029571258702524514,0.003328966332339835,0.0035876567108864272,0.003587572725588016,0.0036281776368756328,0.0036281776368756328,0.0018862108877158808,0.0018029706019004107,0.30999229619724433,0.29675941559017865,0.003720301232122902,0.0037391230232665575,0.0026902078312572523,0.015175570337226862,0.010121339744883,0.003649767147426571,0.003649767147426571,0.0032929599585467028,0.003296424651965747,0.003091859411764381,0.003091859411764381,0.0033835986955899604,0.0033847508636062834,0.003649767147426571,0.003649767147426571,0.0034879531982528,0.002958551290486298,0.0037391230232665575,0.0037391230232665575,0.0018862108877158808,0.0018029706019004107,0.30999229619724433,0.29675941559017865,0.0029571258702524514,0.0029571258702524514,0.0035876567108864272,0.003587572725588016,0.0017088980586401094,0.0016938171648199318,0.29999558425546813,0.2603694026390606
BR5867c3,64.0,0.027131402194879615,0.002482272796974615,0.09564149176531149,0.06480762044995829,0.015423970737897167,0.015423970737897167,0.0033865499852934132,0.010710229989911215,0.010710229989911215,0.003228837308990656,0.013169602461868997,0.013168287850047788,0.0033865499852934132,0.0033865499852934132,0.010047924040796831,0.01086858440508133,0.5285422178235295,0.4808432908334798,0.015624046238336632,0.01561763551950247,0.002482272796974615,0.09564149176531149,0.06480762044995829,0.015009872782979895,0.015009872782979895,0.012405658217848007,0.0124054938363203,0.012008917652272917,0.012008917652272917,0.012447747649407223,0.012435640950645215,0.015009872782979895,0.015009872782979895,0.015335604706035849,0.014735503385668178,0.01561763551950247,0.01561763551950247,0.010047924040796831,0.01086858440508133,0.5285422178235295,0.4808432908334798,0.010710229989911215,0.010710229989911215,0.013169602461868997,0.013168287850047788,0.009188892727018862,0.009730669123643277,0.523503530249576,0.477711384193554
BR5868b3,64.0,0.0200887355649304,0.0020373610697509664,0.04941829493615037,0.037021788637243085,0.013050174175641102,0.013050174175641102,0.004412656113319259,0.010528758561414803,0.010528758561414803,0.0033586500225550008,0.012422257014597867,0.01242268344293674,0.004412656113319259,0.004412656113319259,0.008435365800004566,0.008487210956627335,0.4830478052079996,0.4435968384428261,0.013028998821746048,0.013024331382311785,0.0020373610697509664,0.04941829493615037,0.037021788637243085,0.013635525922947382,0.013635525922947382,0.011479001713933807,0.011474982598747407,0.011439552251152039,0.011439552251152039,0.012646120605810586,0.012646018073067018,0.013635525922947382,0.013635525922947382,0.01252507434503615,0.011366378867473475,0.013024331382311785,0.013024331382311785,0.008435365800004566,0.008487210956627335,0.4830478052079996,0.4435968384428261,0.010528758561414803,0.010528758561414803,0.012422257014597867,0.01242268344293674,0.008360841096038032,0.008504707714337211,0.46945663795480697,0.4274816513493848
BR5870b3,64.0,0.019563235185660204,0.002723192639263831,0.0906402028596373,0.07259345154366503,0.015097957255695576,0.015097957255695576,0.0042579069295503365,0.01205724840967693,0.01205724840967693,0.002688022344163704,0.01476990658882909,0.01476988599908787,0.0042579069295503365,0.0042579069295503365,0.01237863718881155,0.012785112996085975,0.4882567770045294,0.46456720440205973,0.015550154652311554,0.015546361903628724,0.002723192639263831,0.0906402028596373,0.07259345154366503,0.01720928490918124,0.01720928490918124,0.014075207622987924,0.01408231865199475,0.013686987478981562,0.013686987478981562,0.013887420203860345,0.013887636988880667,0.01720928490918124,0.01720928490918124,0.015343986765527826,0.015549056228887179,0.015546361903628724,0.015546361903628724,0.01237863718881155,0.012785112996085975,0.4882567770045294,0.46456720440205973,0.01205724840967693,0.01205724840967693,0.01476990658882909,0.01476988599908787,0.012147707159827388,0.012471052778838608,0.4933473607021174,0.4605848743535456
BR5872c3,65.0,0.026138223644367842,0.002504206652576106,0.04223256159608684,0.02822062933533412,0.017051279834931553,0.017051279834931553,0.00501604517057704,0.013209394570739807,0.013209394570739807,0.0032636256902689167,0.01659833137170799,0.0165994181464697,0.00501604517057704,0.00501604517057704,0.012280369703730813,0.012654027363448454,0.4874311707633135,0.4158506809042577,0.01828252507709247,0.018295579277705126,0.002504206652576106,0.04223256159608684,0.02822062933533412,0.017623821437606678,0.017623821437606678,0.014640083579784082,0.014649617205700727,0.013582042748323222,0.013582042748323222,0.015872544639695306,0.015872514018111284,0.017623821437606678,0.017623821437606678,0.017528025435751885,0.016456028278821047,0.018295579277705126,0.018295579277705126,0.012280369703730813,0.012654027363448454,0.4874311707633135,0.4158506809042577,0.013209394570739807,0.013209394570739807,0.01659833137170799,0.0165994181464697,0.010973248321505815,0.011926650215112522,0.47072618171857644,0.4083445417351992
BR5873b3,64.0,0.026395248264878234,0.002397440442800873,0.041604346102666306,0.02898414204871889,0.013134733234433824,0.013134733234433824,0.005034665068321588,0.011167411358924666,0.011167411358924666,0.0040298521460110145,0.012887012977480943,0.012886860908896867,0.005034665068321588,0.005034665068321588,0.010252550704386644,0.010179683921118102,0.4908121143036365,0.4353733138540298,0.013629468378401009,0.013649630239731855,0.002397440442800873,0.041604346102666306,0.02898414204871889,0.013849662913462537,0.013849662913462537,0.011485510627603956,0.011490023574059994,0.0122614784013731,0.0122614784013731,0.01113167466781338,0.011131536950492776,0.013849662913462537,0.013849662913462537,0.013548570128592702,0.013147862795880993,0.013649630239731855,0.013649630239731855,0.010252550704386644,0.010179683921118102,0.4908121143036365,0.4353733138540298,0.011167411358924666,0.011167411358924666,0.012887012977480943,0.012886860908896867,0.009165925588327276,0.010225671374727309,0.499371098861159,0.4417435261514567
BR5875b3,64.0,0.02972271380528367,0.0024243897099282432,0.05501085795073853,0.039283925825961206,0.014714327223234592,0.014714327223234592,0.0035812367012576073,0.011583347470865462,0.011583347470865462,0.0029962258972302484,0.013749249151604614,0.013748606923413604,0.0035812367012576073,0.0035812367012576073,0.010339336663440505,0.01067215217231719,0.4743670814602998,0.44541280140601214,0.01555271797340754,0.015554471143694595,0.0024243897099282432,0.05501085795073853,0.039283925825961206,0.016422647363768153,0.016422647363768153,0.012392809856310671,0.012391083578481156,0.012523036902146352,0.012523036902146352,0.01241813765631756,0.012417543013299913,0.016422647363768153,0.016422647363768153,0.015111251396796128,0.013422427550356074,0.015554471143694595,0.015554471143694595,0.010339336663440505,0.01067215217231719,0.4743670814602998,0.44541280140601214,0.011583347470865462,0.011583347470865462,0.013749249151604614,0.013748606923413604,0.009700056331321136,0.009245447400096979,0.4578663534094567,0.43085192637593117
C13459aW,64.0,0.08546402641920202,0.0027191530944380474,0.11964036627392913,0.09529655534921644,0.021967674682279906,0.021967674682279906,0.008117753115419785,0.017747939532123155,0.017747939532123155,0.005432690560656394,0.02099136887839285,0.020991883927516226,0.008117753115419785,0.008117753115419785,0.013897453651634558,0.015494053738404163,0.5561795269330949,0.5277711611121584,0.02267103743838324,0.022672228705118685,0.0027191530944380474,0.11964036627392913,0.09529655534921644,0.023486414574540843,0.023486414574540843,0.019026862672341594,0.019015056640758258,0.01908092191602729,0.01908092191602729,0.019047379230321567,0.019047116909894427,0.023486414574540843,0.023486414574540843,0.022064986608815135,0.02056195140614786,0.022672228705118685,0.022672228705118685,0.013897453651634558,0.015494053738404163,0.5561795269330949,0.5277711611121584,0.017747939532123155,0.017747939532123155,0.02099136887839285,0.020991883927516226,0.013393368573073113,0.014302705747251138,0.5481835427802958,0.5260036304807172
C13459bW,64.0,0.09405673477331028,0.003595115620727341,0.2010455910903887,0.17789847889271332,0.018919264824580537,0.018919264824580537,0.008014085838804492,0.012578661178317779,0.012578661178317779,0.006249904856487496,0.015954562349614988,0.015954753197250617,0.008014085838804492,0.008014085838804492,0.013618074703712875,0.014818231855116324,0.6324817736467938,0.6160169358979274,0.019169873235094604,0.019174390316291777,0.003595115620727341,0.2010455910903887,0.17789847889271332,0.019925544946844728,0.019925544946844728,0.012838371262301683,0.012818658442853662,0.01365061499955178,0.01365061499955178,0.016966206658844813,0.016966616523713295,0.019925544946844728,0.019925544946844728,0.018889964099382178,0.016571081212239654,0.019174390316291777,0.019174390316291777,0.013618074703712875,0.014818231855116324,0.6324817736467938,0.6160169358979274,0.012578661178317779,0.012578661178317779,0.015954562349614988,0.015954753197250617,0.01284578991549801,0.014285177295830958,0.6109130137472231,0.5991779774179189
C13487cW,64.0,0.08856760226426172,0.0036897032338902734,0.17062427476017358,0.15100540072597787,0.017813043853747892,0.017813043853747892,0.007307816324705804,0.013540943437050045,0.013540943437050045,0.005853369881484208,0.01714652506195877,0.01714636913715656,0.007307816324705804,0.007307816324705804,0.012765581221886544,0.013138890627753249,0.563122718377234,0.5434687148210384,0.01845745200690584,0.018447825857834832,0.0036897032338902734,0.17062427476017358,0.15100540072597787,0.018492798586959486,0.018492798586959486,0.013362878406338565,0.013384930034244026,0.014195525005047848,0.014195525005047848,0.01599376543181942,0.015996235128156233,0.018492798586959486,0.018492798586959486,0.017852055640998676,0.015599211611002984,0.018447825857834832,0.018447825857834832,0.012765581221886544,0.013138890627753249,0.563122718377234,0.5434687148210384,0.013540943437050045,0.013540943437050045,0.01714652506195877,0.01714636913715656,0.012230747008332255,0.012923228803464257,0.5588624624779919,0.5419505051349317
DMSO71-102_1,384.0,0.29557514648435856,0.019504770770849982,0.10315797642216155,0.13921460557170973,0.008372175145238797,0.008372175145238797,0.02591101923971117,0.008378962248334485,0.008378962248334485,0.022617925428372602,0.008386030294335581,0.008390578218254756,0.02591101923971117,0.02591101923971117,0.008121488492480894,0.008121155251054966,0.0509646763014904,0.017991871595061024,0.008360142615229662,0.008360140042730465,0.019504770770849982,0.10315797642216155,0.13921460557170973,0.008377281560509799,0.008377281560509799,0.008399783916982399,0.00839971093168626,0.008377424481464175,0.008377424481464175,0.00841443003780631,0.008413805460374612,0.008377281560509799,0.008377281560509799,0.008141346643612981,0.0081299826234977,0.008360140042730465,0.008360140042730465,0.008121488492480894,0.008121155251054966,0.0509646763014904,0.017991871595061024,0.008378962248334485,0.008378962248334485,0.008386030294335581,0.008390578218254756,0.008135262733063938,0.008134781943027202,0.036241129434444574,0.017037411848522355
Dest210531-152149,64.0,0.1301845099185643,0.0034564426100514812,0.1314223615908346,0.12893491761404546,0.022401509395934386,0.022401509395934386,0.010431338191584498,0.01611546612663398,0.01611546612663398,0.007303189755112333,0.021139003671587022,0.021151176647119945,0.010431338191584498,0.010431338191584498,0.01437939263363648,0.01608836963064915,0.5300298910904253,0.515660694055378,0.0238743142914228,0.0239128643698133,0.0034564426100514812,0.1314223615908346,0.12893491761404546,0.023619495433270896,0.023619495433270896,0.015803712140368763,0.01580301683356957,0.016799542605841385,0.016799542605841385,0.020372628739228845,0.020374142805029014,0.023619495433270896,0.023619495433270896,0.02367563860722246,0.019220617128191286,0.0239128643698133,0.0239128643698133,0.01437939263363648,0.01608836963064915,0.5300298910904253,0.515660694055378,0.01611546612663398,0.01611546612663398,0.021139003671587022,0.021151176647119945,0.013605810824736306,0.014976969868729989,0.5240007947945221,0.5065994471200673
Dest210531-152324,64.0,0.03189364180015414,0.002249976523160528,0.10248807750514131,0.09304932911856685,0.021712617938365764,0.021712617938365764,0.006644812284179725,0.014887547134083176,0.014887547134083176,0.003397269970852598,0.020135036397371398,0.020135438351785932,0.006644812284179725,0.006644812284179725,0.012618892828982969,0.01422308296836197,0.5485311531598074,0.5343174126679874,0.023742365719415046,0.023738897104592486,0.002249976523160528,0.10248807750514131,0.09304932911856685,0.025206660319207708,0.025206660319207708,0.015954336170085237,0.015955938082122114,0.016808218716395387,0.016808218716395387,0.018926690132135247,0.018920440696998508,0.025206660319207708,0.025206660319207708,0.022695915121620645,0.019207290371472535,0.023738897104592486,0.023738897104592486,0.012618892828982969,0.01422308296836197,0.5485311531598074,0.5343174126679874,0.014887547134083176,0.014887547134083176,0.020135036397371398,0.020135438351785932,0.011572601471205634,0.012953731077711712,0.5405172396782009,0.5264591057976233
Dest210531-152634,64.0,0.0316871822024815,0.0027341768480125582,0.06468322955509395,0.056922958929912344,0.017275364779587632,0.017275364779587632,0.007279083925066769,0.01232951971635878,0.01232951971635878,0.003657425538422487,0.016476781403847753,0.01647762110999034,0.007279083925066769,0.007279083925066769,0.011402120763034073,0.012187418132098286,0.5414171025201692,0.5246780651064481,0.017318796731482285,0.017319231247804392,0.0027341768480125582,0.06468322955509395,0.056922958929912344,0.017534277685943185,0.017534277685943185,0.012802726140345376,0.012810129557089801,0.01314736592590924,0.01314736592590924,0.015640834029438028,0.015674512916159532,0.017534277685943185,0.017534277685943185,0.017063240315096862,0.01560301021790097,0.017319231247804392,0.017319231247804392,0.011402120763034073,0.012187418132098286,0.5414171025201692,0.5246780651064481,0.01232951971635878,0.01232951971635878,0.016476781403847753,0.01647762110999034,0.010506819936134951,0.011361445804214066,0.5218790151951771,0.5061633462553551
Dest210601-153606,64.0,0.03152360518657965,0.00314499617274513,0.07529425791186847,0.06585413984276457,0.02392265683803342,0.02392265683803342,0.005800836309842583,0.01338770356576977,0.01338770356576977,0.004565862127413934,0.018529896541659596,0.018529691453432792,0.005800836309842583,0.005800836309842583,0.013235358990023255,0.015513618311950255,0.5926863963080645,0.5560769326585714,0.02498682069428949,0.0249868229420276,0.00314499617274513,0.07529425791186847,0.06585413984276457,0.024939784726579255,0.024939784726579255,0.014564335149522658,0.014610690463577535,0.015052729002106899,0.015052729002106899,0.018676403080769143,0.01867688887077249,0.024939784726579255,0.024939784726579255,0.02396137280434103,0.02072056797099557,0.0249868229420276,0.0249868229420276,0.013235358990023255,0.015513618311950255,0.5926863963080645,0.5560769326585714,0.01338770356576977,0.01338770356576977,0.018529896541659596,0.018529691453432792,0.011569177603842087,0.013480852525104222,0.57870439107075,0.5510964511363213
Dest210601-154612,64.0,0.031247206958998658,0.002651841411369441,0.04842881428206578,0.05413837070607377,0.010278092863884546,0.010278092863884546,0.005009198244309778,0.007380593110016263,0.007380593110016263,0.0033540820248945933,0.009647177668595845,0.009646841419830491,0.005009198244309778,0.005009198244309778,0.007718868344666124,0.007927015441713984,0.522231847343602,0.462156508693771,0.010477132396941232,0.010441892014284042,0.002651841411369441,0.04842881428206578,0.05413837070607377,0.010189848958994956,0.010189848958994956,0.008218738095103545,0.008218122029093463,0.007907360004872382,0.007907360004872382,0.009330055653072732,0.00933081610107109,0.010189848958994956,0.010189848958994956,0.010255308672291893,0.009654997722507504,0.010441892014284042,0.010441892014284042,0.007718868344666124,0.007927015441713984,0.522231847343602,0.462156508693771,0.007380593110016263,0.007380593110016263,0.009647177668595845,0.009646841419830491,0.007377539129632432,0.007421698387527084,0.5233523111225374,0.46824586843416044
Dest210601-155722,64.0,0.012911231990201543,0.0028413625415692643,0.07380120789532336,0.07033904146612112,0.013138402821580021,0.013138402821580021,0.0046243884391553155,0.011689782364218835,0.011689782364218835,0.0032016679609095052,0.014252049808242991,0.014213032988089173,0.0046243884391553155,0.0046243884391553155,0.008558894242909149,0.009221007226742343,0.5380574573627553,0.49743826041440353,0.013932730695122976,0.01393044919789672,0.0028413625415692643,0.07380120789532336,0.07033904146612112,0.015601577857559718,0.015601577857559718,0.011024844359820292,0.0110222227379243,0.012277455567522128,0.012277455567522128,0.010783409453995897,0.010784443879134771,0.015601577857559718,0.015601577857559718,0.013514732464990476,0.011183491737793814,0.01393044919789672,0.01393044919789672,0.008558894242909149,0.009221007226742343,0.5380574573627553,0.49743826041440353,0.011689782364218835,0.011689782364218835,0.014252049808242991,0.014213032988089173,0.008099207846810593,0.008496392424913074,0.5266905673480774,0.48927829392670946
Dest210607-134930,64.0,0.018759012483384113,0.0023275019693962183,0.026694571342215645,0.02568830738100443,0.0201169992958704,0.0201169992958704,0.0037714265403786125,0.010943532599059558,0.010943532599059558,0.0032735559379023604,0.015501656589336237,0.015545453878518785,0.0037714265403786125,0.0037714265403786125,0.009293077267721338,0.010986381708104825,0.4640034526237632,0.4141724990775751,0.020831861896540838,0.02083119115801135,0.0023275019693962183,0.026694571342215645,0.02568830738100443,0.01806414379477191,0.01806414379477191,0.013978431794572595,0.013979008969990608,0.012991958647707025,0.012991958647707025,0.015408038796311523,0.01542656505984417,0.01806414379477191,0.01806414379477191,0.020352963612919862,0.017948911758986132,0.02083119115801135,0.02083119115801135,0.009293077267721338,0.010986381708104825,0.4640034526237632,0.4141724990775751,0.010943532599059558,0.010943532599059558,0.015501656589336237,0.015545453878518785,0.008049969209921803,0.009328564617640193,0.4475499063370504,0.40315823429931325
Dest210607-135106,64.0,0.013692823593059697,0.00359528225824502,0.04823290962471666,0.03773388912806363,0.0187603573593966,0.0187603573593966,0.005334949659833006,0.016601950647032227,0.016601950647032227,0.004412822906285006,0.01876126334951563,0.01875791981010379,0.005334949659833006,0.005334949659833006,0.010113369565376102,0.011247248341962428,0.4248973056129165,0.38778567673490527,0.020747376923355154,0.02075522606332235,0.00359528225824502,0.04823290962471666,0.03773388912806363,0.021773580460926267,0.021773580460926267,0.019296481286988458,0.019426612920523254,0.01796441224833408,0.01796441224833408,0.017913457884990887,0.017914084090291132,0.021773580460926267,0.021773580460926267,0.019648994083088425,0.017218103489337427,0.02075522606332235,0.02075522606332235,0.010113369565376102,0.011247248341962428,0.4248973056129165,0.38778567673490527,0.016601950647032227,0.016601950647032227,0.01876126334951563,0.01875791981010379,0.009628689920734056,0.011069550101750815,0.4169519326076513,0.38506934707051343
Dest210607-135426,64.0,0.014335305579598345,0.002828232086949305,0.04941675043374079,0.04733863723550704,0.017660641816099117,0.017660641816099117,0.0041612171536139185,0.011275685932571682,0.011275685932571682,0.00347621480702237,0.018387669240506405,0.018350763062086262,0.0041612171536139185,0.0041612171536139185,0.008259453254192847,0.00903261308705331,0.46696768908583575,0.4302191921076787,0.01929502652349753,0.019320013355480604,0.002828232086949305,0.04941675043374079,0.04733863723550704,0.019675592158534483,0.019675592158534483,0.01087703165006796,0.010873997748872481,0.011738545029368087,0.011738545029368087,0.015378864284237074,0.015329254411668707,0.019675592158534483,0.019675592158534483,0.018023887776949,0.014987041760659974,0.019320013355480604,0.019320013355480604,0.008259453254192847,0.00903261308705331,0.46696768908583575,0.4302191921076787,0.011275685932571682,0.011275685932571682,0.018387669240506405,0.018350763062086262,0.008063967239603101,0.008977571255318733,0.4686202750505271,0.423912261024713
Dest210608-151243,64.0,0.02299573570186682,0.00315678795778586,0.054394926328279226,0.047707615441943456,0.021430757303048772,0.021430757303048772,0.007701038533056974,0.015015616506876224,0.015015616506876224,0.004524905270431087,0.01974340031517104,0.019766750402246677,0.007701038533056974,0.007701038533056974,0.01318371922180985,0.012823366963016765,0.507986785135164,0.490103317901976,0.022222738046193163,0.02223388860528725,0.00315678795778586,0.054394926328279226,0.047707615441943456,0.022726087861595565,0.022726087861595565,0.01571835721081896,0.015717658766163198,0.016251467508515863,0.016251467508515863,0.018436844517643887,0.018436791005475302,0.022726087861595565,0.022726087861595565,0.02140861309904402,0.018014079335164416,0.02223388860528725,0.02223388860528725,0.01318371922180985,0.012823366963016765,0.507986785135164,0.490103317901976,0.015015616506876224,0.015015616506876224,0.01974340031517104,0.019766750402246677,0.012517276546779409,0.012652731949676723,0.4918408199804801,0.48025550514625703
Dest210608-152610,61.0,0.013065775700296699,0.0031787882556182398,0.029312242564555103,0.0231822471316855,0.019209250966899464,0.019209250966899464,0.005653205586490839,0.009942740120793051,0.009942740120793051,0.004484123806535494,0.01644270560483371,0.01644409417674903,0.005653205586490839,0.005653205586490839,0.00912649726510589,0.010469242066298809,0.46478270061439164,0.4282547378077945,0.019562798831243153,0.019557069172462103,0.0031787882556182398,0.029312242564555103,0.0231822471316855,0.018526847465883782,0.018526847465883782,0.010599343393573634,0.010599880929073121,0.010412316803421822,0.010412316803421822,0.015027388220298693,0.015027689976209027,0.018526847465883782,0.018526847465883782,0.019094454666324444,0.01563795746057874,0.019557069172462103,0.019557069172462103,0.00912649726510589,0.010469242066298809,0.46478270061439164,0.4282547378077945,0.009942740120793051,0.009942740120793051,0.01644270560483371,0.01644409417674903,0.008545385700238604,0.009393605099757221,0.4618297189057638,0.41960291036069464
Dest210608-153057,59.0,0.016013366183804525,0.004046315570845648,0.085048455580844,0.06937745457498608,0.018719551047282013,0.018719551047282013,0.008526728607343714,0.012013187050116376,0.012013187050116376,0.0067166821659869185,0.015070855323350592,0.015070806183007273,0.008526728607343714,0.008526728607343714,0.009576956742223856,0.011237182383519095,0.5828538915488581,0.5401142275947197,0.02031966504954083,0.020324674448274377,0.004046315570845648,0.085048455580844,0.06937745457498608,0.02115691884024306,0.02115691884024306,0.012577351004246853,0.01257701422714255,0.012449700155738062,0.012449700155738062,0.014314148675064604,0.014313749502504362,0.02115691884024306,0.02115691884024306,0.01874536322761157,0.014387891573481313,0.020324674448274377,0.020324674448274377,0.009576956742223856,0.011237182383519095,0.5828538915488581,0.5401142275947197,0.012013187050116376,0.012013187050116376,0.015070855323350592,0.015070806183007273,0.009375940675885519,0.010567048592542523,0.5661243222401022,0.5268650115130198
Dest210614-162933,64.0,0.016916073367508184,0.00325401768070391,0.07990196604038248,0.061571935808366854,0.012827290131280806,0.012827290131280806,0.0036139628395579016,0.008400536765422798,0.008400536765422798,0.0031818105023651328,0.01181246467276212,0.01181337939153569,0.0036139628395579016,0.0036139628395579016,0.00881293149306831,0.009320002285394762,0.5660999347951378,0.5334747660735997,0.013993859706285817,0.013991183333483318,0.00325401768070391,0.07990196604038248,0.061571935808366854,0.013621389434258419,0.013621389434258419,0.009652437535176904,0.009650994926735138,0.009243770755222811,0.009243770755222811,0.011126003479328732,0.011119532469928544,0.013621389434258419,0.013621389434258419,0.01305199239932261,0.01206214086943987,0.013991183333483318,0.013991183333483318,0.00881293149306831,0.009320002285394762,0.5660999347951378,0.5334747660735997,0.008400536765422798,0.008400536765422798,0.01181246467276212,0.01181337939153569,0.008450799945468063,0.0091439257568056,0.5588320648345987,0.525293231889051
Dest210614-164243,63.0,0.06703217192109655,0.0024007014821601684,0.04143437668316465,0.03825427443290118,0.02987768693448304,0.02987768693448304,0.008947737576170912,0.016086412796970356,0.016086412796970356,0.003671961052946935,0.022779127621972997,0.02277705024269614,0.008947737576170912,0.008947737576170912,0.012448211838731129,0.014609577101953689,0.47322030869212667,0.4359432655224507,0.03260058017194009,0.03258131864564855,0.0024007014821601684,0.04143437668316465,0.03825427443290118,0.02869712622019651,0.02869712622019651,0.017608275039461198,0.017619506584756344,0.01743638500146454,0.01743638500146454,0.02211105441762495,0.022107617992248595,0.02869712622019651,0.02869712622019651,0.03019445794076845,0.023916878180608732,0.03258131864564855,0.03258131864564855,0.012448211838731129,0.014609577101953689,0.47322030869212667,0.4359432655224507,0.016086412796970356,0.016086412796970356,0.022779127621972997,0.02277705024269614,0.011212525924199676,0.013735861501736179,0.4593277998250574,0.4133358423073555
Dest210614-165045,60.0,0.01886392760678566,0.0023777353022983003,0.0389759245015507,0.024109309357727267,0.012823038962510845,0.012823038962510845,0.005520519268795275,0.011545892182755998,0.011545892182755998,0.0035678472483303652,0.013470879692990554,0.013471346737700028,0.005520519268795275,0.005520519268795275,0.007115145509225478,0.008650934118311866,0.4396033866376684,0.4053546130343865,0.014106888505448105,0.014108685178707465,0.0023777353022983003,0.0389759245015507,0.024109309357727267,0.014964931951510567,0.014964931951510567,0.01056707624967689,0.010590486914111954,0.011529130000057614,0.011529130000057614,0.011694157923593695,0.01169503367634946,0.014964931951510567,0.014964931951510567,0.013418364855420075,0.011335803819445244,0.014108685178707465,0.014108685178707465,0.007115145509225478,0.008650934118311866,0.4396033866376684,0.4053546130343865,0.011545892182755998,0.011545892182755998,0.013470879692990554,0.013471346737700028,0.006728026428859769,0.00833718504897139,0.4293863153403386,0.39942238980194766
Dest210615-151336,61.0,0.02120468748993838,0.0028849862203427687,0.09681219728824134,0.07119822558910757,0.01758174219531618,0.01758174219531618,0.005735343296004192,0.01328395099017428,0.01328395099017428,0.004419491187014472,0.01881943654311557,0.01881852344439022,0.005735343296004192,0.005735343296004192,0.012513874193368245,0.012315651012223918,0.5133912798347839,0.48322864690154943,0.01835768470550522,0.018357045633175546,0.0028849862203427687,0.09681219728824134,0.07119822558910757,0.01987282877156001,0.01987282877156001,0.013097093700150404,0.01309351226698427,0.015343986155812846,0.015343986155812846,0.016792516306608538,0.01679212788411724,0.01987282877156001,0.01987282877156001,0.01734686570420572,0.015686711271041893,0.018357045633175546,0.018357045633175546,0.012513874193368245,0.012315651012223918,0.5133912798347839,0.48322864690154943,0.01328395099017428,0.01328395099017428,0.01881943654311557,0.01881852344439022,0.011514746833166951,0.01218351963457857,0.5092530979591402,0.4816223047022218
Dest210615-152648,61.0,0.016236471746708676,0.0034825646763858406,0.054496286354993345,0.04165133848370993,0.014568809371347894,0.014568809371347894,0.00541536458808314,0.00985930807884991,0.00985930807884991,0.003447290423773893,0.012852664046053293,0.01285299728978764,0.00541536458808314,0.00541536458808314,0.007184318394611587,0.007447961566735958,0.482888437137073,0.42148745812256205,0.015245838811412931,0.01521026321788844,0.0034825646763858406,0.054496286354993345,0.04165133848370993,0.014266559470500751,0.014266559470500751,0.01215572637350194,0.012170577114247034,0.010468135889377828,0.010468135889377828,0.012651710923712504,0.012651428685422465,0.014266559470500751,0.014266559470500751,0.014453466864705902,0.01189380626911908,0.01521026321788844,0.01521026321788844,0.007184318394611587,0.007447961566735958,0.482888437137073,0.42148745812256205,0.00985930807884991,0.00985930807884991,0.012852664046053293,0.01285299728978764,0.006095678017157985,0.006333874661271156,0.46422449883145595,0.4126008326543489
Dest210615-153137,60.0,0.0175842239398354,0.0030282026811766184,0.05194013730596558,0.042353113280692876,0.012413481949915204,0.012413481949915204,0.004477388875503195,0.007984806242578003,0.007984806242578003,0.0031852850160782953,0.011480079008485062,0.011479684071324606,0.004477388875503195,0.004477388875503195,0.00716512462079351,0.007958228636443528,0.5305766525302252,0.5079412574594485,0.013066067936126925,0.013067385067965497,0.0030282026811766184,0.05194013730596558,0.042353113280692876,0.013366254540494584,0.013366254540494584,0.008432972712785638,0.00843475158090331,0.008406595854661239,0.008406595854661239,0.010589149707788209,0.010589297790928076,0.013366254540494584,0.013366254540494584,0.012683134698311293,0.010976764959340388,0.013067385067965497,0.013067385067965497,0.00716512462079351,0.007958228636443528,0.5305766525302252,0.5079412574594485,0.007984806242578003,0.007984806242578003,0.011480079008485062,0.011479684071324606,0.006708184183886314,0.006975293070221765,0.5226388792410872,0.5132731018018181
Dest210621-132542,64.0,0.011094521464575416,0.002414030922632374,0.03090238307141932,0.025774441949364863,0.01899652419240546,0.01899652419240546,0.004631551753883222,0.012856401295782558,0.012856401295782558,0.0033810553398406326,0.01621315858601797,0.0162135192796957,0.004631551753883222,0.004631551753883222,0.010163709741062454,0.012189503001744973,0.45929552059154777,0.43201043457182886,0.0199183591668376,0.019919546313327523,0.002414030922632374,0.03090238307141932,0.025774441949364863,0.020186340217744594,0.020186340217744594,0.014116986443939576,0.014107890557013116,0.014133848083773671,0.014133848083773671,0.01644059873449577,0.016450315176295548,0.020186340217744594,0.020186340217744594,0.018619046102000582,0.016524046410845504,0.019919546313327523,0.019919546313327523,0.010163709741062454,0.012189503001744973,0.45929552059154777,0.43201043457182886,0.012856401295782558,0.012856401295782558,0.01621315858601797,0.0162135192796957,0.009061441830048768,0.010520210601221726,0.44628443448895827,0.4216226038853533
Dest210621-132717,64.0,0.016804547717607473,0.003097658070131931,0.08850055728788618,0.08066981352578405,0.012136333102196422,0.012136333102196422,0.0053839090291955116,0.008813209172949142,0.008813209172949142,0.003713330663529587,0.011049945400706262,0.011049910570132219,0.0053839090291955116,0.0053839090291955116,0.006235174538122497,0.005982448113766788,0.5469562775734672,0.5082377900289615,0.013525573279663422,0.013520186984904571,0.003097658070131931,0.08850055728788618,0.08066981352578405,0.01298529373340122,0.01298529373340122,0.010370780552420415,0.010375999751511409,0.009410728050808509,0.009410728050808509,0.011086943002897984,0.011084680340599022,0.01298529373340122,0.01298529373340122,0.013084254315374877,0.01002723050392012,0.013520186984904571,0.013520186984904571,0.006235174538122497,0.005982448113766788,0.5469562775734672,0.5082377900289615,0.008813209172949142,0.008813209172949142,0.011049945400706262,0.011049910570132219,0.005894642754111686,0.006019849040402523,0.5341948654938491,0.5041658455914726
Dest210621-133202,64.0,0.015904918415580907,0.002675132385430626,0.03180000570107215,0.031094725706470754,0.015456187418991543,0.015456187418991543,0.004400823934524732,0.009465762822929805,0.009465762822929805,0.002952008803776844,0.013126596049376538,0.013127639825077192,0.004400823934524732,0.004400823934524732,0.009791096424786412,0.010109309862329519,0.4960387907105811,0.47865038497721135,0.017043964269843295,0.017038158510696733,0.002675132385430626,0.03180000570107215,0.031094725706470754,0.015898162190800712,0.015898162190800712,0.010423423141361927,0.010417703855616032,0.01086081772556042,0.01086081772556042,0.01245031056148895,0.01245058252466863,0.015898162190800712,0.015898162190800712,0.0160337379511916,0.013538256171705074,0.017038158510696733,0.017038158510696733,0.009791096424786412,0.010109309862329519,0.4960387907105811,0.47865038497721135,0.009465762822929805,0.009465762822929805,0.013126596049376538,0.013127639825077192,0.008741257106567226,0.009112350711456352,0.4805844211913267,0.4722422424517942
Dest210622-142830,60.0,0.013030937643434274,0.0035056131344970497,0.15557131798556348,0.1400147989300328,0.028494363092226183,0.028494363092226183,0.006617360377653023,0.014758897302608761,0.014758897302608761,0.004090703445284328,0.026611079738052833,0.026610665453013573,0.006617360377653023,0.006617360377653023,0.011031110731511286,0.012023927096906337,0.6424138776965739,0.6168324467711831,0.02999360695985228,0.029996807457754817,0.0035056131344970497,0.15557131798556348,0.1400147989300328,0.02920803048133581,0.02920803048133581,0.015377738084607573,0.01538404877355054,0.01557242417156424,0.01557242417156424,0.02187948585282572,0.021878091718310917,0.02920803048133581,0.02920803048133581,0.02813257909934121,0.020639332238668713,0.029996807457754817,0.029996807457754817,0.011031110731511286,0.012023927096906337,0.6424138776965739,0.6168324467711831,0.014758897302608761,0.014758897302608761,0.026611079738052833,0.026610665453013573,0.010388173824454032,0.011591840689869532,0.6333620030671053,0.6055346495952881
Dest210622-144945,60.0,0.012317727763566958,0.002796193207288362,0.028795831559686305,0.026862493334658056,0.02509263360257807,0.02509263360257807,0.007064091042120669,0.013861720499404618,0.013861720499404618,0.0037310070873985126,0.021098828628540497,0.021090925994366738,0.007064091042120669,0.007064091042120669,0.01041736719787411,0.011996632395607975,0.4687558085073936,0.4356398154137587,0.02674715391504966,0.026747461983149777,0.002796193207288362,0.028795831559686305,0.026862493334658056,0.025492706255118496,0.025492706255118496,0.017492806832266786,0.01746325864399011,0.015134391481644506,0.015134391481644506,0.02139082771672035,0.02139045054680367,0.025492706255118496,0.025492706255118496,0.026232094889739467,0.018679231504815742,0.026747461983149777,0.026747461983149777,0.01041736719787411,0.011996632395607975,0.4687558085073936,0.4356398154137587,0.013861720499404618,0.013861720499404618,0.021098828628540497,0.021090925994366738,0.00920527822870534,0.010957172334912772,0.46341204737699027,0.43110855272051796
Dest210622-145259,60.0,0.012482028008174606,0.0030537031140572277,0.04898605680371635,0.04294816359594686,0.012557848750854953,0.012557848750854953,0.006894093486617827,0.009235537416720447,0.009235537416720447,0.004060343969305368,0.012235528433760249,0.012238281323339923,0.006894093486617827,0.006894093486617827,0.008642150590136672,0.00869141787571657,0.5181215577517329,0.48729293129893364,0.012974815279031205,0.012975601406559316,0.0030537031140572277,0.04898605680371635,0.04294816359594686,0.013430655570384056,0.013430655570384056,0.010794354139636917,0.01079531698732139,0.0099898128082747,0.0099898128082747,0.01128341655012365,0.011282737520838687,0.013430655570384056,0.013430655570384056,0.012541333444685126,0.011058916154347013,0.012975601406559316,0.012975601406559316,0.008642150590136672,0.00869141787571657,0.5181215577517329,0.48729293129893364,0.009235537416720447,0.009235537416720447,0.012235528433760249,0.012238281323339923,0.007724834994174739,0.008321748786552419,0.5150350636572848,0.4873267625198851
Dest210705-142134,64.0,0.016724121934847673,0.0027766642010827063,0.0328542255248614,0.025076815646956935,0.01393917875857192,0.01393917875857192,0.005801109869301641,0.010447000906424041,0.010447000906424041,0.004841377471199745,0.012661763536896537,0.012661768615061693,0.005801109869301641,0.005801109869301641,0.008752855969934388,0.010209219673038469,0.4656340786138676,0.4394461179448525,0.014455667483370044,0.014465259948525077,0.0027766642010827063,0.0328542255248614,0.025076815646956935,0.014799427166127116,0.014799427166127116,0.011395968253937905,0.011397219308148252,0.01189686086297613,0.01189686086297613,0.011788112150060651,0.011788162914349276,0.014799427166127116,0.014799427166127116,0.013938048433395044,0.012827959853146793,0.014465259948525077,0.014465259948525077,0.008752855969934388,0.010209219673038469,0.4656340786138676,0.4394461179448525,0.010447000906424041,0.010447000906424041,0.012661763536896537,0.012661768615061693,0.008527186563823844,0.009896954567133428,0.4455685799729476,0.42960130441834393
Dest210705-143821,60.0,0.014201422627989985,0.0027717107925349944,0.028710116001813567,0.01936617125153255,0.018210696571032373,0.018210696571032373,0.004771438306845593,0.012086841686764138,0.012086841686764138,0.003347024097970146,0.016768618793005976,0.016765063062041854,0.004771438306845593,0.004771438306845593,0.010048806436177728,0.01213005114797383,0.45700651500124584,0.41875693265597913,0.019968808036236536,0.019964990940011466,0.0027717107925349944,0.028710116001813567,0.01936617125153255,0.021803149371465713,0.021803149371465713,0.01283237357466908,0.012817973073396976,0.013114422158459827,0.013114422158459827,0.016326350297574035,0.016333670594109426,0.021803149371465713,0.021803149371465713,0.0189953473329629,0.016831423428991948,0.019964990940011466,0.019964990940011466,0.010048806436177728,0.01213005114797383,0.45700651500124584,0.41875693265597913,0.012086841686764138,0.012086841686764138,0.016768618793005976,0.016765063062041854,0.009620881834622402,0.011897301671587056,0.4375458555737682,0.40356551129543017
Dest210705-144135,60.0,0.011512515535220934,0.0026923030669516496,0.020032992578865032,0.019572367842206024,0.00901536353983399,0.00901536353983399,0.0033723881563634955,0.005793432543743338,0.005793432543743338,0.0029348126886618382,0.008207862564081458,0.008231836318163054,0.0033723881563634955,0.0033723881563634955,0.005781192636679492,0.00510973410959536,0.4279439481350128,0.40002536661994537,0.009818099116631092,0.009818965512614778,0.0026923030669516496,0.020032992578865032,0.019572367842206024,0.01010536184707851,0.01010536184707851,0.006212608446625145,0.006212547907770882,0.0064307461574004444,0.0064307461574004444,0.008212771678355777,0.008213135737798105,0.01010536184707851,0.01010536184707851,0.009307716525389009,0.008407629989734842,0.009818965512614778,0.009818965512614778,0.005781192636679492,0.00510973410959536,0.4279439481350128,0.40002536661994537,0.005793432543743338,0.005793432543743338,0.008207862564081458,0.008231836318163054,0.005614162034805974,0.005423159679626388,0.4164687888405004,0.3973912680204851
Dest210707-094057,60.0,0.015501956717573874,0.002029843099040388,0.02882688666141054,0.03254534800655888,0.015115716026096467,0.015115716026096467,0.003005740831952769,0.010114441438407269,0.010114441438407269,0.002265097250043177,0.013810396175789491,0.013814216986859234,0.003005740831952769,0.003005740831952769,0.007870120493516684,0.007974427756749154,0.5029491201827002,0.48276953415104434,0.01660253109751716,0.01660545128919803,0.002029843099040388,0.02882688666141054,0.03254534800655888,0.016195445175874464,0.016195445175874464,0.010969092930124739,0.010967110461696985,0.011267713789424457,0.011267713789424457,0.01263809595335944,0.01263810093060453,0.016195445175874464,0.016195445175874464,0.015803514773943542,0.013708268248586912,0.01660545128919803,0.01660545128919803,0.007870120493516684,0.007974427756749154,0.5029491201827002,0.48276953415104434,0.010114441438407269,0.010114441438407269,0.013810396175789491,0.013814216986859234,0.007212269635597877,0.008083876406175682,0.4891672837957027,0.47056355749527695
Dest210707-094231,60.0,0.015247795541119736,0.00225333942434114,0.06454342320769907,0.05977710723449216,0.01736187202857239,0.01736187202857239,0.0028143448542138736,0.010014959710232281,0.010014959710232281,0.0025919339922735873,0.014210423901318102,0.014214626833236816,0.0028143448542138736,0.0028143448542138736,0.006862667722334467,0.00775973774561261,0.5375825397549756,0.5235185638854263,0.01927534200041511,0.01931527515289521,0.00225333942434114,0.06454342320769907,0.05977710723449216,0.01743979851781384,0.01743979851781384,0.011962848936308935,0.011915410169421855,0.01078898592264382,0.01078898592264382,0.013193495167825402,0.01319315881594807,0.01743979851781384,0.01743979851781384,0.017564644197479693,0.013831827122649725,0.01931527515289521,0.01931527515289521,0.006862667722334467,0.00775973774561261,0.5375825397549756,0.5235185638854263,0.010014959710232281,0.010014959710232281,0.014210423901318102,0.014214626833236816,0.005907000038757099,0.006933467726082839,0.518053824306491,0.5059185116692216
Dest210707-094542,60.0,0.010991504956435806,0.003047959421663845,0.044514225034865976,0.03489030250861842,0.014020971066479001,0.014020971066479001,0.005090745559716059,0.008202595965069242,0.008202595965069242,0.003116058042663751,0.013595924694485124,0.01359897056139964,0.005090745559716059,0.005090745559716059,0.008924786914562435,0.009753885739169736,0.4811882607842472,0.4351624319796575,0.015382343545873384,0.01538461785047018,0.003047959421663845,0.044514225034865976,0.03489030250861842,0.015815347668021687,0.015815347668021687,0.009405586674693163,0.009401544806729554,0.009455746114672332,0.009455746114672332,0.011969230869470228,0.011969300887907326,0.015815347668021687,0.015815347668021687,0.014373503967420983,0.013182097896538365,0.01538461785047018,0.01538461785047018,0.008924786914562435,0.009753885739169736,0.4811882607842472,0.4351624319796575,0.008202595965069242,0.008202595965069242,0.013595924694485124,0.01359897056139964,0.008303439902358644,0.009625813149553495,0.4850739032036993,0.4393721618485044
Dest210726-160506,60.0,0.0261026154539207,0.004108000858882539,0.33980714227263736,0.2660645261674551,0.014016225783694176,0.014016225783694176,0.0042552515338762,0.010208962621438096,0.010208962621438096,0.0037684500908084146,0.01366689314089958,0.013663029529273587,0.0042552515338762,0.0042552515338762,0.008487602725427796,0.008674666741774032,0.8056858489001094,0.7691487751843652,0.015661017664629226,0.015663055116006196,0.004108000858882539,0.33980714227263736,0.2660645261674551,0.014281669863339248,0.014281669863339248,0.012692887423218098,0.012726644810650075,0.011127267585463977,0.011127267585463977,0.012407761005523498,0.01240726309246234,0.014281669863339248,0.014281669863339248,0.0147941626741026,0.011710688273893622,0.015663055116006196,0.015663055116006196,0.008487602725427796,0.008674666741774032,0.8056858489001094,0.7691487751843652,0.010208962621438096,0.010208962621438096,0.01366689314089958,0.013663029529273587,0.00862030420991742,0.008541646348111333,0.7773545520585669,0.7394794176168646
Dest210726-160643,60.0,0.026280596294882854,0.003828216813082457,0.06414549989344714,0.04625058152556748,0.02081138156474189,0.02081138156474189,0.008714626600814436,0.014112775719974763,0.014112775719974763,0.0055217645093954435,0.016611527571320353,0.016611404055142182,0.008714626600814436,0.008714626600814436,0.011462327032788832,0.01310795399469592,0.49368425636333874,0.47063290336236746,0.020104181722093016,0.020105002375459476,0.003828216813082457,0.06414549989344714,0.04625058152556748,0.01836553384583987,0.01836553384583987,0.015460274691152597,0.015457551548144823,0.015403018409496457,0.015403018409496457,0.01565674613957052,0.015660634097609774,0.01836553384583987,0.01836553384583987,0.01984659516521707,0.01799525869109701,0.020105002375459476,0.020105002375459476,0.011462327032788832,0.01310795399469592,0.49368425636333874,0.47063290336236746,0.014112775719974763,0.014112775719974763,0.016611527571320353,0.016611404055142182,0.01091480557875763,0.011679900400317689,0.48544734309778825,0.4581472192002847
Dest210726-162828,60.0,0.025415963962793837,0.0034419874629494137,0.17797157086458168,0.14454124691458153,0.00938206838859736,0.00938206838859736,0.00343382409083403,0.006113412670583523,0.006113412670583523,0.002991702875279888,0.008641937377516413,0.008639983489346637,0.00343382409083403,0.00343382409083403,0.006464496382771654,0.006408688819977115,0.7119345605847841,0.6717260358062112,0.009933162724797497,0.00993439162704386,0.0034419874629494137,0.17797157086458168,0.14454124691458153,0.009559553450393542,0.009559553450393542,0.006815115282909721,0.00681232812312515,0.006508311269016997,0.006508311269016997,0.007752617651975645,0.007751703506512457,0.009559553450393542,0.009559553450393542,0.009604446978116401,0.008074514708119923,0.00993439162704386,0.00993439162704386,0.006464496382771654,0.006408688819977115,0.7119345605847841,0.6717260358062112,0.006113412670583523,0.006113412670583523,0.008641937377516413,0.008639983489346637,0.0058126819301310756,0.0057860976132914875,0.6775496386167055,0.6482961670133284
Dest210727-153944,64.0,0.027284642761755094,0.003916599049180354,0.037520687183901544,0.033005471254513925,0.015198717888200437,0.015198717888200437,0.004818372344674624,0.00956779672550642,0.00956779672550642,0.004058319124262588,0.013994078338453241,0.013969396337255203,0.004818372344674624,0.004818372344674624,0.00857761086663306,0.009469690246935624,0.43606246725668407,0.40159618332264385,0.016722326137412792,0.016597787645780453,0.003916599049180354,0.037520687183901544,0.033005471254513925,0.016088258956152807,0.016088258956152807,0.00980435609788907,0.00977673857669467,0.010666113088497723,0.010666113088497723,0.012903662067221747,0.01290373237228171,0.016088258956152807,0.016088258956152807,0.01604431730312661,0.015051478147531726,0.016597787645780453,0.016597787645780453,0.00857761086663306,0.009469690246935624,0.43606246725668407,0.40159618332264385,0.00956779672550642,0.00956779672550642,0.013994078338453241,0.013969396337255203,0.0072413287912822515,0.007746871933401106,0.4407683335230643,0.40052150867418257
Dest210727-154746,64.0,0.022951355877129792,0.003488995244369478,0.10542991070130224,0.0887460106592394,0.01904778227771693,0.01904778227771693,0.005050085552562982,0.010495774050732255,0.010495774050732255,0.00399372907373354,0.013346327679866196,0.013334409062188557,0.005050085552562982,0.005050085552562982,0.00782778868766721,0.010555541945419564,0.620403267209455,0.6011667798582628,0.019259088249508782,0.019262906195985436,0.003488995244369478,0.10542991070130224,0.0887460106592394,0.01720148826318092,0.01720148826318092,0.01182686987627001,0.011826291454107274,0.011116940857647238,0.011116940857647238,0.01272737484748975,0.012721628352220637,0.01720148826318092,0.01720148826318092,0.017652919019410625,0.013933826103445708,0.019262906195985436,0.019262906195985436,0.00782778868766721,0.010555541945419564,0.620403267209455,0.6011667798582628,0.010495774050732255,0.010495774050732255,0.013346327679866196,0.013334409062188557,0.007331677810278484,0.009430624916833642,0.5953784904006578,0.5844345251505079
Dest210727-155901,64.0,0.02403505233634109,0.004999839876817877,0.039927179230106004,0.03318816115078966,0.019576012774183187,0.019576012774183187,0.007132521340150436,0.012657638752530028,0.012657638752530028,0.006184390359897382,0.017906507505484164,0.01790738130263014,0.007132521340150436,0.007132521340150436,0.006049459639075979,0.007493583790810455,0.4978996162705871,0.4492687316741817,0.020635851477000526,0.020637020737946085,0.004999839876817877,0.039927179230106004,0.03318816115078966,0.0222614979900714,0.0222614979900714,0.015312344083400833,0.015334083751758244,0.01409012903374675,0.01409012903374675,0.015226101394833404,0.015266352228065319,0.0222614979900714,0.0222614979900714,0.01972529869823918,0.015108738261846518,0.020637020737946085,0.020637020737946085,0.006049459639075979,0.007493583790810455,0.4978996162705871,0.4492687316741817,0.012657638752530028,0.012657638752530028,0.017906507505484164,0.01790738130263014,0.005482394270527511,0.006595061708189178,0.49013379233507093,0.4459163919426003
Dest210803-154133,60.0,0.030148511614387526,0.003889906275936808,0.12683050333629298,0.10093958901753003,0.03621772468758886,0.03621772468758886,0.010937878084882382,0.025872026618172082,0.025872026618172082,0.007768350359108376,0.03275626648250832,0.032735742400496405,0.010937878084882382,0.010937878084882382,0.0193925949981391,0.022376534054560734,0.47135363717933904,0.44959893275904944,0.037939307439925254,0.037973760858856065,0.003889906275936808,0.12683050333629298,0.10093958901753003,0.036833958288877255,0.036833958288877255,0.02631881814745927,0.026342080404079562,0.027146941238492987,0.027146941238492987,0.032315542329566745,0.03231464353775738,0.036833958288877255,0.036833958288877255,0.0348317027303525,0.03142267294603338,0.037973760858856065,0.037973760858856065,0.0193925949981391,0.022376534054560734,0.47135363717933904,0.44959893275904944,0.025872026618172082,0.025872026618172082,0.03275626648250832,0.032735742400496405,0.016401618912061874,0.019896640165416302,0.4545517334055797,0.44492782321780155
Dest210803-160041,60.0,0.03948832577198818,0.0044622983887896706,0.07328611947670258,0.06669776780381384,0.041419074951455366,0.041419074951455366,0.015077257002826245,0.025861203697339828,0.025861203697339828,0.008470865167600938,0.03610487588271553,0.03610511024609217,0.015077257002826245,0.015077257002826245,0.018818523910683112,0.02542480895066773,0.425987354030751,0.4120381159136607,0.045347602094113454,0.04533896198607019,0.0044622983887896706,0.07328611947670258,0.06669776780381384,0.041942015730701866,0.041942015730701866,0.026312615288742645,0.02630143458165856,0.0270875232095566,0.0270875232095566,0.03398990753015655,0.03389054941550729,0.041942015730701866,0.041942015730701866,0.04267637624701139,0.0338131775623992,0.04533896198607019,0.04533896198607019,0.018818523910683112,0.02542480895066773,0.425987354030751,0.4120381159136607,0.025861203697339828,0.025861203697339828,0.03610487588271553,0.03610511024609217,0.016824515777694286,0.022277311043199088,0.41941739594818905,0.40629835630046557
Dest210803-160702,9.0,0.003314712458106598,0.0001940084777587063,0.021869972309644794,0.0003334137928755504,0.0011302275914215714,0.0011302275914215714,0.0002192776890547831,0.0008538010868549689,0.0008538010868549689,0.0002714469871772145,0.0005756430032114185,0.000575027348171571,0.0002192776890547831,0.0002192776890547831,0.00017175729287318125,0.00021435828916075908,0.2351203528805089,0.1310545319715236,0.0004660251434945534,0.00046593435620568305,0.0001940084777587063,0.021869972309644794,0.0003334137928755504,0.000782802258497079,0.000782802258497079,0.003377943721298027,0.003375762823361984,0.0008618065653563935,0.0008618065653563935,0.0005276385929558467,0.0005275783101894682,0.000782802258497079,0.000782802258497079,0.0004455610270054616,0.0006226155259240166,0.00046593435620568305,0.00046593435620568305,0.00017175729287318125,0.00021435828916075908,0.2351203528805089,0.1310545319715236,0.0008538010868549689,0.0008538010868549689,0.0005756430032114185,0.000575027348171571,0.00026709143320257733,0.0003243562796826872,0.14283707852675584,0.06075265859967224
Dest210809-134710,60.0,0.03303654222452223,0.0035168278132737115,0.06266213960078183,0.04706489182075995,0.019983436381867163,0.019983436381867163,0.007097684955843614,0.01632409313794305,0.01632409313794305,0.005337808507272562,0.019353599663761278,0.019354837682534817,0.007097684955843614,0.007097684955843614,0.010444256615931544,0.012040564452281287,0.49357166946959546,0.4662188593573432,0.020832428643396184,0.020789432666078765,0.0035168278132737115,0.06266213960078183,0.04706489182075995,0.022354056058510104,0.022354056058510104,0.01700048754619221,0.016996083856678057,0.015897241477989252,0.015897241477989252,0.01744139070431118,0.01744213217749059,0.022354056058510104,0.022354056058510104,0.019957899926033428,0.01710595185979141,0.020789432666078765,0.020789432666078765,0.010444256615931544,0.012040564452281287,0.49357166946959546,0.4662188593573432,0.01632409313794305,0.01632409313794305,0.019353599663761278,0.019354837682534817,0.010125418275917751,0.012091651632964691,0.4898227127433523,0.46376926169127153
Dest210809-135505,60.0,0.03402081750952713,0.002944532714051527,0.06727546006973124,0.06650472054334211,0.01576041384903534,0.01576041384903534,0.004451686070800984,0.008610924941268083,0.008610924941268083,0.004100296670841849,0.01446525661801946,0.014465261807676653,0.004451686070800984,0.004451686070800984,0.00899162004350918,0.009910917847566831,0.5254195817543937,0.49299261304003295,0.01730015346653167,0.017299124192510652,0.002944532714051527,0.06727546006973124,0.06650472054334211,0.016358232591957574,0.016358232591957574,0.010257886802405967,0.010255172575984385,0.009223167669215965,0.009223167669215965,0.013076362011461796,0.013076575140458143,0.016358232591957574,0.016358232591957574,0.01641928502611188,0.013974315851089375,0.017299124192510652,0.017299124192510652,0.00899162004350918,0.009910917847566831,0.5254195817543937,0.49299261304003295,0.008610924941268083,0.008610924941268083,0.01446525661801946,0.014465261807676653,0.00795890516308627,0.009736405140890502,0.5195164061414268,0.48790949958829255
Dest210809-141809,60.0,0.03873103135967114,0.0030122445488503973,0.08671685756521683,0.06770306054822539,0.013809501793748612,0.013809501793748612,0.004003029147788929,0.010911921260410658,0.010911921260410658,0.003341595339291195,0.013273987326554333,0.013272593383139877,0.004003029147788929,0.004003029147788929,0.0105223482173886,0.010550880401653324,0.5706879687991748,0.5571075848331256,0.014591996183101382,0.014591769607676853,0.0030122445488503973,0.08671685756521683,0.06770306054822539,0.015575115032596105,0.015575115032596105,0.011336032862814854,0.011333845299929876,0.011582256086239568,0.011582256086239568,0.012563961261201547,0.012566299926992762,0.015575115032596105,0.015575115032596105,0.014044261698899885,0.013167875924671585,0.014591769607676853,0.014591769607676853,0.0105223482173886,0.010550880401653324,0.5706879687991748,0.5571075848331256,0.010911921260410658,0.010911921260410658,0.013273987326554333,0.013272593383139877,0.010011578216968096,0.010128774777712192,0.5455245235108251,0.5413968774963364
Dest210810-173859,60.0,0.038491236210243286,0.003400309618681155,0.11476680246687555,0.08160062596632002,0.01500082936286961,0.01500082936286961,0.00437332417714833,0.013322823401133811,0.013322823401133811,0.0030017021286271504,0.014357724711517177,0.014359885717468721,0.00437332417714833,0.00437332417714833,0.009264458443123331,0.009469906152972255,0.57710641428002,0.5613739985552963,0.014907498987263275,0.014909378272911725,0.003400309618681155,0.11476680246687555,0.08160062596632002,0.014881416939443419,0.014881416939443419,0.0145529578262713,0.014550930778097838,0.014280228071949865,0.014280228071949865,0.013021975353881877,0.013023129999138463,0.014881416939443419,0.014881416939443419,0.013705604960634967,0.013403523393255559,0.014909378272911725,0.014909378272911725,0.009264458443123331,0.009469906152972255,0.57710641428002,0.5613739985552963,0.013322823401133811,0.013322823401133811,0.014357724711517177,0.014359885717468721,0.008235161605324925,0.00832531089421421,0.5401159224824803,0.5415097193570985
Dest210810-175828,60.0,0.0578834998071859,0.004115947388922699,0.0812719177292949,0.05345322177832197,0.008128373157335295,0.008128373157335295,0.004915489295256151,0.006532816418019771,0.006532816418019771,0.004265940338899184,0.008428866513389444,0.008429143845048111,0.004915489295256151,0.004915489295256151,0.0048026101855090835,0.00535153044299796,0.551749949466437,0.5082690531963985,0.008651559474694,0.008643487314430586,0.004115947388922699,0.0812719177292949,0.05345322177832197,0.009222305515764704,0.009222305515764704,0.006777049736026535,0.00677680421265961,0.007310616435495327,0.007310616435495327,0.00826192884302566,0.008263059568476054,0.009222305515764704,0.009222305515764704,0.007948715070529265,0.007430089204923962,0.008643487314430586,0.008643487314430586,0.0048026101855090835,0.00535153044299796,0.551749949466437,0.5082690531963985,0.006532816418019771,0.006532816418019771,0.008428866513389444,0.008429143845048111,0.004842292919869196,0.005296048490558517,0.549851367539293,0.5138935453753216
Dest210810-180004,60.0,0.057005856686004316,0.003798194029321436,0.05477364409305447,0.03639497105767443,0.014051992657207928,0.014051992657207928,0.005239850769181165,0.011261146483703998,0.011261146483703998,0.004066462637405077,0.013559459327151087,0.013557412474890255,0.005239850769181165,0.005239850769181165,0.006995287534739989,0.007655554278794512,0.5469784580991432,0.4930458952127894,0.015783667785258627,0.015739852738546303,0.003798194029321436,0.05477364409305447,0.03639497105767443,0.016180516615151696,0.016180516615151696,0.012550636168826618,0.012550641522174465,0.012237424126655976,0.012237424126655976,0.012501125878107224,0.012503694401294207,0.016180516615151696,0.016180516615151696,0.014891852513329546,0.012399370122300654,0.015739852738546303,0.015739852738546303,0.006995287534739989,0.007655554278794512,0.5469784580991432,0.4930458952127894,0.011261146483703998,0.011261146483703998,0.013559459327151087,0.013557412474890255,0.005668524172420817,0.006608248013454713,0.5126209430403569,0.46160235973106123
Dest210823-172940,64.0,0.027215247526509112,0.002798042823980979,0.060415478212494475,0.058728265039870435,0.023532121820104578,0.023532121820104578,0.006082747959782784,0.016244473141097636,0.016244473141097636,0.004600152232248478,0.020332078257639285,0.020331320243284462,0.006082747959782784,0.006082747959782784,0.013413692215962461,0.01485524291728325,0.48017813606772686,0.4630876795515655,0.02416363975231756,0.02416511046892314,0.002798042823980979,0.060415478212494475,0.058728265039870435,0.023453329629141022,0.023453329629141022,0.017910238032162875,0.017938720871755943,0.017665208528543988,0.017665208528543988,0.020118360315629705,0.020118234804430816,0.023453329629141022,0.023453329629141022,0.023840375452753193,0.020563398796234807,0.02416511046892314,0.02416511046892314,0.013413692215962461,0.01485524291728325,0.48017813606772686,0.4630876795515655,0.016244473141097636,0.016244473141097636,0.020332078257639285,0.020331320243284462,0.012546570337727263,0.013199117544490317,0.46283876330836826,0.4369640986211596
Dest210823-173441,64.0,0.021165788130356848,0.002782795522846868,0.04603823575438992,0.0403426952309495,0.015783338357164056,0.015783338357164056,0.004826229706170182,0.011898034695078616,0.011898034695078616,0.003310674157606131,0.01442732687617374,0.014427264413020823,0.004826229706170182,0.004826229706170182,0.010253150786170066,0.011316913304153697,0.5108585129106684,0.4848522613845038,0.016692544071915876,0.016686020334321355,0.002782795522846868,0.04603823575438992,0.0403426952309495,0.017094427752027942,0.017094427752027942,0.012729975925938145,0.012763874023410143,0.012208640485914649,0.012208640485914649,0.014199608566536874,0.014198787207288184,0.017094427752027942,0.017094427752027942,0.015776439031781334,0.01354741464033318,0.016686020334321355,0.016686020334321355,0.010253150786170066,0.011316913304153697,0.5108585129106684,0.4848522613845038,0.011898034695078616,0.011898034695078616,0.01442732687617374,0.014427264413020823,0.009618788282005956,0.010183167800135744,0.4901367505559139,0.4690688888287922
Dest210823-173752,64.0,0.022795538352780954,0.0021516490377507845,0.047727296227261885,0.04842760116824816,0.01376386591830979,0.01376386591830979,0.0034043207476000138,0.009246436680929676,0.009246436680929676,0.0024803150677161208,0.012665618001604734,0.012664553316921937,0.0034043207476000138,0.0034043207476000138,0.010060694160384484,0.010315910666194458,0.5367018121763534,0.5226082418643085,0.014285984255314646,0.014285671862006953,0.0021516490377507845,0.047727296227261885,0.04842760116824816,0.01486761842726261,0.01486761842726261,0.010885495280235689,0.010882759110542392,0.010870089333604132,0.010870089333604132,0.010833193484845993,0.010834497444434963,0.01486761842726261,0.01486761842726261,0.014018468219404494,0.012532916613624932,0.014285671862006953,0.014285671862006953,0.010060694160384484,0.010315910666194458,0.5367018121763534,0.5226082418643085,0.009246436680929676,0.009246436680929676,0.012665618001604734,0.012664553316921937,0.00860147871841455,0.009319263580512807,0.5200178217614283,0.5028015818921717
Dest210823-180039,64.0,0.028303240156819034,0.004286430354334163,0.075262465855165,0.06563048015481779,0.03545643790189145,0.03545643790189145,0.012420593775793784,0.026196955424155167,0.026196955424155167,0.008881732120521757,0.033590971958595645,0.03359229017324298,0.012420593775793784,0.012420593775793784,0.013229081579864757,0.01737491077293202,0.5757058644064647,0.5145081356448761,0.03793364929309388,0.03799080828715396,0.004286430354334163,0.075262465855165,0.06563048015481779,0.0391940599677828,0.0391940599677828,0.02763516109582065,0.027640443148634352,0.028611337013519745,0.028611337013519745,0.030515098015193642,0.030514966355638842,0.0391940599677828,0.0391940599677828,0.034940053056885426,0.02948031457467436,0.03799080828715396,0.03799080828715396,0.013229081579864757,0.01737491077293202,0.5757058644064647,0.5145081356448761,0.026196955424155167,0.026196955424155167,0.033590971958595645,0.03359229017324298,0.011841582409490632,0.014703469351465265,0.5648836718481618,0.5014116821393447
Dest210823-181018,60.0,0.01749356609531271,0.003199359416666481,0.08480889819675855,0.0725439335121303,0.020564101675991032,0.020564101675991032,0.009601916079428756,0.015268409126356101,0.015268409126356101,0.006218039801940988,0.01823384200752574,0.018237353478433548,0.009601916079428756,0.009601916079428756,0.010871525154731027,0.012937777360613183,0.6440856912736699,0.6163630221933758,0.021941113571361807,0.02193724283961992,0.003199359416666481,0.08480889819675855,0.0725439335121303,0.021155092271443476,0.021155092271443476,0.018137803810306212,0.018140491679947194,0.016577597834665395,0.016577597834665395,0.01684999523617796,0.01684636937622719,0.021155092271443476,0.021155092271443476,0.020380928779517773,0.019077991909113558,0.02193724283961992,0.02193724283961992,0.010871525154731027,0.012937777360613183,0.6440856912736699,0.6163630221933758,0.015268409126356101,0.015268409126356101,0.01823384200752574,0.018237353478433548,0.010384277445517235,0.011847924184584916,0.6347227525789225,0.6059001127758533
Dest210823-181501,60.0,0.016347396008977628,0.0025415041197288635,0.05066146033516308,0.04514622954620652,0.02878699861482563,0.02878699861482563,0.009334772872157105,0.024362310997349753,0.024362310997349753,0.006389084824710209,0.033973740118679194,0.03396947272364128,0.009334772872157105,0.009334772872157105,0.007088625376474018,0.009697921333320614,0.5140677843842741,0.4695443342497559,0.03389679659036641,0.03388540330373537,0.0025415041197288635,0.05066146033516308,0.04514622954620652,0.03736018181933939,0.03736018181933939,0.025986106116087426,0.02599600168011301,0.026452614452020996,0.026452614452020996,0.02842973055050764,0.028432617539092132,0.03736018181933939,0.03736018181933939,0.031348622056211334,0.023920067325335526,0.03388540330373537,0.03388540330373537,0.007088625376474018,0.009697921333320614,0.5140677843842741,0.4695443342497559,0.024362310997349753,0.024362310997349753,0.033973740118679194,0.03396947272364128,0.006852652953094057,0.009303968331745007,0.4892546890922883,0.45456363345515427
EC000002,64.0,0.10271267331153652,0.0024890427584952465,0.045117307739653716,0.031076855369340812,0.01396979600916824,0.01396979600916824,0.004161480961053134,0.011236174486490995,0.011236174486490995,0.004240337700063575,0.012375533050206543,0.01237798304534583,0.004161480961053134,0.004161480961053134,0.007032572554496723,0.007588631539974173,0.4601763616720034,0.4036135510835495,0.013544933142622461,0.013548618319071466,0.0024890427584952465,0.045117307739653716,0.031076855369340812,0.013605268616382718,0.013605268616382718,0.01222193204788452,0.012286373847936634,0.011936216948861184,0.011936216948861184,0.010714850378047565,0.010716866930671459,0.013605268616382718,0.013605268616382718,0.013073034422964838,0.012249455943220567,0.013548618319071466,0.013548618319071466,0.007032572554496723,0.007588631539974173,0.4601763616720034,0.4036135510835495,0.011236174486490995,0.011236174486490995,0.012375533050206543,0.01237798304534583,0.006854441484170942,0.0069480739812188925,0.4362066171670529,0.39603569532991684
EC000006,64.0,0.06227960525647102,0.002251424068550884,0.018627786555600413,0.01368203076128855,0.014400249737060545,0.014400249737060545,0.0028724925257739113,0.009033320582355406,0.009033320582355406,0.0023872958357180093,0.01113103896964448,0.011130086037028754,0.0028724925257739113,0.0028724925257739113,0.008223326611004994,0.0075239626888561175,0.4353819176614009,0.3992718654321308,0.01388480236044722,0.013891784970285296,0.002251424068550884,0.018627786555600413,0.01368203076128855,0.013734398724525821,0.013734398724525821,0.010045216154030027,0.01002293788548509,0.010153564383926469,0.010153564383926469,0.010260545894991702,0.010262543909596161,0.013734398724525821,0.013734398724525821,0.01350624844480018,0.01217672637540414,0.013891784970285296,0.013891784970285296,0.008223326611004994,0.0075239626888561175,0.4353819176614009,0.3992718654321308,0.009033320582355406,0.009033320582355406,0.01113103896964448,0.011130086037028754,0.006113747558912697,0.0057306722467918075,0.42300819139289486,0.38892945729824174
EC000007,64.0,0.07860125607205122,0.0022233952179887446,0.05826805342016557,0.03201492749933567,0.010743471039663341,0.010743471039663341,0.0028489194578604337,0.009709540528587114,0.009709540528587114,0.002229716628660555,0.010657047812734527,0.010657196115583007,0.0028489194578604337,0.0028489194578604337,0.007478726762543687,0.007775784960351406,0.4536779218982685,0.40851462399409066,0.010815123303184569,0.010814336174777978,0.0022233952179887446,0.05826805342016557,0.03201492749933567,0.011549401687880108,0.011549401687880108,0.00998873837444196,0.009990106558887298,0.010671769078242325,0.010671769078242325,0.009363276880161574,0.009351252924594435,0.011549401687880108,0.011549401687880108,0.01063172583759436,0.010533916706744143,0.010814336174777978,0.010814336174777978,0.007478726762543687,0.007775784960351406,0.4536779218982685,0.40851462399409066,0.009709540528587114,0.009709540528587114,0.010657047812734527,0.010657196115583007,0.007279095583459208,0.007356598451415452,0.4581876698509462,0.4060812070967993
EC000016,64.0,0.05062228708693182,0.0018806804452745091,0.023289993765856967,0.01624495875849546,0.011601487248347054,0.011601487248347054,0.0022461798675694096,0.009128237594121505,0.009128237594121505,0.0018996948070356104,0.010548069081537157,0.010549945067045433,0.0022461798675694096,0.0022461798675694096,0.007708469095987835,0.007852413373854832,0.43713383010155554,0.40200158186926094,0.011334199167546685,0.011336030860877817,0.0018806804452745091,0.023289993765856967,0.01624495875849546,0.012526704421497626,0.012526704421497626,0.009713036739913718,0.00971317843000441,0.010745194250033039,0.010745194250033039,0.009217449934085452,0.009219442911591233,0.012526704421497626,0.012526704421497626,0.012049137997424759,0.010528211057883373,0.011336030860877817,0.011336030860877817,0.007708469095987835,0.007852413373854832,0.43713383010155554,0.40200158186926094,0.009128237594121505,0.009128237594121505,0.010548069081537157,0.010549945067045433,0.00674132300592124,0.006737632579816196,0.44046664368934824,0.4051508987911559
EC000017,64.0,0.047781581423113395,0.0020063511165072543,0.03509927348877503,0.020760255681365396,0.01447975092122891,0.01447975092122891,0.0034234398643247684,0.010894612986676778,0.010894612986676778,0.0025900730099871422,0.012866337226673899,0.012869420065533346,0.0034234398643247684,0.0034234398643247684,0.010184219339708913,0.00951455723684008,0.40894441600248294,0.3931292375404163,0.014484757915631521,0.014485509639033538,0.0020063511165072543,0.03509927348877503,0.020760255681365396,0.014922781067805778,0.014922781067805778,0.011329421243236685,0.011328460278180165,0.012590759085590103,0.012590759085590103,0.012515968852603362,0.012516247509198547,0.014922781067805778,0.014922781067805778,0.014734238756016748,0.01345077806434091,0.014485509639033538,0.014485509639033538,0.010184219339708913,0.00951455723684008,0.40894441600248294,0.3931292375404163,0.010894612986676778,0.010894612986676778,0.012866337226673899,0.012869420065533346,0.009260262766372514,0.008300875138520328,0.4077930463729507,0.39370403510736984
EC000018,64.0,0.03316680270863897,0.002895632312946012,0.03186700968683773,0.02175455298935596,0.011216767643325125,0.011216767643325125,0.004304988966606225,0.010357473909834153,0.010357473909834153,0.003613106196792828,0.011363627931763497,0.01136426482199892,0.004304988966606225,0.004304988966606225,0.008350683064601148,0.008562422966694188,0.39729008219773687,0.39237986281940435,0.011566331134196934,0.011559110499041349,0.002895632312946012,0.03186700968683773,0.02175455298935596,0.013060217144327105,0.013060217144327105,0.010532418998762049,0.010530685083978374,0.011923317130624708,0.011923317130624708,0.010540455246709544,0.010538125107631129,0.013060217144327105,0.013060217144327105,0.011469440249958522,0.010640155774357752,0.011559110499041349,0.011559110499041349,0.008350683064601148,0.008562422966694188,0.39729008219773687,0.39237986281940435,0.010357473909834153,0.010357473909834153,0.011363627931763497,0.01136426482199892,0.00827677924379525,0.008102546501227619,0.39187148909308217,0.3928322466913515
EC000020,64.0,0.36622830767595804,0.0030254614670976203,0.04663721617932382,0.02831521140665364,0.015966404022087946,0.015966404022087946,0.004506534331365611,0.01187412545272261,0.01187412545272261,0.0039517005618111365,0.012150258482328966,0.012152521867385382,0.004506534331365611,0.004506534331365611,0.007445657491968895,0.007670064153384539,0.5262562787670163,0.44092241954583816,0.017021043842649616,0.016996902498433226,0.0030254614670976203,0.04663721617932382,0.02831521140665364,0.015952175874674887,0.015952175874674887,0.012067099230880042,0.012053646327439771,0.013237552403217216,0.013237552403217216,0.013346958620149266,0.01322488965320747,0.015952175874674887,0.015952175874674887,0.015529155803128527,0.0129224808522594,0.016996902498433226,0.016996902498433226,0.007445657491968895,0.007670064153384539,0.5262562787670163,0.44092241954583816,0.01187412545272261,0.01187412545272261,0.012150258482328966,0.012152521867385382,0.006169317905711469,0.006675217704732538,0.5213372271874287,0.44096422098474714
EC000022,62.0,0.03472008693366577,0.002889560280494932,0.06172890059200434,0.04447356791800163,0.016483296036530627,0.016483296036530627,0.004458796956700107,0.012092517059882128,0.012092517059882128,0.003845779447551348,0.013424578628267063,0.013425451364893743,0.004458796956700107,0.004458796956700107,0.010029823543613424,0.010433305241177674,0.488446413264848,0.4124807477489424,0.017318347012459486,0.01732039318548873,0.002889560280494932,0.06172890059200434,0.04447356791800163,0.01575510259282031,0.01575510259282031,0.01312745417420768,0.013129344837302971,0.013064246656676702,0.013064246656676702,0.013863665295421046,0.013863300020201348,0.01575510259282031,0.01575510259282031,0.016146888465606378,0.014733487088194719,0.01732039318548873,0.01732039318548873,0.010029823543613424,0.010433305241177674,0.488446413264848,0.4124807477489424,0.012092517059882128,0.012092517059882128,0.013424578628267063,0.013425451364893743,0.009548200570460718,0.010178876787019685,0.48272893699828306,0.4120939117363226
EC000025,64.0,0.03648478867031886,0.0022627595940708034,0.03998375405706629,0.026471244831106047,0.018982068863292643,0.018982068863292643,0.0032464931906449512,0.011599607515507768,0.011599607515507768,0.003088912266319367,0.01317122705084795,0.013171594919577125,0.0032464931906449512,0.0032464931906449512,0.009070169820084358,0.010105293623137335,0.4220311585884054,0.3898473370672391,0.02016371518051219,0.020198963200906105,0.0022627595940708034,0.03998375405706629,0.026471244831106047,0.018365384445696856,0.018365384445696856,0.012530977598913747,0.01255856541267936,0.013432972089546988,0.013432972089546988,0.014708349958951173,0.014708829529147947,0.018365384445696856,0.018365384445696856,0.019816930520907043,0.01710834376013766,0.020198963200906105,0.020198963200906105,0.009070169820084358,0.010105293623137335,0.4220311585884054,0.3898473370672391,0.011599607515507768,0.011599607515507768,0.01317122705084795,0.013171594919577125,0.007636129337584963,0.009163791940198644,0.42559210602570785,0.38869088221545633
EC000031,64.0,0.06972799394119245,0.002666696400274146,0.04151913593472127,0.021284950488145698,0.015539907078436145,0.015539907078436145,0.004365403178993492,0.011095548004763315,0.011095548004763315,0.0036735713176467674,0.013556070179023655,0.013556433098875208,0.004365403178993492,0.004365403178993492,0.008977589445577801,0.009650367999053973,0.5249570635925781,0.4180067766106188,0.016101311328518664,0.016064747680460782,0.002666696400274146,0.04151913593472127,0.021284950488145698,0.014277598320141105,0.014277598320141105,0.01207468028149125,0.01207203472914526,0.012113933889690724,0.012113933889690724,0.012467086037018368,0.012463630931856174,0.014277598320141105,0.014277598320141105,0.015993734204316403,0.014025866910319918,0.016064747680460782,0.016064747680460782,0.008977589445577801,0.009650367999053973,0.5249570635925781,0.4180067766106188,0.011095548004763315,0.011095548004763315,0.013556070179023655,0.013556433098875208,0.00846628907174485,0.008650929264915033,0.4937509040133792,0.4057263971414007
EC000037,64.0,0.056808428750907324,0.0037840714598004173,0.02594395543855867,0.018385893614027503,0.015157122627408696,0.015157122627408696,0.0070461258067954485,0.013753971435366745,0.013753971435366745,0.005233981985595432,0.014357951171140158,0.014357691428093785,0.0070461258067954485,0.0070461258067954485,0.00892912505541254,0.009390167120596489,0.3995944062875093,0.37202001239975935,0.016146550539761155,0.016163265847687156,0.0037840714598004173,0.02594395543855867,0.018385893614027503,0.01587261540007371,0.01587261540007371,0.014547793583099312,0.014549510298209218,0.014476911526383722,0.014476911526383722,0.013643253485378745,0.013644208550391031,0.01587261540007371,0.01587261540007371,0.015671620570571254,0.013675427763140699,0.016163265847687156,0.016163265847687156,0.00892912505541254,0.009390167120596489,0.3995944062875093,0.37202001239975935,0.013753971435366745,0.013753971435366745,0.014357951171140158,0.014357691428093785,0.008324031119415215,0.008745629445940983,0.4117869352271308,0.3753081405722122
EC000042,64.0,0.05102877237468081,0.001940545361905931,0.03777330052275498,0.025932906331767012,0.014734945773516582,0.014734945773516582,0.002710999942951059,0.011646873078724168,0.011646873078724168,0.002193189860512509,0.013786195392122436,0.013781168958007848,0.002710999942951059,0.002710999942951059,0.011265981581530566,0.011324277424807768,0.4424513049174479,0.4043305848620659,0.015585617406764962,0.015587649593992475,0.001940545361905931,0.03777330052275498,0.025932906331767012,0.015010972622521691,0.015010972622521691,0.012898905265004314,0.012910171815589394,0.012024870178677607,0.012024870178677607,0.013463149472178594,0.013463072558476808,0.015010972622521691,0.015010972622521691,0.014765182198846,0.013527923138437958,0.015587649593992475,0.015587649593992475,0.011265981581530566,0.011324277424807768,0.4424513049174479,0.4043305848620659,0.011646873078724168,0.011646873078724168,0.013786195392122436,0.013781168958007848,0.010688460117323516,0.010372858035104886,0.45349295180814775,0.4054970652249434
EC000045,30.0,0.034250530650285514,0.0009511864041676887,0.03148869881339087,0.014089196172026192,0.015029177719634636,0.015029177719634636,0.0035541946970911718,0.01089587843401572,0.01089587843401572,0.0012608632781270757,0.011573766207091624,0.011573807566896363,0.0035541946970911718,0.0035541946970911718,0.004140833345934517,0.003965178254791668,0.43351410253761063,0.341812935958869,0.01656483376261206,0.016695246081693156,0.0009511864041676887,0.03148869881339087,0.014089196172026192,0.015069667496934792,0.015069667496934792,0.011595684673525314,0.011568004212429466,0.013193705841338353,0.013193705841338353,0.011962384822905498,0.011963119198666055,0.015069667496934792,0.015069667496934792,0.01465396338957402,0.013290528277585398,0.016695246081693156,0.016695246081693156,0.004140833345934517,0.003965178254791668,0.43351410253761063,0.341812935958869,0.01089587843401572,0.01089587843401572,0.011573766207091624,0.011573807566896363,0.004019751005443145,0.0036614379764534828,0.40194200037887284,0.3280069178134287
EC000053,64.0,0.03818820492535314,0.0019275232246361738,0.03404842433804303,0.015133863155685913,0.010511380985158587,0.010511380985158587,0.003738985467345573,0.00911418152772957,0.00911418152772957,0.002801793348536027,0.010358681752677238,0.010384228565637926,0.003738985467345573,0.003738985467345573,0.007084852748792249,0.007310159602856641,0.49023921985765423,0.4135967502128298,0.010899755558988505,0.010899944005208434,0.0019275232246361738,0.03404842433804303,0.015133863155685913,0.011859640244722162,0.011859640244722162,0.010101016082171344,0.010093114643848832,0.01012187375301157,0.01012187375301157,0.009655311236337056,0.009655279890483686,0.011859640244722162,0.011859640244722162,0.010603673376281915,0.009870748967769283,0.010899944005208434,0.010899944005208434,0.007084852748792249,0.007310159602856641,0.49023921985765423,0.4135967502128298,0.00911418152772957,0.00911418152772957,0.010358681752677238,0.010384228565637926,0.006903079736217903,0.006768041965187258,0.49685909026233044,0.40691018133933204
EC000054,64.0,0.04706527607745305,0.002016417077479656,0.07124409616352607,0.03728646344009322,0.014799673669697418,0.014799673669697418,0.003143926648425426,0.010081524411440945,0.010081524411440945,0.0023332856437250186,0.013299587053065288,0.013299980041997223,0.003143926648425426,0.003143926648425426,0.008442858725113429,0.009220853988638152,0.4882499213580277,0.4075180873174213,0.015650083203353763,0.015648452487947693,0.002016417077479656,0.07124409616352607,0.03728646344009322,0.015308925024017414,0.015308925024017414,0.011455064746569944,0.011453969678268882,0.010666870621119678,0.010666870621119678,0.0127598391160811,0.012760067633313622,0.015308925024017414,0.015308925024017414,0.015056751350045437,0.013607659310236856,0.015648452487947693,0.015648452487947693,0.008442858725113429,0.009220853988638152,0.4882499213580277,0.4075180873174213,0.010081524411440945,0.010081524411440945,0.013299587053065288,0.013299980041997223,0.00794581047688645,0.008999397901168597,0.48915942741606755,0.409803249915193
EC000055,64.0,0.047971275330794136,0.0019191359653062336,0.042913595406048465,0.029945692860712407,0.015941857739572494,0.015941857739572494,0.002990676455515234,0.013320079999951686,0.013320079999951686,0.0024236348243353092,0.015138287044618441,0.015137755638771098,0.002990676455515234,0.002990676455515234,0.010861666827941102,0.011038431687612628,0.5985605799221374,0.49245815146422317,0.018081753218422772,0.018116488614918373,0.0019191359653062336,0.042913595406048465,0.029945692860712407,0.016476742374815556,0.016476742374815556,0.015179222906345042,0.015170178578267903,0.014511667240616902,0.014511667240616902,0.014867340806365701,0.014873635424292196,0.016476742374815556,0.016476742374815556,0.01704208852724165,0.01500240900368174,0.018116488614918373,0.018116488614918373,0.010861666827941102,0.011038431687612628,0.5985605799221374,0.49245815146422317,0.013320079999951686,0.013320079999951686,0.015138287044618441,0.015137755638771098,0.010207907185371448,0.01054647060917972,0.5979244565951325,0.49382648508198096
EC000056,64.0,0.03967200453369872,0.002290235903381254,0.05482165412362476,0.0360512287600833,0.025726972938444222,0.025726972938444222,0.005116190639784281,0.019276969037211822,0.019276969037211822,0.004179417049391286,0.02256855810225884,0.02258182215518131,0.005116190639784281,0.005116190639784281,0.009754180059298243,0.010566271657293754,0.4792940633566814,0.38377084307091014,0.026383523200182005,0.02636843190851883,0.002290235903381254,0.05482165412362476,0.0360512287600833,0.025771737338727924,0.025771737338727924,0.020709375331031975,0.020690972711016612,0.020579683444755387,0.020579683444755387,0.020427463140858224,0.020426108843711085,0.025771737338727924,0.025771737338727924,0.026079275846546124,0.022489115082772407,0.02636843190851883,0.02636843190851883,0.009754180059298243,0.010566271657293754,0.4792940633566814,0.38377084307091014,0.019276969037211822,0.019276969037211822,0.02256855810225884,0.02258182215518131,0.008830483198251561,0.009274626265599786,0.463374092440621,0.38074506466005764
EC000063,64.0,0.09112798470411287,0.002511296940703164,0.055624035454431,0.03001109003843017,0.02206038962731608,0.02206038962731608,0.005094026899050757,0.017907243010384277,0.017907243010384277,0.003858144994394054,0.0204723517916355,0.020471496740965548,0.005094026899050757,0.005094026899050757,0.01008893799793524,0.011247592413865554,0.5351435408919263,0.44574646962833336,0.021563349615216304,0.021561549573922627,0.002511296940703164,0.055624035454431,0.03001109003843017,0.022680859651110316,0.022680859651110316,0.01852594839364422,0.01852906259684315,0.018697493729592982,0.018697493729592982,0.018721889602046134,0.018723112321478545,0.022680859651110316,0.022680859651110316,0.020753947661719608,0.019326065727292993,0.021561549573922627,0.021561549573922627,0.01008893799793524,0.011247592413865554,0.5351435408919263,0.44574646962833336,0.017907243010384277,0.017907243010384277,0.0204723517916355,0.020471496740965548,0.009740796150093956,0.011220677385111653,0.5266049448656248,0.4388084918160299
EC000065,64.0,0.0954561106386453,0.003090436432661601,0.06308202137817889,0.03273178385510984,0.016795237332819398,0.016795237332819398,0.004939104890623176,0.013173883757615577,0.013173883757615577,0.0036811612069384044,0.014914397087232925,0.014914255885316719,0.004939104890623176,0.004939104890623176,0.00860990140263527,0.009328556409761327,0.5006959995095156,0.4102607818459278,0.01616405530321792,0.016169537159941905,0.003090436432661601,0.06308202137817889,0.03273178385510984,0.01599080444022017,0.01599080444022017,0.01484253285243233,0.014851001491556092,0.014631474105483643,0.014631474105483643,0.013453028240583566,0.013453123606772463,0.01599080444022017,0.01599080444022017,0.015641285080762072,0.014407929116714381,0.016169537159941905,0.016169537159941905,0.00860990140263527,0.009328556409761327,0.5006959995095156,0.4102607818459278,0.013173883757615577,0.013173883757615577,0.014914397087232925,0.014914255885316719,0.007502214997999797,0.008866899753864625,0.45851824577909356,0.3874254168672103
EC000066,64.0,0.12500477721341124,0.00346967366688465,0.06716061273665216,0.039230920754161576,0.019325272777386625,0.019325272777386625,0.007808617104684821,0.015530468778966501,0.015530468778966501,0.0066768989624383214,0.01762868641274704,0.017629934179605306,0.007808617104684821,0.007808617104684821,0.011328053635883802,0.011911144294821974,0.5119029456948129,0.4348635502960866,0.019442043616858917,0.019442150145929003,0.00346967366688465,0.06716061273665216,0.039230920754161576,0.017160744758506832,0.017160744758506832,0.016163958935633087,0.016169052950172347,0.015831973115658753,0.015831973115658753,0.01653657178523343,0.016475267616378797,0.017160744758506832,0.017160744758506832,0.018863421951017256,0.017130001053946384,0.019442150145929003,0.019442150145929003,0.011328053635883802,0.011911144294821974,0.5119029456948129,0.4348635502960866,0.015530468778966501,0.015530468778966501,0.01762868641274704,0.017629934179605306,0.010154243615158043,0.010955438219006722,0.5119213291944443,0.4339653477709207
EC000073,64.0,0.0557210516834442,0.004990766210602884,0.04212427803352988,0.02683566345221083,0.01130310022146666,0.01130310022146666,0.005418345786456199,0.010588011266863833,0.010588011266863833,0.005389196423817536,0.01101981144498425,0.011019840770042807,0.005418345786456199,0.005418345786456199,0.007060067345516363,0.006939027030901874,0.45598412948334105,0.40503295653262017,0.011622692411274954,0.011632329809389944,0.004990766210602884,0.04212427803352988,0.02683566345221083,0.012760466741683752,0.012760466741683752,0.011030313181555718,0.011029290112955831,0.011778628159567091,0.011778628159567091,0.009513578200102308,0.009513892942675581,0.012760466741683752,0.012760466741683752,0.011412616101309008,0.0099282741184904,0.011632329809389944,0.011632329809389944,0.007060067345516363,0.006939027030901874,0.45598412948334105,0.40503295653262017,0.010588011266863833,0.010588011266863833,0.01101981144498425,0.011019840770042807,0.0062033342217877345,0.006082684109269349,0.46576919348968043,0.4069930156095464
EC000077,64.0,0.059520099935997176,0.005653138295978002,0.05039269277943637,0.04532124226563191,0.01377713155994943,0.01377713155994943,0.006152568356000331,0.01058948125827855,0.01058948125827855,0.005407712388555018,0.010021526303643965,0.0100216931504705,0.006152568356000331,0.006152568356000331,0.006970527828381842,0.007043651316976424,0.4299457742354967,0.4291228220764377,0.013829020622480908,0.01383116152891043,0.005653138295978002,0.05039269277943637,0.04532124226563191,0.012552981966432827,0.012552981966432827,0.012079100914167749,0.012074880476292635,0.011865468757214738,0.011865468757214738,0.008167457523194031,0.008167589447497616,0.012552981966432827,0.012552981966432827,0.013099134053682834,0.012781276701526602,0.01383116152891043,0.01383116152891043,0.006970527828381842,0.007043651316976424,0.4299457742354967,0.4291228220764377,0.01058948125827855,0.01058948125827855,0.010021526303643965,0.0100216931504705,0.0053931591785993825,0.00510211908156682,0.3945018347915283,0.40249117933650924
EC000084,63.0,0.07228743840531748,0.007761442053070213,0.06881387216559287,0.047462633927292844,0.012295615276631837,0.012295615276631837,0.0075990671392465806,0.008898352367194393,0.008898352367194393,0.00643648985504655,0.00912567674456277,0.009131073554993714,0.0075990671392465806,0.0075990671392465806,0.00585803980204741,0.005662651046673465,0.4629248670708028,0.40022119094294606,0.011338315814871828,0.011340999668539386,0.007761442053070213,0.06881387216559287,0.047462633927292844,0.01140710307732369,0.01140710307732369,0.010318619806667926,0.010318958391892868,0.010269219855674458,0.010269219855674458,0.00854105155031726,0.008542258603218172,0.01140710307732369,0.01140710307732369,0.011013603174304254,0.009573050972701594,0.011340999668539386,0.011340999668539386,0.00585803980204741,0.005662651046673465,0.4629248670708028,0.40022119094294606,0.008898352367194393,0.008898352367194393,0.00912567674456277,0.009131073554993714,0.004983338494792151,0.004740138581819065,0.46341160842614765,0.4016272407854606
EC000090,64.0,0.10655816393190932,0.09381222867304533,0.18545605406344134,0.15951935670926237,0.009718585977903555,0.009718585977903555,0.14690872245636868,0.007688267863519348,0.007688267863519348,0.12108208437041387,0.007319664312707557,0.00731912516973313,0.14690872245636868,0.14690872245636868,0.005204631374474186,0.005380789825259593,0.7446915702536097,0.5697309046295262,0.009633645256577953,0.0096719005023777,0.09381222867304533,0.18545605406344134,0.15951935670926237,0.010399112838522408,0.010399112838522408,0.008155377237870097,0.00814490608678554,0.009307374276553388,0.009307374276553388,0.006260613408485929,0.0062567046609931735,0.010399112838522408,0.010399112838522408,0.009406788195545414,0.008918773976843023,0.0096719005023777,0.0096719005023777,0.005204631374474186,0.005380789825259593,0.7446915702536097,0.5697309046295262,0.007688267863519348,0.007688267863519348,0.007319664312707557,0.00731912516973313,0.004474796389396146,0.004795079663345532,0.72721217476203,0.5448668612122578
EC000091,64.0,0.03196192574328838,0.004202664779649201,0.23885657226524984,0.18589610536536152,0.013013205255671876,0.013013205255671876,0.005659922164199529,0.01113321211152895,0.01113321211152895,0.005382229703737414,0.01271922952706562,0.012718304003449006,0.005659922164199529,0.005659922164199529,0.006700405979932531,0.007074800255833758,0.5682615888780552,0.4752869623424513,0.013813039353681425,0.013819650712800608,0.004202664779649201,0.23885657226524984,0.18589610536536152,0.014778226280151257,0.014778226280151257,0.012252618573680808,0.012181338798043584,0.012484729495866882,0.012484729495866882,0.009886143781848602,0.009879934003097094,0.014778226280151257,0.014778226280151257,0.013328228436329711,0.01313607060667709,0.013819650712800608,0.013819650712800608,0.006700405979932531,0.007074800255833758,0.5682615888780552,0.4752869623424513,0.01113321211152895,0.01113321211152895,0.01271922952706562,0.012718304003449006,0.005957495924349698,0.0065336786165134456,0.5248936943484853,0.4529273457241697
EC000092,64.0,0.028210837255790867,0.0035114754095434205,0.03744799653904942,0.02368333724636297,0.010349637773792901,0.010349637773792901,0.0037852695836338938,0.009711079937381928,0.009711079937381928,0.002954741345955369,0.009591363571827364,0.009590930744281457,0.0037852695836338938,0.0037852695836338938,0.007778189085452157,0.007545985807565503,0.41056142124249007,0.3860900015015407,0.011208077202966028,0.011206294986880345,0.0035114754095434205,0.03744799653904942,0.02368333724636297,0.011370382012415293,0.011370382012415293,0.011103813698586398,0.01110012723719569,0.01064076279636047,0.01064076279636047,0.009273028032885005,0.00927319713852537,0.011370382012415293,0.011370382012415293,0.010927500188778404,0.00976376055735764,0.011206294986880345,0.011206294986880345,0.007778189085452157,0.007545985807565503,0.41056142124249007,0.3860900015015407,0.009711079937381928,0.009711079937381928,0.009591363571827364,0.009590930744281457,0.006817573851030365,0.0065290335230054316,0.39584740468652396,0.37860710910698775
EC000098,63.0,0.04269398271563219,0.0026833803781853554,0.04362464868683218,0.027462975622254228,0.011631290254483125,0.011631290254483125,0.0027119454108725156,0.008011201368684577,0.008011201368684577,0.0023113506459340855,0.00964597824840064,0.009645626822282415,0.0027119454108725156,0.0027119454108725156,0.007999885014209772,0.007542176193995505,0.5677332812761157,0.4799674814061379,0.012603027133763418,0.012601971298392113,0.0026833803781853554,0.04362464868683218,0.027462975622254228,0.012698565268519433,0.012698565268519433,0.009356463138487502,0.009354953213673502,0.009374426813850728,0.009374426813850728,0.010322261713509986,0.010316636780713546,0.012698565268519433,0.012698565268519433,0.011451010002071521,0.01059818467021858,0.012601971298392113,0.012601971298392113,0.007999885014209772,0.007542176193995505,0.5677332812761157,0.4799674814061379,0.008011201368684577,0.008011201368684577,0.00964597824840064,0.009645626822282415,0.007291324512183644,0.006996162717298518,0.5709112482880069,0.48170696208699515
EC000100,64.0,0.04479961775253878,0.005270898239245242,0.053158130141990126,0.03287200226308832,0.01445033075580831,0.01445033075580831,0.006354112648984189,0.011214539101847644,0.011214539101847644,0.00428290946546887,0.0132779567444935,0.013276288641058986,0.006354112648984189,0.006354112648984189,0.008971022409852241,0.009272565289813914,0.5219975150484183,0.4264955469048235,0.017544201662023504,0.01754967216958814,0.005270898239245242,0.053158130141990126,0.03287200226308832,0.01641821311121177,0.01641821311121177,0.013354255268736905,0.013357418448423773,0.012765492920352678,0.012765492920352678,0.014994154191001322,0.0149927689324931,0.01641821311121177,0.01641821311121177,0.01689589662631347,0.013699303267903175,0.01754967216958814,0.01754967216958814,0.008971022409852241,0.009272565289813914,0.5219975150484183,0.4264955469048235,0.011214539101847644,0.011214539101847644,0.0132779567444935,0.013276288641058986,0.007899478391848543,0.008233841852459471,0.5248438073293263,0.42809864553442595
EC000102,64.0,0.056545200073668346,0.005160185978265465,0.059596025001412006,0.03671016070226557,0.014546683157224037,0.014546683157224037,0.008123477314475738,0.01441487614355089,0.01441487614355089,0.007702080129099678,0.014479630053647694,0.014482089193144584,0.008123477314475738,0.008123477314475738,0.005890095018893466,0.006681004807023078,0.43814382667958146,0.3821359912780363,0.01587528620287885,0.01587507402408322,0.005160185978265465,0.059596025001412006,0.03671016070226557,0.018144551455019062,0.018144551455019062,0.012703773369535433,0.012723301534374577,0.016011784888514777,0.016011784888514777,0.011032765905366239,0.011030960768251332,0.018144551455019062,0.018144551455019062,0.015028427709431453,0.012479179983599854,0.01587507402408322,0.01587507402408322,0.005890095018893466,0.006681004807023078,0.43814382667958146,0.3821359912780363,0.01441487614355089,0.01441487614355089,0.014479630053647694,0.014482089193144584,0.005427881126997369,0.006400675280306406,0.43131145572808305,0.38275122891080093
EC000104,64.0,0.06184917276331626,0.002742036861725083,0.04132714999042342,0.0310630671597606,0.018744155631406124,0.018744155631406124,0.00690826718243548,0.014862358415765385,0.014862358415765385,0.005479278708630136,0.015055779393254748,0.01505767108091394,0.00690826718243548,0.00690826718243548,0.010322570621279024,0.010634376984992757,0.5199163386973215,0.4289888165684149,0.01823247544770635,0.01822461429557944,0.002742036861725083,0.04132714999042342,0.0310630671597606,0.017878086232757696,0.017878086232757696,0.017508900476311828,0.017523307599295372,0.016407053127563343,0.016407053127563343,0.014987828860350305,0.014987759609292842,0.017878086232757696,0.017878086232757696,0.018037582594130477,0.017054704407315928,0.01822461429557944,0.01822461429557944,0.010322570621279024,0.010634376984992757,0.5199163386973215,0.4289888165684149,0.014862358415765385,0.014862358415765385,0.015055779393254748,0.01505767108091394,0.009774928333419797,0.010280709113899396,0.4924595528351601,0.420852787920278
EC000112,64.0,0.07763487282705207,0.002558018604212923,0.04304804051238498,0.024443807873697373,0.01596207908864695,0.01596207908864695,0.005394324525559363,0.013292538421759677,0.013292538421759677,0.003454716328234658,0.014556883222302277,0.014557366222363135,0.005394324525559363,0.005394324525559363,0.010981119410509348,0.011311159268476211,0.48870676799013235,0.4241011314969441,0.01650223562673924,0.01648768336670508,0.002558018604212923,0.04304804051238498,0.024443807873697373,0.016053536837759567,0.016053536837759567,0.014049675449186024,0.014034555777864574,0.014099688852953075,0.014099688852953075,0.014303672922964744,0.01431440849311502,0.016053536837759567,0.016053536837759567,0.01615593833249641,0.015178599498754372,0.01648768336670508,0.01648768336670508,0.010981119410509348,0.011311159268476211,0.48870676799013235,0.4241011314969441,0.013292538421759677,0.013292538421759677,0.014556883222302277,0.014557366222363135,0.010431645750296365,0.010643296377394825,0.4795026042131773,0.421587447868767
EC000114,64.0,0.029019706981712644,0.001997237070122751,0.042514391729507085,0.03171717961930476,0.017239233778495667,0.017239233778495667,0.0030416424951989285,0.011635445882231222,0.011635445882231222,0.0024855903166650026,0.014509796579502706,0.014509873268093061,0.0030416424951989285,0.0030416424951989285,0.008910743053176396,0.009190358286071145,0.46954958120931445,0.4228876196339998,0.01749501627741302,0.017552450478295397,0.001997237070122751,0.042514391729507085,0.03171717961930476,0.017310069710433678,0.017310069710433678,0.012656579781787261,0.012615996166132558,0.012382481806934697,0.012382481806934697,0.013409085193371136,0.013421788852353865,0.017310069710433678,0.017310069710433678,0.016695979119571464,0.01439436540077479,0.017552450478295397,0.017552450478295397,0.008910743053176396,0.009190358286071145,0.46954958120931445,0.4228876196339998,0.011635445882231222,0.011635445882231222,0.014509796579502706,0.014509873268093061,0.008159544170808341,0.008388561543093219,0.4638503656702562,0.4175274968818002
EC000115,58.0,0.024747388764220807,0.001670168885034671,0.25685319006052765,0.21171036699780424,0.016760957929799206,0.016760957929799206,0.002736041542327574,0.010570856492069155,0.010570856492069155,0.0019859124368305533,0.015338275839297772,0.015338448125623114,0.002736041542327574,0.002736041542327574,0.009606661545033595,0.009694928451020716,0.85186862358478,0.8162415558092062,0.017217288928570773,0.01716055261928464,0.001670168885034671,0.25685319006052765,0.21171036699780424,0.01898082507885449,0.01898082507885449,0.011075730111456274,0.011089398271761109,0.012980736136742516,0.012980736136742516,0.01373268776212011,0.013725765465826333,0.01898082507885449,0.01898082507885449,0.016444152928468653,0.01536382909450676,0.01716055261928464,0.01716055261928464,0.009606661545033595,0.009694928451020716,0.85186862358478,0.8162415558092062,0.010570856492069155,0.010570856492069155,0.015338275839297772,0.015338448125623114,0.008436161729020186,0.008446833095133081,0.8543741415016172,0.8182317180407815
EC000117,64.0,0.031069848376255847,0.0023307939477488337,0.03904579337616414,0.03021226882732707,0.01820902198251083,0.01820902198251083,0.006679503727364012,0.015390888793454752,0.015390888793454752,0.004273766637358679,0.017547452633153646,0.01754837200561177,0.006679503727364012,0.006679503727364012,0.011824002722190346,0.012599092128105302,0.48811012764310996,0.40578766400916993,0.019184523056843157,0.019338602284189127,0.0023307939477488337,0.03904579337616414,0.03021226882732707,0.018925919874339305,0.018925919874339305,0.018398771019805204,0.018403064681303358,0.01703919189066856,0.01703919189066856,0.01697817017257813,0.016978183680739174,0.018925919874339305,0.018925919874339305,0.018926084574707274,0.01652440122344818,0.019338602284189127,0.019338602284189127,0.011824002722190346,0.012599092128105302,0.48811012764310996,0.40578766400916993,0.015390888793454752,0.015390888793454752,0.017547452633153646,0.01754837200561177,0.011495281340561317,0.012060273234710121,0.502343441625021,0.4133519432066227
EC000121,61.0,0.02759732621819791,0.0018910349223374067,0.2967681924960648,0.24338426392910292,0.013299567894006993,0.013299567894006993,0.003980296525856243,0.01017422774955131,0.01017422774955131,0.00295885989074123,0.014566850965663158,0.014564287296743228,0.003980296525856243,0.003980296525856243,0.009093584734532163,0.010209922337767794,0.8366044642477188,0.7859798522459355,0.013828615862429979,0.013828096478472387,0.0018910349223374067,0.2967681924960648,0.24338426392910292,0.014475991917435042,0.014475991917435042,0.010782912723396028,0.010781277062095002,0.011016165205277702,0.011016165205277702,0.011045635785027572,0.0110505582066895,0.014475991917435042,0.014475991917435042,0.01346669788162912,0.012850133398552809,0.013828096478472387,0.013828096478472387,0.009093584734532163,0.010209922337767794,0.8366044642477188,0.7859798522459355,0.01017422774955131,0.01017422774955131,0.014566850965663158,0.014564287296743228,0.00841747426547046,0.009229070783586507,0.8359630242981212,0.78194283820046
EC000125,64.0,0.027825548530913687,0.0019702978414855004,0.08382980533798005,0.0584059938716541,0.02021552133829339,0.02021552133829339,0.004163004820944805,0.013005168152768642,0.013005168152768642,0.00257624753490492,0.017706656352704096,0.017709419767638387,0.004163004820944805,0.004163004820944805,0.010385838563170222,0.011257513493022807,0.5891608195843606,0.5132965443993738,0.0210196482119227,0.02102421129407901,0.0019702978414855004,0.08382980533798005,0.0584059938716541,0.02130937615297846,0.02130937615297846,0.013738651392377186,0.013741983388983053,0.014351002405660578,0.014351002405660578,0.015890167298585833,0.015885268082325075,0.02130937615297846,0.02130937615297846,0.020389609098731734,0.019534414318968574,0.02102421129407901,0.02102421129407901,0.010385838563170222,0.011257513493022807,0.5891608195843606,0.5132965443993738,0.013005168152768642,0.013005168152768642,0.017706656352704096,0.017709419767638387,0.009029285099102759,0.009903079016145533,0.5827244495938315,0.5149426069843828
EC000128,64.0,0.0219571366390873,0.0030739893587494946,0.06286645346088365,0.039926386688851644,0.015334425191330216,0.015334425191330216,0.004727526985982829,0.010089403255161314,0.010089403255161314,0.004643236455060577,0.011345805052751349,0.011345779560705215,0.004727526985982829,0.004727526985982829,0.008988415057208954,0.008867738157936449,0.5231789405961659,0.44092133664348654,0.015239202458882349,0.015225817438339203,0.0030739893587494946,0.06286645346088365,0.039926386688851644,0.01376070034346237,0.01376070034346237,0.010820591593349563,0.010821042987015625,0.011108035132627196,0.011108035132627196,0.011308293180670946,0.011308052329983465,0.01376070034346237,0.01376070034346237,0.014375710160025264,0.013612063079341968,0.015225817438339203,0.015225817438339203,0.008988415057208954,0.008867738157936449,0.5231789405961659,0.44092133664348654,0.010089403255161314,0.010089403255161314,0.011345805052751349,0.011345779560705215,0.00797206246792083,0.008678093111209267,0.4978959686029503,0.42993782385700374
EC000132,64.0,0.0234936656311854,0.0023654800232769087,0.20483364779637395,0.17652857293045313,0.022411290999310357,0.022411290999310357,0.004518916462466074,0.015577526179864989,0.015577526179864989,0.0033827814875124693,0.018326978309448957,0.018326534707158334,0.004518916462466074,0.004518916462466074,0.012824592763909867,0.013941392846064351,0.7581179738286371,0.7288031123518955,0.021125328390622103,0.021141688096608487,0.0023654800232769087,0.20483364779637395,0.17652857293045313,0.020331307470634857,0.020331307470634857,0.017076140473751944,0.01707389741166721,0.016994743985533405,0.016994743985533405,0.016393020911270446,0.016394332084070297,0.020331307470634857,0.020331307470634857,0.020278344753478367,0.019488035240341445,0.021141688096608487,0.021141688096608487,0.012824592763909867,0.013941392846064351,0.7581179738286371,0.7288031123518955,0.015577526179864989,0.015577526179864989,0.018326978309448957,0.018326534707158334,0.011078037429599185,0.01195450555135224,0.7427457974043346,0.7204199158851693
EC000138,64.0,0.02637330585617466,0.0028266768681367667,0.03328923741530349,0.02961737161800868,0.015289751450654294,0.015289751450654294,0.00557984943092134,0.011252430669516752,0.011252430669516752,0.0036332407405261905,0.01332630201314002,0.013325982048384609,0.00557984943092134,0.00557984943092134,0.010433165987822462,0.010901137471026627,0.42399615306387944,0.3857688614588634,0.014652397635742876,0.01465476622469393,0.0028266768681367667,0.03328923741530349,0.02961737161800868,0.014615159043802289,0.014615159043802289,0.011432120453344683,0.01143017222830545,0.011931729151556207,0.011931729151556207,0.013193039700829594,0.01319266088967506,0.014615159043802289,0.014615159043802289,0.014378567123912596,0.013613758015353243,0.01465476622469393,0.01465476622469393,0.010433165987822462,0.010901137471026627,0.42399615306387944,0.3857688614588634,0.011252430669516752,0.011252430669516752,0.01332630201314002,0.013325982048384609,0.009822436280792617,0.010107840797423714,0.42457682931558366,0.38947808834875686
EC000143,64.0,0.038429471435703424,0.002579011152838697,0.05435144317625389,0.03660955615817109,0.020027612790420382,0.020027612790420382,0.004414819791711483,0.016140356116278606,0.016140356116278606,0.003381347772464865,0.018064788355316587,0.01806343243464479,0.004414819791711483,0.004414819791711483,0.012915417768552543,0.013132735927177725,0.46084322508310377,0.3955179322491444,0.020095549064454942,0.020049481140023286,0.002579011152838697,0.05435144317625389,0.03660955615817109,0.019195526610933444,0.019195526610933444,0.016450830144178943,0.016456496274333703,0.01758986374765305,0.01758986374765305,0.016736054117132287,0.016744021780325184,0.019195526610933444,0.019195526610933444,0.01899213535171749,0.016855163399919642,0.020049481140023286,0.020049481140023286,0.012915417768552543,0.013132735927177725,0.46084322508310377,0.3955179322491444,0.016140356116278606,0.016140356116278606,0.018064788355316587,0.01806343243464479,0.011940572568791816,0.012690937862807661,0.4469417331358924,0.38847543092425896
EC000144,64.0,0.031141137933850992,0.0019024391531326519,0.04622771483588336,0.03677004165053077,0.01837840742537816,0.01837840742537816,0.0029404635684726096,0.014463560328117665,0.014463560328117665,0.002111927157958599,0.01662394566286453,0.016628090063763513,0.0029404635684726096,0.0029404635684726096,0.011759095369453836,0.011819238132500803,0.48932017685452533,0.42957804453683013,0.0184086276945112,0.018408392364043114,0.0019024391531326519,0.04622771483588336,0.03677004165053077,0.017937986064585985,0.017937986064585985,0.01360670262745221,0.013619789742712073,0.015863590223198935,0.015863590223198935,0.015196731179202151,0.015196990704691986,0.017937986064585985,0.017937986064585985,0.01840558453338247,0.016918164877422714,0.018408392364043114,0.018408392364043114,0.011759095369453836,0.011819238132500803,0.48932017685452533,0.42957804453683013,0.014463560328117665,0.014463560328117665,0.01662394566286453,0.016628090063763513,0.011024832036652985,0.011055355846676185,0.47714297941960415,0.4292213405288699
EC000146,64.0,0.03127087817320771,0.0023677739597805286,0.04013308596159138,0.02462910868871152,0.015539086803061925,0.015539086803061925,0.0035784669979786925,0.011621411094139956,0.011621411094139956,0.0029636034380339515,0.014099458276990448,0.014093220425641956,0.0035784669979786925,0.0035784669979786925,0.00911412267429587,0.009286598162102365,0.47481620745497916,0.3908393128832362,0.01629209741556753,0.016298603640955492,0.0023677739597805286,0.04013308596159138,0.02462910868871152,0.01514809900522141,0.01514809900522141,0.013243167870622132,0.013235814472059638,0.012491275513406681,0.012491275513406681,0.012569226984982423,0.012570048436284459,0.01514809900522141,0.01514809900522141,0.015995918164589073,0.014245479623621809,0.016298603640955492,0.016298603640955492,0.00911412267429587,0.009286598162102365,0.47481620745497916,0.3908393128832362,0.011621411094139956,0.011621411094139956,0.014099458276990448,0.014093220425641956,0.008374868979369184,0.00860772628543213,0.4625906669277261,0.3892539821431928
EC000147,64.0,0.030997976380392714,0.0027600446446771065,0.05994627127614516,0.049213037773399006,0.017713350193624796,0.017713350193624796,0.005545998226322737,0.01377107058760823,0.01377107058760823,0.0037529026787746275,0.016201103116106653,0.016200510414616284,0.005545998226322737,0.005545998226322737,0.012044527902271106,0.01161770544668424,0.536772032338861,0.43993546120663213,0.018441660388110296,0.018391908291056174,0.0027600446446771065,0.05994627127614516,0.049213037773399006,0.018311843235614966,0.018311843235614966,0.016274908773421682,0.016276999566438424,0.015660122028048753,0.015660122028048753,0.016478777490283786,0.016478160788662415,0.018311843235614966,0.018311843235614966,0.019132421719200963,0.016779274895332076,0.018391908291056174,0.018391908291056174,0.012044527902271106,0.01161770544668424,0.536772032338861,0.43993546120663213,0.01377107058760823,0.01377107058760823,0.016201103116106653,0.016200510414616284,0.01137417951344184,0.011335210726053837,0.526233718231283,0.4379442726162947
EC000150,64.0,0.03766632279001099,0.0030056351383944487,0.07988329785348472,0.051397906223117684,0.015279213197001474,0.015279213197001474,0.004653452515636407,0.011054633263881541,0.011054633263881541,0.004247171236711385,0.013841954750745119,0.01380963434750069,0.004653452515636407,0.004653452515636407,0.009392438297939945,0.009817246492339317,0.507962404862892,0.4492168294910617,0.016682633927278957,0.016683411167318023,0.0030056351383944487,0.07988329785348472,0.051397906223117684,0.01655565737000897,0.01655565737000897,0.012121762311934358,0.012116440130118191,0.012051239016716193,0.012051239016716193,0.013983555899794988,0.013982989296065737,0.01655565737000897,0.01655565737000897,0.01666568736406501,0.013500306844533563,0.016683411167318023,0.016683411167318023,0.009392438297939945,0.009817246492339317,0.507962404862892,0.4492168294910617,0.011054633263881541,0.011054633263881541,0.013841954750745119,0.01380963434750069,0.009200577861989606,0.009493919979995715,0.516153999221055,0.45660266383632336
EC000156,64.0,0.050132335461617314,0.0019704677101053986,0.037064208753728206,0.026660877171919676,0.017377519144665416,0.017377519144665416,0.0033602338001917243,0.0127588646910233,0.0127588646910233,0.0024399714904240165,0.013988462931127503,0.013988660730198204,0.0033602338001917243,0.0033602338001917243,0.009876819867847508,0.010622657861168243,0.4727807166137711,0.40607425834237953,0.017517072136150582,0.017514938268409948,0.0019704677101053986,0.037064208753728206,0.026660877171919676,0.0167739516837314,0.0167739516837314,0.014074306758620892,0.014077707115687755,0.013651897493331464,0.013651897493331464,0.014154583807209454,0.014154661454896555,0.0167739516837314,0.0167739516837314,0.016807145230645977,0.015417468071158234,0.017514938268409948,0.017514938268409948,0.009876819867847508,0.010622657861168243,0.4727807166137711,0.40607425834237953,0.0127588646910233,0.0127588646910233,0.013988462931127503,0.013988660730198204,0.008942341002000705,0.009759557992484354,0.46569473990494464,0.3992936398161616
EC000167,64.0,0.028357377750581732,0.0025201010819594356,0.040203233008730424,0.02768474289835266,0.01773862242145049,0.01773862242145049,0.004667678503383204,0.012077193933793572,0.012077193933793572,0.0038819903518416046,0.015605386826981718,0.015609110302096767,0.004667678503383204,0.004667678503383204,0.012113034148649818,0.01198930162504669,0.5033556587162834,0.4449771621099588,0.01778738392717407,0.017785510040464532,0.0025201010819594356,0.040203233008730424,0.02768474289835266,0.016040496115011304,0.016040496115011304,0.013749694661350752,0.013760566043293378,0.013180811806955735,0.013180811806955735,0.014679845537588615,0.014683852535072381,0.016040496115011304,0.016040496115011304,0.017028405809646697,0.016248632653867702,0.017785510040464532,0.017785510040464532,0.012113034148649818,0.01198930162504669,0.5033556587162834,0.4449771621099588,0.012077193933793572,0.012077193933793572,0.015605386826981718,0.015609110302096767,0.010571004404105192,0.010647933845567939,0.4947935107201461,0.4324522597377438
EC000170,64.0,0.035757930313419,0.002469145240226401,0.035619162943712084,0.022241695271514917,0.019746797372203077,0.019746797372203077,0.004524666212316292,0.017314236708545004,0.017314236708545004,0.0032459024959617592,0.01914033719236649,0.019140110332372607,0.004524666212316292,0.004524666212316292,0.013872037521217965,0.014330206388397609,0.4928330288937833,0.4330868529514114,0.020008821957069333,0.019964584657935353,0.002469145240226401,0.035619162943712084,0.022241695271514917,0.02126531118379999,0.02126531118379999,0.01705419459705998,0.01705353938114737,0.018764205669628196,0.018764205669628196,0.01804517451373091,0.018045843473165277,0.02126531118379999,0.02126531118379999,0.019609625835349115,0.01845064620889687,0.019964584657935353,0.019964584657935353,0.013872037521217965,0.014330206388397609,0.4928330288937833,0.4330868529514114,0.017314236708545004,0.017314236708545004,0.01914033719236649,0.019140110332372607,0.012805520038742984,0.012631256704475425,0.4853354994893079,0.4283335644301828
EC103-132DMSO2,384.0,0.46707880942952573,0.010813011733854348,0.06836744113988864,0.11687926015228549,0.008383220484319916,0.008383220484319916,0.01112506003394085,0.008370794307493797,0.008370794307493797,0.011289999688074865,0.00837360364916106,0.00837387282101664,0.01112506003394085,0.01112506003394085,0.008111722677686348,0.008109380161072302,0.03776800185438294,0.01730700786196143,0.008354799535762401,0.008354759212965345,0.010813011733854348,0.06836744113988864,0.11687926015228549,0.008366247227375428,0.008366247227375428,0.00839679610623636,0.00839677206541895,0.008370160557313528,0.008370160557313528,0.008407119620265023,0.008407163432618747,0.008366247227375428,0.008366247227375428,0.008133634305861928,0.008122547325878257,0.008354759212965345,0.008354759212965345,0.008111722677686348,0.008109380161072302,0.03776800185438294,0.01730700786196143,0.008370794307493797,0.008370794307493797,0.00837360364916106,0.00837387282101664,0.008121080361245559,0.00811930096543027,0.032515178805157585,0.016738251621833154
EC133-171DMSO1,384.0,0.4338940743654181,0.010463046885765978,0.03581358186800243,0.06631592226144696,0.008374122422716007,0.008374122422716007,0.010916694707329215,0.008363036238665892,0.008363036238665892,0.011108355189755567,0.008367730768417108,0.00836814971588635,0.010916694707329215,0.010916694707329215,0.00811724163908059,0.008118540819624072,0.041842247259938174,0.01824092841980035,0.008362672050846566,0.008362367983416814,0.010463046885765978,0.03581358186800243,0.06631592226144696,0.00836335380718603,0.00836335380718603,0.008386514070757281,0.008386502340400986,0.008362376479054566,0.008362376479054566,0.008397114209521791,0.008397062630193686,0.00836335380718603,0.00836335380718603,0.00813833033243801,0.008127584410793262,0.008362367983416814,0.008362367983416814,0.00811724163908059,0.008118540819624072,0.041842247259938174,0.01824092841980035,0.008363036238665892,0.008363036238665892,0.008367730768417108,0.00836814971588635,0.008121397267639873,0.008119936343406993,0.05630503271189369,0.018484164178764178
GR00003279,240.0,0.12817151980408348,0.010224345413886593,0.14344992766823889,0.20483022096392045,0.026377963010886643,0.026377963010886643,0.013632069735868389,0.022079878527990125,0.022079878527990125,0.01163646716180377,0.026680232919325052,0.026677321267719233,0.013632069735868389,0.013632069735868389,0.01954021161548539,0.021571815610828833,0.7906696123330369,0.7267738720435605,0.025859862634944407,0.025866011716504756,0.010224345413886593,0.14344992766823889,0.20483022096392045,0.026753479643682528,0.026753479643682528,0.02192928055480546,0.02192819294225788,0.022194404880796832,0.022194404880796832,0.025732653167416925,0.025736107926385705,0.026753479643682528,0.026753479643682528,0.02510401070859092,0.02127498720080256,0.025866011716504756,0.025866011716504756,0.01954021161548539,0.021571815610828833,0.7906696123330369,0.7267738720435605,0.022079878527990125,0.022079878527990125,0.026680232919325052,0.026677321267719233,0.01936082272535234,0.021713770073566088,0.7925217543398009,0.7370775878449842
GR00003285,240.0,0.045718715387362954,0.008774173703333575,0.10579610259632906,0.12296894811659312,0.0246283143437013,0.0246283143437013,0.01216049462124036,0.02110836348242082,0.02110836348242082,0.010883120700326657,0.02436766842085725,0.024364967884547038,0.01216049462124036,0.01216049462124036,0.019680353185548817,0.020792302056576804,0.7836675608543424,0.6854968064909143,0.024707324727663776,0.02470616477049883,0.008774173703333575,0.10579610259632906,0.12296894811659312,0.024843847430011112,0.024843847430011112,0.021135950733559058,0.021131442472385038,0.021179641055334205,0.021179641055334205,0.023132980669428826,0.023141013023054224,0.024843847430011112,0.024843847430011112,0.024535570691947294,0.022821604512205662,0.02470616477049883,0.02470616477049883,0.019680353185548817,0.020792302056576804,0.7836675608543424,0.6854968064909143,0.02110836348242082,0.02110836348242082,0.02436766842085725,0.024364967884547038,0.019486759541605034,0.020645358882861918,0.7807307079727195,0.6793686227398162
GR00003289,240.0,0.04119620758915193,0.008893313185813883,0.09126364491822561,0.12437105454906855,0.029745572500581654,0.029745572500581654,0.011430922344035529,0.022734123013274977,0.022734123013274977,0.010200654546909564,0.02895029828835289,0.028950920042366584,0.011430922344035529,0.011430922344035529,0.020699461384124002,0.02340365426362032,0.6981002018968626,0.6160521091844857,0.02986045789028991,0.029864306883694923,0.008893313185813883,0.09126364491822561,0.12437105454906855,0.03033184141417735,0.03033184141417735,0.022850000936939344,0.022833596347193216,0.022785733287775844,0.022785733287775844,0.028388474454605312,0.02838432586031897,0.03033184141417735,0.03033184141417735,0.02955053986066317,0.025223621236911988,0.029864306883694923,0.029864306883694923,0.020699461384124002,0.02340365426362032,0.6981002018968626,0.6160521091844857,0.022734123013274977,0.022734123013274977,0.02895029828835289,0.028950920042366584,0.020778987863835783,0.02347994394698639,0.7050749402715241,0.6122915387142738
GR00003290,240.0,0.0857457458396975,0.011863404487342662,0.23616550592208677,0.25196176565392503,0.026727425196519397,0.026727425196519397,0.015150331601153246,0.024300578235459155,0.024300578235459155,0.013800226865364935,0.027168647661683084,0.027168137510806104,0.015150331601153246,0.015150331601153246,0.022531002666224324,0.025215453922350365,0.8325582061924451,0.8030012530022522,0.02699876983014048,0.026998679554111872,0.011863404487342662,0.23616550592208677,0.25196176565392503,0.028475136139776855,0.028475136139776855,0.023673936204227107,0.02367716248436836,0.024516601729798262,0.024516601729798262,0.025699626347362073,0.025699424764164033,0.028475136139776855,0.028475136139776855,0.026606281646703166,0.025554150912333824,0.026998679554111872,0.026998679554111872,0.022531002666224324,0.025215453922350365,0.8325582061924451,0.8030012530022522,0.024300578235459155,0.024300578235459155,0.027168647661683084,0.027168137510806104,0.023049095978448605,0.02595892154683203,0.8399547071920412,0.8013661462298644
GR00003296,240.0,0.08824141395526032,0.01090342005462794,0.17819446586440402,0.1879723945523505,0.03653376243532089,0.03653376243532089,0.01531596309707194,0.027239093492491102,0.027239093492491102,0.012416270787668325,0.0376575997347618,0.03765565354699597,0.01531596309707194,0.01531596309707194,0.027907565653427602,0.04108477000419856,0.6969369503045453,0.6737235229076428,0.03731325381652873,0.0373165772245658,0.01090342005462794,0.17819446586440402,0.1879723945523505,0.03918080858989834,0.03918080858989834,0.02622423284862849,0.026221438565045666,0.027051016544895792,0.027051016544895792,0.034413768014685646,0.03441391991175546,0.03918080858989834,0.03918080858989834,0.03639030046891943,0.0320410206973376,0.0373165772245658,0.0373165772245658,0.027907565653427602,0.04108477000419856,0.6969369503045453,0.6737235229076428,0.027239093492491102,0.027239093492491102,0.0376575997347618,0.03765565354699597,0.027707669004412495,0.04115289094014151,0.6916946160260443,0.6680653445739423
GR00003297,240.0,0.07986848537178502,0.010381694450717573,0.1553063944747596,0.1470584284904606,0.037269795780193335,0.037269795780193335,0.014091395521986088,0.028101295820650494,0.028101295820650494,0.011267864547350405,0.03621375013454619,0.03621389619383537,0.014091395521986088,0.014091395521986088,0.027497773197165825,0.03800133653378589,0.6724073714036568,0.651834676261491,0.038173530637124,0.038175529343849865,0.010381694450717573,0.1553063944747596,0.1470584284904606,0.03767337671245348,0.03767337671245348,0.02787089138377982,0.027870754076006955,0.028121124939837393,0.028121124939837393,0.03523282798215412,0.03522696778916244,0.03767337671245348,0.03767337671245348,0.03716985430213977,0.03085225697237219,0.038175529343849865,0.038175529343849865,0.027497773197165825,0.03800133653378589,0.6724073714036568,0.651834676261491,0.028101295820650494,0.028101295820650494,0.03621375013454619,0.03621389619383537,0.027489623568984788,0.03657672419418137,0.6737248072807448,0.6563571630573617
GR00003298,240.0,0.08702394456608407,0.010754493748624359,0.16756325320093493,0.16388569951789872,0.035787083996528905,0.035787083996528905,0.015577157869377868,0.026298023014930883,0.026298023014930883,0.012187640177290777,0.034361513599997756,0.03436313192810163,0.015577157869377868,0.015577157869377868,0.026975507848762927,0.04183513193480896,0.6829309380861714,0.6595359178098545,0.03599032139472506,0.03599022362770225,0.010754493748624359,0.16756325320093493,0.16388569951789872,0.0363341604377517,0.0363341604377517,0.02587131082932721,0.025874615047822125,0.026284958081394184,0.026284958081394184,0.03379951052860978,0.0338015640922456,0.0363341604377517,0.0363341604377517,0.03502073275317839,0.031592817223351076,0.03599022362770225,0.03599022362770225,0.026975507848762927,0.04183513193480896,0.6829309380861714,0.6595359178098545,0.026298023014930883,0.026298023014930883,0.034361513599997756,0.03436313192810163,0.027320365059885846,0.04078693292338433,0.6870024608194254,0.6601544024151157
GR00003299,240.0,0.06720425767487799,0.011374537670780515,0.1614774416707854,0.14840543715948148,0.035630848852250936,0.035630848852250936,0.01515071723484172,0.026127480640623056,0.026127480640623056,0.012417221214285989,0.03501372001784122,0.03501074266593294,0.01515071723484172,0.01515071723484172,0.027775321657829755,0.037421566464967936,0.6594933577261802,0.6356061710937361,0.03594179841191181,0.03594164662380626,0.011374537670780515,0.1614774416707854,0.14840543715948148,0.0356011686619297,0.0356011686619297,0.025971173702645244,0.02596324018751922,0.02615300787862672,0.02615300787862672,0.034052046370559766,0.03405396131990032,0.0356011686619297,0.0356011686619297,0.03490115924865269,0.03145865427239582,0.03594164662380626,0.03594164662380626,0.027775321657829755,0.037421566464967936,0.6594933577261802,0.6356061710937361,0.026127480640623056,0.026127480640623056,0.03501372001784122,0.03501074266593294,0.02825252013886613,0.03745348384263382,0.6691334095252769,0.6449572421916646
GR00003306,240.0,0.09694137793546126,0.009686230102605841,0.218728965358283,0.25934622031429094,0.028830109880344904,0.028830109880344904,0.013819118185267026,0.025702126101233222,0.025702126101233222,0.011673948806266503,0.028890556225085077,0.028892383189824088,0.013819118185267026,0.013819118185267026,0.021019216543969398,0.023316175533185258,0.6992083236292359,0.6912046609974067,0.02902668256842591,0.029027256841786357,0.009686230102605841,0.218728965358283,0.25934622031429094,0.029745060540621593,0.029745060540621593,0.025583107472739966,0.02558331654619339,0.025429850160223408,0.025429850160223408,0.027335821523436426,0.02733249724146947,0.029745060540621593,0.029745060540621593,0.028699265872979936,0.024843803395178273,0.029027256841786357,0.029027256841786357,0.021019216543969398,0.023316175533185258,0.6992083236292359,0.6912046609974067,0.025702126101233222,0.025702126101233222,0.028890556225085077,0.028892383189824088,0.020826773918497004,0.022948271038028042,0.7026497621985706,0.6897271122177966
GR00003311,240.0,0.07352565684204924,0.009268743219139801,0.08747931067645459,0.1174283842257528,0.02791358776391256,0.02791358776391256,0.013438980381143049,0.02335205627261958,0.02335205627261958,0.011505410665966564,0.028216595150329225,0.028215557123515585,0.013438980381143049,0.013438980381143049,0.020264587312682228,0.021958705848075376,0.6849738549553142,0.6706907104455853,0.028254288825862027,0.02824637614424745,0.009268743219139801,0.08747931067645459,0.1174283842257528,0.029069646507307707,0.029069646507307707,0.022942175640950933,0.022939174540922078,0.023206136336929757,0.023206136336929757,0.026609074100356796,0.026607491667159828,0.029069646507307707,0.029069646507307707,0.02801408255585268,0.023540342447749395,0.02824637614424745,0.02824637614424745,0.020264587312682228,0.021958705848075376,0.6849738549553142,0.6706907104455853,0.02335205627261958,0.02335205627261958,0.028216595150329225,0.028215557123515585,0.020148104657718748,0.021913425614020522,0.6852502864124044,0.6669467100380928
GR00003315,240.0,0.18059880600030123,0.015238803005082685,0.3638545650544912,0.367892753687035,0.04004110858563677,0.04004110858563677,0.024822433232983127,0.02545889498331488,0.02545889498331488,0.017868990078903853,0.03654867684984672,0.03655195597531265,0.024822433232983127,0.024822433232983127,0.026907344826135732,0.04265194600467844,0.7935788078081322,0.7660664057290757,0.03993589903220848,0.03993445066853761,0.015238803005082685,0.3638545650544912,0.367892753687035,0.04006041409578893,0.04006041409578893,0.02506021649141373,0.02505271794542695,0.02562778286243245,0.02562778286243245,0.03662071238346387,0.036619350573479835,0.04006041409578893,0.04006041409578893,0.03853094628959923,0.03003674813884689,0.03993445066853761,0.03993445066853761,0.026907344826135732,0.04265194600467844,0.7935788078081322,0.7660664057290757,0.02545889498331488,0.02545889498331488,0.03654867684984672,0.03655195597531265,0.02637916984703692,0.03841818143911092,0.7933755219247461,0.7655240859442701
GR00003316,240.0,0.09022281339429106,0.007972680313011817,0.1671103213004037,0.18498889181614064,0.023489707985454612,0.023489707985454612,0.01009490653198291,0.019713467504903104,0.019713467504903104,0.009282030329025357,0.02405980843988204,0.024059345136353605,0.01009490653198291,0.01009490653198291,0.017727829708619035,0.018723429253860856,0.8326945211193404,0.7672104068156661,0.023687505104815525,0.02368571691228421,0.007972680313011817,0.1671103213004037,0.18498889181614064,0.02399020838193371,0.02399020838193371,0.018980918428646472,0.01898631054884236,0.019544247251260066,0.019544247251260066,0.022306832306141108,0.022303979500857683,0.02399020838193371,0.02399020838193371,0.0234386671724157,0.020571710164318618,0.02368571691228421,0.02368571691228421,0.017727829708619035,0.018723429253860856,0.8326945211193404,0.7672104068156661,0.019713467504903104,0.019713467504903104,0.02405980843988204,0.024059345136353605,0.017437378389427514,0.018387016489485906,0.8265087378908237,0.762359492111634
GR00003318,240.0,0.12178962408469167,0.00805421658565322,0.10671368397550912,0.12439507014690712,0.03887675326641025,0.03887675326641025,0.011061971997910418,0.0287847326640461,0.0287847326640461,0.009736929749301043,0.03839537367629776,0.038392151922353,0.011061971997910418,0.011061971997910418,0.023106043473140245,0.024994467783046915,0.6950194924596004,0.6649027327445902,0.03905575014594505,0.03905677217158835,0.00805421658565322,0.10671368397550912,0.12439507014690712,0.03926606104988529,0.03926606104988529,0.028454966024892926,0.02845892491937435,0.028367666550970252,0.028367666550970252,0.03587333584029381,0.03586251918617065,0.03926606104988529,0.03926606104988529,0.03816580601031454,0.031008283496886523,0.03905677217158835,0.03905677217158835,0.023106043473140245,0.024994467783046915,0.6950194924596004,0.6649027327445902,0.0287847326640461,0.0287847326640461,0.03839537367629776,0.038392151922353,0.022859051443184966,0.024787264231829094,0.6940485856063054,0.6634914049815511
GR00003330,240.0,0.04864609052633492,0.008895411091801947,0.14825262333647343,0.15200229666598064,0.04000003752200894,0.04000003752200894,0.015095099112383758,0.02618004143700727,0.02618004143700727,0.010443086392443705,0.03818459370523925,0.03818318815312202,0.015095099112383758,0.015095099112383758,0.026452667073038602,0.04019315540963198,0.7308494991850222,0.7187354989684605,0.03975298732094558,0.03975403856634066,0.008895411091801947,0.14825262333647343,0.15200229666598064,0.04078401774642273,0.04078401774642273,0.02574932126164813,0.025746450511507108,0.02618279170760672,0.02618279170760672,0.03698160973022278,0.036979840478226285,0.04078401774642273,0.04078401774642273,0.038217563498196765,0.03208047035634697,0.03975403856634066,0.03975403856634066,0.026452667073038602,0.04019315540963198,0.7308494991850222,0.7187354989684605,0.02618004143700727,0.02618004143700727,0.03818459370523925,0.03818318815312202,0.02648143183217335,0.03712612660054749,0.7299362215507249,0.7204126604661033
GR00003333,240.0,0.04294128046187464,0.008288688960856114,0.18849090672390537,0.16761094957150807,0.03155588336238981,0.03155588336238981,0.011292903610811355,0.024389058543702276,0.024389058543702276,0.009594609138830456,0.032797526291446555,0.03279790354505298,0.011292903610811355,0.011292903610811355,0.023710948735755077,0.028018417157556565,0.7321234860323578,0.7281954526039036,0.03214623823347513,0.03213926641657451,0.008288688960856114,0.18849090672390537,0.16761094957150807,0.03291316009877591,0.03291316009877591,0.024272032048169735,0.024281873452414164,0.024606488115506562,0.024606488115506562,0.031219999407249656,0.03121837370056869,0.03291316009877591,0.03291316009877591,0.03141081438531181,0.028249731391100184,0.03213926641657451,0.03213926641657451,0.023710948735755077,0.028018417157556565,0.7321234860323578,0.7281954526039036,0.024389058543702276,0.024389058543702276,0.032797526291446555,0.03279790354505298,0.02397217566204724,0.028914561502215396,0.732303583872311,0.7262952566492921
GR00003336,240.0,0.04296041994306878,0.008509960451089973,0.12786046242345078,0.1311693899163172,0.029917270594456907,0.029917270594456907,0.012998646597347252,0.02317847607345308,0.02317847607345308,0.009596541765495143,0.030364531900739126,0.030357690666384836,0.012998646597347252,0.012998646597347252,0.023997063340483977,0.028607869659579416,0.6503271700879032,0.6517533874977369,0.03015645819026715,0.030152135188581,0.008509960451089973,0.12786046242345078,0.1311693899163172,0.03098853394712676,0.03098853394712676,0.02334790496930234,0.02334632553062919,0.02323705103207775,0.02323705103207775,0.02882692390873676,0.028822217744376714,0.03098853394712676,0.03098853394712676,0.029442545715769246,0.026337549007034566,0.030152135188581,0.030152135188581,0.023997063340483977,0.028607869659579416,0.6503271700879032,0.6517533874977369,0.02317847607345308,0.02317847607345308,0.030364531900739126,0.030357690666384836,0.024263948156783753,0.029518020183232817,0.6508579150637942,0.6509577508383375
GR00003337,240.0,0.03603179699784403,0.008031352114725995,0.11522857622410357,0.10406516719816473,0.040281782812874666,0.040281782812874666,0.01152722418905293,0.027609175888322044,0.027609175888322044,0.008926561387941847,0.04004673309034308,0.04004976091061199,0.01152722418905293,0.01152722418905293,0.02721286417916966,0.045617212959909045,0.6383216605638151,0.618622698872005,0.041732609455458154,0.04173604956548082,0.008031352114725995,0.11522857622410357,0.10406516719816473,0.04236248820048146,0.04236248820048146,0.027095748329129688,0.027089437593920622,0.02760404527482435,0.02760404527482435,0.03813504239316205,0.03813630266270602,0.04236248820048146,0.04236248820048146,0.040155281091372674,0.03344305936527246,0.04173604956548082,0.04173604956548082,0.02721286417916966,0.045617212959909045,0.6383216605638151,0.618622698872005,0.027609175888322044,0.027609175888322044,0.04004673309034308,0.04004976091061199,0.027407896048121144,0.04766230680119284,0.6387632197135182,0.6190852195121981
GR00003341,240.0,0.08869765310089543,0.012467229482730947,0.20257849722263227,0.20142950169717136,0.04312816121057084,0.04312816121057084,0.019083237343600214,0.028146674448103686,0.028146674448103686,0.01468304158552548,0.04168543711109734,0.04168424747847396,0.019083237343600214,0.019083237343600214,0.026275794237853735,0.05672500141875959,0.7898312145297758,0.7668099111153882,0.04368531528078346,0.0436780983386732,0.012467229482730947,0.20257849722263227,0.20142950169717136,0.043681904529809995,0.043681904529809995,0.02767359030824263,0.027674993162678685,0.027644714405946454,0.027644714405946454,0.0405948882564448,0.040591595342722525,0.043681904529809995,0.043681904529809995,0.04201818531942119,0.03149385833588247,0.0436780983386732,0.0436780983386732,0.026275794237853735,0.05672500141875959,0.7898312145297758,0.7668099111153882,0.028146674448103686,0.028146674448103686,0.04168543711109734,0.04168424747847396,0.02607726939711437,0.051613455063056216,0.7850393475299806,0.7618853259621644
GR00003342,240.0,0.08582524865593136,0.011624636239252977,0.22093095137850635,0.216040246659158,0.03287480963733805,0.03287480963733805,0.01688562668293272,0.023831602322785955,0.023831602322785955,0.013707570823958131,0.031885632641239836,0.03188492329437551,0.01688562668293272,0.01688562668293272,0.024664783239517277,0.03357078916746104,0.7841485386252156,0.7563206995352167,0.03315972270739675,0.033167159915500205,0.011624636239252977,0.22093095137850635,0.216040246659158,0.03360704140787221,0.03360704140787221,0.023403839204994874,0.023406531029579274,0.02391779459697323,0.02391779459697323,0.03147301116108497,0.03146985118220796,0.03360704140787221,0.03360704140787221,0.032367647769944496,0.0277351224662201,0.033167159915500205,0.033167159915500205,0.024664783239517277,0.03357078916746104,0.7841485386252156,0.7563206995352167,0.023831602322785955,0.023831602322785955,0.031885632641239836,0.03188492329437551,0.024807623631293227,0.03244126760187779,0.787049228061142,0.758132035459426
GR00003344,240.0,0.05371900273193112,0.01168907072017592,0.1699905820823071,0.16810077272623564,0.030731880265299074,0.030731880265299074,0.016645891454804544,0.022120223363375775,0.022120223363375775,0.013032188402886145,0.03167211759071051,0.03167145121242281,0.016645891454804544,0.016645891454804544,0.0224261943205013,0.026675196137309065,0.793027081455102,0.7809995208253433,0.030825441934055554,0.030822354992613286,0.01168907072017592,0.1699905820823071,0.16810077272623564,0.0326009031333981,0.0326009031333981,0.021597471480755623,0.02159822073858509,0.022157517213203543,0.022157517213203543,0.030061947462056243,0.03005301201451533,0.0326009031333981,0.0326009031333981,0.030550471397090516,0.026016506600522904,0.030822354992613286,0.030822354992613286,0.0224261943205013,0.026675196137309065,0.793027081455102,0.7809995208253433,0.022120223363375775,0.022120223363375775,0.03167211759071051,0.03167145121242281,0.022661584213364356,0.026760117512642196,0.7947671402040962,0.7831376595899353
GR00003381,240.0,0.05366741993436742,0.008263796303320754,0.11074550907028437,0.12412107039499683,0.026219218384265688,0.026219218384265688,0.01024546338146646,0.020131517182266526,0.020131517182266526,0.009026038856286302,0.026236952707830014,0.02623816099105547,0.01024546338146646,0.01024546338146646,0.018844159942592205,0.020522482662468925,0.7490068575528003,0.7132139333979353,0.025992886471814813,0.02598946524705931,0.008263796303320754,0.11074550907028437,0.12412107039499683,0.0266848761762828,0.0266848761762828,0.019940666918243442,0.019943591925764115,0.020269065622803895,0.020269065622803895,0.02531280656177016,0.02531085689305624,0.0266848761762828,0.0266848761762828,0.025703878814449087,0.022031195211153883,0.02598946524705931,0.02598946524705931,0.018844159942592205,0.020522482662468925,0.7490068575528003,0.7132139333979353,0.020131517182266526,0.020131517182266526,0.026236952707830014,0.02623816099105547,0.018889384945554217,0.020588353335819185,0.7478154493720709,0.7091221092236684
GR00003382,240.0,0.04507326635043389,0.008690615642934016,0.1133105484138934,0.12006069631729123,0.02274058800966868,0.02274058800966868,0.01065519054492359,0.01822266396511608,0.01822266396511608,0.009690984643496653,0.02342167297335309,0.023419110850722357,0.01065519054492359,0.01065519054492359,0.017870570901118488,0.01909262723831288,0.7204005034659499,0.7102827379397656,0.022964975692480617,0.022958823689102778,0.008690615642934016,0.1133105484138934,0.12006069631729123,0.023655612408754464,0.023655612408754464,0.01797149621021291,0.01797317522468362,0.018352923564718255,0.018352923564718255,0.022147988429616284,0.02214736747749328,0.023655612408754464,0.023655612408754464,0.02273702596491334,0.01995610131673677,0.022958823689102778,0.022958823689102778,0.017870570901118488,0.01909262723831288,0.7204005034659499,0.7102827379397656,0.01822266396511608,0.01822266396511608,0.02342167297335309,0.023419110850722357,0.017919982072545176,0.019208865164975202,0.7266441627138188,0.7145833083159289
GR00003384,240.0,0.04008814848383183,0.008708938217337026,0.09411411394125943,0.10440169687233558,0.022132905739069918,0.022132905739069918,0.009943027740621283,0.017721773148427225,0.017721773148427225,0.009632890544888138,0.021792516409709948,0.02179397012282027,0.009943027740621283,0.009943027740621283,0.01672089119921725,0.017560426651818686,0.7284797873883337,0.6895211654994134,0.021611157904822584,0.021607699389105253,0.008708938217337026,0.09411411394125943,0.10440169687233558,0.022778088491210834,0.022778088491210834,0.017335957389772196,0.017337819402115776,0.017888687027329504,0.017888687027329504,0.020600612855078918,0.020603375548922064,0.022778088491210834,0.022778088491210834,0.021367788747434616,0.019021693996532772,0.021607699389105253,0.021607699389105253,0.01672089119921725,0.017560426651818686,0.7284797873883337,0.6895211654994134,0.017721773148427225,0.017721773148427225,0.021792516409709948,0.02179397012282027,0.01675518944812356,0.017683843665213597,0.7277781998800763,0.6860363791017876
GR00003386,240.0,0.04372482550746944,0.008954321816336966,0.13181841997592558,0.1259552676011972,0.02363803906510447,0.02363803906510447,0.010450520883174438,0.019363721007367208,0.019363721007367208,0.009557276406838393,0.025163804525355476,0.025156255300550975,0.010450520883174438,0.010450520883174438,0.017823134239872824,0.019076492435827243,0.7473275991060837,0.7081489232242032,0.023411738995764687,0.023416115676176727,0.008954321816336966,0.13181841997592558,0.1259552676011972,0.024950032683227,0.024950032683227,0.019379393827272596,0.01937984807183305,0.019428291284917208,0.019428291284917208,0.023577940493667238,0.023575840826397913,0.024950032683227,0.024950032683227,0.023304344113902708,0.020500925730002163,0.023416115676176727,0.023416115676176727,0.017823134239872824,0.019076492435827243,0.7473275991060837,0.7081489232242032,0.019363721007367208,0.019363721007367208,0.025163804525355476,0.025156255300550975,0.01791831571235594,0.019302012532937687,0.7531098024464065,0.7109846891642931
GR00003390,240.0,0.03714501955484416,0.009025601296393904,0.06692312275346866,0.0754407031039446,0.02351062724522631,0.02351062724522631,0.011605785725636949,0.019834338991481616,0.019834338991481616,0.009327680774855239,0.024710037297549524,0.024709140519957894,0.011605785725636949,0.011605785725636949,0.017713069870650484,0.01873519548882087,0.6711311026268443,0.6213858836214209,0.023277766827233103,0.023279370309440064,0.009025601296393904,0.06692312275346866,0.0754407031039446,0.02554564956961943,0.02554564956961943,0.01915133322176354,0.019153640862768828,0.019990729098455305,0.019990729098455305,0.02330470760853687,0.023305124320865747,0.02554564956961943,0.02554564956961943,0.023123061824662363,0.020118641823360546,0.023279370309440064,0.023279370309440064,0.017713069870650484,0.01873519548882087,0.6711311026268443,0.6213858836214209,0.019834338991481616,0.019834338991481616,0.024710037297549524,0.024709140519957894,0.017929616729544847,0.019034095189843277,0.6779765572567822,0.6180287427987007
GR00003391,240.0,0.04717618469613171,0.008755606406454692,0.17499723245749008,0.17758768551859888,0.028349483317754807,0.028349483317754807,0.01319728832849063,0.024168585032690395,0.024168585032690395,0.01131266017426112,0.03136479209355124,0.03136716972856621,0.01319728832849063,0.01319728832849063,0.01923820739098041,0.021607185879338187,0.685091532430402,0.6655469976167642,0.028664033877892417,0.028652842609608688,0.008755606406454692,0.17499723245749008,0.17758768551859888,0.030467544510816437,0.030467544510816437,0.02403285018601052,0.024034566974916925,0.024330142566320993,0.024330142566320993,0.02899837188850068,0.028993574360252298,0.030467544510816437,0.030467544510816437,0.028444319469394793,0.023790413183875807,0.028652842609608688,0.028652842609608688,0.01923820739098041,0.021607185879338187,0.685091532430402,0.6655469976167642,0.024168585032690395,0.024168585032690395,0.03136479209355124,0.03136716972856621,0.019387461263105914,0.021905573453898562,0.6848628523817906,0.6644369270974081
GR00003393,240.0,0.037660455678633624,0.008710188264669646,0.0954624113959573,0.09617722456271235,0.02472719239794021,0.02472719239794021,0.0107176073921197,0.019674223238507264,0.019674223238507264,0.009801024081110877,0.026056711766048752,0.026052387205308267,0.0107176073921197,0.0107176073921197,0.01828004251916937,0.019862652071436036,0.6910814271587546,0.6757105701491136,0.024645104210309063,0.024647003383021233,0.008710188264669646,0.0954624113959573,0.09617722456271235,0.026122626170513603,0.026122626170513603,0.01914811002060819,0.01914490269182525,0.019851046755805932,0.019851046755805932,0.02397106284651047,0.02397162288965953,0.026122626170513603,0.026122626170513603,0.02437069382815486,0.02114691300598304,0.024647003383021233,0.024647003383021233,0.01828004251916937,0.019862652071436036,0.6910814271587546,0.6757105701491136,0.019674223238507264,0.019674223238507264,0.026056711766048752,0.026052387205308267,0.018253620088870538,0.019976391257306315,0.6980173705176222,0.6785843938418546
GR00003396,240.0,0.043453858765609595,0.008199897215629932,0.09076408679111674,0.08455209744003443,0.02286059015193275,0.02286059015193275,0.009656502784046785,0.017910139783402747,0.017910139783402747,0.008954136524087957,0.023169405373626828,0.02317069147164096,0.009656502784046785,0.009656502784046785,0.018574121918376825,0.01912329597378223,0.7145730553289122,0.6626209785879174,0.022945245622914837,0.0229357419557643,0.008199897215629932,0.09076408679111674,0.08455209744003443,0.023553219698857004,0.023553219698857004,0.017502351303431675,0.017504596833880122,0.017966690681677094,0.017966690681677094,0.02239934003040796,0.022394823790769403,0.023553219698857004,0.023553219698857004,0.022777419714078644,0.020801747582284567,0.0229357419557643,0.0229357419557643,0.018574121918376825,0.01912329597378223,0.7145730553289122,0.6626209785879174,0.017910139783402747,0.017910139783402747,0.023169405373626828,0.02317069147164096,0.01868421979237226,0.019253239153606213,0.7110586898076489,0.6508358204388272
GR00004368,240.0,0.05507326652787267,0.008900264760108006,0.09529406120509167,0.09624790477916283,0.03467103266361231,0.03467103266361231,0.012775205390057675,0.027786288541031275,0.027786288541031275,0.010213373430276099,0.03446281465587686,0.03446708554531853,0.012775205390057675,0.012775205390057675,0.02602719099567091,0.030492223133065655,0.6400808208856278,0.6241003739559337,0.034943466068955965,0.03495053452752492,0.008900264760108006,0.09529406120509167,0.09624790477916283,0.03561053491496505,0.03561053491496505,0.027324689556273905,0.027332830619670956,0.027851626466054713,0.027851626466054713,0.032827737003474244,0.032832036517170614,0.03561053491496505,0.03561053491496505,0.034021170838647134,0.029362773949079497,0.03495053452752492,0.03495053452752492,0.02602719099567091,0.030492223133065655,0.6400808208856278,0.6241003739559337,0.027786288541031275,0.027786288541031275,0.03446281465587686,0.03446708554531853,0.02651692742863929,0.031630326911298974,0.64514640269168,0.6302735300452335
GR00004370,240.0,0.04509906699024573,0.009025958342500294,0.07642290047278459,0.0857457486224271,0.03426658684489405,0.03426658684489405,0.012557164386323965,0.026551867140315814,0.026551867140315814,0.010299468093713526,0.034915253713876604,0.03491122231376043,0.012557164386323965,0.012557164386323965,0.02687298219007001,0.03170560704902984,0.6131558684281835,0.6094041990326572,0.03478442447422655,0.034785295571191414,0.009025958342500294,0.07642290047278459,0.0857457486224271,0.03619784028247777,0.03619784028247777,0.026414311902506354,0.026411572899182407,0.026554007868437358,0.026554007868437358,0.03315472098660362,0.03315687257554008,0.03619784028247777,0.03619784028247777,0.03413265522046142,0.030652684591990956,0.034785295571191414,0.034785295571191414,0.02687298219007001,0.03170560704902984,0.6131558684281835,0.6094041990326572,0.026551867140315814,0.026551867140315814,0.034915253713876604,0.03491122231376043,0.027438380605085706,0.03336004497456545,0.6227703703078584,0.6172936887910923
GR00004373,240.0,0.03714474476040932,0.010436765854536725,0.19552880223481475,0.17972999973342635,0.026310301349166475,0.026310301349166475,0.015118082072614548,0.021459571919235126,0.021459571919235126,0.011051921987262809,0.027893804121254674,0.027890926874498845,0.015118082072614548,0.015118082072614548,0.019470984880664843,0.01931895517033862,0.9674226618304422,0.9265065025416235,0.026088193727670603,0.02609020639293522,0.010436765854536725,0.19552880223481475,0.17972999973342635,0.028983732401497448,0.028983732401497448,0.021840949143075297,0.02182836043409025,0.02177536245262644,0.02177536245262644,0.025801979720154022,0.025798484229056493,0.028983732401497448,0.028983732401497448,0.02593855373437019,0.023110155852121842,0.02609020639293522,0.02609020639293522,0.019470984880664843,0.01931895517033862,0.9674226618304422,0.9265065025416235,0.021459571919235126,0.021459571919235126,0.027893804121254674,0.027890926874498845,0.020127237311600394,0.020006692062782834,0.9721272845694087,0.931814707344827
GR00004374,240.0,0.04986150183138714,0.008684539854689442,0.426350574686476,0.40057675301780515,0.02738163215871429,0.02738163215871429,0.011330888108980131,0.024815622839315085,0.024815622839315085,0.009646148183540223,0.02892922857932094,0.028933556269180306,0.011330888108980131,0.011330888108980131,0.02158968733799655,0.023100031809067105,0.985194749435734,0.9716532977469586,0.027833485864170275,0.027835495672849528,0.008684539854689442,0.426350574686476,0.40057675301780515,0.029375532671449798,0.029375532671449798,0.02467327003722971,0.024673363002002322,0.024870271518005634,0.024870271518005634,0.02751820530787288,0.027518974983411753,0.029375532671449798,0.029375532671449798,0.027516193122870118,0.02436822538811725,0.027835495672849528,0.027835495672849528,0.02158968733799655,0.023100031809067105,0.985194749435734,0.9716532977469586,0.024815622839315085,0.024815622839315085,0.02892922857932094,0.028933556269180306,0.02242462759760943,0.023660864155709452,0.9878217250526425,0.9756498892152181
GR00004379,240.0,0.0506171658559125,0.010705023740133558,0.3268439841549844,0.31015885220980266,0.023691206690547036,0.023691206690547036,0.014004111542673238,0.018571569015378576,0.018571569015378576,0.01122060479040946,0.024024710019901172,0.02402510628186099,0.014004111542673238,0.014004111542673238,0.018807663273028075,0.019628144017438825,0.8951799768817973,0.8231938482180559,0.023589953194768774,0.023590273376095896,0.010705023740133558,0.3268439841549844,0.31015885220980266,0.02517240062151937,0.02517240062151937,0.018498091058435154,0.018493093241716774,0.01883688565351248,0.01883688565351248,0.023282207537496612,0.02328553045805987,0.02517240062151937,0.02517240062151937,0.023299424992731632,0.021137964227298377,0.023590273376095896,0.023590273376095896,0.018807663273028075,0.019628144017438825,0.8951799768817973,0.8231938482180559,0.018571569015378576,0.018571569015378576,0.024024710019901172,0.02402510628186099,0.019657157307229372,0.020539965677478504,0.9099366465278951,0.8381872219301479
GR00004382,240.0,0.03395341110836403,0.014503753064749502,0.09474638953710326,0.08775301291458056,0.0299120746991622,0.0299120746991622,0.017739543993200747,0.025268710272314455,0.025268710272314455,0.014662585373646711,0.030511806895234177,0.030511453235686277,0.017739543993200747,0.017739543993200747,0.02417925632870296,0.026170138798840434,0.6475703648307205,0.5839055118948547,0.02992553658133634,0.02991980274852544,0.014503753064749502,0.09474638953710326,0.08775301291458056,0.03242721890568861,0.03242721890568861,0.0250306252387897,0.025035536166230336,0.025315191576777727,0.025315191576777727,0.02960827063443082,0.029606125427993336,0.03242721890568861,0.03242721890568861,0.029466445142080206,0.026866125090423736,0.02991980274852544,0.02991980274852544,0.02417925632870296,0.026170138798840434,0.6475703648307205,0.5839055118948547,0.025268710272314455,0.025268710272314455,0.030511806895234177,0.030511453235686277,0.025137520959723377,0.02658754021796501,0.653815633535757,0.5814895510346143
GR00004384,240.0,0.04102165447490258,0.011022213245632455,0.17433438067503884,0.17182640059614795,0.03224375977171443,0.03224375977171443,0.014058504115735775,0.024540292437637886,0.024540292437637886,0.01238871372471567,0.0317458249683905,0.031746511370818506,0.014058504115735775,0.014058504115735775,0.025414502604920963,0.02801729813096245,0.7203025654236047,0.6677304522557924,0.03270062079083666,0.03269511765702641,0.011022213245632455,0.17433438067503884,0.17182640059614795,0.03249259930365433,0.03249259930365433,0.024071125508652775,0.024075526422110118,0.024710165973458726,0.024710165973458726,0.03099487005371014,0.030996508220757824,0.03249259930365433,0.03249259930365433,0.03218221504248458,0.029285162868478504,0.03269511765702641,0.03269511765702641,0.025414502604920963,0.02801729813096245,0.7203025654236047,0.6677304522557924,0.024540292437637886,0.024540292437637886,0.0317458249683905,0.031746511370818506,0.025536959428556154,0.028449479778140684,0.7282576901500523,0.6754027672477155
GR00004385,240.0,0.10654293501914326,0.012620848368707797,0.17734487961079892,0.18774606789426043,0.031256115559077716,0.031256115559077716,0.018248609701713697,0.02424927437219248,0.02424927437219248,0.014511836477639593,0.030959262134857377,0.03095404364159288,0.018248609701713697,0.018248609701713697,0.02520546348921734,0.027782705219284547,0.6749961163322903,0.6670589635540712,0.0313361173678939,0.03133745583834662,0.012620848368707797,0.17734487961079892,0.18774606789426043,0.03216664696404683,0.03216664696404683,0.025322081015669583,0.025323214054126818,0.02433971719665982,0.02433971719665982,0.029772532572173535,0.02977468451468106,0.03216664696404683,0.03216664696404683,0.03102872519060147,0.027908049504013543,0.03133745583834662,0.03133745583834662,0.02520546348921734,0.027782705219284547,0.6749961163322903,0.6670589635540712,0.02424927437219248,0.02424927437219248,0.030959262134857377,0.03095404364159288,0.025556213039692712,0.02861546899676908,0.6831274887475889,0.6690795603142178
GR00004392,240.0,0.08673099882277163,0.009771398348369407,0.18524231513158915,0.18901164890830865,0.026902658914347666,0.026902658914347666,0.012902925248560432,0.021579358446335167,0.021579358446335167,0.010798071720189996,0.02649045323368295,0.026486055655584744,0.012902925248560432,0.012902925248560432,0.022268113022519912,0.025325549257688117,0.7684218838775061,0.7306144010123936,0.02664375134050291,0.02664044217261284,0.009771398348369407,0.18524231513158915,0.18901164890830865,0.027884272650209166,0.027884272650209166,0.021234378450941473,0.021230276991400607,0.02159346118110233,0.02159346118110233,0.025868336787670487,0.02586605800844296,0.027884272650209166,0.027884272650209166,0.026446300920984676,0.02380883993188977,0.02664044217261284,0.02664044217261284,0.022268113022519912,0.025325549257688117,0.7684218838775061,0.7306144010123936,0.021579358446335167,0.021579358446335167,0.02649045323368295,0.026486055655584744,0.022873769249028543,0.026194631901603982,0.7802300766051787,0.7375561607898609
GR00004397,240.0,0.057702626359027016,0.008170553516133893,0.22969381617230766,0.21307735878538858,0.030373134541495525,0.030373134541495525,0.01111790635541637,0.02315660728215702,0.02315660728215702,0.009246630920401549,0.02926917402525874,0.029269095884996196,0.01111790635541637,0.01111790635541637,0.02355939340797668,0.02759502370759924,0.8224537782452136,0.799843076027201,0.030507317545291242,0.03050384870049822,0.008170553516133893,0.22969381617230766,0.21307735878538858,0.03072069785274054,0.03072069785274054,0.022519787650926337,0.02251822281909777,0.023214672674866803,0.023214672674866803,0.02834974831614894,0.02834760460046621,0.03072069785274054,0.03072069785274054,0.030005100667395524,0.026548359749755578,0.03050384870049822,0.03050384870049822,0.02355939340797668,0.02759502370759924,0.8224537782452136,0.799843076027201,0.02315660728215702,0.02315660728215702,0.02926917402525874,0.029269095884996196,0.02364199022998919,0.027321422231269772,0.8292447398068717,0.8092136308429364
GR00004398,240.0,0.038533193718965346,0.008778669172287602,0.19884697229011133,0.18992760097989414,0.025257842797528202,0.025257842797528202,0.010812062029191098,0.019698973294636987,0.019698973294636987,0.009242909369349466,0.025236375476036455,0.025231025692825818,0.010812062029191098,0.010812062029191098,0.02198574281318744,0.02405427951614588,0.7947890353220087,0.7843117292270233,0.025128130631395285,0.02512970046921272,0.008778669172287602,0.19884697229011133,0.18992760097989414,0.02609462422035095,0.02609462422035095,0.01928307788268784,0.01928402956179647,0.01985222777531013,0.01985222777531013,0.02448974685296108,0.02449060428635307,0.02609462422035095,0.02609462422035095,0.02489965575918656,0.02339964273023247,0.02512970046921272,0.02512970046921272,0.02198574281318744,0.02405427951614588,0.7947890353220087,0.7843117292270233,0.019698973294636987,0.019698973294636987,0.025236375476036455,0.025231025692825818,0.02215118216059671,0.02419468536016522,0.8022852134304836,0.7932491288316347
GR00004401,240.0,0.040749853338655655,0.008817440663491858,0.2272052973689792,0.19867181304769188,0.02530137110149003,0.02530137110149003,0.010484860293350242,0.018599888891551442,0.018599888891551442,0.00907594638254732,0.024888583603237664,0.02489714349465685,0.010484860293350242,0.010484860293350242,0.02086098376565238,0.022863189669205967,0.8546609999312592,0.8317871996900195,0.025300237960817738,0.025297602185677708,0.008817440663491858,0.2272052973689792,0.19867181304769188,0.02565718921150992,0.02565718921150992,0.018255419089393928,0.01825421095832939,0.018866805564578,0.018866805564578,0.024092953600660386,0.024090339150361777,0.02565718921150992,0.02565718921150992,0.025124028279360246,0.022724327180465312,0.025297602185677708,0.025297602185677708,0.02086098376565238,0.022863189669205967,0.8546609999312592,0.8317871996900195,0.018599888891551442,0.018599888891551442,0.024888583603237664,0.02489714349465685,0.02083171312530746,0.023404054067891655,0.8562398468574289,0.837529672852773
GR00004411,240.0,0.07718117828597199,0.008945453534736249,0.1287483579111581,0.1333980749504535,0.03342209630468625,0.03342209630468625,0.013951063590328204,0.02224696752180391,0.02224696752180391,0.010655347944283657,0.033362409950472086,0.03336098121707187,0.013951063590328204,0.013951063590328204,0.02525466710274685,0.031537113980524965,0.746615928612015,0.7228038825436063,0.034200504480146554,0.034199942224272285,0.008945453534736249,0.1287483579111581,0.1333980749504535,0.03505869847530195,0.03505869847530195,0.021849378499677555,0.02185645217319666,0.022171041650958356,0.022171041650958356,0.0321644907700692,0.03216389407697053,0.03505869847530195,0.03505869847530195,0.033253787957230836,0.028425907881145306,0.034199942224272285,0.034199942224272285,0.02525466710274685,0.031537113980524965,0.746615928612015,0.7228038825436063,0.02224696752180391,0.02224696752180391,0.033362409950472086,0.03336098121707187,0.025015125755990165,0.0306826713435029,0.7488665195637716,0.7279417424070883
GR00004414,240.0,0.10808581059316144,0.011703360471253943,0.16946016680970855,0.16780276619662138,0.026781204723688605,0.026781204723688605,0.01663243363474574,0.02168044296554831,0.02168044296554831,0.013285241672252004,0.026818671741481295,0.02681945834228145,0.01663243363474574,0.01663243363474574,0.02224234174336043,0.025859304859997195,0.7183170908479948,0.6774298903962688,0.026705337022696125,0.026703524265167533,0.011703360471253943,0.16946016680970855,0.16780276619662138,0.02759933664010709,0.02759933664010709,0.02142960363852357,0.021428012723242743,0.021746588942836802,0.021746588942836802,0.026226291594086616,0.026230501631699554,0.02759933664010709,0.02759933664010709,0.026588544865543382,0.02399719003929647,0.026703524265167533,0.026703524265167533,0.02224234174336043,0.025859304859997195,0.7183170908479948,0.6774298903962688,0.02168044296554831,0.02168044296554831,0.026818671741481295,0.02681945834228145,0.022275680996636304,0.025898870964050944,0.7309642291523616,0.6851418498799463
GR00004417,240.0,0.1249208827942234,0.009869673936371622,0.16270867119575452,0.1515471196976616,0.032835252522549895,0.032835252522549895,0.015698078764498052,0.02828386408887251,0.02828386408887251,0.01244113728918824,0.032592926113369856,0.03259435607445593,0.015698078764498052,0.015698078764498052,0.027407418351129257,0.029217977887860222,0.6682430593502804,0.6537329301638127,0.0329649912569635,0.03295835986094306,0.009869673936371622,0.16270867119575452,0.1515471196976616,0.03296315604226435,0.03296315604226435,0.027299638849439048,0.027299740719642283,0.02823865216601042,0.02823865216601042,0.031198873239493517,0.03119313276856987,0.03296315604226435,0.03296315604226435,0.03267491296885658,0.030373545824478168,0.03295835986094306,0.03295835986094306,0.027407418351129257,0.029217977887860222,0.6682430593502804,0.6537329301638127,0.02828386408887251,0.02828386408887251,0.032592926113369856,0.03259435607445593,0.02708507704732803,0.029075223821269213,0.6530011572723985,0.6490343546428855
GR00004420,240.0,0.12341902761919392,0.010127802400562628,0.20227867727925894,0.17244550122142588,0.029680715093632352,0.029680715093632352,0.014550590805706975,0.0266094615128632,0.0266094615128632,0.012105017478030678,0.031159305943241362,0.03116621287910585,0.014550590805706975,0.014550590805706975,0.023281010626700717,0.02489687733793343,0.8279948635294364,0.7317055853467929,0.02943335661891264,0.029434367407171376,0.010127802400562628,0.20227867727925894,0.17244550122142588,0.03073477567290318,0.03073477567290318,0.026823942731599555,0.026826229887896094,0.02648544780167865,0.02648544780167865,0.029071801485128532,0.029073283159401404,0.03073477567290318,0.03073477567290318,0.029032803852228027,0.02634398278427547,0.029434367407171376,0.029434367407171376,0.023281010626700717,0.02489687733793343,0.8279948635294364,0.7317055853467929,0.0266094615128632,0.0266094615128632,0.031159305943241362,0.03116621287910585,0.023596943736832177,0.02513859372302946,0.8436921239069549,0.7304384275156064
J12284d,64.0,0.049437760206237094,0.0024150416215927575,0.12444082837555269,0.10555758574452334,0.019142297633002098,0.019142297633002098,0.007483593184292847,0.01574362936117521,0.01574362936117521,0.0034559164955813206,0.0200692911626863,0.020062972959331002,0.007483593184292847,0.007483593184292847,0.014792418341452646,0.014933089641440455,0.56266331774971,0.5474819449235465,0.02009563893099328,0.02009405810812666,0.0024150416215927575,0.12444082837555269,0.10555758574452334,0.02035062770556125,0.02035062770556125,0.01662284615051149,0.01664560753470108,0.0165984000574485,0.0165984000574485,0.017603796763000074,0.01760394442221761,0.02035062770556125,0.02035062770556125,0.01926748900483515,0.0175717203675891,0.02009405810812666,0.02009405810812666,0.014792418341452646,0.014933089641440455,0.56266331774971,0.5474819449235465,0.01574362936117521,0.01574362936117521,0.0200692911626863,0.020062972959331002,0.014163113394975982,0.014433827735938086,0.5376794362178905,0.5271669370995805
J12424a,64.0,0.03843014067771433,0.0030879799431538534,0.09740551063257256,0.07504534654476466,0.02259798080335182,0.02259798080335182,0.004442298325256215,0.01638846322791363,0.01638846322791363,0.003561729703410242,0.017971720694225007,0.017960716068981704,0.004442298325256215,0.004442298325256215,0.015575603554884665,0.016408438622050565,0.5544296587545523,0.5299916682376488,0.022408414839601213,0.0224068485593116,0.0030879799431538534,0.09740551063257256,0.07504534654476466,0.02205464286876913,0.02205464286876913,0.017613040020830143,0.017600974864460266,0.01828980289420777,0.01828980289420777,0.018608586709314947,0.01860815704832469,0.02205464286876913,0.02205464286876913,0.022067306272480422,0.02129178274634669,0.0224068485593116,0.0224068485593116,0.015575603554884665,0.016408438622050565,0.5544296587545523,0.5299916682376488,0.01638846322791363,0.01638846322791363,0.017971720694225007,0.017960716068981704,0.014189391039995669,0.01379649535172675,0.5480977841461557,0.5205085901494122
J12424d,64.0,0.07358326084348042,0.0025697249509108663,0.21226613716552156,0.14886868958853872,0.014886265857613249,0.014886265857613249,0.005888421868437427,0.00985112709394687,0.00985112709394687,0.003959608355343629,0.012898821370735216,0.012894756049410287,0.005888421868437427,0.005888421868437427,0.010310548858124782,0.010902223087596474,0.6009705393012161,0.564747596607479,0.015868119165704,0.015870514123859612,0.0025697249509108663,0.21226613716552156,0.14886868958853872,0.015811805593800743,0.015811805593800743,0.010481920689902446,0.010518210843254683,0.010732979839657077,0.010732979839657077,0.012527577362648907,0.0125279176548845,0.015811805593800743,0.015811805593800743,0.015057565770002468,0.013374695370321512,0.015870514123859612,0.015870514123859612,0.010310548858124782,0.010902223087596474,0.6009705393012161,0.564747596607479,0.00985112709394687,0.00985112709394687,0.012898821370735216,0.012894756049410287,0.009407510916688218,0.010222615823607594,0.5843554265429474,0.5564757641144996
J12432a,64.0,0.032646760319677226,0.002651411582861202,0.0850384908153786,0.06072296130408936,0.021423022698122164,0.021423022698122164,0.007613164720712945,0.01432973983939155,0.01432973983939155,0.004786062845065227,0.01979722943270653,0.019797060416397828,0.007613164720712945,0.007613164720712945,0.012247768783185698,0.012967404847294596,0.5205755668145282,0.47038109421876995,0.022155740553852263,0.022184017923404815,0.002651411582861202,0.0850384908153786,0.06072296130408936,0.021734838275723242,0.021734838275723242,0.015893330664908018,0.016034415006229735,0.01547839982298541,0.01547839982298541,0.01690035326872723,0.016902327426226958,0.021734838275723242,0.021734838275723242,0.021162742994843303,0.0190544240685633,0.022184017923404815,0.022184017923404815,0.012247768783185698,0.012967404847294596,0.5205755668145282,0.47038109421876995,0.01432973983939155,0.01432973983939155,0.01979722943270653,0.019797060416397828,0.011371185630573785,0.012195749779988753,0.5082271361463873,0.46672547146645926
J12440dW,64.0,0.12824926372154782,0.00195825511985056,0.019424761788634934,0.010766161522823564,0.004495931916130999,0.004495931916130999,0.0028474778508818617,0.004148324845222804,0.004148324845222804,0.0030087261946703052,0.0044477805184513775,0.0044505587656116915,0.0028474778508818617,0.0028474778508818617,0.0023014137836069697,0.0024081926241537838,0.30738035753965415,0.2801175625748968,0.005127107851899019,0.005128975143344756,0.00195825511985056,0.019424761788634934,0.010766161522823564,0.005202055119699649,0.005202055119699649,0.004649917000283473,0.0046517063111430335,0.004734678523618155,0.004734678523618155,0.004895287980661154,0.004895186759928882,0.005202055119699649,0.005202055119699649,0.005339397608229783,0.004290120249145526,0.005128975143344756,0.005128975143344756,0.0023014137836069697,0.0024081926241537838,0.30738035753965415,0.2801175625748968,0.004148324845222804,0.004148324845222804,0.0044477805184513775,0.0044505587656116915,0.0021593160577831816,0.002378603249806346,0.28978353459512485,0.23145448011200537
J12450b,64.0,0.035776261441821895,0.0021830517728786106,0.12330222491628519,0.10089264035128119,0.012784832370841846,0.012784832370841846,0.003535108051974676,0.010125277088169687,0.010125277088169687,0.0028884368269158044,0.012006959557156234,0.01200651563704437,0.003535108051974676,0.003535108051974676,0.008758694539804539,0.009603484982028074,0.5471226585976438,0.5111676977200633,0.013242005876904463,0.013243384677002328,0.0021830517728786106,0.12330222491628519,0.10089264035128119,0.013272765657532453,0.013272765657532453,0.010506398732448647,0.010509932979027806,0.01066546803491397,0.01066546803491397,0.01103538899658915,0.011035676696341529,0.013272765657532453,0.013272765657532453,0.012460750887788337,0.011416561137339794,0.013243384677002328,0.013243384677002328,0.008758694539804539,0.009603484982028074,0.5471226585976438,0.5111676977200633,0.010125277088169687,0.010125277088169687,0.012006959557156234,0.01200651563704437,0.008426854539191824,0.009096451245416665,0.5309835452779462,0.495821288004235
J12459b,64.0,0.06143959467895525,0.0020206705736184544,0.09340782400991117,0.07657204120303197,0.0073371915567475715,0.0073371915567475715,0.0027235805252465942,0.007501997235907997,0.007501997235907997,0.0026150547778224977,0.00725884801026591,0.0072589646521223124,0.0027235805252465942,0.0027235805252465942,0.005265945313370795,0.005354404362660802,0.595324665502282,0.5027451692862464,0.007380748245469097,0.007380351135689774,0.0020206705736184544,0.09340782400991117,0.07657204120303197,0.00775443314772517,0.00775443314772517,0.009491153152767927,0.009490994778304831,0.00834575793641101,0.00834575793641101,0.006569346055376703,0.0065688148338766995,0.00775443314772517,0.00775443314772517,0.007255701358964572,0.007409743271456051,0.007380351135689774,0.007380351135689774,0.005265945313370795,0.005354404362660802,0.595324665502282,0.5027451692862464,0.007501997235907997,0.007501997235907997,0.00725884801026591,0.0072589646521223124,0.005314068973562585,0.005520722253095651,0.6172890755454383,0.5093130584568294
P24P27dW,45.0,0.0946107200225651,0.0011797596562419224,0.006775766518173172,0.00380260455551821,0.0017780997404580662,0.0017780997404580662,0.0014725526813588556,0.0022804706106923558,0.0022804706106923558,0.001422653742797768,0.002465249576229718,0.0024655650254914096,0.0014725526813588556,0.0014725526813588556,0.0009817580494786583,0.0010292995706563351,0.280599378312829,0.20939651956670796,0.001959660162623051,0.0019600579542239354,0.0011797596562419224,0.006775766518173172,0.00380260455551821,0.0026794806443336803,0.0026794806443336803,0.002630084849384817,0.0026277245864039954,0.0025701533215342492,0.0025701533215342492,0.002035840096552203,0.002035931815106304,0.0026794806443336803,0.0026794806443336803,0.0018545490893157402,0.0018425657532350444,0.0019600579542239354,0.0019600579542239354,0.0009817580494786583,0.0010292995706563351,0.280599378312829,0.20939651956670796,0.0022804706106923558,0.0022804706106923558,0.002465249576229718,0.0024655650254914096,0.0010052597272695737,0.0010461146589629366,0.25244767680090324,0.12015054727796791
SP05P08b,64.0,0.017420965837211883,0.0034988503013158047,0.11101361677594672,0.1047533062712903,0.01133394205960941,0.01133394205960941,0.004506289457201361,0.009555925737032296,0.009555925737032296,0.003992761205056936,0.011939906007843112,0.011938709365536293,0.004506289457201361,0.004506289457201361,0.00751192945651672,0.007895477830754796,0.568116036807215,0.5499133659439235,0.011975041913126688,0.011973467070141023,0.0034988503013158047,0.11101361677594672,0.1047533062712903,0.012348132456088585,0.012348132456088585,0.010886389382643134,0.010885103512936698,0.010121151035956344,0.010121151035956344,0.010391758355202537,0.010391889748870327,0.012348132456088585,0.012348132456088585,0.011482720274792347,0.010631571815193724,0.011973467070141023,0.011973467070141023,0.00751192945651672,0.007895477830754796,0.568116036807215,0.5499133659439235,0.009555925737032296,0.009555925737032296,0.011939906007843112,0.011938709365536293,0.006938677079185577,0.0075982563745843525,0.5609826713277967,0.5345992668129017
SP05P08c,64.0,0.03197436485652098,0.002725937811705764,0.14118059136407177,0.11345905919873049,0.016592996047315022,0.016592996047315022,0.005275273582718282,0.011775329688320233,0.011775329688320233,0.003569479875995689,0.01622273094304228,0.01623134894160099,0.005275273582718282,0.005275273582718282,0.011528536155213038,0.01168201957635631,0.5870866443273137,0.5572249259365303,0.016804595555323196,0.01682085238330618,0.002725937811705764,0.14118059136407177,0.11345905919873049,0.017936039468688075,0.017936039468688075,0.011693061053790166,0.011697072976981773,0.013274789683699264,0.013274789683699264,0.014728959467831534,0.014725401591646096,0.017936039468688075,0.017936039468688075,0.016060021341846586,0.015148283998371339,0.01682085238330618,0.01682085238330618,0.011528536155213038,0.01168201957635631,0.5870866443273137,0.5572249259365303,0.011775329688320233,0.011775329688320233,0.01622273094304228,0.01623134894160099,0.011606314497083168,0.011994821976785735,0.5892396973843368,0.5459616078479297
SP09P12d,64.0,0.02230624283866186,0.0029182307360521714,0.11630492271470519,0.09651552521522819,0.01736514150118359,0.01736514150118359,0.007548221325912322,0.013668084023426797,0.013668084023426797,0.003955732817919092,0.015815196528220946,0.015815168585425917,0.007548221325912322,0.007548221325912322,0.014296733125788543,0.014572252462890345,0.5324455922416297,0.4659302277670768,0.01733034505145491,0.017325802050577918,0.0029182307360521714,0.11630492271470519,0.09651552521522819,0.017262683462235747,0.017262683462235747,0.013879815606295977,0.013862707063094854,0.014181600194755287,0.014181600194755287,0.015660153066452617,0.015660245060501374,0.017262683462235747,0.017262683462235747,0.016722750807663906,0.01642599267124628,0.017325802050577918,0.017325802050577918,0.014296733125788543,0.014572252462890345,0.5324455922416297,0.4659302277670768,0.013668084023426797,0.013668084023426797,0.015815196528220946,0.015815168585425917,0.013489655092075687,0.013983857621113163,0.5269995833485981,0.45971022370090825
SP16P19d,64.0,0.06051858534601175,0.002472230138453123,0.20013484638002638,0.16428404927432388,0.015628198197655315,0.015628198197655315,0.004278707442661275,0.009361122314701202,0.009361122314701202,0.0030391539839711313,0.01567733519681317,0.01567730329736561,0.004278707442661275,0.004278707442661275,0.009463424502093507,0.01090811459435224,0.603216699788063,0.5661148360552877,0.01650990671760732,0.016510621095410245,0.002472230138453123,0.20013484638002638,0.16428404927432388,0.016453104328444317,0.016453104328444317,0.01043361549368567,0.010433654103785226,0.010595319940837882,0.010595319940837882,0.013833113513684742,0.013956477748721807,0.016453104328444317,0.016453104328444317,0.01581271224950557,0.013962773730562459,0.016510621095410245,0.016510621095410245,0.009463424502093507,0.01090811459435224,0.603216699788063,0.5661148360552877,0.009361122314701202,0.009361122314701202,0.01567733519681317,0.01567730329736561,0.009000400232072136,0.009739499410644158,0.6004100968350216,0.5598177706073716
SP28P31d,64.0,0.033946047625193515,0.0031848563589954334,0.14395937847872214,0.10762435894234665,0.016951803459806864,0.016951803459806864,0.006152219345420721,0.010499484610944243,0.010499484610944243,0.004485052029460611,0.014162917938841316,0.014163221609993892,0.006152219345420721,0.006152219345420721,0.010996401247350185,0.011082095767524024,0.5595418630432505,0.5482537765503829,0.017376328126258157,0.01737690632213602,0.0031848563589954334,0.14395937847872214,0.10762435894234665,0.017316873344293545,0.017316873344293545,0.011858700120299675,0.011958622250980107,0.011796515136355705,0.011796515136355705,0.013581436769985526,0.013582759173639939,0.017316873344293545,0.017316873344293545,0.01638922834045047,0.015769185264936543,0.01737690632213602,0.01737690632213602,0.010996401247350185,0.011082095767524024,0.5595418630432505,0.5482537765503829,0.010499484610944243,0.010499484610944243,0.014162917938841316,0.014163221609993892,0.009909167692112761,0.010011492557712293,0.5416562721075507,0.5291819680078419
SP36P38a,64.0,0.030940778584692418,0.002363335412600269,0.12600489353742,0.09636723273054877,0.0186344283567943,0.0186344283567943,0.005500648821445091,0.0137397453601653,0.0137397453601653,0.0032371764797155898,0.01854122336012265,0.018541702777341948,0.005500648821445091,0.005500648821445091,0.011615801510239476,0.012502949978839276,0.5845299127143003,0.5539062522782088,0.02001722068755903,0.02000521382090201,0.002363335412600269,0.12600489353742,0.09636723273054877,0.022808231642100395,0.022808231642100395,0.014784314572719767,0.014766999536274578,0.014352678363386322,0.014352678363386322,0.01719934185603677,0.017213072344411412,0.022808231642100395,0.022808231642100395,0.01860125201552313,0.01642761062424349,0.02000521382090201,0.02000521382090201,0.011615801510239476,0.012502949978839276,0.5845299127143003,0.5539062522782088,0.0137397453601653,0.0137397453601653,0.01854122336012265,0.018541702777341948,0.0108519473696291,0.011264338514452885,0.5628187232633932,0.5415173608842538
UL000081,193.0,0.02292838887434706,0.0057299351930968105,0.08123647942102336,0.06486210458894293,0.011013733527695971,0.011013733527695971,0.0058415706552784824,0.00951127201254746,0.00951127201254746,0.00561770322418382,0.011114331934078774,0.011112871254441043,0.0058415706552784824,0.0058415706552784824,0.01021894646203459,0.010390083814310969,0.7888201225738644,0.7257207532909984,0.010922694999164576,0.010919375768274096,0.0057299351930968105,0.08123647942102336,0.06486210458894293,0.011184623567601347,0.011184623567601347,0.009164715174358507,0.009166800734355652,0.00956001467073312,0.00956001467073312,0.01076110163558185,0.010761298388584754,0.011184623567601347,0.011184623567601347,0.010871622663971504,0.010462450396455249,0.010919375768274096,0.010919375768274096,0.01021894646203459,0.010390083814310969,0.7888201225738644,0.7257207532909984,0.00951127201254746,0.00951127201254746,0.011114331934078774,0.011112871254441043,0.010280983338931167,0.010390729640612741,0.7993933106225183,0.7271366849577774
UL000083,176.0,0.06758800762694532,0.10029774220212367,0.29046566794734624,0.27187319122658904,0.007243353432677422,0.007243353432677422,0.24041014922925255,0.006901849554903442,0.006901849554903442,0.10742652651373165,0.007536983549397386,0.007536013954444426,0.24041014922925255,0.24041014922925255,0.006237835220913513,0.005858752137526731,0.8143202935094767,0.6398841952103702,0.007239247067440627,0.0072392755661448704,0.10029774220212367,0.29046566794734624,0.27187319122658904,0.008457942606852516,0.008457942606852516,0.006847493101507044,0.006847374894873421,0.006958061753337796,0.006958061753337796,0.007223088992567248,0.007223101984669648,0.008457942606852516,0.008457942606852516,0.007119620267819707,0.006438282855167363,0.0072392755661448704,0.0072392755661448704,0.006237835220913513,0.005858752137526731,0.8143202935094767,0.6398841952103702,0.006901849554903442,0.006901849554903442,0.007536983549397386,0.007536013954444426,0.0063648395401949285,0.006112090333760396,0.8319875573001344,0.6413195544595391
UL000087,192.0,0.01569484060574414,0.0057215296594584596,0.12603231309691676,0.09787828429982394,0.010806950590487883,0.010806950590487883,0.006127223252168942,0.008905728081190133,0.008905728081190133,0.005927360029799745,0.011449036764497341,0.011453928161674955,0.006127223252168942,0.006127223252168942,0.009012112313281148,0.009220046723075855,0.8020598983669153,0.740630255848585,0.010570447274967283,0.010570861148139982,0.0057215296594584596,0.12603231309691676,0.09787828429982394,0.011241949355117872,0.011241949355117872,0.008962440884136785,0.008962649039349513,0.008919516732210116,0.008919516732210116,0.010941461456785045,0.01094409321521548,0.011241949355117872,0.011241949355117872,0.010498849062871518,0.009759709634861648,0.010570861148139982,0.010570861148139982,0.009012112313281148,0.009220046723075855,0.8020598983669153,0.740630255848585,0.008905728081190133,0.008905728081190133,0.011449036764497341,0.011453928161674955,0.009359010930054519,0.009355354915329916,0.8091515706199451,0.7358244092028962
UL000089,777.0,0.11796428330224816,0.019887061481163367,0.19879808784752948,0.22418877138536694,0.016506878755059212,0.016506878755059212,0.020787584154081697,0.016465724388820824,0.016465724388820824,0.02044762305654354,0.016514478284686867,0.016514897770736264,0.020787584154081697,0.020787584154081697,0.016453033260017944,0.0164134340888365,0.9454428744058623,0.9239110452247101,0.016495258985512812,0.016503672881702115,0.019887061481163367,0.19879808784752948,0.22418877138536694,0.01650454974428929,0.01650454974428929,0.016468243493239824,0.016462134404681146,0.016465985172720098,0.016465985172720098,0.016498039288277144,0.01649791246302701,0.01650454974428929,0.01650454974428929,0.016495937349919595,0.01645550592170038,0.016503672881702115,0.016503672881702115,0.016453033260017944,0.0164134340888365,0.9454428744058623,0.9239110452247101,0.016465724388820824,0.016465724388820824,0.016514478284686867,0.016514897770736264,0.016440988385094373,0.016409457549569954,0.9458864420999101,0.9238624459235404
UL000091,193.0,0.028977512697592713,0.005647427696397726,0.07341641373762475,0.06333775008377066,0.00779903983846293,0.00779903983846293,0.0058424366338179256,0.0068728239977736225,0.0068728239977736225,0.0056944795100315115,0.008061925012883142,0.008062249971193883,0.0058424366338179256,0.0058424366338179256,0.006987776985367553,0.0068112107522043325,0.8084707455135676,0.7297777084750796,0.007639914484025656,0.007642130482122482,0.005647427696397726,0.07341641373762475,0.06333775008377066,0.008132399345695039,0.008132399345695039,0.00663926941959003,0.006639443087481771,0.006929736295296337,0.006929736295296337,0.007588279197880619,0.0075915131126867395,0.008132399345695039,0.008132399345695039,0.007654141900987075,0.007085350411079673,0.007642130482122482,0.007642130482122482,0.006987776985367553,0.0068112107522043325,0.8084707455135676,0.7297777084750796,0.0068728239977736225,0.0068728239977736225,0.008061925012883142,0.008062249971193883,0.007061817364667119,0.006946686331221171,0.8168050965096154,0.7337069382532931
UL000093,194.0,0.01733287156913041,0.007680907693602376,0.21250170621001793,0.20078496644303465,0.010401644124514074,0.010401644124514074,0.008468095575583819,0.00945403252108744,0.00945403252108744,0.007702198550559905,0.011147955776823431,0.011152734017965049,0.008468095575583819,0.008468095575583819,0.009144336198055771,0.009341149448630516,0.7924760539077763,0.7257767916975516,0.010356913265885186,0.010354685739827006,0.007680907693602376,0.21250170621001793,0.20078496644303465,0.011129955864947843,0.011129955864947843,0.009294796540198663,0.009294693468578221,0.009519644879361317,0.009519644879361317,0.010518453932803668,0.010515552171754221,0.011129955864947843,0.011129955864947843,0.010314881668560648,0.009700270810134607,0.010354685739827006,0.010354685739827006,0.009144336198055771,0.009341149448630516,0.7924760539077763,0.7257767916975516,0.00945403252108744,0.00945403252108744,0.011147955776823431,0.011152734017965049,0.009346435510052488,0.009577088568711084,0.7898985132772143,0.7188248172290861
UL000095,192.0,0.018166658235291285,0.005898246367097761,0.06535236201814137,0.05052743983945863,0.011101659815524858,0.011101659815524858,0.006201091863878229,0.010054847086402596,0.010054847086402596,0.0060302399073631436,0.011808272799573596,0.011806953579401846,0.006201091863878229,0.006201091863878229,0.009668117297231939,0.00953119792462981,0.7882002044372513,0.6717489536606825,0.010935274084097826,0.01095235520606059,0.005898246367097761,0.06535236201814137,0.05052743983945863,0.01145963530298505,0.01145963530298505,0.009982087428115734,0.009979442875617354,0.010028615956012333,0.010028615956012333,0.011096387371443138,0.011097645047974246,0.01145963530298505,0.01145963530298505,0.010873715747448436,0.009963027575040135,0.01095235520606059,0.01095235520606059,0.009668117297231939,0.00953119792462981,0.7882002044372513,0.6717489536606825,0.010054847086402596,0.010054847086402596,0.011808272799573596,0.011806953579401846,0.009787583389216876,0.009615474369186795,0.7681580281817938,0.6560832402952878
UL000097,192.0,0.020193072718318085,0.005896714651143109,0.10165654310862259,0.06981319415289065,0.014384496443425031,0.014384496443425031,0.006267750021487377,0.011619530332878505,0.011619530332878505,0.00605129680211652,0.014102355551061305,0.0141030425670575,0.006267750021487377,0.006267750021487377,0.011174510981319928,0.011161990473860413,0.7552663119031678,0.6769298381970578,0.014106111097362609,0.014107192210518664,0.005896714651143109,0.10165654310862259,0.06981319415289065,0.014022143918404228,0.014022143918404228,0.011496720760999668,0.011495793307652609,0.011648298283212013,0.011648298283212013,0.013911109041994316,0.013915231534582602,0.014022143918404228,0.014022143918404228,0.014098740942947366,0.012118197870176017,0.014107192210518664,0.014107192210518664,0.011174510981319928,0.011161990473860413,0.7552663119031678,0.6769298381970578,0.011619530332878505,0.011619530332878505,0.014102355551061305,0.0141030425670575,0.011172586832095509,0.010965498410405628,0.7561800060498114,0.6803903816288996
UL000579,226.0,0.0901444300323519,0.008454803199487928,0.5584849515915722,0.5272468330408087,0.006511030648204989,0.006511030648204989,0.012210710134813334,0.006351783409024702,0.006351783409024702,0.00933723511289338,0.007134449313204307,0.007142594318956554,0.012210710134813334,0.012210710134813334,0.005706105606318149,0.0056798708774552925,0.8569212519104001,0.7197361325050807,0.006251249041206839,0.006241873936488608,0.008454803199487928,0.5584849515915722,0.5272468330408087,0.007208733467317716,0.007208733467317716,0.005981920636089597,0.005984958447735543,0.0063152172492895705,0.0063152172492895705,0.006369759447005971,0.006372646676949426,0.007208733467317716,0.007208733467317716,0.006219898441237724,0.005952807404508851,0.006241873936488608,0.006241873936488608,0.005706105606318149,0.0056798708774552925,0.8569212519104001,0.7197361325050807,0.006351783409024702,0.006351783409024702,0.007134449313204307,0.007142594318956554,0.005823281323081311,0.005596873179180287,0.8267062170141801,0.7160361425699666
UL000581,228.0,0.08554416502340145,0.009841160817216083,0.2704947221627542,0.25264521717941857,0.007480590758586081,0.007480590758586081,0.01152447120011138,0.006464277552759175,0.006464277552759175,0.010530897474103655,0.007781808377058018,0.007781660388083088,0.01152447120011138,0.01152447120011138,0.006230181879168019,0.005948799173112323,0.8767202840803444,0.710280521798984,0.007009065550442504,0.007009344102154443,0.009841160817216083,0.2704947221627542,0.25264521717941857,0.007677945032954747,0.007677945032954747,0.0059485334348304275,0.005947807665605433,0.006472315559108733,0.006472315559108733,0.007373999045476485,0.007375333521395061,0.007677945032954747,0.007677945032954747,0.006974280764677609,0.006337292451116771,0.007009344102154443,0.007009344102154443,0.006230181879168019,0.005948799173112323,0.8767202840803444,0.710280521798984,0.006464277552759175,0.006464277552759175,0.007781808377058018,0.007781660388083088,0.0064600973336212545,0.006034070042903502,0.8665222072514597,0.7080177192143242
UL000585,192.0,0.03335973610267269,0.006053659140067739,0.07241147336475365,0.049077110922902435,0.006266795268423042,0.006266795268423042,0.00816414502971726,0.005738063036488346,0.005738063036488346,0.0064793110453538584,0.006897834435098746,0.00690927264687284,0.00816414502971726,0.00816414502971726,0.005049751601767501,0.0050515639407822934,0.7800066494738096,0.6464990977540336,0.006047436391537057,0.006048005975143479,0.006053659140067739,0.07241147336475365,0.049077110922902435,0.007194225870336728,0.007194225870336728,0.005586161367631611,0.005594401481582834,0.005754224846959464,0.005754224846959464,0.006241283090417656,0.006242136042019714,0.007194225870336728,0.007194225870336728,0.005992047114024987,0.005507261736640807,0.006048005975143479,0.006048005975143479,0.005049751601767501,0.0050515639407822934,0.7800066494738096,0.6464990977540336,0.005738063036488346,0.005738063036488346,0.006897834435098746,0.00690927264687284,0.005308134875061966,0.0052365714963573855,0.785599383058185,0.6481408325396322
UL000587,551.0,0.1751549726931627,0.014580507773738021,0.5426638679760158,0.5051793640469218,0.012692824164687703,0.012692824164687703,0.015611034686235715,0.012500078600470178,0.012500078600470178,0.01548274386566936,0.012738048038993541,0.012737476676343543,0.015611034686235715,0.015611034686235715,0.012364980486359126,0.012109256273569053,0.9765461610068332,0.889500270645368,0.01259399461178537,0.01259940459629975,0.014580507773738021,0.5426638679760158,0.5051793640469218,0.012705622508549418,0.012705622508549418,0.012378298916784514,0.012380979340713593,0.012488866745884506,0.012488866745884506,0.012564326990128973,0.012563777511435562,0.012705622508549418,0.012705622508549418,0.012556696755666783,0.012248368325647591,0.01259940459629975,0.01259940459629975,0.012364980486359126,0.012109256273569053,0.9765461610068332,0.889500270645368,0.012500078600470178,0.012500078600470178,0.012738048038993541,0.012737476676343543,0.012372620368201137,0.012086255114583794,0.9767616412078579,0.8878461769856814
UL000593,192.0,0.03400567161508631,0.006614482850460401,0.19749938714110912,0.16951683286819327,0.006532569086676729,0.006532569086676729,0.007935040457860186,0.006107801717928257,0.006107801717928257,0.006890211688904485,0.007406059626083673,0.007406203082724424,0.007935040457860186,0.007935040457860186,0.005497328037546508,0.0055699358988278306,0.8263149184533085,0.6403750502666842,0.0064992839324661,0.006498729009366113,0.006614482850460401,0.19749938714110912,0.16951683286819327,0.007525938752452009,0.007525938752452009,0.005801183193162051,0.005800740256269989,0.006122599263760759,0.006122599263760759,0.006919535238637437,0.006916909757192477,0.007525938752452009,0.007525938752452009,0.006466192897701108,0.006061537154645083,0.006498729009366113,0.006498729009366113,0.005497328037546508,0.0055699358988278306,0.8263149184533085,0.6403750502666842,0.006107801717928257,0.006107801717928257,0.007406059626083673,0.007406203082724424,0.0058213303302676106,0.005694121407485942,0.8174041653261163,0.6370570263958154
UL000599,524.0,0.1390850352024223,0.015015937301685978,0.21677524460259776,0.22404099073023914,0.013028315881610124,0.013028315881610124,0.01639758566552766,0.012745311262952867,0.012745311262952867,0.015827755026571272,0.01305861149759694,0.013059368530805809,0.01639758566552766,0.01639758566552766,0.012421338107492175,0.01193445574722938,0.9942899361233636,0.8974401483163144,0.012891212109651618,0.012891696363553503,0.015015937301685978,0.21677524460259776,0.22404099073023914,0.013035141622112523,0.013035141622112523,0.012601838593806564,0.012601065289306866,0.012740219863147967,0.012740219863147967,0.01287791583199895,0.012878742383048472,0.013035141622112523,0.013035141622112523,0.012792234318165317,0.012165482894433489,0.012891696363553503,0.012891696363553503,0.012421338107492175,0.01193445574722938,0.9942899361233636,0.8974401483163144,0.012745311262952867,0.012745311262952867,0.01305861149759694,0.013059368530805809,0.01245804163839849,0.011957741833162271,0.9944583966245832,0.8997062759335083
UL001641,192.0,0.01777142060159066,0.005464634722256791,0.04533778376270874,0.039937212107997826,0.011658189984483444,0.011658189984483444,0.005662174363215255,0.010004829760293274,0.010004829760293274,0.005463318648791414,0.011894590966843706,0.011895591123221486,0.005662174363215255,0.005662174363215255,0.010125307337446219,0.00990666363221055,0.7584370875701433,0.6725617740158712,0.011627022998875072,0.011626395276235803,0.005464634722256791,0.04533778376270874,0.039937212107997826,0.011977404463017862,0.011977404463017862,0.009947814748771064,0.00994262432781448,0.009998255811051064,0.009998255811051064,0.0116317886368447,0.011633051301724581,0.011977404463017862,0.011977404463017862,0.011550078015084975,0.010420494989210737,0.011626395276235803,0.011626395276235803,0.010125307337446219,0.00990666363221055,0.7584370875701433,0.6725617740158712,0.010004829760293274,0.010004829760293274,0.011894590966843706,0.011895591123221486,0.010121677877296033,0.009905236148871064,0.7593613445825587,0.6669774001193786
UL001643,192.0,0.019223319067704255,0.005602087906126472,0.04075910495363481,0.045343727932548865,0.011038860222922555,0.011038860222922555,0.005970831425584427,0.009785249001088762,0.009785249001088762,0.005714719092569643,0.01134652154557496,0.011354152249538766,0.005970831425584427,0.005970831425584427,0.009941753905172695,0.009984303465452291,0.7593336563282241,0.703895179313823,0.010851525419801633,0.010851685736007996,0.005602087906126472,0.04075910495363481,0.045343727932548865,0.011410626015953315,0.011410626015953315,0.009605467550422778,0.009590072501741124,0.009814830477943307,0.009814830477943307,0.01089342090701819,0.010896055655789555,0.011410626015953315,0.011410626015953315,0.010835694421428498,0.01016996720610857,0.010851685736007996,0.010851685736007996,0.009941753905172695,0.009984303465452291,0.7593336563282241,0.703895179313823,0.009785249001088762,0.009785249001088762,0.01134652154557496,0.011354152249538766,0.010073503022318275,0.010138085604102275,0.7561713547784095,0.6912657676705657
UL001645,192.0,0.020236496802288954,0.005563526038678888,0.05453034648888158,0.04591776850887641,0.010369925577973588,0.010369925577973588,0.005993891363915461,0.00971956166666125,0.00971956166666125,0.005758711378910478,0.010696773241070587,0.010696262457821381,0.005993891363915461,0.005993891363915461,0.009464488460613802,0.009551910062099126,0.7664127153137463,0.6828363979772999,0.010221636591560695,0.010224077429407775,0.005563526038678888,0.05453034648888158,0.04591776850887641,0.010791856814446209,0.010791856814446209,0.00937585228247166,0.009376971770885013,0.00969386450949593,0.00969386450949593,0.010369048884298493,0.010375642046503217,0.010791856814446209,0.010791856814446209,0.010172215886855877,0.009626805262815088,0.010224077429407775,0.010224077429407775,0.009464488460613802,0.009551910062099126,0.7664127153137463,0.6828363979772999,0.00971956166666125,0.00971956166666125,0.010696773241070587,0.010696262457821381,0.009681026155579241,0.009638530931569564,0.7719452414583537,0.6886876451664019
UL001647,192.0,0.017378491463946676,0.005318889571448256,0.05569253130944254,0.05151017121189602,0.011119101547420131,0.011119101547420131,0.005686338440878115,0.009965114755145813,0.009965114755145813,0.005467339786345112,0.01153021087467636,0.011529789763773843,0.005686338440878115,0.005686338440878115,0.01000206411702957,0.010043825977997942,0.7408641795152687,0.7144198671157879,0.010911546014080233,0.0109166278848752,0.005318889571448256,0.05569253130944254,0.05151017121189602,0.011680294089166397,0.011680294089166397,0.009924436306095461,0.00992155203872274,0.010028192324437822,0.010028192324437822,0.011143742879740516,0.011148870552014231,0.011680294089166397,0.011680294089166397,0.010858558096778098,0.010294030127807321,0.0109166278848752,0.0109166278848752,0.01000206411702957,0.010043825977997942,0.7408641795152687,0.7144198671157879,0.009965114755145813,0.009965114755145813,0.01153021087467636,0.011529789763773843,0.010156239824850885,0.010156063990629639,0.7366664999415753,0.6962247860825804
UL001649,192.0,0.018650673706063964,0.005155859860217196,0.065677245804117,0.052107966166887586,0.011689175128638039,0.011689175128638039,0.00547787520891761,0.010370506640688622,0.010370506640688622,0.005241308573648158,0.012515172347721717,0.012516067115261856,0.00547787520891761,0.00547787520891761,0.01009489483988067,0.010019279822115701,0.7555340230185319,0.7281345757981975,0.011664793358369419,0.011665315652719034,0.005155859860217196,0.065677245804117,0.052107966166887586,0.01234480760237505,0.01234480760237505,0.010198061175660059,0.010199922332832156,0.010378566179490277,0.010378566179490277,0.011998833799092242,0.0119998609493659,0.01234480760237505,0.01234480760237505,0.011596919585645701,0.010574376979171572,0.011665315652719034,0.011665315652719034,0.01009489483988067,0.010019279822115701,0.7555340230185319,0.7281345757981975,0.010370506640688622,0.010370506640688622,0.012515172347721717,0.012516067115261856,0.01034351557228613,0.010347835322566461,0.7438312336412404,0.7007834857175483
UL001651,192.0,0.017217609964438243,0.005182769231143538,0.1300783295881474,0.0963060529368945,0.011257054170614027,0.011257054170614027,0.00543283084523053,0.009398699792870264,0.009398699792870264,0.00531632051719481,0.01159403330818576,0.01159174983415072,0.00543283084523053,0.00543283084523053,0.009713275790641168,0.009534832481041847,0.7844927080708396,0.7281498156843224,0.011132136054388517,0.011142112780685741,0.005182769231143538,0.1300783295881474,0.0963060529368945,0.011637469611083954,0.011637469611083954,0.009392167514579912,0.009389127188648904,0.009434484809072044,0.009434484809072044,0.010825793602943152,0.010828239981277498,0.011637469611083954,0.011637469611083954,0.011121913272656547,0.010041595844122992,0.011142112780685741,0.011142112780685741,0.009713275790641168,0.009534832481041847,0.7844927080708396,0.7281498156843224,0.009398699792870264,0.009398699792870264,0.01159403330818576,0.01159174983415072,0.009880581313463341,0.009629279978409932,0.7896254924929087,0.7324803669708584
UL001653,192.0,0.017461851770432066,0.005210628678221112,0.06415781282355211,0.05041477840741814,0.014195665098418651,0.014195665098418651,0.005527307253601621,0.011320225036045342,0.011320225036045342,0.005383445826460832,0.014068361979292952,0.014065924620612721,0.005527307253601621,0.005527307253601621,0.010832419868786419,0.010866510509364248,0.7570757300442345,0.6893310647214824,0.014085118601905847,0.014090579991599348,0.005210628678221112,0.06415781282355211,0.05041477840741814,0.013982261009781087,0.013982261009781087,0.011528376705818827,0.011527922716639237,0.011444070784815364,0.011444070784815364,0.013690424835907813,0.013685349579972798,0.013982261009781087,0.013982261009781087,0.013978928618125499,0.011731078906719166,0.014090579991599348,0.014090579991599348,0.010832419868786419,0.010866510509364248,0.7570757300442345,0.6893310647214824,0.011320225036045342,0.011320225036045342,0.014068361979292952,0.014065924620612721,0.010694346421065946,0.01071052141499742,0.7569988848899559,0.6905010809713512
UL001655,192.0,0.01748194360106924,0.0053455235328771986,0.05394672122177707,0.045766744814828376,0.01252987024256038,0.01252987024256038,0.0056697433123229675,0.011040538714626,0.011040538714626,0.005415300571932097,0.013320064809887544,0.013318396551161543,0.0056697433123229675,0.0056697433123229675,0.010237838092907752,0.010201550301065938,0.7380453936701613,0.6346183436556126,0.01253234262506721,0.012536562662482958,0.0053455235328771986,0.05394672122177707,0.045766744814828376,0.013457526812852637,0.013457526812852637,0.011186553082206306,0.01118516993645592,0.010981526452890607,0.010981526452890607,0.012775636791626644,0.012774102185373568,0.013457526812852637,0.013457526812852637,0.012419033669920526,0.01106719509366824,0.012536562662482958,0.012536562662482958,0.010237838092907752,0.010201550301065938,0.7380453936701613,0.6346183436556126,0.011040538714626,0.011040538714626,0.013320064809887544,0.013318396551161543,0.010561543872885722,0.010567450592550182,0.7538591837535017,0.6542677698609565
UL001665,192.0,0.016902762019667214,0.0055541415120989686,0.052527180208722025,0.04471071136876201,0.011865033475146362,0.011865033475146362,0.005688386313823138,0.01008418291116156,0.01008418291116156,0.005559953223604697,0.012626823711401912,0.012623944442765725,0.005688386313823138,0.005688386313823138,0.009923295791364356,0.009847022284772921,0.7780965200306786,0.7129734021289468,0.011558032008533822,0.01153958505406284,0.0055541415120989686,0.052527180208722025,0.04471071136876201,0.012432675079073812,0.012432675079073812,0.009798610788669369,0.009797515620120224,0.009998664280320967,0.009998664280320967,0.011820722577446154,0.011816390576359007,0.012432675079073812,0.012432675079073812,0.011338229689472725,0.010241876128884086,0.01153958505406284,0.01153958505406284,0.009923295791364356,0.009847022284772921,0.7780965200306786,0.7129734021289468,0.01008418291116156,0.01008418291116156,0.012626823711401912,0.012623944442765725,0.010140190382749856,0.009981638025481781,0.7781433226190755,0.7081281236712201
UL001667,194.0,0.022834027099633503,0.005382748593546976,0.047042139063351515,0.0404329979058075,0.01093038662664949,0.01093038662664949,0.005411914065189795,0.009027939075059218,0.009027939075059218,0.0053945388265911175,0.011313478216189284,0.011308127621929752,0.005411914065189795,0.005411914065189795,0.008764241785927723,0.008637490395981884,0.8009799881155306,0.7264301436360382,0.010726568735588908,0.010735290186000553,0.005382748593546976,0.047042139063351515,0.0404329979058075,0.0116352946355115,0.0116352946355115,0.008762500455511085,0.008760680632659555,0.009073990935376613,0.009073990935376613,0.010534109472391539,0.010536046927258923,0.0116352946355115,0.0116352946355115,0.01066026799710319,0.0092872327781214,0.010735290186000553,0.010735290186000553,0.008764241785927723,0.008637490395981884,0.8009799881155306,0.7264301436360382,0.009027939075059218,0.009027939075059218,0.011313478216189284,0.011308127621929752,0.008935831042165398,0.008758982614173003,0.7952992665944091,0.7148645416042266
UL001669,192.0,0.028434349652357763,0.005182315383775602,0.037550298046199915,0.03316982986262503,0.012792305850071873,0.012792305850071873,0.00558068082270756,0.009863029168780181,0.009863029168780181,0.005308691687128099,0.012769747528090567,0.0127676493901945,0.00558068082270756,0.00558068082270756,0.010904817131777928,0.010736021018250786,0.7555413222921262,0.6672408330716325,0.012726188716926323,0.012723060432375782,0.005182315383775602,0.037550298046199915,0.03316982986262503,0.012983718967828607,0.012983718967828607,0.009691640387818239,0.00969028989228378,0.00983364724088086,0.00983364724088086,0.012398011519941297,0.012398015343484678,0.012983718967828607,0.012983718967828607,0.012734933965412884,0.01161780128359592,0.012723060432375782,0.012723060432375782,0.010904817131777928,0.010736021018250786,0.7555413222921262,0.6672408330716325,0.009863029168780181,0.009863029168780181,0.012769747528090567,0.0127676493901945,0.010930962463501823,0.010810575184117552,0.7621284314646117,0.6720904363418084
UL001671,192.0,0.01958471367085358,0.005615960122201761,0.10736376721777612,0.09074887645916097,0.01271744038071436,0.01271744038071436,0.00602807375320881,0.010803833953642756,0.010803833953642756,0.0057191032479714495,0.01261274415516199,0.012613471674137643,0.00602807375320881,0.00602807375320881,0.010477039308629385,0.010463174196614996,0.7469660797189787,0.6990865942247212,0.01256258275522617,0.012564324000169347,0.005615960122201761,0.10736376721777612,0.09074887645916097,0.012744436076241664,0.012744436076241664,0.010884884180934397,0.010882187240686509,0.010764467281911412,0.010764467281911412,0.012200964400205273,0.012200274002699072,0.012744436076241664,0.012744436076241664,0.01255887311493848,0.011163550673921004,0.012564324000169347,0.012564324000169347,0.010477039308629385,0.010463174196614996,0.7469660797189787,0.6990865942247212,0.010803833953642756,0.010803833953642756,0.01261274415516199,0.012613471674137643,0.01039688060126778,0.010442619949751824,0.7502213512120233,0.7059999740103572
UL001673,192.0,0.016632570139152574,0.005341141147346468,0.060576440881985695,0.05815728442711706,0.01205409682215664,0.01205409682215664,0.005657439537612501,0.0102140752086408,0.0102140752086408,0.0055438706341452365,0.012510644609457512,0.012509079207762707,0.005657439537612501,0.005657439537612501,0.010365518569808925,0.010464177450397493,0.758487779460494,0.7088436328704605,0.01209865549788123,0.012096826663847211,0.005341141147346468,0.060576440881985695,0.05815728442711706,0.012613019147838236,0.012613019147838236,0.010120976467446084,0.010129597971194395,0.010209140223582889,0.010209140223582889,0.011961304459338093,0.011961419362657965,0.012613019147838236,0.012613019147838236,0.011992548430053875,0.010829962725019578,0.012096826663847211,0.012096826663847211,0.010365518569808925,0.010464177450397493,0.758487779460494,0.7088436328704605,0.0102140752086408,0.0102140752086408,0.012510644609457512,0.012509079207762707,0.010573498078358556,0.010622260245047093,0.7586991438308619,0.6983697141610844
UL001675,192.0,0.019089236382389498,0.005711747585790738,0.0960994830980999,0.08732412896972987,0.010967074920704046,0.010967074920704046,0.005913044440643427,0.009247315110852949,0.009247315110852949,0.005723695966002328,0.011292469528308724,0.011289830525518693,0.005913044440643427,0.005913044440643427,0.009503118453876039,0.009680582784975805,0.7699151567476329,0.7139653013448659,0.01083419134197449,0.010831325997561682,0.005711747585790738,0.0960994830980999,0.08732412896972987,0.011223612399897345,0.011223612399897345,0.008811136303589722,0.008817420163306673,0.009243636722300554,0.009243636722300554,0.010715330275297419,0.010715730209804071,0.011223612399897345,0.011223612399897345,0.010727506732879402,0.009916368966261397,0.010831325997561682,0.010831325997561682,0.009503118453876039,0.009680582784975805,0.7699151567476329,0.7139653013448659,0.009247315110852949,0.009247315110852949,0.011292469528308724,0.011289830525518693,0.009543198214468415,0.00974493250498006,0.7692856977727994,0.6994075970183548
UL001677,192.0,0.0165937909824618,0.005394056927340849,0.06419749435307272,0.06369815892732332,0.010937366949136695,0.010937366949136695,0.005654209375872438,0.008958997325861452,0.008958997325861452,0.005495500848412248,0.011012252167918686,0.01101075875467608,0.005654209375872438,0.005654209375872438,0.009776605636707791,0.009680941654025011,0.7554519281237128,0.7174303297196164,0.010860752293767132,0.010864123851719443,0.005394056927340849,0.06419749435307272,0.06369815892732332,0.011125781332542736,0.011125781332542736,0.008800025810094328,0.0088013135159146,0.00899200729478507,0.00899200729478507,0.010512648002644403,0.010513477423784742,0.011125781332542736,0.011125781332542736,0.01086409528905727,0.010089429373031786,0.010864123851719443,0.010864123851719443,0.009776605636707791,0.009680941654025011,0.7554519281237128,0.7174303297196164,0.008958997325861452,0.008958997325861452,0.011012252167918686,0.01101075875467608,0.009832220462178744,0.00973736955059291,0.7675808711930463,0.7179252654885273
UL001679,992.0,0.1701198582860757,0.024771464162869985,0.272741468679129,0.32757468939383777,0.02091776933104965,0.02091776933104965,0.0257305693401861,0.02094989531608741,0.02094989531608741,0.02550890866307029,0.020915808562497206,0.020915956126534088,0.0257305693401861,0.0257305693401861,0.020902516421009674,0.020835504096106145,0.9548912418641479,0.9348171125197008,0.020884519415838493,0.020903494570160674,0.024771464162869985,0.272741468679129,0.32757468939383777,0.020910648534475842,0.020910648534475842,0.02096228349572271,0.0209646840288654,0.020951958573714055,0.020951958573714055,0.020932793875846536,0.020932738784381764,0.020910648534475842,0.020910648534475842,0.02088381757501829,0.0208911156103229,0.020903494570160674,0.020903494570160674,0.020902516421009674,0.020835504096106145,0.9548912418641479,0.9348171125197008,0.02094989531608741,0.02094989531608741,0.020915808562497206,0.020915956126534088,0.020901224770009344,0.020835240121817804,0.9547076406441255,0.9332123645775162
UL001713,228.0,0.1283904586576664,0.006998999567109594,0.09834431134835092,0.09687770001439368,0.010364641087665128,0.010364641087665128,0.007289386639457091,0.0089443700270109,0.0089443700270109,0.007025960532108742,0.01078567402104707,0.010787469220571184,0.007289386639457091,0.007289386639457091,0.009166197315566673,0.008982611173311313,0.81165436176348,0.6906906150047325,0.01015689708810025,0.010161664277668812,0.006998999567109594,0.09834431134835092,0.09687770001439368,0.010901784672648383,0.010901784672648383,0.008780434499512775,0.008779401008053026,0.008947507139552667,0.008947507139552667,0.010292417238865332,0.010292150726226763,0.010901784672648383,0.010901784672648383,0.010155011360986881,0.009353930982553705,0.010161664277668812,0.010161664277668812,0.009166197315566673,0.008982611173311313,0.81165436176348,0.6906906150047325,0.0089443700270109,0.0089443700270109,0.01078567402104707,0.010787469220571184,0.009310536045672028,0.009037628051134877,0.8123886867981751,0.6895013294472166
UL001717,226.0,0.05691777801336997,0.036617751291337146,0.3599854158457249,0.3162489784175766,0.008714415744199544,0.008714415744199544,0.09251232923218379,0.007534007856457923,0.007534007856457923,0.03886559982999729,0.009280173276881515,0.00928245406905724,0.09251232923218379,0.09251232923218379,0.0077090056675403786,0.007336622266947048,0.8068710872044127,0.698723198847408,0.008687258192119811,0.008688423134159379,0.036617751291337146,0.3599854158457249,0.3162489784175766,0.010014741392965968,0.010014741392965968,0.007452290802643405,0.007453281585985136,0.00761888630866252,0.00761888630866252,0.00889684272765826,0.008895334553211233,0.010014741392965968,0.010014741392965968,0.00864140234585675,0.007744576434926297,0.008688423134159379,0.008688423134159379,0.0077090056675403786,0.007336622266947048,0.8068710872044127,0.698723198847408,0.007534007856457923,0.007534007856457923,0.009280173276881515,0.00928245406905724,0.008091478029870754,0.0077295591624493235,0.8112413035516055,0.6971673231991855
UL001719,207.0,0.11632638355632258,0.0059147858875803335,0.34663540651702124,0.30452684274307085,0.010848407681252432,0.010848407681252432,0.006837443752567439,0.009652404424057386,0.009652404424057386,0.006018222998038449,0.011649979249452514,0.011642735200279393,0.006837443752567439,0.006837443752567439,0.00911328033621752,0.008937532297122078,0.7488335428359294,0.6344404665569621,0.010806216721760489,0.010800831036941334,0.0059147858875803335,0.34663540651702124,0.30452684274307085,0.011917546303863125,0.011917546303863125,0.009704961138837112,0.009702361614729628,0.009681086180204239,0.009681086180204239,0.011116876424546934,0.011114118564550675,0.011917546303863125,0.011917546303863125,0.010680060988493612,0.009563717876852436,0.010800831036941334,0.010800831036941334,0.00911328033621752,0.008937532297122078,0.7488335428359294,0.6344404665569621,0.009652404424057386,0.009652404424057386,0.011649979249452514,0.011642735200279393,0.009429974400580318,0.009225214737228798,0.7481406375115992,0.6355877335885253
UL001765,193.0,0.01606770200556243,0.005632635566181886,0.08003270709059192,0.05850642214533801,0.011351716872857057,0.011351716872857057,0.005969053458149041,0.009449584165566198,0.009449584165566198,0.005840296874013345,0.011912002680253426,0.011901415009342576,0.005969053458149041,0.005969053458149041,0.009621425320952082,0.00937770412612593,0.7873194238025503,0.7091702219399358,0.011110645252881614,0.011112390318237067,0.005632635566181886,0.08003270709059192,0.05850642214533801,0.011955356818015291,0.011955356818015291,0.009418414967774775,0.009426809300702166,0.009427032401732819,0.009427032401732819,0.011446857007471037,0.011449701160742112,0.011955356818015291,0.011955356818015291,0.010994950642046699,0.009719685608356841,0.011112390318237067,0.011112390318237067,0.009621425320952082,0.00937770412612593,0.7873194238025503,0.7091702219399358,0.009449584165566198,0.009449584165566198,0.011912002680253426,0.011901415009342576,0.009811636482151581,0.009494159707764089,0.7807208082796779,0.7008778798023807
UL001769,194.0,0.022291005736899447,0.0057871300902551095,0.07799475672069422,0.05769925876178638,0.012091450452218253,0.012091450452218253,0.00587501205326839,0.009897891016079602,0.009897891016079602,0.005716989873727467,0.01252530052056396,0.012522807852725555,0.00587501205326839,0.00587501205326839,0.010083867399648823,0.009956421259204184,0.7763226675181698,0.7160341481474819,0.01189631878058183,0.011892606118989587,0.0057871300902551095,0.07799475672069422,0.05769925876178638,0.012400133837373352,0.012400133837373352,0.009641338404160081,0.009645738471445472,0.009958863022148464,0.009958863022148464,0.011757702575470902,0.011763066073658639,0.012400133837373352,0.012400133837373352,0.011772405230842662,0.010528473963433482,0.011892606118989587,0.011892606118989587,0.010083867399648823,0.009956421259204184,0.7763226675181698,0.7160341481474819,0.009897891016079602,0.009897891016079602,0.01252530052056396,0.012522807852725555,0.01027183567664637,0.010080999117110911,0.7760355122288072,0.7134939391697945
UL001771,192.0,0.023428408219703906,0.005520832036755668,0.18958866163418156,0.145781032510098,0.011887501803406557,0.011887501803406557,0.006034366168661272,0.009842604522311305,0.009842604522311305,0.0056277014495141236,0.011945851221250546,0.011950706441802648,0.006034366168661272,0.006034366168661272,0.009862242032003008,0.009755548089405361,0.7747427011167877,0.7109571920139044,0.011434461637192838,0.011437226776043202,0.005520832036755668,0.18958866163418156,0.145781032510098,0.012056979851148251,0.012056979851148251,0.00936194360864084,0.009370200707957526,0.009867705140642433,0.009867705140642433,0.011311311563503687,0.011312012576677218,0.012056979851148251,0.012056979851148251,0.011403476895332132,0.010152753834517489,0.011437226776043202,0.011437226776043202,0.009862242032003008,0.009755548089405361,0.7747427011167877,0.7109571920139044,0.009842604522311305,0.009842604522311305,0.011945851221250546,0.011950706441802648,0.009980694991316895,0.010015603246180609,0.7798246111870145,0.7080333034171447
UL001781,320.0,0.042144223912326764,0.008435973063506056,0.07827061445945757,0.08078511390002327,0.010445764143938933,0.010445764143938933,0.008722055402380826,0.009184665483167428,0.009184665483167428,0.00856317552552393,0.010619048249723125,0.010618770820191277,0.008722055402380826,0.008722055402380826,0.009580900098703054,0.009126005463258358,0.9174767691226448,0.8692152147742427,0.010085361529351779,0.010085860914431035,0.008435973063506056,0.07827061445945757,0.08078511390002327,0.010694662591106683,0.010694662591106683,0.008739421489584825,0.008736337467621367,0.009184398188047106,0.009184398188047106,0.010161721871584612,0.010163362602100462,0.010694662591106683,0.010694662591106683,0.010059167506197158,0.009249183521312258,0.010085860914431035,0.010085860914431035,0.009580900098703054,0.009126005463258358,0.9174767691226448,0.8692152147742427,0.009184665483167428,0.009184665483167428,0.010619048249723125,0.010618770820191277,0.009749619971079527,0.00933757750787155,0.9181120469614721,0.8656751024754084
UL001785,187.0,0.01963377333674342,0.005295750251528323,0.44530275868634756,0.41737891183078507,0.010280054046748787,0.010280054046748787,0.007029927759275099,0.008571510123568648,0.008571510123568648,0.00524628535662313,0.01120548529728351,0.01122037714367296,0.007029927759275099,0.007029927759275099,0.008784742143589921,0.008628790300182472,0.7863627435929661,0.7060647214474083,0.010188415764701945,0.0101815655204144,0.005295750251528323,0.44530275868634756,0.41737891183078507,0.010631760126374993,0.010631760126374993,0.008786420617722987,0.008782442836238528,0.008560852069751537,0.008560852069751537,0.010457302955250823,0.010451646716498106,0.010631760126374993,0.010631760126374993,0.010094975841484284,0.009125733086670182,0.0101815655204144,0.0101815655204144,0.008784742143589921,0.008628790300182472,0.7863627435929661,0.7060647214474083,0.008571510123568648,0.008571510123568648,0.01120548529728351,0.01122037714367296,0.008998471023050889,0.00890437264298116,0.7899547361071096,0.7132499818114
UL001787,190.0,0.020024866057558474,0.0052107410088730165,0.5063781013450291,0.46319351871226844,0.01371002938268963,0.01371002938268963,0.00674788940760025,0.010504105414637303,0.010504105414637303,0.005347972381658457,0.014959458711689595,0.014961436078174961,0.00674788940760025,0.00674788940760025,0.010647919532440835,0.010617942520719214,0.7361240439454163,0.6665339158053653,0.013832436303070843,0.013824128961306257,0.0052107410088730165,0.5063781013450291,0.46319351871226844,0.014617415500751805,0.014617415500751805,0.011109991289026962,0.01110403731288514,0.010575991158472865,0.010575991158472865,0.014135941474326348,0.014136305683875135,0.014617415500751805,0.014617415500751805,0.013729026481312856,0.011664374386216446,0.013824128961306257,0.013824128961306257,0.010647919532440835,0.010617942520719214,0.7361240439454163,0.6665339158053653,0.010504105414637303,0.010504105414637303,0.014959458711689595,0.014961436078174961,0.010659877166756301,0.010718600112260612,0.7420020084225961,0.6752052830327442
UL001789,192.0,0.021808396914092008,0.005483413015125036,0.0391797183531978,0.031784312846293204,0.01052506683002618,0.01052506683002618,0.005659062403469902,0.00825853282066256,0.00825853282066256,0.005547959300891327,0.010504411086468915,0.010499566773756441,0.005659062403469902,0.005659062403469902,0.009045693909083394,0.008813383222422734,0.7897995550401324,0.744952424578735,0.010334079405313135,0.010337213357959854,0.005483413015125036,0.0391797183531978,0.031784312846293204,0.0105655200141304,0.0105655200141304,0.008103488542284943,0.008104042752649135,0.00827761521583685,0.00827761521583685,0.010212015997665238,0.010210821349012566,0.0105655200141304,0.0105655200141304,0.01025275133817437,0.009221172624303352,0.010337213357959854,0.010337213357959854,0.009045693909083394,0.008813383222422734,0.7897995550401324,0.744952424578735,0.00825853282066256,0.00825853282066256,0.010504411086468915,0.010499566773756441,0.009090648440753697,0.008897307996719814,0.7912708074546755,0.7380546897670605
UL001791,192.0,0.020247673131112084,0.005519151464470041,0.07210436783639503,0.05831704775734157,0.012134581570267922,0.012134581570267922,0.005979650540695102,0.01003882724848919,0.01003882724848919,0.005771025079485949,0.01224004549758823,0.01223557002330629,0.005979650540695102,0.005979650540695102,0.010197468151592655,0.010264555983711733,0.8151254952982465,0.7206025368985135,0.012164459493905816,0.01217355304210325,0.005519151464470041,0.07210436783639503,0.05831704775734157,0.012631983035586566,0.012631983035586566,0.009717143629386289,0.009716306316751102,0.009979397445456745,0.009979397445456745,0.011996388261118691,0.011997240752582038,0.012631983035586566,0.012631983035586566,0.012066106093048002,0.01119165881516729,0.01217355304210325,0.01217355304210325,0.010197468151592655,0.010264555983711733,0.8151254952982465,0.7206025368985135,0.01003882724848919,0.01003882724848919,0.01224004549758823,0.01223557002330629,0.01031181521414993,0.01021969795017005,0.8190800072794651,0.7124465575398315
UL001793,192.0,0.025483159415679673,0.005489630385574082,0.052829238144646795,0.054211802923006945,0.009927244963703011,0.009927244963703011,0.00576101005794977,0.008750486006615618,0.008750486006615618,0.005676651007916273,0.01007261130539388,0.010076227627660648,0.00576101005794977,0.00576101005794977,0.008992879202969095,0.00875120859109125,0.769706653945195,0.6732568846249286,0.00987137459744428,0.009869106043026932,0.005489630385574082,0.052829238144646795,0.054211802923006945,0.010028810110654993,0.010028810110654993,0.008643128188655891,0.008646065154986223,0.008755146668763085,0.008755146668763085,0.009815342434274813,0.009819926375743906,0.010028810110654993,0.010028810110654993,0.009808523558696781,0.009162220542492439,0.009869106043026932,0.009869106043026932,0.008992879202969095,0.00875120859109125,0.769706653945195,0.6732568846249286,0.008750486006615618,0.008750486006615618,0.01007261130539388,0.010076227627660648,0.008932269371844307,0.00874152609670232,0.7696651454431346,0.6626716250462089
UL001795,191.0,0.021235906069557126,0.006142876750142731,0.034332682823471634,0.03239713436385605,0.011284727006388811,0.011284727006388811,0.006473171406917725,0.009394824536658089,0.009394824536658089,0.006225077675063199,0.011479304760767759,0.011479163943545234,0.006473171406917725,0.006473171406917725,0.009405988381032909,0.009357006658678196,0.8232737431082936,0.7788706315408856,0.011107967720539432,0.011107991013421848,0.006142876750142731,0.034332682823471634,0.03239713436385605,0.011677331468900218,0.011677331468900218,0.009438066427568038,0.009433697489448504,0.009438540527005525,0.009438540527005525,0.010921143609853044,0.010919857470450163,0.011677331468900218,0.011677331468900218,0.010968916599184777,0.009970008715898029,0.011107991013421848,0.011107991013421848,0.009405988381032909,0.009357006658678196,0.8232737431082936,0.7788706315408856,0.009394824536658089,0.009394824536658089,0.011479304760767759,0.011479163943545234,0.00945899742129638,0.009379404924316711,0.8250182347611011,0.777710437214907
UL001797,193.0,0.023110285049419005,0.005536129680453415,0.055450772283643646,0.05445945127473037,0.010104345635209391,0.010104345635209391,0.005777549288546682,0.008418950401440693,0.008418950401440693,0.005583368910513732,0.009701225645942458,0.009700481452076106,0.005777549288546682,0.005777549288546682,0.008494638010331249,0.008568642873687596,0.7464103181886578,0.6548817462180502,0.009819177844579023,0.00982010900318706,0.005536129680453415,0.055450772283643646,0.05445945127473037,0.009773018453494367,0.009773018453494367,0.008294092499373755,0.00829500968274822,0.008442933317309574,0.008442933317309574,0.009331112240575767,0.00933232706933215,0.009773018453494367,0.009773018453494367,0.009782145708522701,0.009043142844795423,0.00982010900318706,0.00982010900318706,0.008494638010331249,0.008568642873687596,0.7464103181886578,0.6548817462180502,0.008418950401440693,0.008418950401440693,0.009701225645942458,0.009700481452076106,0.00838875610338859,0.008453415064718552,0.748427748963545,0.6559378472232534
UL001799,192.0,0.019823077767751784,0.005178837394806173,0.03780124514130931,0.03332412833058915,0.01064455468511686,0.01064455468511686,0.005469048571764387,0.009310074325032098,0.009310074325032098,0.0052453309840382505,0.01123572586995078,0.011236348475152008,0.005469048571764387,0.005469048571764387,0.00944703495846004,0.009605957679494374,0.7731409254195033,0.7091322595559344,0.010658967220730365,0.01065577716359282,0.005178837394806173,0.03780124514130931,0.03332412833058915,0.01135936797932204,0.01135936797932204,0.009200047033381833,0.009194400272682203,0.009367009295370635,0.009367009295370635,0.010694901843220422,0.010682728925961865,0.01135936797932204,0.01135936797932204,0.010677123501274042,0.00986382966891889,0.01065577716359282,0.01065577716359282,0.00944703495846004,0.009605957679494374,0.7731409254195033,0.7091322595559344,0.009310074325032098,0.009310074325032098,0.01123572586995078,0.011236348475152008,0.00964299523311318,0.009781008695651674,0.7696078889726703,0.7063019221598293
Mean mAP,113.34020618556701,0.04885390838588992,0.004799803084463435,0.09211447514816348,0.08214530574045556,0.01798559474717429,0.01798559474717429,0.008145262681593931,0.0133086944335,0.0133086944335,0.005899496199909558,0.016709982228172077,0.01671013890703725,0.008145262681593931,0.008145262681593931,0.011727308575335764,0.012868627599659477,0.5617039769626293,0.5215773001313836,0.01852671932207294,0.01852706582805556,0.004799803084463435,0.09211447514816348,0.08214530574045556,0.018615504708726034,0.018615504708726034,0.013953978570388504,0.013954303183873456,0.014091512190113809,0.014091512190113809,0.01599775049858279,0.015997643940149246,0.018615504708726034,0.018615504708726034,0.01788931393754199,0.015756583534086814,0.01852706582805556,0.01852706582805556,0.011727308575335764,0.012868627599659477,0.5617039769626293,0.5215773001313836,0.0133086944335,0.0133086944335,0.016709982228172077,0.01671013890703725,0.011190851858192106,0.012270421073611624,0.5546417204024203,0.5148087384536423
