Label,Number of Queries,mAP (Embeddings_Raw),mAP (Embeddings_Raw__Int),mAP (Embeddings_Raw__Res11),mAP (Embeddings_Raw__Res01),mAP (Embeddings_Raw__ZCA_N_C),mAP (Embeddings_Raw__ZCA_C),mAP (Embeddings_Raw__rZMs_C),mAP (Embeddings_Raw__Int__ZCA_N_C),mAP (Embeddings_Raw__Int__ZCA_C),mAP (Embeddings_Raw__Int__rZMs_C),mAP (Embeddings_Raw__Res11__ZCA_C),mAP (Embeddings_Raw__Res01__ZCA_C),mAP (Embeddings_Raw__Res11__rZMs_C),mAP (Embeddings_Raw__Res01__rZMs_C),mAP (Embeddings_Raw__ZCA_N_C__Int),mAP (Embeddings_Raw__ZCA_C__Int),mAP (Embeddings_Raw__ZCA_C__Res11),mAP (Embeddings_Raw__ZCA_C__Res01),mAP (Embeddings_Raw__ZCA_N_C__rZMs_C),mAP (Embeddings_Raw__ZCA_C__rZMs_C),mAP (Embeddings_Raw__rZMs_C__Int),mAP (Embeddings_Raw__rZMs_C__Res11),mAP (Embeddings_Raw__rZMs_C__Res01),mAP (Embeddings_Raw__rZMs_C__ZCA_N_C),mAP (Embeddings_Raw__rZMs_C__ZCA_C),mAP (Embeddings_Raw__Int__ZCA_N_C__rZMs_C),mAP (Embeddings_Raw__Int__ZCA_C__rZMs_C),mAP (Embeddings_Raw__Int__rZMs_C__ZCA_N_C),mAP (Embeddings_Raw__Int__rZMs_C__ZCA_C),mAP (Embeddings_Raw__Res11__ZCA_C__rZMs_C),mAP (Embeddings_Raw__Res01__ZCA_C__rZMs_C),mAP (Embeddings_Raw__Res11__rZMs_C__ZCA_C),mAP (Embeddings_Raw__Res01__rZMs_C__ZCA_C),mAP (Embeddings_Raw__ZCA_N_C__Int__rZMs_C),mAP (Embeddings_Raw__ZCA_C__Int__rZMs_C),mAP (Embeddings_Raw__ZCA_C__Res11__rZMs_C),mAP (Embeddings_Raw__ZCA_C__Res01__rZMs_C),mAP (Embeddings_Raw__ZCA_N_C__rZMs_C__Int),mAP (Embeddings_Raw__ZCA_C__rZMs_C__Int),mAP (Embeddings_Raw__ZCA_C__rZMs_C__Res11),mAP (Embeddings_Raw__ZCA_C__rZMs_C__Res01),mAP (Embeddings_Raw__rZMs_C__Int__ZCA_N_C),mAP (Embeddings_Raw__rZMs_C__Int__ZCA_C),mAP (Embeddings_Raw__rZMs_C__Res11__ZCA_C),mAP (Embeddings_Raw__rZMs_C__Res01__ZCA_C),mAP (Embeddings_Raw__rZMs_C__ZCA_N_C__Int),mAP (Embeddings_Raw__rZMs_C__ZCA_C__Int),mAP (Embeddings_Raw__rZMs_C__ZCA_C__Res11),mAP (Embeddings_Raw__rZMs_C__ZCA_C__Res01)
1053597950,64.0,0.016765408122584157,0.001729142934452578,0.02177970009719839,0.010492948219498352,0.007113559401762365,0.007113559401762365,0.002991152426242968,0.005222610043912334,0.005222610043912334,0.002623153158186496,0.006109194581112918,0.006107994749411012,0.002991152426242968,0.002991152426242968,0.0027455743984925005,0.002830707720965019,0.42662655778065944,0.35511644556706073,0.008150351463958039,0.00814997266999807,0.001729142934452578,0.02177970009719839,0.010492948219498352,0.008807254559653779,0.008807254559653779,0.005890851999823434,0.005888080764651725,0.006202424301382515,0.006202424301382515,0.006390480040053425,0.006390455656590196,0.008807254559653779,0.008807254559653779,0.007870378260472327,0.005200216939092258,0.00814997266999807,0.00814997266999807,0.0027455743984925005,0.002830707720965019,0.42662655778065944,0.35511644556706073,0.005222610043912334,0.005222610043912334,0.006109194581112918,0.006107994749411012,0.002683692006949872,0.002771572907950851,0.4220303880703472,0.3530107341873982
1053597981,64.0,0.024758113803285912,0.0021929675084393753,0.028315599645262767,0.019044102825671178,0.009016134639945663,0.009016134639945663,0.0036025088906169317,0.007495904978646931,0.007495904978646931,0.0031343856532798733,0.00781725758039754,0.007813455029963431,0.0036025088906169317,0.0036025088906169317,0.0046884715201255985,0.005205097637143743,0.4020223389516055,0.3510193082174546,0.009169876081142636,0.009172283512215646,0.0021929675084393753,0.028315599645262767,0.019044102825671178,0.00878702714492407,0.00878702714492407,0.007988387376625475,0.007976281391902682,0.007843785498842326,0.007843785498842326,0.007926147870123952,0.007933058701062569,0.00878702714492407,0.00878702714492407,0.00871667717579035,0.007396378826994954,0.009172283512215646,0.009172283512215646,0.0046884715201255985,0.005205097637143743,0.4020223389516055,0.3510193082174546,0.007495904978646931,0.007495904978646931,0.00781725758039754,0.007813455029963431,0.00474715634705744,0.004930538397564357,0.39833968172210654,0.3497364992126785
1053597998,64.0,0.016018826065943178,0.0018060515370106544,0.013263653141234084,0.007725271545950042,0.00828218453156793,0.00828218453156793,0.0029431318686522845,0.006637617787563207,0.006637617787563207,0.0025842283991265773,0.00803058587148098,0.00803034515298024,0.0029431318686522845,0.0029431318686522845,0.003579197157980841,0.003912930088539714,0.3580052322758804,0.33982999271047837,0.009402035412867212,0.009402195383855904,0.0018060515370106544,0.013263653141234084,0.007725271545950042,0.009782620057574607,0.009782620057574607,0.006869761368088763,0.006869611997959297,0.008100277714931558,0.008100277714931558,0.008138449576697732,0.008138809530898702,0.009782620057574607,0.009782620057574607,0.00850033364195892,0.007336317716171813,0.009402195383855904,0.009402195383855904,0.003579197157980841,0.003912930088539714,0.3580052322758804,0.33982999271047837,0.006637617787563207,0.006637617787563207,0.00803058587148098,0.00803034515298024,0.003333649953306311,0.003745254666242758,0.34710790895528026,0.33405523871569304
1053599589,64.0,0.05023258357879496,0.0030019760935508224,0.05191761269257283,0.035928356764988074,0.010294008833818202,0.010294008833818202,0.004570988721688219,0.006743085792368643,0.006743085792368643,0.0031153027424320116,0.007727939126789479,0.0077284352211907156,0.004570988721688219,0.004570988721688219,0.005066667658938135,0.005232769662226426,0.40436801037022746,0.3629845369929487,0.010853722446797769,0.010852940621249032,0.0030019760935508224,0.05191761269257283,0.035928356764988074,0.012067783285541466,0.012067783285541466,0.007342464511933127,0.0073428684506888645,0.008001372728086969,0.008001372728086969,0.008790961525154642,0.008790887473640248,0.012067783285541466,0.012067783285541466,0.010225314793431748,0.007929341757254946,0.010852940621249032,0.010852940621249032,0.005066667658938135,0.005232769662226426,0.40436801037022746,0.3629845369929487,0.006743085792368643,0.006743085792368643,0.007727939126789479,0.0077284352211907156,0.0050526325538215195,0.005167322155654297,0.4040732865371009,0.3627184290102386
1053599619,64.0,0.07679889428885558,0.0030357183747995427,0.0397074968254061,0.022789882836641927,0.008794671965205156,0.008794671965205156,0.005201058136737165,0.005961403687269511,0.005961403687269511,0.0039034862639148976,0.0071776511285612035,0.007177971263434782,0.005201058136737165,0.005201058136737165,0.004101433816274563,0.004483354108384763,0.38615709841534873,0.3549715879477405,0.01041883544455914,0.010408844735231716,0.0030357183747995427,0.0397074968254061,0.022789882836641927,0.010828729573882343,0.010828729573882343,0.007017174244833516,0.007017340187632902,0.007636271145403801,0.007636271145403801,0.008599924672513328,0.008599959106043586,0.010828729573882343,0.010828729573882343,0.010129115737535525,0.007424908046267391,0.010408844735231716,0.010408844735231716,0.004101433816274563,0.004483354108384763,0.38615709841534873,0.3549715879477405,0.005961403687269511,0.005961403687269511,0.0071776511285612035,0.007177971263434782,0.0037676489089623717,0.004038467811202376,0.3816673309446428,0.3544474099445825
1053599626,64.0,0.04190038486017123,0.002411809684021262,0.04865586061981588,0.023606347103606307,0.009495596548634263,0.009495596548634263,0.004267733314003205,0.006245970388296253,0.006245970388296253,0.003074701905468696,0.007249112349076095,0.0072615634668871006,0.004267733314003205,0.004267733314003205,0.004090955424662524,0.0046223999899331,0.392855606491145,0.3504425685654849,0.00950008887968005,0.009500933570823704,0.002411809684021262,0.04865586061981588,0.023606347103606307,0.010060998430850647,0.010060998430850647,0.006675813704882185,0.006674618663060831,0.0073155083887726175,0.0073155083887726175,0.008029809131581135,0.00802673342178444,0.010060998430850647,0.010060998430850647,0.008794940042658725,0.007457335341001748,0.009500933570823704,0.009500933570823704,0.004090955424662524,0.0046223999899331,0.392855606491145,0.3504425685654849,0.006245970388296253,0.006245970388296253,0.007249112349076095,0.0072615634668871006,0.004060617321656796,0.004290955359028437,0.3934587761838006,0.35071258999034416
1053600728,64.0,0.010695577031771264,0.0019292768852628487,0.027895592504077086,0.014916283931085147,0.010952702594058204,0.010952702594058204,0.0037068081493523467,0.007292268301215561,0.007292268301215561,0.0029342354896223105,0.008917859091816149,0.008917876602709374,0.0037068081493523467,0.0037068081493523467,0.004818381994680365,0.004311395343119042,0.4071885800186919,0.3778679000953656,0.012410395089032777,0.012410723560618321,0.0019292768852628487,0.027895592504077086,0.014916283931085147,0.013239773473227657,0.013239773473227657,0.008651776043236532,0.008652193378424407,0.009418701386532207,0.009418701386532207,0.01006690361665308,0.010066492336717746,0.013239773473227657,0.013239773473227657,0.01168011098565738,0.008318103678988829,0.012410723560618321,0.012410723560618321,0.004818381994680365,0.004311395343119042,0.4071885800186919,0.3778679000953656,0.007292268301215561,0.007292268301215561,0.008917859091816149,0.008917876602709374,0.004680727206980227,0.004335154568681837,0.4067448940156286,0.37536036800442013
1053600865,64.0,0.01709980496963336,0.0022008944594342785,0.03191648181847206,0.024075868509512027,0.011717782961177224,0.011717782961177224,0.004312815232456872,0.008293830685861177,0.008293830685861177,0.0031075995369919474,0.009888359558531562,0.009883181363629416,0.004312815232456872,0.004312815232456872,0.00494706471265672,0.0058367435747085795,0.4089124452993375,0.37420967429443674,0.013022695168711641,0.013023360128718412,0.0022008944594342785,0.03191648181847206,0.024075868509512027,0.013284941041040645,0.013284941041040645,0.008896170918039254,0.008902899047065326,0.00991687391260366,0.00991687391260366,0.010126278182383092,0.010126327772004399,0.013284941041040645,0.013284941041040645,0.010766387184325585,0.00969323513342467,0.013023360128718412,0.013023360128718412,0.00494706471265672,0.0058367435747085795,0.4089124452993375,0.37420967429443674,0.008293830685861177,0.008293830685861177,0.009888359558531562,0.009883181363629416,0.005186721087128661,0.0057375210283693474,0.4101918732476804,0.37702410554078725
1053600872,64.0,0.014196810948314723,0.0021071903658092975,0.04480085862956103,0.031971129962709156,0.007789548380929614,0.007789548380929614,0.0036192356947892575,0.005693221095350684,0.005693221095350684,0.002935730740292992,0.007570573423499238,0.007570400051292841,0.0036192356947892575,0.0036192356947892575,0.00385575162409175,0.003975763485528362,0.40010155404073966,0.36093724871459415,0.009672746234452332,0.00967292625814242,0.0021071903658092975,0.04480085862956103,0.031971129962709156,0.009957060204222485,0.009957060204222485,0.006920079531806757,0.006919974097654382,0.007153564522043843,0.007153564522043843,0.007761386999652344,0.007761156344549351,0.009957060204222485,0.009957060204222485,0.00889062510776339,0.006814093426410242,0.00967292625814242,0.00967292625814242,0.00385575162409175,0.003975763485528362,0.40010155404073966,0.36093724871459415,0.005693221095350684,0.005693221095350684,0.007570573423499238,0.007570400051292841,0.003690057599762347,0.004016764944276775,0.40874762879853094,0.36479313899802357
1053601770,64.0,0.016118699607470525,0.0023293170806782714,0.029502841930549636,0.016837329887634325,0.009118336300968392,0.009118336300968392,0.004900591098393247,0.005972891294791911,0.005972891294791911,0.0030136148388287356,0.007386584573677572,0.007387353656675254,0.004900591098393247,0.004900591098393247,0.004664592887823993,0.004833470332974668,0.42284211250336984,0.3569136539344038,0.009629524183610478,0.00962923696479121,0.0023293170806782714,0.029502841930549636,0.016837329887634325,0.009817908998242272,0.009817908998242272,0.0065548555004509715,0.006554903391519406,0.006767079026873412,0.006767079026873412,0.008360795861083799,0.008360411777608136,0.009817908998242272,0.009817908998242272,0.008960029076771398,0.007378225884970523,0.00962923696479121,0.00962923696479121,0.004664592887823993,0.004833470332974668,0.42284211250336984,0.3569136539344038,0.005972891294791911,0.005972891294791911,0.007386584573677572,0.007387353656675254,0.004675431399009311,0.004944453837223047,0.4231252161401924,0.3566900249883887
1053601794,64.0,0.017483534813443898,0.0026968230361804893,0.05697702146617945,0.03694504098394026,0.011769074821050053,0.011769074821050053,0.006830814927474599,0.010026198641024938,0.010026198641024938,0.005081872623570048,0.0113497046117499,0.011348135274488762,0.006830814927474599,0.006830814927474599,0.006433137622612138,0.006888218374815702,0.4523745297888508,0.4061876874248046,0.012708243709827002,0.012709622325254678,0.0026968230361804893,0.05697702146617945,0.03694504098394026,0.01372456324035956,0.01372456324035956,0.010255360254617435,0.010254439170370722,0.01100613716032209,0.01100613716032209,0.011862520084068314,0.011861733050318334,0.01372456324035956,0.01372456324035956,0.01230794478824786,0.00982837620353843,0.012709622325254678,0.012709622325254678,0.006433137622612138,0.006888218374815702,0.4523745297888508,0.4061876874248046,0.010026198641024938,0.010026198641024938,0.0113497046117499,0.011348135274488762,0.0066886368546480385,0.006583186372115235,0.4501395640050852,0.4037935972240883
1053601909,64.0,0.01693414496140937,0.00195478032508618,0.03985459377582319,0.028388037681325022,0.010153287965386013,0.010153287965386013,0.0036620157610576143,0.007616559924622794,0.007616559924622794,0.002603612012518329,0.009360992199049846,0.009363049131693597,0.0036620157610576143,0.0036620157610576143,0.005838783259029844,0.005981150843814698,0.4224321144395136,0.3737438241843445,0.010975549633543712,0.01097639955471509,0.00195478032508618,0.03985459377582319,0.028388037681325022,0.011524177450216522,0.011524177450216522,0.00849679178723423,0.008496208260635766,0.008615922729905263,0.008615922729905263,0.009404819905618757,0.00940663066500807,0.011524177450216522,0.011524177450216522,0.009959431884016096,0.00905544332459486,0.01097639955471509,0.01097639955471509,0.005838783259029844,0.005981150843814698,0.4224321144395136,0.3737438241843445,0.007616559924622794,0.007616559924622794,0.009360992199049846,0.009363049131693597,0.006125616493074472,0.00631772384248017,0.4265286486557572,0.37645949001844625
1086289747,64.0,0.014019048409454024,0.0023852556143822545,0.057081636682804957,0.03194290190175771,0.011253010413477444,0.011253010413477444,0.0035751253183359216,0.008211880133449206,0.008211880133449206,0.0029477717130664016,0.009130218203532763,0.00912361000413981,0.0035751253183359216,0.0035751253183359216,0.004978939732199885,0.005786557994258858,0.4573683796042894,0.39854233775899073,0.012659892621573757,0.012654191232656124,0.0023852556143822545,0.057081636682804957,0.03194290190175771,0.013359338286154127,0.013359338286154127,0.009646087575504763,0.009645157130627,0.010083298989158336,0.010083298989158336,0.010843855260741763,0.010843469513652235,0.013359338286154127,0.013359338286154127,0.011794158551482624,0.009435167055058116,0.012654191232656124,0.012654191232656124,0.004978939732199885,0.005786557994258858,0.4573683796042894,0.39854233775899073,0.008211880133449206,0.008211880133449206,0.009130218203532763,0.00912361000413981,0.004818252951156745,0.005913536727206009,0.45650078997749904,0.3967115166234476
1086289761,64.0,0.01279769924388755,0.0020196810017820872,0.0333214615271205,0.020266321916401174,0.010313976587783817,0.010313976587783817,0.003685632257126331,0.008243360418941357,0.008243360418941357,0.0027054028194353156,0.009551643457810186,0.009549527477866273,0.003685632257126331,0.003685632257126331,0.005026012242278813,0.005809993556433525,0.4127196773499066,0.37398942926668965,0.010847418998579356,0.01084917806019863,0.0020196810017820872,0.0333214615271205,0.020266321916401174,0.012196255220656984,0.012196255220656984,0.008727390772731198,0.00872941259337751,0.009701490221291761,0.009701490221291761,0.009075374929020878,0.009078283088136237,0.012196255220656984,0.012196255220656984,0.010052821216951693,0.009196482521227829,0.01084917806019863,0.01084917806019863,0.005026012242278813,0.005809993556433525,0.4127196773499066,0.37398942926668965,0.008243360418941357,0.008243360418941357,0.009551643457810186,0.009549527477866273,0.004712400295549631,0.0055453193579590564,0.4138125431165414,0.37420206731353345
1086289785,64.0,0.012124459497892648,0.002387466505275537,0.04213966926512614,0.024756928074312578,0.011014376707184264,0.011014376707184264,0.005348500011932898,0.009392875846295454,0.009392875846295454,0.004137796923399846,0.010404514200747124,0.010408858035996246,0.005348500011932898,0.005348500011932898,0.005683274775019269,0.006628535178821784,0.39864406167452526,0.3668083807642694,0.012298570381747939,0.012297837363586217,0.002387466505275537,0.04213966926512614,0.024756928074312578,0.012332086397833335,0.012332086397833335,0.009901338211553654,0.00990937879174466,0.010456668890955586,0.010456668890955586,0.011000341619439259,0.010998792689326967,0.012332086397833335,0.012332086397833335,0.011563690131990658,0.010439013285869839,0.012297837363586217,0.012297837363586217,0.005683274775019269,0.006628535178821784,0.39864406167452526,0.3668083807642694,0.009392875846295454,0.009392875846295454,0.010404514200747124,0.010408858035996246,0.005896702007820606,0.0064557908140732,0.4020274836478468,0.3648893670549818
1086290354,64.0,0.015004786632100019,0.0025320887064966173,0.03817075766437718,0.018263263385783133,0.012071507957525667,0.012071507957525667,0.006127128272654111,0.009583751470423665,0.009583751470423665,0.004589913987224202,0.011049912519579277,0.01105118950599752,0.006127128272654111,0.006127128272654111,0.0067600295797773215,0.0072644511275545,0.427021499601157,0.3858396112892177,0.013294345187775076,0.013292119531036272,0.0025320887064966173,0.03817075766437718,0.018263263385783133,0.014018206003004562,0.014018206003004562,0.009838292696717394,0.009787381629032518,0.010945996367429314,0.010945996367429314,0.011646616364902036,0.011647342201375688,0.014018206003004562,0.014018206003004562,0.01272000031987509,0.010136193698415853,0.013292119531036272,0.013292119531036272,0.0067600295797773215,0.0072644511275545,0.427021499601157,0.3858396112892177,0.009583751470423665,0.009583751470423665,0.011049912519579277,0.01105118950599752,0.006675842873346252,0.00742927388383413,0.4265466498399651,0.38486963275507463
1086290361,64.0,0.011019344331239446,0.0024189023674124244,0.049138957384707894,0.027094136073276324,0.01380547670614675,0.01380547670614675,0.005254799021380858,0.010190003094932383,0.010190003094932383,0.0038087156478412445,0.011606507005087275,0.01160713571233261,0.005254799021380858,0.005254799021380858,0.007359632433138101,0.007946926797887171,0.43637924808158146,0.4030814979202132,0.014969188828995422,0.014845801012492242,0.0024189023674124244,0.049138957384707894,0.027094136073276324,0.015119633141372261,0.015119633141372261,0.011076589827056388,0.011078401644046382,0.011569752284450483,0.011569752284450483,0.0125739216171626,0.012573125865614128,0.015119633141372261,0.015119633141372261,0.013830547036901331,0.011178147662349196,0.014845801012492242,0.014845801012492242,0.007359632433138101,0.007946926797887171,0.43637924808158146,0.4030814979202132,0.010190003094932383,0.010190003094932383,0.011606507005087275,0.01160713571233261,0.006783854781359833,0.0077637655112833825,0.43260758551769857,0.396047317698231
1086290453,384.0,0.3012732575391394,0.010106366065729096,0.02839718891433463,0.05560275406479374,0.008394678776441964,0.008394678776441964,0.010204402070865027,0.008378296009834927,0.008378296009834927,0.010278809302661862,0.008392696738606478,0.008395719566385507,0.010204402070865027,0.010204402070865027,0.008133835236016997,0.00813981115869943,0.04792510885284009,0.014563757469789317,0.008396405827940654,0.008397449933883331,0.010106366065729096,0.02839718891433463,0.05560275406479374,0.008388587346325716,0.008388587346325716,0.008389529583667,0.00838892692803748,0.008378338725636248,0.008378338725636248,0.008401915447427943,0.008403902241592388,0.008388587346325716,0.008388587346325716,0.008164240368366325,0.008150446247494352,0.008397449933883331,0.008397449933883331,0.008133835236016997,0.00813981115869943,0.04792510885284009,0.014563757469789317,0.008378296009834927,0.008378296009834927,0.008392696738606478,0.008395719566385507,0.008132465339589862,0.008138461234939488,0.048128627922488086,0.014595154003518742
1086290477,384.0,0.2154856686862324,0.010490689230658616,0.030762050173576985,0.05853148323060245,0.008394684995730272,0.008394684995730272,0.010614203052558524,0.008380992132868727,0.008380992132868727,0.010687035163602499,0.008390010629071474,0.008393546464711866,0.010614203052558524,0.010614203052558524,0.008135659311277398,0.008139788743660623,0.02934102604910804,0.0136263652063258,0.008394859513348731,0.008394329603226865,0.010490689230658616,0.030762050173576985,0.05853148323060245,0.008386759789290555,0.008386759789290555,0.008391769398404273,0.008389727109021918,0.00837959771652058,0.00837959771652058,0.008401554852586089,0.008401674943320395,0.008386759789290555,0.008386759789290555,0.008165094920042972,0.00815231816703725,0.008394329603226865,0.008394329603226865,0.008135659311277398,0.008139788743660623,0.02934102604910804,0.0136263652063258,0.008380992132868727,0.008380992132868727,0.008390010629071474,0.008393546464711866,0.008136096742610994,0.008139978180306675,0.027907468480766806,0.013707924831039074
1086290484,64.0,0.022062712707750474,0.0025342170919246455,0.07398310877643183,0.045078798354205495,0.00959705821687541,0.00959705821687541,0.0048684731271653025,0.007306282249554188,0.007306282249554188,0.003729774883240456,0.00868460793013668,0.008685129464704835,0.0048684731271653025,0.0048684731271653025,0.0050500212965978435,0.005590801335924649,0.4331826828773083,0.40003620553101765,0.010337434837603651,0.010337952705410306,0.0025342170919246455,0.07398310877643183,0.045078798354205495,0.010685821074831531,0.010685821074831531,0.008085000080748861,0.008085530561120156,0.008397243883543385,0.008397243883543385,0.009300779505615558,0.009296913001762228,0.010685821074831531,0.010685821074831531,0.010019507557543468,0.007594993587057146,0.010337952705410306,0.010337952705410306,0.0050500212965978435,0.005590801335924649,0.4331826828773083,0.40003620553101765,0.007306282249554188,0.007306282249554188,0.00868460793013668,0.008685129464704835,0.005038779475166164,0.005683919620281229,0.43571123118757177,0.4041365532770424
1086290644,64.0,0.018901456831957066,0.0019018868327033405,0.05434720471659888,0.03556739016649312,0.007392793305392614,0.007392793305392614,0.00315395476152517,0.004840173923766446,0.004840173923766446,0.0024951905308514735,0.006117108814720103,0.006117130453192078,0.00315395476152517,0.00315395476152517,0.003417100199994457,0.003419596159353049,0.4026139960059367,0.36232648011662555,0.00876499831812998,0.008782592473901953,0.0019018868327033405,0.05434720471659888,0.03556739016649312,0.008158973399046435,0.008158973399046435,0.006186126273411391,0.00616838667574981,0.006086589328529381,0.006086589328529381,0.00727718832886172,0.007276972406773288,0.008158973399046435,0.008158973399046435,0.008406863465117514,0.006344010064801424,0.008782592473901953,0.008782592473901953,0.003417100199994457,0.003419596159353049,0.4026139960059367,0.36232648011662555,0.004840173923766446,0.004840173923766446,0.006117108814720103,0.006117130453192078,0.003547971799911186,0.0035626204272450114,0.40238168171755406,0.36233417064357654
1086291962,64.0,0.011233078845661939,0.00224215822257486,0.0433493205145524,0.0253143787408894,0.011538778703769079,0.011538778703769079,0.004124835229606324,0.009252653924482985,0.009252653924482985,0.0030675959962310666,0.011237214224427559,0.011235896514894832,0.004124835229606324,0.004124835229606324,0.004556055994575744,0.005426814470273354,0.37804153222843395,0.34083027030127694,0.01374899253989017,0.013847213862999396,0.00224215822257486,0.0433493205145524,0.0253143787408894,0.014675040511686197,0.014675040511686197,0.01033726319231319,0.010341636536053567,0.011321322329532526,0.011321322329532526,0.011561896895377332,0.011561394430254425,0.014675040511686197,0.014675040511686197,0.01320646168590785,0.009725600209384481,0.013847213862999396,0.013847213862999396,0.004556055994575744,0.005426814470273354,0.37804153222843395,0.34083027030127694,0.009252653924482985,0.009252653924482985,0.011237214224427559,0.011235896514894832,0.004328449726129403,0.005685588118859165,0.37831676012658244,0.3409654292010836
1086292082,64.0,0.016481487156431118,0.0023001792725073785,0.05624834572832145,0.03901020768917481,0.01001195533036224,0.01001195533036224,0.0035711837820787827,0.006574364882031232,0.006574364882031232,0.0028283583344257805,0.008425942330364672,0.00842494049711983,0.0035711837820787827,0.0035711837820787827,0.0038411594140311906,0.0048768088136373145,0.4164302826381867,0.3921365999888969,0.011284179054813989,0.011284580029782,0.0023001792725073785,0.05624834572832145,0.03901020768917481,0.011700411910438637,0.011700411910438637,0.007710232113336911,0.007711059450182067,0.008450948183338539,0.008450948183338539,0.008654569490490717,0.008653900104620768,0.011700411910438637,0.011700411910438637,0.009842009714604591,0.007983294828240436,0.011284580029782,0.011284580029782,0.0038411594140311906,0.0048768088136373145,0.4164302826381867,0.3921365999888969,0.006574364882031232,0.006574364882031232,0.008425942330364672,0.00842494049711983,0.0037838286746358463,0.004518157275869844,0.4197864886252214,0.3941108921758415
1086292150,64.0,0.010893577135442237,0.0022691782287854404,0.034703145093641564,0.01920530452376317,0.009602622392899338,0.009602622392899338,0.003519785114993862,0.007521450646017044,0.007521450646017044,0.002880613650656756,0.009388675904464622,0.009388592264564807,0.003519785114993862,0.003519785114993862,0.0043989455166943406,0.005083118277051201,0.39866868265549493,0.370838866272544,0.010534255304921037,0.010532451025279601,0.0022691782287854404,0.034703145093641564,0.01920530452376317,0.011047455936598574,0.011047455936598574,0.008093686899704548,0.008093885001389176,0.009099632598465246,0.009099632598465246,0.008489189968426916,0.008487883456940726,0.011047455936598574,0.011047455936598574,0.009806375317488162,0.009411660275261271,0.010532451025279601,0.010532451025279601,0.0043989455166943406,0.005083118277051201,0.39866868265549493,0.370838866272544,0.007521450646017044,0.007521450646017044,0.009388675904464622,0.009388592264564807,0.0043254193067304245,0.005021239724406709,0.3989085190227316,0.36988290705651394
1086292273,64.0,0.012807352268342849,0.0025515675868139865,0.03675935336874694,0.025887547123080952,0.012152715767923778,0.012152715767923778,0.004810409094680585,0.007688998956364257,0.007688998956364257,0.003840152664739316,0.009074035852411521,0.00906939040832999,0.004810409094680585,0.004810409094680585,0.005226431898942692,0.005811721350608968,0.38412575057725873,0.35899472267236504,0.01391697355089293,0.013929673920328215,0.0025515675868139865,0.03675935336874694,0.025887547123080952,0.015142490943765918,0.015142490943765918,0.008402541594636088,0.008401343989307213,0.009266117923132238,0.009266117923132238,0.01083673038815899,0.010836503225547637,0.015142490943765918,0.015142490943765918,0.01276166052777041,0.009640655184664998,0.013929673920328215,0.013929673920328215,0.005226431898942692,0.005811721350608968,0.38412575057725873,0.35899472267236504,0.007688998956364257,0.007688998956364257,0.009074035852411521,0.00906939040832999,0.005046674164959551,0.005746619149018403,0.3863065116717333,0.3586063047705072
1086292440,64.0,0.011862403555237148,0.0027740401830715776,0.046963578288654335,0.03238560486983131,0.0108800107182485,0.0108800107182485,0.005015580789885984,0.00837352395024303,0.00837352395024303,0.004204794935446832,0.009817510741325265,0.009817627474332348,0.005015580789885984,0.005015580789885984,0.003999784038842478,0.005656082394658779,0.39234118715478844,0.364444670087054,0.013014310374033921,0.01300494957882831,0.0027740401830715776,0.046963578288654335,0.03238560486983131,0.013586234092198784,0.013586234092198784,0.008721202526657647,0.008710894762336595,0.009700301722873256,0.009700301722873256,0.010898209220782863,0.010897987361400435,0.013586234092198784,0.013586234092198784,0.012019879598769958,0.009202356807832001,0.01300494957882831,0.01300494957882831,0.003999784038842478,0.005656082394658779,0.39234118715478844,0.364444670087054,0.00837352395024303,0.00837352395024303,0.009817510741325265,0.009817627474332348,0.004241277865180527,0.005559683944151115,0.3906487522786489,0.3625641151667944
1086292495,64.0,0.011436521533684355,0.0025707338836412734,0.038723492093627986,0.016674876698462075,0.009049829027486262,0.009049829027486262,0.0047437540600551754,0.0057519969427306805,0.0057519969427306805,0.003776118599709307,0.007723042903777519,0.007722248951646911,0.0047437540600551754,0.0047437540600551754,0.004505556368893939,0.004909118463094061,0.38522505527709383,0.3406284052088587,0.010475261360661523,0.01047553983207516,0.0025707338836412734,0.038723492093627986,0.016674876698462075,0.010085431028994566,0.010085431028994566,0.006362285098783723,0.006362468675847062,0.006885590697412686,0.006885590697412686,0.008917611438051998,0.0089178538090736,0.010085431028994566,0.010085431028994566,0.009992459700874829,0.007927360043310109,0.01047553983207516,0.01047553983207516,0.004505556368893939,0.004909118463094061,0.38522505527709383,0.3406284052088587,0.0057519969427306805,0.0057519969427306805,0.007723042903777519,0.007722248951646911,0.004553915558200921,0.004528637393510297,0.3850008946829605,0.3407857888505606
1086292778,64.0,0.011769390718354335,0.0021358540690773337,0.04550081795857352,0.026137511985662235,0.014241380276147669,0.014241380276147669,0.004376089505757604,0.0090261706696474,0.0090261706696474,0.003264523681861058,0.01174569231626861,0.011745769031402628,0.004376089505757604,0.004376089505757604,0.0054915246642867,0.006563404458223938,0.41660474427279787,0.37227686276913563,0.015455122907521603,0.015452407418736522,0.0021358540690773337,0.04550081795857352,0.026137511985662235,0.01587975354963498,0.01587975354963498,0.010871719990260641,0.010870485132772539,0.011364671531678363,0.011364671531678363,0.01337281131660834,0.01337252254907116,0.01587975354963498,0.01587975354963498,0.014243321020750741,0.010441865926860194,0.015452407418736522,0.015452407418736522,0.0054915246642867,0.006563404458223938,0.41660474427279787,0.37227686276913563,0.0090261706696474,0.0090261706696474,0.01174569231626861,0.011745769031402628,0.00542894062907293,0.006323138294853643,0.41680119765236623,0.37126213663447266
1086292891,64.0,0.014342493702001744,0.0023691250679476333,0.052691214211082554,0.02426147566068498,0.014501604520673837,0.014501604520673837,0.006322207051266413,0.011448363406765456,0.011448363406765456,0.00405238533952998,0.01316065508116644,0.013160486979056583,0.006322207051266413,0.006322207051266413,0.007254417166530803,0.008749036659457664,0.4333191610611459,0.38776397442875365,0.01566244934093323,0.01566116578826022,0.0023691250679476333,0.052691214211082554,0.02426147566068498,0.01642099230045809,0.01642099230045809,0.011883299515257753,0.011882621585939921,0.012653156701586477,0.012653156701586477,0.014210829167884917,0.014208732872248808,0.01642099230045809,0.01642099230045809,0.01454200002608546,0.011799810193359397,0.01566116578826022,0.01566116578826022,0.007254417166530803,0.008749036659457664,0.4333191610611459,0.38776397442875365,0.011448363406765456,0.011448363406765456,0.01316065508116644,0.013160486979056583,0.007165290833567821,0.008510724210944747,0.43372074056932564,0.3887509260480457
1086292952,64.0,0.011344099249710872,0.002325762880163043,0.05140424378051696,0.036173425285285735,0.013502038457851865,0.013502038457851865,0.006261327333842859,0.011585773919871251,0.011585773919871251,0.003831854908188985,0.012305161049120994,0.012305321396721856,0.006261327333842859,0.006261327333842859,0.007020354564664257,0.00811894673923347,0.3961216206721396,0.3654135463693308,0.014965396713828827,0.014967129875974762,0.002325762880163043,0.05140424378051696,0.036173425285285735,0.015989299131072714,0.015989299131072714,0.01221472702854946,0.012210445989361869,0.013376271983627156,0.013376271983627156,0.013095984232006776,0.013095440962272635,0.015989299131072714,0.015989299131072714,0.01370893925098004,0.011728291481049802,0.014967129875974762,0.014967129875974762,0.007020354564664257,0.00811894673923347,0.3961216206721396,0.3654135463693308,0.011585773919871251,0.011585773919871251,0.012305161049120994,0.012305321396721856,0.006889381132583846,0.008015349770326185,0.39455084575858723,0.36332748745860227
1086293195,64.0,0.01056057888804829,0.00198683578865861,0.021966482108786756,0.015325127983403087,0.007153316224466305,0.007153316224466305,0.0028701421871436513,0.00518121576706079,0.00518121576706079,0.002289176153801888,0.006099711220944855,0.0060998128997081374,0.0028701421871436513,0.0028701421871436513,0.004343540777451778,0.004493473872693768,0.4069737560592451,0.3598894997066555,0.008016928845568247,0.008017030688869938,0.00198683578865861,0.021966482108786756,0.015325127983403087,0.008512508188648647,0.008512508188648647,0.005418763164798424,0.005420008900461663,0.006318062951924515,0.006318062951924515,0.006776381603633277,0.006776390249150615,0.008512508188648647,0.008512508188648647,0.007267701928096185,0.005952620947493344,0.008017030688869938,0.008017030688869938,0.004343540777451778,0.004493473872693768,0.4069737560592451,0.3598894997066555,0.00518121576706079,0.00518121576706079,0.006099711220944855,0.0060998128997081374,0.004242828981639482,0.004327078158886989,0.40628134653358977,0.35966153140796164
1086293218,64.0,0.008558141031767674,0.0020754262371298683,0.026335810503826565,0.013863917546662658,0.013915619442932655,0.013915619442932655,0.003211133377251711,0.009955304964317254,0.009955304964317254,0.0027072442702976694,0.01206589111371126,0.012065785783594603,0.003211133377251711,0.003211133377251711,0.006465225630190826,0.0073747444598352375,0.39322308073846024,0.3589925479240518,0.015309346848627533,0.01531018978042345,0.0020754262371298683,0.026335810503826565,0.013863917546662658,0.014768066535533945,0.014768066535533945,0.010434918431754057,0.010422467459373173,0.011365257926723748,0.011365257926723748,0.012521025974540084,0.01252329536869595,0.014768066535533945,0.014768066535533945,0.0141496091061772,0.013045532935447994,0.01531018978042345,0.01531018978042345,0.006465225630190826,0.0073747444598352375,0.39322308073846024,0.3589925479240518,0.009955304964317254,0.009955304964317254,0.01206589111371126,0.012065785783594603,0.005501716389542568,0.006882269799236887,0.38847659989902433,0.3568723763476432
1086293225,64.0,0.01056371969962577,0.001920480501614431,0.031176707313310542,0.02480626367990419,0.013362158479454855,0.013362158479454855,0.0037145661557226005,0.00989806327278042,0.00989806327278042,0.002678767855822912,0.011710649406272538,0.011710180886230213,0.0037145661557226005,0.0037145661557226005,0.006903067932883093,0.007348536905291467,0.42510406440374443,0.3725643323927172,0.015055288371178047,0.015056488898087346,0.001920480501614431,0.031176707313310542,0.02480626367990419,0.015343477423729717,0.015343477423729717,0.01139234165099304,0.01139337627448387,0.01234346775310085,0.01234346775310085,0.013162828272235296,0.013152241046676469,0.015343477423729717,0.015343477423729717,0.013966343450458765,0.011627654689771736,0.015056488898087346,0.015056488898087346,0.006903067932883093,0.007348536905291467,0.42510406440374443,0.3725643323927172,0.00989806327278042,0.00989806327278042,0.011710649406272538,0.011710180886230213,0.00691327250986218,0.007408422954451999,0.42511352079772374,0.37122607574659866
1086293386,384.0,0.20083342418995687,0.010281796235995318,0.02930711881502456,0.06010416574265074,0.008394083345785024,0.008394083345785024,0.010441713450672801,0.008383494383171422,0.008383494383171422,0.010501513081027342,0.008391843225433914,0.008390870177476346,0.010441713450672801,0.010441713450672801,0.008135651287823736,0.00814053381951166,0.03362109093937831,0.013245397421403952,0.008396809265199623,0.008395192876054752,0.010281796235995318,0.02930711881502456,0.06010416574265074,0.008390270551797268,0.008390270551797268,0.008396646527405129,0.008394310070297605,0.008382949676619551,0.008382949676619551,0.008399557234564536,0.0083973639131019,0.008390270551797268,0.008390270551797268,0.008164557198749726,0.0081524358780165,0.008395192876054752,0.008395192876054752,0.008135651287823736,0.00814053381951166,0.03362109093937831,0.013245397421403952,0.008383494383171422,0.008383494383171422,0.008391843225433914,0.008390870177476346,0.00813540165444072,0.008140130249734232,0.03709848759766122,0.013259301931058851
1086293478,64.0,0.015002559878142531,0.002459798041083022,0.04419179671357307,0.024527364262992842,0.013274182468176108,0.013274182468176108,0.004710080491410015,0.008996945480551877,0.008996945480551877,0.0036295547308590305,0.011063141935544397,0.011064280508086896,0.004710080491410015,0.004710080491410015,0.006075024621872712,0.007227597411649031,0.4160403989254229,0.3727082172893748,0.013966364232813423,0.013966415010413397,0.002459798041083022,0.04419179671357307,0.024527364262992842,0.014799055110523427,0.014799055110523427,0.009197559053609505,0.009199030168406638,0.010047516272059515,0.010047516272059515,0.0113178943599709,0.011317858298106026,0.014799055110523427,0.014799055110523427,0.01302295613632295,0.010980696967917009,0.013966415010413397,0.013966415010413397,0.006075024621872712,0.007227597411649031,0.4160403989254229,0.3727082172893748,0.008996945480551877,0.008996945480551877,0.011063141935544397,0.011064280508086896,0.006002677103423616,0.0072466848203666286,0.41814053885462293,0.37457284336415986
1086293553,64.0,0.013492550426701071,0.0020797422560468446,0.06430489513032696,0.035318971751011764,0.008700756056715884,0.008700756056715884,0.0029216761322555184,0.00613249461463565,0.00613249461463565,0.0026998138225155116,0.0067521722200566915,0.006751572728046961,0.0029216761322555184,0.0029216761322555184,0.004385115325519955,0.0047290325184784,0.4595812140244746,0.4099942394494693,0.009931564749035697,0.009924444183028446,0.0020797422560468446,0.06430489513032696,0.035318971751011764,0.009680468583309154,0.009680468583309154,0.006719120886916452,0.006717529654470682,0.007226969665162857,0.007226969665162857,0.007537229216939303,0.007534813881804447,0.009680468583309154,0.009680468583309154,0.009241714834664808,0.007005720772211568,0.009924444183028446,0.009924444183028446,0.004385115325519955,0.0047290325184784,0.4595812140244746,0.4099942394494693,0.00613249461463565,0.00613249461463565,0.0067521722200566915,0.006751572728046961,0.004081830907925603,0.004606867134227848,0.45830889241469475,0.4102836999733489
1086293850,64.0,0.015416410249889748,0.002158664933668182,0.06129861373570178,0.03300970299441239,0.012139366819814033,0.012139366819814033,0.003980546868543603,0.007989583849028113,0.007989583849028113,0.002971789247768548,0.009355328233362268,0.009368547055442785,0.003980546868543603,0.003980546868543603,0.0047163752101687115,0.005251352542130278,0.4355228085088853,0.395386383900052,0.013558798725718354,0.01355916678980204,0.002158664933668182,0.06129861373570178,0.03300970299441239,0.014894439877564817,0.014894439877564817,0.008924064293160193,0.008921970532760453,0.009597039300804784,0.009597039300804784,0.010552736624917344,0.01055343710739196,0.014894439877564817,0.014894439877564817,0.012490821927300255,0.00869227998736605,0.01355916678980204,0.01355916678980204,0.0047163752101687115,0.005251352542130278,0.4355228085088853,0.395386383900052,0.007989583849028113,0.007989583849028113,0.009355328233362268,0.009368547055442785,0.004520075720666152,0.0052713068735204555,0.4371634303042327,0.3968656128270481
1086293942,64.0,0.011951384662180861,0.0026460047933077545,0.02706644880262067,0.0138894474597426,0.012618200401955078,0.012618200401955078,0.004898012574173949,0.009980871356548677,0.009980871356548677,0.0038550371911043706,0.01122709367530991,0.011226475707646262,0.004898012574173949,0.004898012574173949,0.005223951972033267,0.005725581281200281,0.42175388051767604,0.3628229913615522,0.013483955714367323,0.01348505201662946,0.0026460047933077545,0.02706644880262067,0.0138894474597426,0.013538560998414596,0.013538560998414596,0.010651638682720174,0.010651802368477336,0.011396720657414407,0.011396720657414407,0.01214253439357087,0.012101854093950268,0.013538560998414596,0.013538560998414596,0.013049996087516733,0.010426740651709758,0.01348505201662946,0.01348505201662946,0.005223951972033267,0.005725581281200281,0.42175388051767604,0.3628229913615522,0.009980871356548677,0.009980871356548677,0.01122709367530991,0.011226475707646262,0.005151006027685897,0.005517425028702909,0.42304391886883047,0.3641598601784692
1086294024,384.0,0.17493047646201632,0.010173606074302942,0.024560553148384182,0.04702893587499011,0.008397286620769316,0.008397286620769316,0.01032021353393015,0.00839108580523453,0.00839108580523453,0.01037240234893825,0.008397280911619046,0.008396813080963201,0.01032021353393015,0.01032021353393015,0.008139337042453043,0.008142801781865444,0.03978624924020938,0.014151256086107601,0.008401168537616117,0.008400496083443443,0.010173606074302942,0.024560553148384182,0.04702893587499011,0.008395502560042444,0.008395502560042444,0.008399629494578526,0.008399903372632174,0.008389027159089246,0.008389027159089246,0.008405508431559497,0.008406525101595752,0.008395502560042444,0.008395502560042444,0.00816928372948289,0.008156404946933272,0.008400496083443443,0.008400496083443443,0.008139337042453043,0.008142801781865444,0.03978624924020938,0.014151256086107601,0.00839108580523453,0.00839108580523453,0.008397280911619046,0.008396813080963201,0.00813994731258892,0.008142640943786575,0.03876913123546812,0.014059189608086076
110000293082,64.0,0.018180784803031858,0.002517141676950598,0.06357195311649771,0.038620218049445265,0.009694541108703056,0.009694541108703056,0.004281679031559407,0.00688056707316586,0.00688056707316586,0.0035716263442029787,0.00851984515714856,0.00851976546806232,0.004281679031559407,0.004281679031559407,0.005298888810843094,0.005875926205593842,0.4858190730546177,0.42008295364551684,0.010336694086478668,0.010336487711296593,0.002517141676950598,0.06357195311649771,0.038620218049445265,0.010620321566771031,0.010620321566771031,0.007678158574076283,0.007678239263925439,0.007811366216471799,0.007811366216471799,0.008951646894672809,0.00895181397795499,0.010620321566771031,0.010620321566771031,0.009776944663277274,0.00810761094276202,0.010336487711296593,0.010336487711296593,0.005298888810843094,0.005875926205593842,0.4858190730546177,0.42008295364551684,0.00688056707316586,0.00688056707316586,0.00851984515714856,0.00851976546806232,0.005470889856203399,0.00578745760773048,0.4907793845433231,0.4228658037485087
110000293084,64.0,0.013650589837858974,0.0020159500115025505,0.06577017576998646,0.0461073574985145,0.01137345471284497,0.01137345471284497,0.0035837162186619343,0.00753376271251441,0.00753376271251441,0.0025502323342103377,0.009433847803595451,0.009456487163459315,0.0035837162186619343,0.0035837162186619343,0.0053701852486648105,0.005887136261560363,0.45304728641967573,0.4090372204536308,0.011587504307538727,0.011586299322791944,0.0020159500115025505,0.06577017576998646,0.0461073574985145,0.011675651447552143,0.011675651447552143,0.008654446060281701,0.008778626930375486,0.009282863617879973,0.009282863617879973,0.009434484407755522,0.009434129409118301,0.011675651447552143,0.011675651447552143,0.011159763362730685,0.009276855664072605,0.011586299322791944,0.011586299322791944,0.0053701852486648105,0.005887136261560363,0.45304728641967573,0.4090372204536308,0.00753376271251441,0.00753376271251441,0.009433847803595451,0.009456487163459315,0.005634114708719499,0.006072164541668397,0.4588981465806631,0.4122526128604138
110000293088,64.0,0.0215513763131452,0.002053897785914812,0.07557107360684794,0.04923058238620711,0.0090914483760921,0.0090914483760921,0.0034794227372729964,0.0066971408565498864,0.0066971408565498864,0.002486234619024842,0.00822075686856485,0.008220701921283524,0.0034794227372729964,0.0034794227372729964,0.0054672316307253985,0.005406883087960986,0.4672553451990107,0.4304453745459951,0.009831772605351523,0.009831979396447872,0.002053897785914812,0.07557107360684794,0.04923058238620711,0.010194378607933176,0.010194378607933176,0.0073506612037720345,0.007350638895115781,0.00787171709656461,0.00787171709656461,0.008138386552557495,0.008137926070266345,0.010194378607933176,0.010194378607933176,0.009407860345518685,0.00833307344455184,0.009831979396447872,0.009831979396447872,0.0054672316307253985,0.005406883087960986,0.4672553451990107,0.4304453745459951,0.0066971408565498864,0.0066971408565498864,0.00822075686856485,0.008220701921283524,0.005511720176686811,0.005432017371614081,0.47615261646585405,0.43753426040135235
110000293096,64.0,0.011626529364019353,0.002186866464738499,0.06112994916395715,0.04549317292492257,0.012234328987890078,0.012234328987890078,0.0029905348973146817,0.00760804466501146,0.00760804466501146,0.002762037654695827,0.01030491761441765,0.0103024157906845,0.0029905348973146817,0.0029905348973146817,0.0061579163602963815,0.006422571810337455,0.4951733677192689,0.43703278687798014,0.01389369716355126,0.013881571462778559,0.002186866464738499,0.06112994916395715,0.04549317292492257,0.014155802439572644,0.014155802439572644,0.009208368660112019,0.009209482892497498,0.010483520473909554,0.010483520473909554,0.010842906884961943,0.010834072284954387,0.014155802439572644,0.014155802439572644,0.013326661170179527,0.011063523910471154,0.013881571462778559,0.013881571462778559,0.0061579163602963815,0.006422571810337455,0.4951733677192689,0.43703278687798014,0.00760804466501146,0.00760804466501146,0.01030491761441765,0.0103024157906845,0.006161577071253281,0.006241940372933985,0.48468623546471784,0.4305859441329886
110000293098,64.0,0.01412325630623456,0.002460150609109299,0.0679155392787349,0.04769128447282179,0.010536381561979228,0.010536381561979228,0.0035366415507855236,0.007380303956246911,0.007380303956246911,0.00299348618562342,0.008620375916176986,0.008620086635434588,0.0035366415507855236,0.0035366415507855236,0.005676585232789786,0.005586333915255151,0.47731064717684746,0.4277843048610181,0.011088262066182531,0.011087102720115155,0.002460150609109299,0.0679155392787349,0.04769128447282179,0.011854232349060922,0.011854232349060922,0.008477642316369337,0.008478536649337096,0.008888068577956843,0.008888068577956843,0.009070837035171886,0.009070852138751539,0.011854232349060922,0.011854232349060922,0.010764485537953873,0.008907414705721194,0.011087102720115155,0.011087102720115155,0.005676585232789786,0.005586333915255151,0.47731064717684746,0.4277843048610181,0.007380303956246911,0.007380303956246911,0.008620375916176986,0.008620086635434588,0.005512731810339408,0.005386292359641207,0.4700549783288544,0.4236080928848674
110000293237,64.0,0.012601854281167035,0.0018972019599933837,0.03709775534127912,0.025541231541489746,0.00891577388533642,0.00891577388533642,0.002733790853608524,0.0065856145922039136,0.0065856145922039136,0.0022131524367925218,0.008103221084795569,0.008103317044331607,0.002733790853608524,0.002733790853608524,0.004817870995508539,0.004715324255748363,0.4196584189800935,0.38790872305789803,0.010318588540903955,0.01031693663454477,0.0018972019599933837,0.03709775534127912,0.025541231541489746,0.011411161676895869,0.011411161676895869,0.007188847748409623,0.007187526449884979,0.007724511717095946,0.007724511717095946,0.008574321911451391,0.008594609945370847,0.011411161676895869,0.011411161676895869,0.008659973113439237,0.007127166600534837,0.01031693663454477,0.01031693663454477,0.004817870995508539,0.004715324255748363,0.4196584189800935,0.38790872305789803,0.0065856145922039136,0.0065856145922039136,0.008103221084795569,0.008103317044331607,0.00457348301245654,0.004846463199105604,0.43000223103662594,0.3910259562017984
110000294883,64.0,0.017968430720527697,0.0019319906891438656,0.04729855659314754,0.03950764869369052,0.012796267673761687,0.012796267673761687,0.003021947516614191,0.007490439939269483,0.007490439939269483,0.00232583751581087,0.009919530844670815,0.009919970997992054,0.003021947516614191,0.003021947516614191,0.006597295762547325,0.0067309011411294615,0.44138955292679016,0.39237597463648005,0.013183919472372824,0.013193339814435899,0.0019319906891438656,0.04729855659314754,0.03950764869369052,0.013434914006496844,0.013434914006496844,0.008379901907000276,0.008387715655757178,0.008875660960439638,0.008875660960439638,0.011307621051658478,0.011306975793502724,0.013434914006496844,0.013434914006496844,0.01245779227744422,0.009889204424854522,0.013193339814435899,0.013193339814435899,0.006597295762547325,0.0067309011411294615,0.44138955292679016,0.39237597463648005,0.007490439939269483,0.007490439939269483,0.009919530844670815,0.009919970997992054,0.006917605417525095,0.0066308238959990745,0.4409916559285942,0.3919299982672053
110000294888,64.0,0.013975663563743062,0.002034638682770582,0.055440221037672384,0.04282907215148377,0.008704477982029859,0.008704477982029859,0.0031703557137792325,0.005535192270661536,0.005535192270661536,0.002648606918196749,0.00688330365991549,0.006883172728890184,0.0031703557137792325,0.0031703557137792325,0.0036996513162106622,0.004531405059864776,0.475874726627246,0.41925437539504085,0.009543738232589546,0.009544084698705227,0.002034638682770582,0.055440221037672384,0.04282907215148377,0.010199592928573618,0.010199592928573618,0.006242933716781845,0.0062426339806556305,0.0071715371657385734,0.0071715371657385734,0.007000391586756293,0.007000097850113177,0.010199592928573618,0.010199592928573618,0.008974540989352724,0.0071665072843499706,0.009544084698705227,0.009544084698705227,0.0036996513162106622,0.004531405059864776,0.475874726627246,0.41925437539504085,0.005535192270661536,0.005535192270661536,0.00688330365991549,0.006883172728890184,0.003981215506387502,0.004705582689254947,0.4814713763432818,0.42347771703273124
110000294890,64.0,0.015630621190211497,0.0021923891959156135,0.05295476475283975,0.040083963388823945,0.007612132764977563,0.007612132764977563,0.0030423229637296795,0.005586460550230798,0.005586460550230798,0.0024598089327451445,0.006386968039643151,0.0063957240901877654,0.0030423229637296795,0.0030423229637296795,0.004164664591305499,0.004575260019491672,0.49860440808082834,0.44857601424832005,0.008976719679093675,0.008976769964874953,0.0021923891959156135,0.05295476475283975,0.040083963388823945,0.009079273262692252,0.009079273262692252,0.005836850109931437,0.0058362916400191735,0.0061872089881538205,0.0061872089881538205,0.006724608422054394,0.006725189415840691,0.009079273262692252,0.009079273262692252,0.008098765931930266,0.006431430509222484,0.008976769964874953,0.008976769964874953,0.004164664591305499,0.004575260019491672,0.49860440808082834,0.44857601424832005,0.005586460550230798,0.005586460550230798,0.006386968039643151,0.0063957240901877654,0.004143384685654825,0.0046181117037197945,0.4908580154109574,0.4433361296601703
110000294899,384.0,0.21084936087594194,0.012807843329413189,0.05011684855211828,0.09621144333911517,0.008394101318586785,0.008394101318586785,0.012606787393558022,0.008385042126389007,0.008385042126389007,0.012685837073660727,0.008392775264372926,0.008398832267183454,0.012606787393558022,0.012606787393558022,0.008133375588348616,0.008138549280298404,0.03772678955523936,0.014223579977910643,0.008398404968097944,0.008397592150095938,0.012807843329413189,0.05011684855211828,0.09621144333911517,0.008393598647672473,0.008393598647672473,0.008398244256608957,0.008397923773068491,0.008384063735850199,0.008384063735850199,0.008404933712997059,0.008408590658358537,0.008393598647672473,0.008393598647672473,0.008163915202778893,0.008152647999086333,0.008397592150095938,0.008397592150095938,0.008133375588348616,0.008138549280298404,0.03772678955523936,0.014223579977910643,0.008385042126389007,0.008385042126389007,0.008392775264372926,0.008398832267183454,0.008134929011194041,0.008138862715705209,0.03912935936150589,0.014215146840903357
110000294902,64.0,0.011953930275960622,0.0032154395066220777,0.04521316726649425,0.03797467225644062,0.013023796531798481,0.013023796531798481,0.006291911778724274,0.010250568416275418,0.010250568416275418,0.004338558561669258,0.011577409794595659,0.011573975909050944,0.006291911778724274,0.006291911778724274,0.007940457017533136,0.008538624537528391,0.5087608395014391,0.4565637521369512,0.013795040494131067,0.013809095705166675,0.0032154395066220777,0.04521316726649425,0.03797467225644062,0.01417058155010399,0.01417058155010399,0.011073268490027531,0.011072406772134443,0.011779679989556341,0.011779679989556341,0.01242049875447363,0.01241825295496859,0.01417058155010399,0.01417058155010399,0.013136801494302772,0.011507885117190177,0.013809095705166675,0.013809095705166675,0.007940457017533136,0.008538624537528391,0.5087608395014391,0.4565637521369512,0.010250568416275418,0.010250568416275418,0.011577409794595659,0.011573975909050944,0.007967471333107169,0.00921694182804509,0.5100623217001862,0.4554066385684771
110000294903,64.0,0.014079783979039088,0.0029917796334570945,0.04639165945712363,0.040211211322685396,0.012232470922203266,0.012232470922203266,0.004746271096655285,0.007839535762995552,0.007839535762995552,0.003585347335645187,0.009691156421056947,0.009687458056727844,0.004746271096655285,0.004746271096655285,0.006888167695854393,0.006541533662776473,0.5348393255812867,0.48024973551051525,0.01268432072781052,0.01267178343608367,0.0029917796334570945,0.04639165945712363,0.040211211322685396,0.012866498880053286,0.012866498880053286,0.008323122496264046,0.008295546296376358,0.00913991275946808,0.00913991275946808,0.010584549764929032,0.010585753904044488,0.012866498880053286,0.012866498880053286,0.011144572240715786,0.010173406451500671,0.01267178343608367,0.01267178343608367,0.006888167695854393,0.006541533662776473,0.5348393255812867,0.48024973551051525,0.007839535762995552,0.007839535762995552,0.009691156421056947,0.009687458056727844,0.0064855684980180735,0.00670724334507171,0.5314752661480999,0.47502398122143247
110000295495,64.0,0.020540383108755847,0.0020732332321332075,0.05662438985987378,0.03346742151855953,0.012414090158938443,0.012414090158938443,0.004618787733356047,0.008342751737090514,0.008342751737090514,0.0028924634685640873,0.009887399421369613,0.00988058392365032,0.004618787733356047,0.004618787733356047,0.006749848242502008,0.007283148056204503,0.4946561948287279,0.4278788547683423,0.013116210982777345,0.013117656601574736,0.0020732332321332075,0.05662438985987378,0.03346742151855953,0.013378685573095201,0.013378685573095201,0.00953626604880891,0.009538004646075326,0.010104681498187506,0.010104681498187506,0.011044585848761166,0.011044634755979499,0.013378685573095201,0.013378685573095201,0.011726164898968763,0.010200292852652162,0.013117656601574736,0.013117656601574736,0.006749848242502008,0.007283148056204503,0.4946561948287279,0.4278788547683423,0.008342751737090514,0.008342751737090514,0.009887399421369613,0.00988058392365032,0.006906032291872375,0.006945794993813659,0.4904063507114493,0.42427356827795953
110000295507,64.0,0.014181499013958576,0.0018734936984180998,0.02956217755489876,0.01526254418975325,0.009601587435803407,0.009601587435803407,0.0026948422312716553,0.006350246389375119,0.006350246389375119,0.002235410686635743,0.007592665133997988,0.007593225219750859,0.0026948422312716553,0.0026948422312716553,0.005657959235958179,0.005563741422220313,0.4677775189330341,0.40208261096442854,0.010067880741123525,0.010068312988590112,0.0018734936984180998,0.02956217755489876,0.01526254418975325,0.010656266894084821,0.010656266894084821,0.007110763037377322,0.007110801437067614,0.0072170114335838535,0.0072170114335838535,0.007718137561299258,0.007720402597545336,0.010656266894084821,0.010656266894084821,0.009089923566397512,0.007878785245815608,0.010068312988590112,0.010068312988590112,0.005657959235958179,0.005563741422220313,0.4677775189330341,0.40208261096442854,0.006350246389375119,0.006350246389375119,0.007592665133997988,0.007593225219750859,0.005862063798566366,0.005520737117737814,0.4699490608459107,0.4027127148477029
110000295542,64.0,0.016279187344756592,0.0024479707627726053,0.049718031051892334,0.024597760347329238,0.00839554941526014,0.00839554941526014,0.004196663761190696,0.00513258903117385,0.00513258903117385,0.003306817042310789,0.006376219463983475,0.006376699011584457,0.004196663761190696,0.004196663761190696,0.005313447297863257,0.004638163497357962,0.5091100433977906,0.436644179177085,0.008742331232491898,0.008618944933271915,0.0024479707627726053,0.049718031051892334,0.024597760347329238,0.009378142013940449,0.009378142013940449,0.006241136870267647,0.006240980323315186,0.006334066929127658,0.006334066929127658,0.0070446636013293115,0.007043868572158392,0.009378142013940449,0.009378142013940449,0.008187521900062587,0.006411283022193562,0.008618944933271915,0.008618944933271915,0.005313447297863257,0.004638163497357962,0.5091100433977906,0.436644179177085,0.00513258903117385,0.00513258903117385,0.006376219463983475,0.006376699011584457,0.005264542787961391,0.005034504966612202,0.514661463828458,0.4429253293065861
110000295544,64.0,0.02416891119188078,0.0019916982950984774,0.039981748664787854,0.023507399842973828,0.006779343516018596,0.006779343516018596,0.002891461831246309,0.004303473858667008,0.004303473858667008,0.002415836215922881,0.005601427734365322,0.005601415619664578,0.002891461831246309,0.002891461831246309,0.0036940443601761173,0.0033810668340713097,0.48344258700488874,0.41081039869036945,0.007609367233924612,0.007609195252788825,0.0019916982950984774,0.039981748664787854,0.023507399842973828,0.008005376940584591,0.008005376940584591,0.004632337507369881,0.004628627192426015,0.005349108909753161,0.005349108909753161,0.006348129861594988,0.006348038418432346,0.008005376940584591,0.008005376940584591,0.007246866519749792,0.006381020419544927,0.007609195252788825,0.007609195252788825,0.0036940443601761173,0.0033810668340713097,0.48344258700488874,0.41081039869036945,0.004303473858667008,0.004303473858667008,0.005601427734365322,0.005601415619664578,0.003642086844268739,0.0032854122665373596,0.4794415929001461,0.4063836432451699
110000295563,64.0,0.021938928552208355,0.0022646316258680636,0.03887292190827048,0.02382113632010425,0.00738145770562402,0.00738145770562402,0.0030747578789198844,0.004438312909382904,0.004438312909382904,0.0024931548626880525,0.005203151036495291,0.0052008722948031685,0.0030747578789198844,0.0030747578789198844,0.004067673098443594,0.0038982221432452354,0.5320907120428208,0.442185141508482,0.008572783938280669,0.008572438177773003,0.0022646316258680636,0.03887292190827048,0.02382113632010425,0.008846244287659911,0.008846244287659911,0.0054086212451264475,0.005424812529971985,0.005879110700750969,0.005879110700750969,0.006664290572588036,0.0066636399508707075,0.008846244287659911,0.008846244287659911,0.007425346499537749,0.0063728502719344856,0.008572438177773003,0.008572438177773003,0.004067673098443594,0.0038982221432452354,0.5320907120428208,0.442185141508482,0.004438312909382904,0.004438312909382904,0.005203151036495291,0.0052008722948031685,0.004016259251183817,0.003810747055129124,0.5255087528878369,0.43726864305808766
110000295576,64.0,0.023053699657524268,0.0025982830058741075,0.0480515829678867,0.031426000887670995,0.011832838413976731,0.011832838413976731,0.0038777739145722467,0.008257321709064831,0.008257321709064831,0.0031249770926914597,0.00952625193533085,0.00952571590580888,0.0038777739145722467,0.0038777739145722467,0.007025685461979859,0.006903293125151193,0.509387977509022,0.47531385531215475,0.012581101226024797,0.01258020753203332,0.0025982830058741075,0.0480515829678867,0.031426000887670995,0.0130250634915164,0.0130250634915164,0.00928653362846503,0.009286510056316453,0.009621685913286373,0.009621685913286373,0.01105255844550397,0.011053850840529799,0.0130250634915164,0.0130250634915164,0.01218094636462742,0.010721209274399901,0.01258020753203332,0.01258020753203332,0.007025685461979859,0.006903293125151193,0.509387977509022,0.47531385531215475,0.008257321709064831,0.008257321709064831,0.00952625193533085,0.00952571590580888,0.007115618085382111,0.0072776182770397865,0.5107155868678793,0.474283968583296
110000295604,64.0,0.013634864107460854,0.0023427277923934444,0.04622069721259749,0.04209668032734418,0.011560453105300999,0.011560453105300999,0.004300698697169778,0.00944001747683909,0.00944001747683909,0.00342284351519866,0.011462092097395035,0.011462494248072563,0.004300698697169778,0.004300698697169778,0.005414686574242609,0.0063738420734408404,0.4940635873788777,0.44342979158371976,0.012667926112123584,0.012668939176535948,0.0023427277923934444,0.04622069721259749,0.04209668032734418,0.013885889695062962,0.013885889695062962,0.009964976351503554,0.009921655505002078,0.010842290711442572,0.010842290711442572,0.011117400315806152,0.011116860417306064,0.013885889695062962,0.013885889695062962,0.012159091385156391,0.009500868332052501,0.012668939176535948,0.012668939176535948,0.005414686574242609,0.0063738420734408404,0.4940635873788777,0.44342979158371976,0.00944001747683909,0.00944001747683909,0.011462092097395035,0.011462494248072563,0.005947086711221902,0.006670112675594259,0.4956349652729897,0.44429500856277154
110000295615,64.0,0.014615637667498347,0.002155206250056708,0.0875363265914535,0.06600917162848209,0.012317841861626953,0.012317841861626953,0.003964509616252559,0.008945987630430233,0.008945987630430233,0.002867238743550985,0.01018174863888372,0.010177864276739314,0.003964509616252559,0.003964509616252559,0.006221500531438909,0.006157611795255385,0.5339171056935641,0.48573430029947995,0.013867612821664417,0.013867722416346618,0.002155206250056708,0.0875363265914535,0.06600917162848209,0.013994197961972833,0.013994197961972833,0.010044094071272573,0.010044130753510941,0.010712975151666426,0.010712975151666426,0.011592493099564142,0.011595958479290016,0.013994197961972833,0.013994197961972833,0.012781648380479065,0.010188166362076154,0.013867722416346618,0.013867722416346618,0.006221500531438909,0.006157611795255385,0.5339171056935641,0.48573430029947995,0.008945987630430233,0.008945987630430233,0.01018174863888372,0.010177864276739314,0.006550059538016458,0.006218653322853498,0.5370544483615471,0.48831863467409165
110000295618,64.0,0.01642137724956397,0.0022486760941571233,0.09092683198489114,0.06871117438838317,0.014813329801799807,0.014813329801799807,0.003373022622316803,0.011146858745708688,0.011146858745708688,0.002901602232349041,0.012904713508988398,0.012907192547523807,0.003373022622316803,0.003373022622316803,0.005064475625125468,0.006459129621767124,0.4872379130381861,0.4412655363276124,0.01647873356643698,0.016479429869334497,0.0022486760941571233,0.09092683198489114,0.06871117438838317,0.016204798632381435,0.016204798632381435,0.011816529381802712,0.011819088414056959,0.012330633348506604,0.012330633348506604,0.013505658792500909,0.01350217080904291,0.016204798632381435,0.016204798632381435,0.01605178820307142,0.011171411177486715,0.016479429869334497,0.016479429869334497,0.005064475625125468,0.006459129621767124,0.4872379130381861,0.4412655363276124,0.011146858745708688,0.011146858745708688,0.012904713508988398,0.012907192547523807,0.004969430610190984,0.006151957653278825,0.47853127856251837,0.4320678614922247
110000296166,64.0,0.02595026429477565,0.0020815810031861227,0.07055065630891239,0.042141056017092074,0.011435659173058759,0.011435659173058759,0.004630975838080255,0.008479182233128765,0.008479182233128765,0.0032721624908455286,0.009959472139607206,0.00995957512811847,0.004630975838080255,0.004630975838080255,0.007359113423522405,0.00741649409582686,0.4544057032227858,0.3957550563665038,0.011816313789376398,0.011814410710977847,0.0020815810031861227,0.07055065630891239,0.042141056017092074,0.01212140100491699,0.01212140100491699,0.00892721505040605,0.008952984382327516,0.00941077205219771,0.00941077205219771,0.010495512912315857,0.010495442440634384,0.01212140100491699,0.01212140100491699,0.011531507425613579,0.010110835792192671,0.011814410710977847,0.011814410710977847,0.007359113423522405,0.00741649409582686,0.4544057032227858,0.3957550563665038,0.008479182233128765,0.008479182233128765,0.009959472139607206,0.00995957512811847,0.007749782942757014,0.00749637343714485,0.45722757482147586,0.3953837296456506
110000296170,64.0,0.015402628316360249,0.002484093207681306,0.07167487501129917,0.04269242662063043,0.010263177977382161,0.010263177977382161,0.005091153825665998,0.007130908015462191,0.007130908015462191,0.0036198093643834157,0.008757182531889335,0.008758799546902276,0.005091153825665998,0.005091153825665998,0.007274261435354643,0.007019386822202213,0.4723009088281853,0.41835941215827477,0.010763698228765134,0.010775816324527718,0.002484093207681306,0.07167487501129917,0.04269242662063043,0.010738632141868534,0.010738632141868534,0.00823298926554656,0.008228706670609457,0.008454837149501189,0.008454837149501189,0.009628908234729602,0.009628852190121474,0.010738632141868534,0.010738632141868534,0.010122189601110845,0.009239147426802222,0.010775816324527718,0.010775816324527718,0.007274261435354643,0.007019386822202213,0.4723009088281853,0.41835941215827477,0.007130908015462191,0.007130908015462191,0.008757182531889335,0.008758799546902276,0.007115416617592602,0.006863007925740417,0.4680213291380753,0.4149421775041352
110000296298,384.0,0.278408840175492,0.010505524209609337,0.03986038013072859,0.07434448259065043,0.008388834608849973,0.008388834608849973,0.010517172500085666,0.008382875888297864,0.008382875888297864,0.010572713037352072,0.008392560180767472,0.008393263618497643,0.010517172500085666,0.010517172500085666,0.008135479769546993,0.008143515297904996,0.040547077277257905,0.013552240023249574,0.00839428907620071,0.008392578640320092,0.010505524209609337,0.03986038013072859,0.07434448259065043,0.008390863268172124,0.008390863268172124,0.008394228024679812,0.008393944910087733,0.008380589249920715,0.008380589249920715,0.008398629217662181,0.008396851438839318,0.008390863268172124,0.008390863268172124,0.008165571144562065,0.008154093908584303,0.008392578640320092,0.008392578640320092,0.008135479769546993,0.008143515297904996,0.040547077277257905,0.013552240023249574,0.008382875888297864,0.008382875888297864,0.008392560180767472,0.008393263618497643,0.008137707779721325,0.008146048265685456,0.0387836045870876,0.013580300503767963
110000296300,64.0,0.01177898614014132,0.002692558012234256,0.0299189599607416,0.022614138376023787,0.007864650894720878,0.007864650894720878,0.003674576426638091,0.005703891611271877,0.005703891611271877,0.003550551375786353,0.006813470452078635,0.006813644458065733,0.003674576426638091,0.003674576426638091,0.00418936619272064,0.004433279252539055,0.46553349961420337,0.4210605413959323,0.008831017048431998,0.00883162964824734,0.002692558012234256,0.0299189599607416,0.022614138376023787,0.009768383438628587,0.009768383438628587,0.0065409398411392615,0.006541091255188269,0.007417320563249638,0.007417320563249638,0.007508183010875357,0.007527228998545454,0.009768383438628587,0.009768383438628587,0.007957452363947959,0.007064153801192178,0.00883162964824734,0.00883162964824734,0.00418936619272064,0.004433279252539055,0.46553349961420337,0.4210605413959323,0.005703891611271877,0.005703891611271877,0.006813470452078635,0.006813644458065733,0.0042419970201093785,0.004226549754644644,0.46247296651071773,0.4184403312547355
110000296303,64.0,0.01594015206587817,0.0019973133586352987,0.04295978306577606,0.028862040794774575,0.009138051711125486,0.009138051711125486,0.00304560557164361,0.0065998847947028125,0.0065998847947028125,0.0025750853058804455,0.008400599395733349,0.008400285984992352,0.00304560557164361,0.00304560557164361,0.0036500521857886323,0.0047957566174116695,0.445388982587834,0.4050237802824592,0.01020441939810534,0.010204287031792852,0.0019973133586352987,0.04295978306577606,0.028862040794774575,0.0111501984527471,0.0111501984527471,0.007066927559457227,0.00710781470367627,0.007916206163634119,0.007916206163634119,0.008203737741803697,0.00820366843035061,0.0111501984527471,0.0111501984527471,0.009147484788340744,0.007993504723505823,0.010204287031792852,0.010204287031792852,0.0036500521857886323,0.0047957566174116695,0.445388982587834,0.4050237802824592,0.0065998847947028125,0.0065998847947028125,0.008400599395733349,0.008400285984992352,0.0036691786731105017,0.00503691777541745,0.4522148468974333,0.40914359597453065
110000296329,64.0,0.023064960298236844,0.0027904945895017423,0.05793466552751419,0.051243010068926106,0.009374725307795656,0.009374725307795656,0.005095008584810035,0.00652321979655306,0.00652321979655306,0.004041499002027865,0.008327671702051877,0.008329941656524453,0.005095008584810035,0.005095008584810035,0.006139694289697073,0.006115591289636013,0.4808580752233997,0.4325676029401779,0.009921058918499348,0.00992135460192329,0.0027904945895017423,0.05793466552751419,0.051243010068926106,0.009858308576793776,0.009858308576793776,0.0071252012208677775,0.007120710083417915,0.00787301779053048,0.00787301779053048,0.008697761186059043,0.008697846049650047,0.009858308576793776,0.009858308576793776,0.009474876040911328,0.008629612412782232,0.00992135460192329,0.00992135460192329,0.006139694289697073,0.006115591289636013,0.4808580752233997,0.4325676029401779,0.00652321979655306,0.00652321979655306,0.008327671702051877,0.008329941656524453,0.006175419912135783,0.00629413640213784,0.4748998984470621,0.42907967475197173
110000296341,64.0,0.01552308830622145,0.0023860467252833314,0.08315366768876802,0.07319354792945619,0.010416780115997278,0.010416780115997278,0.004380103893491717,0.007448664203453573,0.007448664203453573,0.0035482940123692007,0.00932122580282608,0.009321349589170032,0.004380103893491717,0.004380103893491717,0.005658743324807888,0.005895646806168009,0.5012689590139958,0.45155370202640893,0.010951924477798051,0.010952107734637562,0.0023860467252833314,0.08315366768876802,0.07319354792945619,0.011610133085750103,0.011610133085750103,0.007454987638907139,0.0074605515627653145,0.00847493948768644,0.00847493948768644,0.00978743639117535,0.009787042437012452,0.011610133085750103,0.011610133085750103,0.010587539024345515,0.00849226105844204,0.010952107734637562,0.010952107734637562,0.005658743324807888,0.005895646806168009,0.5012689590139958,0.45155370202640893,0.007448664203453573,0.007448664203453573,0.00932122580282608,0.009321349589170032,0.005568830334555705,0.0061659066819435395,0.4993727369875925,0.4502212981242896
110000296342,64.0,0.02006254694995845,0.0032379171062280766,0.0708736828930745,0.07415028271286035,0.014961252756561266,0.014961252756561266,0.005563164186916018,0.011472491673591224,0.011472491673591224,0.004359166491130123,0.013020438348865999,0.013021567481853501,0.005563164186916018,0.005563164186916018,0.00925836268998588,0.008494999047864443,0.48295083878467654,0.44745312416174754,0.015580081002590672,0.015605646224261593,0.0032379171062280766,0.0708736828930745,0.07415028271286035,0.01670220939096223,0.01670220939096223,0.012886454311262707,0.012908506479355236,0.014092792845971371,0.014092792845971371,0.014554150301923393,0.014554220029376033,0.01670220939096223,0.01670220939096223,0.015240844252952803,0.01384803020327686,0.015605646224261593,0.015605646224261593,0.00925836268998588,0.008494999047864443,0.48295083878467654,0.44745312416174754,0.011472491673591224,0.011472491673591224,0.013020438348865999,0.013021567481853501,0.00913028588405651,0.008531060484168806,0.4778861702856416,0.4443142295099203
110000296351,64.0,0.014322567007597637,0.002469625741630826,0.05307790245994464,0.047543436958322936,0.013708399231341631,0.013708399231341631,0.004187412987166477,0.008287859249935515,0.008287859249935515,0.0028221037681387135,0.011329765126005092,0.01133009878874698,0.004187412987166477,0.004187412987166477,0.005403729691508064,0.00525987885284988,0.4966407914015703,0.44835456701707616,0.014539524348019124,0.014535605696066323,0.002469625741630826,0.05307790245994464,0.047543436958322936,0.01623791002993993,0.01623791002993993,0.009025923942503275,0.009026128039635555,0.009800411574048427,0.009800411574048427,0.012673535796412186,0.012669062968456655,0.01623791002993993,0.01623791002993993,0.013684947482817077,0.008424398385793227,0.014535605696066323,0.014535605696066323,0.005403729691508064,0.00525987885284988,0.4966407914015703,0.44835456701707616,0.008287859249935515,0.008287859249935515,0.011329765126005092,0.01133009878874698,0.005523248973423415,0.005349164597107728,0.5011100815474424,0.4515306362645804
110000296370,64.0,0.019073693651815146,0.002350932725142755,0.1380567667882922,0.11399520853010392,0.011500749378252533,0.011500749378252533,0.00459007481720172,0.006328289919781331,0.006328289919781331,0.00289681418326619,0.009388942206841427,0.009388899690262353,0.00459007481720172,0.00459007481720172,0.00692787875011843,0.005212828576188055,0.5479185410652297,0.5058715843377752,0.01282402430521988,0.01282533288387115,0.002350932725142755,0.1380567667882922,0.11399520853010392,0.013465068078584467,0.013465068078584467,0.007389480465116478,0.007392714039495931,0.007887547921954747,0.007887547921954747,0.01081870285939135,0.01081861667303478,0.013465068078584467,0.013465068078584467,0.011256160694983022,0.008836996687867835,0.01282533288387115,0.01282533288387115,0.00692787875011843,0.005212828576188055,0.5479185410652297,0.5058715843377752,0.006328289919781331,0.006328289919781331,0.009388942206841427,0.009388899690262353,0.006896025554503558,0.005796628103210949,0.5489165273897448,0.509648095675376
110000296373,64.0,0.02079606868127632,0.002551566437001131,0.1195368910336604,0.1007730857899419,0.011710624553912303,0.011710624553912303,0.0053879840450826435,0.007752329524583923,0.007752329524583923,0.0037653561114587117,0.00978270998876298,0.009780128110956438,0.0053879840450826435,0.0053879840450826435,0.007295203877078783,0.007180882996668134,0.5298048913155545,0.4805297590729459,0.01206690360104998,0.01206562657611327,0.002551566437001131,0.1195368910336604,0.1007730857899419,0.011922524177846417,0.011922524177846417,0.008006483642471,0.008003805989983159,0.00864679152328427,0.00864679152328427,0.01032826811019737,0.010328060914633173,0.011922524177846417,0.011922524177846417,0.01186652680828048,0.009781233013379017,0.01206562657611327,0.01206562657611327,0.007295203877078783,0.007180882996668134,0.5298048913155545,0.4805297590729459,0.007752329524583923,0.007752329524583923,0.00978270998876298,0.009780128110956438,0.0071081377410728884,0.007267596802317601,0.5270846590350479,0.47690091892131187
110000296380,64.0,0.01762450456923816,0.0031301167876291356,0.10361558575064964,0.08371203144731526,0.01271251145491265,0.01271251145491265,0.00660671697729073,0.009838242730953276,0.009838242730953276,0.004765943892663467,0.010638647969356433,0.010633553009526068,0.00660671697729073,0.00660671697729073,0.007865424482561372,0.008590309998277056,0.5518568575139041,0.4950706937047293,0.013280409430647584,0.013280078339769083,0.0031301167876291356,0.10361558575064964,0.08371203144731526,0.01339117358298712,0.01339117358298712,0.010615617234166728,0.010621404369156361,0.010529759446178318,0.010529759446178318,0.011950713453167398,0.011950242821993631,0.01339117358298712,0.01339117358298712,0.012653761348423642,0.00985701283055076,0.013280078339769083,0.013280078339769083,0.007865424482561372,0.008590309998277056,0.5518568575139041,0.4950706937047293,0.009838242730953276,0.009838242730953276,0.010638647969356433,0.010633553009526068,0.008154185314219128,0.00853428916085957,0.5647774681202924,0.5095938874860791
110000296686,64.0,0.013714670902991744,0.0020847174831785525,0.059144056719880225,0.04097925690185939,0.011507057741300914,0.011507057741300914,0.0049186456644277335,0.008892739010197201,0.008892739010197201,0.002683336533411302,0.009856185095512693,0.009856200452131045,0.0049186456644277335,0.0049186456644277335,0.008335803447930678,0.008070016959318393,0.5371308797565771,0.45932475109643406,0.012203939448426815,0.012204057693600159,0.0020847174831785525,0.059144056719880225,0.04097925690185939,0.012390130872754253,0.012390130872754253,0.00954782462949351,0.009547832453199833,0.010042751200789802,0.010042751200789802,0.010956697663047042,0.010963709860011446,0.012390130872754253,0.012390130872754253,0.011664125507186585,0.010197900720208729,0.012204057693600159,0.012204057693600159,0.008335803447930678,0.008070016959318393,0.5371308797565771,0.45932475109643406,0.008892739010197201,0.008892739010197201,0.009856185095512693,0.009856200452131045,0.008611593795197013,0.008070745819280526,0.5362946919418946,0.45951294685233357
110000296689,64.0,0.012774947743576476,0.001896729021915978,0.06953538285081291,0.04919336091407722,0.010136686988071872,0.010136686988071872,0.003126170129823124,0.006880697476723343,0.006880697476723343,0.002407848681919962,0.008911221115879064,0.00891385024404915,0.003126170129823124,0.003126170129823124,0.005036177298952012,0.005265363864789776,0.5136430388190186,0.4635777007634253,0.011517302132615696,0.011526495141688292,0.001896729021915978,0.06953538285081291,0.04919336091407722,0.011635371321374826,0.011635371321374826,0.007691731295831312,0.007691097210108483,0.007889552249789515,0.007889552249789515,0.010253101361921282,0.01025352371382134,0.011635371321374826,0.011635371321374826,0.011008462195679133,0.00854100441993323,0.011526495141688292,0.011526495141688292,0.005036177298952012,0.005265363864789776,0.5136430388190186,0.4635777007634253,0.006880697476723343,0.006880697476723343,0.008911221115879064,0.00891385024404915,0.00485269596476746,0.005078211075258375,0.5104275548155248,0.46079509498591964
110000296691,64.0,0.012433010667454038,0.0022293707251974096,0.05443724777667469,0.04060503264434981,0.00915416957455416,0.00915416957455416,0.004331704543209397,0.006377587837912012,0.006377587837912012,0.0032747735869824565,0.008546202092865017,0.008546586814578302,0.004331704543209397,0.004331704543209397,0.00456267127692522,0.0045963143607819015,0.4853790013603241,0.4289301867380202,0.009582387081464003,0.009583447694807887,0.0022293707251974096,0.05443724777667469,0.04060503264434981,0.0098762644757567,0.0098762644757567,0.006572997347038791,0.006574126775642781,0.007128110867835414,0.007128110867835414,0.008141598912989724,0.008140719245302628,0.0098762644757567,0.0098762644757567,0.009322070293108728,0.007483776829920196,0.009583447694807887,0.009583447694807887,0.00456267127692522,0.0045963143607819015,0.4853790013603241,0.4289301867380202,0.006377587837912012,0.006377587837912012,0.008546202092865017,0.008546586814578302,0.00469093507998139,0.004453235149882141,0.48677374478430424,0.429491342908747
110000297112,64.0,0.017705561574216877,0.003340706766956657,0.12082631651927819,0.10369651350266233,0.014722418515987473,0.014722418515987473,0.0066308240679423995,0.009978491659695976,0.009978491659695976,0.00465688521906266,0.012564642222234124,0.01256784570885961,0.0066308240679423995,0.0066308240679423995,0.006963906947759769,0.0075651363064907695,0.5534806900667505,0.5217704557222757,0.015535221608463448,0.01553498584352173,0.003340706766956657,0.12082631651927819,0.10369651350266233,0.016753037365744308,0.016753037365744308,0.01038032075254201,0.010383795400868718,0.01098561723094949,0.01098561723094949,0.013089535185717777,0.013089826318650997,0.016753037365744308,0.016753037365744308,0.014773037075393436,0.010943904848118465,0.01553498584352173,0.01553498584352173,0.006963906947759769,0.0075651363064907695,0.5534806900667505,0.5217704557222757,0.009978491659695976,0.009978491659695976,0.012564642222234124,0.01256784570885961,0.006831633045283079,0.007474952154944492,0.5524348861670388,0.5221181815505362
110000297115,64.0,0.015175051767580938,0.0023800504607928855,0.10767549574267266,0.08401691539893896,0.0156966140973098,0.0156966140973098,0.005988792785993385,0.01150051799912939,0.01150051799912939,0.0035039338509691726,0.013764034996479282,0.013722756064752104,0.005988792785993385,0.005988792785993385,0.00743273755618817,0.008513955926340164,0.5178214155356986,0.4926144182647204,0.017235794697462194,0.017235293221133,0.0023800504607928855,0.10767549574267266,0.08401691539893896,0.017288968559960403,0.017288968559960403,0.012915922818564048,0.012894577223963978,0.013168951707907823,0.013168951707907823,0.01585073106664312,0.01585043019628151,0.017288968559960403,0.017288968559960403,0.016889881817456657,0.012838925715221277,0.017235293221133,0.017235293221133,0.00743273755618817,0.008513955926340164,0.5178214155356986,0.4926144182647204,0.01150051799912939,0.01150051799912939,0.013764034996479282,0.013722756064752104,0.007130199945180195,0.00820432371570755,0.5187896392082423,0.492694213390348
110000297118,384.0,0.23959707713741177,0.013785710933994555,0.0442515821987263,0.08302406835557395,0.00838954852139604,0.00838954852139604,0.013415491157839318,0.008380941954095035,0.008380941954095035,0.013499696092715981,0.008388748350752021,0.008388191618519836,0.013415491157839318,0.013415491157839318,0.008132508300695356,0.008138956886171953,0.036859134659784666,0.01369340670695305,0.008391724594538809,0.008391826438608621,0.013785710933994555,0.0442515821987263,0.08302406835557395,0.008388468382342562,0.008388468382342562,0.008392099828298973,0.008396056469352849,0.008379421382586759,0.008379421382586759,0.008395127216595162,0.008396097252807799,0.008388468382342562,0.008388468382342562,0.008162123558120267,0.008149405454181078,0.008391826438608621,0.008391826438608621,0.008132508300695356,0.008138956886171953,0.036859134659784666,0.01369340670695305,0.008380941954095035,0.008380941954095035,0.008388748350752021,0.008388191618519836,0.00813058991929629,0.008136590145886101,0.03767758964543665,0.01359730715549303
A1166128,384.0,0.22207109554371043,0.011091173749505086,0.030201130715194615,0.06062486971650177,0.00839711138594582,0.00839711138594582,0.011197714739176303,0.008387549023374132,0.008387549023374132,0.011258170909923019,0.008396280556073664,0.008399978337389357,0.011197714739176303,0.011197714739176303,0.00813803672715031,0.008141836477722703,0.04282384531526099,0.014254992721737027,0.008397864364512106,0.008398874908381758,0.011091173749505086,0.030201130715194615,0.06062486971650177,0.008393924391788639,0.008393924391788639,0.008398846579252849,0.008398150629073833,0.008385089561360816,0.008385089561360816,0.00840344134843528,0.00840897382941982,0.008393924391788639,0.008393924391788639,0.008167684754627763,0.008154132022163101,0.008398874908381758,0.008398874908381758,0.00813803672715031,0.008141836477722703,0.04282384531526099,0.014254992721737027,0.008387549023374132,0.008387549023374132,0.008396280556073664,0.008399978337389357,0.008139080813779826,0.008141992527161147,0.04358024098548072,0.01439715316992738
A1166130,65.0,0.018178043598108283,0.0024332155715284997,0.03340802676886806,0.02759019679050324,0.01107339963051,0.01107339963051,0.00360342654592303,0.00893002043632927,0.00893002043632927,0.0035176787047828343,0.010050030117438984,0.010051359191566496,0.00360342654592303,0.00360342654592303,0.005443927579168809,0.006453543639255898,0.38685413577525346,0.35236161147830636,0.012875905360790287,0.012879769805080044,0.0024332155715284997,0.03340802676886806,0.02759019679050324,0.01271102736048683,0.01271102736048683,0.010207643564887962,0.010328228095413354,0.01046466759056737,0.01046466759056737,0.010858753610381997,0.01087144316362733,0.01271102736048683,0.01271102736048683,0.011300672456925906,0.009857432010667978,0.012879769805080044,0.012879769805080044,0.005443927579168809,0.006453543639255898,0.38685413577525346,0.35236161147830636,0.00893002043632927,0.00893002043632927,0.010050030117438984,0.010051359191566496,0.00514904418964816,0.006293227234702955,0.3787128578392593,0.34837129848882503
A1166133,64.0,0.023658092446511535,0.0019025207335033533,0.033820426883476314,0.02930915960884188,0.0077803793749943485,0.0077803793749943485,0.0030063225824245145,0.0049299807717971275,0.0049299807717971275,0.0023296993630202607,0.006325024411789843,0.0063253016869789435,0.0030063225824245145,0.0030063225824245145,0.00439902157921234,0.004800430660289615,0.36713669011677186,0.35610786824485924,0.008598989006949007,0.008599788560001608,0.0019025207335033533,0.033820426883476314,0.02930915960884188,0.008760106144615247,0.008760106144615247,0.005451193581004793,0.005451094465206228,0.0061357289083211215,0.0061357289083211215,0.007301008564522851,0.0073007427020129806,0.008760106144615247,0.008760106144615247,0.008003074044724749,0.0068618997735483585,0.008599788560001608,0.008599788560001608,0.00439902157921234,0.004800430660289615,0.36713669011677186,0.35610786824485924,0.0049299807717971275,0.0049299807717971275,0.006325024411789843,0.0063253016869789435,0.004506387984133292,0.0048095367770459845,0.36744196230963805,0.3562446374967096
A1166137,64.0,0.019878675999833846,0.0020729738520600936,0.0380265161016735,0.03173090786261765,0.008727528436302387,0.008727528436302387,0.002687638878393039,0.005747113866567516,0.005747113866567516,0.002513155814495509,0.006924578931176311,0.0069243895543031,0.002687638878393039,0.002687638878393039,0.003096618112096467,0.004030551033510611,0.35341272954454667,0.3342823380814483,0.01051558216125267,0.010516193573819742,0.0020729738520600936,0.0380265161016735,0.03173090786261765,0.010132428969949994,0.010132428969949994,0.006463495741019678,0.006469061383040578,0.006881964886845854,0.006881964886845854,0.007663442483774786,0.00766293871293071,0.010132428969949994,0.010132428969949994,0.00960616311713051,0.00782932474172897,0.010516193573819742,0.010516193573819742,0.003096618112096467,0.004030551033510611,0.35341272954454667,0.3342823380814483,0.005747113866567516,0.005747113866567516,0.006924578931176311,0.0069243895543031,0.002978004553793226,0.0038608975340783526,0.353431623318755,0.33450135462520514
A1166142,64.0,0.013583361240352044,0.001962623026986882,0.031971789083442066,0.020713073626461805,0.009971580692875404,0.009971580692875404,0.0035846038244389954,0.006946331195609407,0.006946331195609407,0.002741107844568063,0.008373858738862207,0.008391516274993575,0.0035846038244389954,0.0035846038244389954,0.003714863455107292,0.004311713835601806,0.37682269880761304,0.34039901577821113,0.011251434238033686,0.011251130823993434,0.001962623026986882,0.031971789083442066,0.020713073626461805,0.011953313225476478,0.011953313225476478,0.008246471817476755,0.008246971773773207,0.0086385841529341,0.0086385841529341,0.008756469116936068,0.008755855159142366,0.011953313225476478,0.011953313225476478,0.01029639353244736,0.007987862118328791,0.011251130823993434,0.011251130823993434,0.003714863455107292,0.004311713835601806,0.37682269880761304,0.34039901577821113,0.006946331195609407,0.006946331195609407,0.008373858738862207,0.008391516274993575,0.0037725570908640556,0.0042961877203748335,0.3760925232239082,0.33989073864727964
A1166144,64.0,0.015509032136688012,0.002003614106601314,0.04114502809812472,0.034633820566976455,0.010290429860573751,0.010290429860573751,0.0031207627664846848,0.007814293058907504,0.007814293058907504,0.0026139527961727554,0.00914638090502915,0.009146332263772134,0.0031207627664846848,0.0031207627664846848,0.005999257077946056,0.007092593498679116,0.37014333027528373,0.3657977288143068,0.010914154289585013,0.010910938340655967,0.002003614106601314,0.04114502809812472,0.034633820566976455,0.011350390946264902,0.011350390946264902,0.008679533376283641,0.00869211291345606,0.009097207876895668,0.009097207876895668,0.009813827641749375,0.009813985425523067,0.011350390946264902,0.011350390946264902,0.010269460835228892,0.009518266698258279,0.010910938340655967,0.010910938340655967,0.005999257077946056,0.007092593498679116,0.37014333027528373,0.3657977288143068,0.007814293058907504,0.007814293058907504,0.00914638090502915,0.009146332263772134,0.005879960374524094,0.006810783080868986,0.37091475097453586,0.36510466531863933
A1166147,64.0,0.017620196150076605,0.0025672585536613978,0.033979532017100834,0.027458006322804897,0.011089796718014643,0.011089796718014643,0.00477784763203497,0.009581973492338695,0.009581973492338695,0.003626241458894299,0.01061218293083585,0.010612301406437987,0.00477784763203497,0.00477784763203497,0.005267363209051543,0.006087313883712691,0.3606205529236091,0.34326844937237344,0.011748997018510652,0.011745274018880314,0.0025672585536613978,0.033979532017100834,0.027458006322804897,0.01237710577540365,0.01237710577540365,0.01015942707439288,0.010160960600830752,0.01084699770448776,0.01084699770448776,0.010333446602707632,0.010334960213921777,0.01237710577540365,0.01237710577540365,0.010805607762787625,0.009820781951444722,0.011745274018880314,0.011745274018880314,0.005267363209051543,0.006087313883712691,0.3606205529236091,0.34326844937237344,0.009581973492338695,0.009581973492338695,0.01061218293083585,0.010612301406437987,0.005293278668568277,0.00590581633092281,0.3558438945314535,0.3401267281980389
A1166150,64.0,0.015309718546532174,0.0023462767705736695,0.032638029701218624,0.025313427470090053,0.007939903317775925,0.007939903317775925,0.0033589843379050674,0.005363518570157035,0.005363518570157035,0.0027706703626788564,0.00626870545762517,0.006267568707649124,0.0033589843379050674,0.0033589843379050674,0.0037653517623663984,0.004140701633297795,0.38247814144536735,0.3510941884847407,0.008927215690795055,0.008926611569697743,0.0023462767705736695,0.032638029701218624,0.025313427470090053,0.009274575501555542,0.009274575501555542,0.006120689763990757,0.006121508449757391,0.006464219289226386,0.006464219289226386,0.007255553443525013,0.007255955718330352,0.009274575501555542,0.009274575501555542,0.007988653144079797,0.006501023775338167,0.008926611569697743,0.008926611569697743,0.0037653517623663984,0.004140701633297795,0.38247814144536735,0.3510941884847407,0.005363518570157035,0.005363518570157035,0.00626870545762517,0.006267568707649124,0.003731708296300168,0.004406496949380665,0.3837710650623518,0.3518540282121162
A1166151,64.0,0.012290408840875405,0.0027786813259458175,0.1233644869799376,0.09306481023527527,0.009222352959937648,0.009222352959937648,0.003860122986860257,0.005809436723859647,0.005809436723859647,0.003025129444073567,0.007468776166465953,0.00747073401956126,0.003860122986860257,0.003860122986860257,0.004837363608575784,0.004949089555801582,0.453953451097029,0.4190451575505617,0.009883089353458639,0.00988214913632183,0.0027786813259458175,0.1233644869799376,0.09306481023527527,0.009975061851424041,0.009975061851424041,0.006266073679948225,0.006266104456684522,0.006877875065040614,0.006877875065040614,0.008432402989210695,0.008431031889346139,0.009975061851424041,0.009975061851424041,0.008797818923404309,0.007124290943961346,0.00988214913632183,0.00988214913632183,0.004837363608575784,0.004949089555801582,0.453953451097029,0.4190451575505617,0.005809436723859647,0.005809436723859647,0.007468776166465953,0.00747073401956126,0.004810469194462269,0.0048387642422719895,0.45416444978211223,0.41913898302333297
A1166153,64.0,0.012871455059003847,0.002501292081738425,0.034923559912507035,0.032616808747375846,0.0125145515038853,0.0125145515038853,0.0047883822468226395,0.008626705169954502,0.008626705169954502,0.0038401160901259815,0.011299783311637834,0.011300423813741958,0.0047883822468226395,0.0047883822468226395,0.005687257875280247,0.00703430506958576,0.3527430269969157,0.3267495581373755,0.012975010115633064,0.012975065019912588,0.002501292081738425,0.034923559912507035,0.032616808747375846,0.013379019475399163,0.013379019475399163,0.009627919208304355,0.00962629338975957,0.009742818858239683,0.009742818858239683,0.011389519514222467,0.011389359453464674,0.013379019475399163,0.013379019475399163,0.012152690453767231,0.011033122725789091,0.012975065019912588,0.012975065019912588,0.005687257875280247,0.00703430506958576,0.3527430269969157,0.3267495581373755,0.008626705169954502,0.008626705169954502,0.011299783311637834,0.011300423813741958,0.005616822541732268,0.006747080598359464,0.35143601757154547,0.3264805746216545
A1166158,64.0,0.014331157279190843,0.002281611429246412,0.03563651792621593,0.025552414369079804,0.010097065602417871,0.010097065602417871,0.003635227593119118,0.0063544754417463115,0.0063544754417463115,0.00289560978865462,0.008000312974075743,0.008001385994508538,0.003635227593119118,0.003635227593119118,0.0037803343872522543,0.004372063151768601,0.39146221759995586,0.3592247734427071,0.010323134688653675,0.010325759066528273,0.002281611429246412,0.03563651792621593,0.025552414369079804,0.010857047237317272,0.010857047237317272,0.006892152606913382,0.006896467307236659,0.007300760462839245,0.007300760462839245,0.008535012850747486,0.00853489889349751,0.010857047237317272,0.010857047237317272,0.009864623878996458,0.007460270338547099,0.010325759066528273,0.010325759066528273,0.0037803343872522543,0.004372063151768601,0.39146221759995586,0.3592247734427071,0.0063544754417463115,0.0063544754417463115,0.008000312974075743,0.008001385994508538,0.00352585403723661,0.004171112489738566,0.3882403690624571,0.3575642703654259
A1166164,64.0,0.014638552033976212,0.0025484981613870966,0.036909615080005086,0.03518542737538735,0.01048200836709194,0.01048200836709194,0.0050667052896476595,0.0075767932413491074,0.0075767932413491074,0.0042943888902986175,0.009820781366391295,0.00983440344986059,0.0050667052896476595,0.0050667052896476595,0.005159322023456474,0.005465269299014647,0.3833353661625024,0.357463114610999,0.011786457376902211,0.011788849729168974,0.0025484981613870966,0.036909615080005086,0.03518542737538735,0.011810331669818309,0.011810331669818309,0.008476362550074697,0.008474940799625118,0.008888004958148583,0.008888004958148583,0.00989770772969329,0.009897877362806434,0.011810331669818309,0.011810331669818309,0.010777978310076718,0.008506592950510154,0.011788849729168974,0.011788849729168974,0.005159322023456474,0.005465269299014647,0.3833353661625024,0.357463114610999,0.0075767932413491074,0.0075767932413491074,0.009820781366391295,0.00983440344986059,0.005027842134609713,0.005481897267757854,0.3787107214422816,0.35449353040260345
A1166165,64.0,0.014117278504807682,0.002338502089093863,0.04938683023685409,0.04191782735863247,0.008844871717134183,0.008844871717134183,0.0038902965745906152,0.006297992011929078,0.006297992011929078,0.0028586457920686623,0.007330079429178214,0.007329622431651188,0.0038902965745906152,0.0038902965745906152,0.004326031881330226,0.004857712613939223,0.4104206548271759,0.3737259739468447,0.009297199029641106,0.009298825467838575,0.002338502089093863,0.04938683023685409,0.04191782735863247,0.010342543050900176,0.010342543050900176,0.006650627209467939,0.0066512189605518945,0.007279060830852574,0.007279060830852574,0.007972093636547058,0.007973270485582086,0.010342543050900176,0.010342543050900176,0.008231321296940083,0.006646499939266326,0.009298825467838575,0.009298825467838575,0.004326031881330226,0.004857712613939223,0.4104206548271759,0.3737259739468447,0.006297992011929078,0.006297992011929078,0.007330079429178214,0.007329622431651188,0.004106788724171239,0.004754751801051308,0.41409946071494663,0.3767559271819115
A1170389,64.0,0.02217600882069833,0.0026722429750087027,0.0515458232254282,0.05497797380845907,0.012213845948494718,0.012213845948494718,0.004817680906875301,0.009006609803923983,0.009006609803923983,0.0037426222069075216,0.011086594956754356,0.01108436631495937,0.004817680906875301,0.004817680906875301,0.004682445411776233,0.005466236129989557,0.39642659254733337,0.3696497813687588,0.013112943754501977,0.013111867529944815,0.0026722429750087027,0.0515458232254282,0.05497797380845907,0.014194379208426504,0.014194379208426504,0.01001805130134076,0.010019077447519538,0.010981078067914969,0.010981078067914969,0.011194320046053868,0.011193805598715792,0.014194379208426504,0.014194379208426504,0.012465861364208868,0.010390555929489521,0.013111867529944815,0.013111867529944815,0.004682445411776233,0.005466236129989557,0.39642659254733337,0.3696497813687588,0.009006609803923983,0.009006609803923983,0.011086594956754356,0.01108436631495937,0.004522702709366959,0.005496715291734473,0.4001335424652024,0.3715391324112178
A1170391,64.0,0.02357535175872172,0.0023297684327602216,0.06908233159308355,0.06219062814630492,0.009664256038652315,0.009664256038652315,0.004183925719020661,0.0065795043201496385,0.0065795043201496385,0.003144702722140165,0.008266199820469321,0.008266806330777886,0.004183925719020661,0.004183925719020661,0.005909667898102405,0.00565222676252919,0.45115949241373304,0.4173138964149609,0.01032570463106228,0.0103253655188772,0.0023297684327602216,0.06908233159308355,0.06219062814630492,0.010804183214106804,0.010804183214106804,0.007223007193447437,0.007222808156037254,0.007719806890605916,0.007719806890605916,0.009025165980696678,0.009024796456205656,0.010804183214106804,0.010804183214106804,0.009745322282659162,0.008408075315581116,0.0103253655188772,0.0103253655188772,0.005909667898102405,0.00565222676252919,0.45115949241373304,0.4173138964149609,0.0065795043201496385,0.0065795043201496385,0.008266199820469321,0.008266806330777886,0.005698791008908197,0.005690824052335536,0.44899754331255987,0.4152715433207006
A1170395,64.0,0.02408175167386667,0.003103049179925705,0.07737283868364839,0.06933898674859788,0.015485887863417135,0.015485887863417135,0.006395525304269922,0.011217600410983224,0.011217600410983224,0.004089042230139802,0.013195551865579936,0.01319548706691484,0.006395525304269922,0.006395525304269922,0.0066389270526114475,0.008056310943012315,0.416028227890911,0.3787138144402557,0.01594734941020287,0.015922202561216188,0.003103049179925705,0.07737283868364839,0.06933898674859788,0.016357916649744956,0.016357916649744956,0.011610915349294695,0.011620175237665424,0.01199897061552027,0.01199897061552027,0.013821714244723192,0.013821495143746355,0.016357916649744956,0.016357916649744956,0.014755929541202032,0.01217986513171505,0.015922202561216188,0.015922202561216188,0.0066389270526114475,0.008056310943012315,0.416028227890911,0.3787138144402557,0.011217600410983224,0.011217600410983224,0.013195551865579936,0.01319548706691484,0.006456324099930679,0.007613918844904497,0.4155045056408541,0.3769839559147371
A1170398,64.0,0.018398065880965445,0.00293105295917922,0.049808391859530586,0.04650527030162428,0.008940268428937971,0.008940268428937971,0.00581813002834537,0.007376568871477937,0.007376568871477937,0.00477508610516056,0.008776753197061051,0.008776869342452497,0.00581813002834537,0.00581813002834537,0.005318969593741548,0.005504873733282033,0.43471507320542785,0.3858047504204159,0.010301860225145261,0.010301905985669131,0.00293105295917922,0.049808391859530586,0.04650527030162428,0.010962940583899483,0.010962940583899483,0.007601013861064929,0.007600919701356848,0.008090189716405278,0.008090189716405278,0.009152758989712618,0.009152181330647716,0.010962940583899483,0.010962940583899483,0.00961014793354817,0.00786887059497939,0.010301905985669131,0.010301905985669131,0.005318969593741548,0.005504873733282033,0.43471507320542785,0.3858047504204159,0.007376568871477937,0.007376568871477937,0.008776753197061051,0.008776869342452497,0.005065557910508586,0.005524546788522679,0.4304340149833114,0.384069201206421
A1170399,64.0,0.013416141464020094,0.0025933196065418876,0.0717814892891364,0.057352384078299776,0.009461935850750067,0.009461935850750067,0.004983442338785525,0.007015478982180141,0.007015478982180141,0.004019860911625578,0.00897616429724943,0.008977702280514933,0.004983442338785525,0.004983442338785525,0.004027960426191501,0.005457378310576462,0.41891900776211743,0.38893812547721807,0.01030837351672056,0.01030593862058283,0.0025933196065418876,0.0717814892891364,0.057352384078299776,0.011851831441582516,0.011851831441582516,0.007519109876052611,0.007519332627717003,0.008666479107397663,0.008666479107397663,0.008856599548243771,0.008855700223670404,0.011851831441582516,0.011851831441582516,0.009600476848572782,0.007797452961739691,0.01030593862058283,0.01030593862058283,0.004027960426191501,0.005457378310576462,0.41891900776211743,0.38893812547721807,0.007015478982180141,0.007015478982180141,0.00897616429724943,0.008977702280514933,0.0037718231668942407,0.005221528335428508,0.41630476031856983,0.38616210234908094
A1170405,64.0,0.019593293058454225,0.003117236317831571,0.08759516788437301,0.0802308252738451,0.009113915484552105,0.009113915484552105,0.004138507063584304,0.0054525595598483,0.0054525595598483,0.003764853194624763,0.006795710588341124,0.0066653942127796436,0.004138507063584304,0.004138507063584304,0.0025822641235971186,0.003974940574141587,0.4286977031941481,0.3912703922099252,0.009455536126307517,0.009457550964182675,0.003117236317831571,0.08759516788437301,0.0802308252738451,0.010187057559054807,0.010187057559054807,0.006055740089610865,0.00605022142450954,0.0064564346793541776,0.0064564346793541776,0.007372359916462303,0.007374549193304338,0.010187057559054807,0.010187057559054807,0.008257026296535555,0.006157629154130325,0.009457550964182675,0.009457550964182675,0.0025822641235971186,0.003974940574141587,0.4286977031941481,0.3912703922099252,0.0054525595598483,0.0054525595598483,0.006795710588341124,0.0066653942127796436,0.002476282768383729,0.0034619947957112603,0.4267662105412586,0.39072692374677
A1170407,64.0,0.020019941799691954,0.0026255797532887025,0.05384243385778227,0.055207703693993804,0.009983784686471785,0.009983784686471785,0.004128999274814441,0.006265670123248514,0.006265670123248514,0.0028125598519718746,0.008505143813879833,0.00850693504851595,0.004128999274814441,0.004128999274814441,0.005697974618497076,0.005450170957660829,0.43810905882025414,0.3983555043977257,0.010812176899240926,0.010813066184138827,0.0026255797532887025,0.05384243385778227,0.055207703693993804,0.011532918309887069,0.011532918309887069,0.007292018688779772,0.0072902993965572,0.007435678591066854,0.007435678591066854,0.009257135576292019,0.0092573742328235,0.011532918309887069,0.011532918309887069,0.0103809459071881,0.007813640261084802,0.010813066184138827,0.010813066184138827,0.005697974618497076,0.005450170957660829,0.43810905882025414,0.3983555043977257,0.006265670123248514,0.006265670123248514,0.008505143813879833,0.00850693504851595,0.005773399233758321,0.005514920948005071,0.4389511813055033,0.39785957716051457
A1170409,64.0,0.022113021958842426,0.002885015909861606,0.0504560623062778,0.04978121343421762,0.012698772162233507,0.012698772162233507,0.004444114262876628,0.008354596587731826,0.008354596587731826,0.0036171229887421046,0.011518324732399244,0.01151771610599931,0.004444114262876628,0.004444114262876628,0.005553145163606301,0.006622722260507423,0.41222588328953746,0.3765842735660425,0.013528876267163623,0.013528669941838184,0.002885015909861606,0.0504560623062778,0.04978121343421762,0.014011416782945447,0.014011416782945447,0.009511385427434023,0.009511281245293313,0.010546876447130125,0.010546876447130125,0.011531197344355598,0.011538927905464406,0.014011416782945447,0.014011416782945447,0.012428915596050787,0.010525880846251574,0.013528669941838184,0.013528669941838184,0.005553145163606301,0.006622722260507423,0.41222588328953746,0.3765842735660425,0.008354596587731826,0.008354596587731826,0.011518324732399244,0.01151771610599931,0.0051976764280539205,0.00659748953137562,0.41156885729568876,0.37725859641003173
A1170412,64.0,0.019498740277340394,0.0032562254487380543,0.05186457228902993,0.04357472452926588,0.013496007963734933,0.013496007963734933,0.005179780825482283,0.009746667452817492,0.009746667452817492,0.003990447796856127,0.01203131416677017,0.012007857053360887,0.005179780825482283,0.005179780825482283,0.005248611363717657,0.006611851334769709,0.4423697979690284,0.39811482715153773,0.0154693607358627,0.01546817156872246,0.0032562254487380543,0.05186457228902993,0.04357472452926588,0.015935823765648078,0.015935823765648078,0.010973834731571925,0.010995574022011357,0.011430103427445076,0.011430103427445076,0.0137505886115907,0.013749826437507343,0.015935823765648078,0.015935823765648078,0.01437985678962651,0.010191515809306747,0.01546817156872246,0.01546817156872246,0.005248611363717657,0.006611851334769709,0.4423697979690284,0.39811482715153773,0.009746667452817492,0.009746667452817492,0.01203131416677017,0.012007857053360887,0.005409166095006189,0.006746339477918478,0.4416119624822079,0.3985728747311775
A1170415,64.0,0.023909981880777073,0.003282437680427595,0.07290320637808513,0.057013771627937325,0.010530384580378053,0.010530384580378053,0.0056973307583844815,0.007733863810145487,0.007733863810145487,0.0050387137720728625,0.009023784294891889,0.009026197999320095,0.0056973307583844815,0.0056973307583844815,0.003721471544906976,0.004819875558663421,0.4412879009070797,0.40140499875698354,0.011716922642121107,0.011713506630687763,0.003282437680427595,0.07290320637808513,0.057013771627937325,0.013062096668858686,0.013062096668858686,0.008524492506684501,0.008485618950719247,0.009524093825426084,0.009524093825426084,0.00965897432703508,0.009658979304582664,0.013062096668858686,0.013062096668858686,0.010395959632737954,0.00827226778949273,0.011713506630687763,0.011713506630687763,0.003721471544906976,0.004819875558663421,0.4412879009070797,0.40140499875698354,0.007733863810145487,0.007733863810145487,0.009023784294891889,0.009026197999320095,0.0037685236546559212,0.005196987503605327,0.4388864480470369,0.40066499131143946
A1170417,64.0,0.024242676646328426,0.002126008675669466,0.0646404695738321,0.06653476589030004,0.014311516693625365,0.014311516693625365,0.00417413739213871,0.010637661587908145,0.010637661587908145,0.0024976229447047815,0.012216326499030561,0.012216504899347055,0.00417413739213871,0.00417413739213871,0.006125357210447664,0.006503906331487469,0.4602393883129253,0.4199302166182021,0.015056616522876199,0.015056039677435438,0.002126008675669466,0.0646404695738321,0.06653476589030004,0.015719768144773216,0.015719768144773216,0.010854669540143417,0.010854059812217228,0.011959124777208436,0.011959124777208436,0.01288153056868737,0.012881608843204922,0.015719768144773216,0.015719768144773216,0.013636156950328892,0.010690671757585894,0.015056039677435438,0.015056039677435438,0.006125357210447664,0.006503906331487469,0.4602393883129253,0.4199302166182021,0.010637661587908145,0.010637661587908145,0.012216326499030561,0.012216504899347055,0.005887795005690043,0.006718944293998319,0.4588524189439837,0.41767566332206524
A1170421,64.0,0.019045252128911665,0.0026763651636904947,0.06633507690138428,0.0655245855020085,0.015265775623414043,0.015265775623414043,0.005365769427048925,0.011814864740284394,0.011814864740284394,0.003682325040806501,0.014088667009797887,0.014088991682238464,0.005365769427048925,0.005365769427048925,0.007895783868891669,0.008732979550847725,0.43745857031018,0.40897356331595613,0.016031121813520587,0.01603246413390116,0.0026763651636904947,0.06633507690138428,0.0655245855020085,0.016446230642000653,0.016446230642000653,0.013564301582068979,0.013522862854272788,0.01381308011512687,0.01381308011512687,0.014816555639205085,0.014816570121538102,0.016446230642000653,0.016446230642000653,0.015223324470364424,0.012590550878112157,0.01603246413390116,0.01603246413390116,0.007895783868891669,0.008732979550847725,0.43745857031018,0.40897356331595613,0.011814864740284394,0.011814864740284394,0.014088667009797887,0.014088991682238464,0.008017429217425152,0.008628185523733414,0.4403333829422301,0.41125512971047046
A1170441,64.0,0.021649252641928875,0.002490685023513784,0.047801698908306364,0.04287215087803225,0.011049609014946683,0.011049609014946683,0.004899897953828367,0.00774872043103036,0.00774872043103036,0.0035083184775504296,0.010428622350196964,0.010428652534785428,0.004899897953828367,0.004899897953828367,0.005469533987565466,0.006416893665317664,0.3975171461440371,0.36098665250708706,0.01163865271923971,0.011638474046335064,0.002490685023513784,0.047801698908306364,0.04287215087803225,0.012024534924171592,0.012024534924171592,0.008421196377413457,0.008415953126611333,0.008535436356709463,0.008535436356709463,0.010594806718251821,0.010588416183116104,0.012024534924171592,0.012024534924171592,0.011085553624888493,0.008602418508297155,0.011638474046335064,0.011638474046335064,0.005469533987565466,0.006416893665317664,0.3975171461440371,0.36098665250708706,0.00774872043103036,0.00774872043103036,0.010428622350196964,0.010428652534785428,0.0053479796452044715,0.006324308723567825,0.392287946825379,0.35938151187470707
A1170442,64.0,0.020094779140373626,0.00259914647287191,0.02574481817103407,0.020014086415499125,0.010471493362026331,0.010471493362026331,0.004411087058847709,0.007958850478374812,0.007958850478374812,0.0034137229718998116,0.009391543267968757,0.009391745295277266,0.004411087058847709,0.004411087058847709,0.005433432584573277,0.0057419204676055335,0.37815197050445243,0.3470739296713226,0.011239084354212196,0.011239680780862946,0.00259914647287191,0.02574481817103407,0.020014086415499125,0.011556379367656775,0.011556379367656775,0.008828309537977688,0.008820453753074895,0.009186225777303967,0.009186225777303967,0.009770450904905907,0.009767987754080297,0.011556379367656775,0.011556379367656775,0.011284560404842017,0.00977810431883104,0.011239680780862946,0.011239680780862946,0.005433432584573277,0.0057419204676055335,0.37815197050445243,0.3470739296713226,0.007958850478374812,0.007958850478374812,0.009391543267968757,0.009391745295277266,0.005438856910418957,0.00595549284183264,0.3746190406434003,0.3429561915885262
A1170448,64.0,0.014058247311062482,0.0022797780745848328,0.05106635588015015,0.0420607693263385,0.013529317402507313,0.013529317402507313,0.004107414677601441,0.009045296535083685,0.009045296535083685,0.0033379604209710233,0.011123701706792121,0.011106872837491514,0.004107414677601441,0.004107414677601441,0.005837264594590824,0.007916798316190184,0.4062505296929855,0.37191849955654516,0.014820922539875383,0.014820129278908597,0.0022797780745848328,0.05106635588015015,0.0420607693263385,0.014635576413736202,0.014635576413736202,0.00987079270191777,0.00987134489522273,0.01043185307789844,0.01043185307789844,0.011878207958211864,0.011878034154707083,0.014635576413736202,0.014635576413736202,0.014416254990702995,0.011325816338014915,0.014820129278908597,0.014820129278908597,0.005837264594590824,0.007916798316190184,0.4062505296929855,0.37191849955654516,0.009045296535083685,0.009045296535083685,0.011123701706792121,0.011106872837491514,0.005872887251540747,0.007238034143388005,0.403747144521896,0.3692144840670268
A1170452,64.0,0.01536622495630737,0.0022388785790491534,0.045924967720184964,0.03278584445490401,0.009595672727033796,0.009595672727033796,0.0034061260326830878,0.005767404017640428,0.005767404017640428,0.002804650924607008,0.007399403620700374,0.007417338011602147,0.0034061260326830878,0.0034061260326830878,0.004528776860433172,0.00516367771412214,0.40724964780478723,0.3753763604985629,0.010002561580261667,0.010004298808786732,0.0022388785790491534,0.045924967720184964,0.03278584445490401,0.01100004812950405,0.01100004812950405,0.006795804005703741,0.006795827884403238,0.00753917020547403,0.00753917020547403,0.008082162471909436,0.008088558179633937,0.01100004812950405,0.01100004812950405,0.009530028703755989,0.008131381602727267,0.010004298808786732,0.010004298808786732,0.004528776860433172,0.00516367771412214,0.40724964780478723,0.3753763604985629,0.005767404017640428,0.005767404017640428,0.007399403620700374,0.007417338011602147,0.004209578169022399,0.0048776262460997295,0.4048820675177465,0.3739336005081677
A1170453,64.0,0.01577259053893463,0.0020579349405577176,0.04383908294568914,0.03286856608267973,0.00747977272569652,0.00747977272569652,0.002747789701340741,0.005095969784449738,0.005095969784449738,0.002384516770947704,0.005834132068912454,0.005834171444923825,0.002747789701340741,0.002747789701340741,0.0031141570750994603,0.0036981387430173904,0.3929516423820168,0.36150017238006965,0.007890724197102834,0.007890858388405676,0.0020579349405577176,0.04383908294568914,0.03286856608267973,0.007817955165712015,0.007817955165712015,0.0055321111826899414,0.005532249731964894,0.005721718089879085,0.005721718089879085,0.00625308617741513,0.006252990600410587,0.007817955165712015,0.007817955165712015,0.007146099254829319,0.005587427932871809,0.007890858388405676,0.007890858388405676,0.0031141570750994603,0.0036981387430173904,0.3929516423820168,0.36150017238006965,0.005095969784449738,0.005095969784449738,0.005834132068912454,0.005834171444923825,0.003023598451868376,0.0036294322103119577,0.38776042577106024,0.3591743604163271
A1170459,64.0,0.01640311068214158,0.002265686299903682,0.07110444820164694,0.058146070981425824,0.011408476017327527,0.011408476017327527,0.003410235304261522,0.007209385042168104,0.007209385042168104,0.0029566520854147297,0.00999706916234842,0.009997081561993606,0.003410235304261522,0.003410235304261522,0.00330137101363577,0.004524021366825387,0.44624760095491456,0.407896767185456,0.012224068130357263,0.012229033605394419,0.002265686299903682,0.07110444820164694,0.058146070981425824,0.013819623399440664,0.013819623399440664,0.008099996800113982,0.008140898110214977,0.008958452592298724,0.008958452592298724,0.009983746704425513,0.00998457573906818,0.013819623399440664,0.013819623399440664,0.010965709004696038,0.008324847006874173,0.012229033605394419,0.012229033605394419,0.00330137101363577,0.004524021366825387,0.44624760095491456,0.407896767185456,0.007209385042168104,0.007209385042168104,0.00999706916234842,0.009997081561993606,0.0033300445164170245,0.004433017906674587,0.44778635585498927,0.40846243461651993
A1170466,64.0,0.018452671069648464,0.00226995406911695,0.0560283545307213,0.047386688813165795,0.01105282173551806,0.01105282173551806,0.004249613200863017,0.009119045063208651,0.009119045063208651,0.0028645474986405324,0.010593704869337292,0.010593565078987224,0.004249613200863017,0.004249613200863017,0.007209957381449261,0.007191284098868133,0.4452481873388062,0.3935880824464791,0.011736506904474957,0.011798494892223614,0.00226995406911695,0.0560283545307213,0.047386688813165795,0.012235451329250408,0.012235451329250408,0.009287774965701238,0.009292132478220722,0.009849635582984914,0.009849635582984914,0.010295733300615801,0.010295802973406938,0.012235451329250408,0.012235451329250408,0.011351593081197892,0.00960263647613463,0.011798494892223614,0.011798494892223614,0.007209957381449261,0.007191284098868133,0.4452481873388062,0.3935880824464791,0.009119045063208651,0.009119045063208651,0.010593704869337292,0.010593565078987224,0.007495580917269583,0.007139663934882739,0.4403304598925006,0.3879896593400817
A1170469,64.0,0.01612487833113645,0.002847483921997269,0.04184322140227694,0.03723468018616654,0.011008011676835874,0.011008011676835874,0.006487656696051396,0.008074781336056588,0.008074781336056588,0.004465349070483122,0.010433944677841362,0.010434047848680452,0.006487656696051396,0.006487656696051396,0.005808228159242468,0.006303358367986316,0.40308721028310074,0.3817967190281866,0.011807532106369138,0.011848955175795184,0.002847483921997269,0.04184322140227694,0.03723468018616654,0.012064084892486431,0.012064084892486431,0.009500085407426995,0.009497804618796958,0.009585412486249115,0.009585412486249115,0.010870295297582317,0.010869575909317298,0.012064084892486431,0.012064084892486431,0.011431746433089897,0.009826133566268484,0.011848955175795184,0.011848955175795184,0.005808228159242468,0.006303358367986316,0.40308721028310074,0.3817967190281866,0.008074781336056588,0.008074781336056588,0.010433944677841362,0.010434047848680452,0.005851664819240193,0.006121827417421323,0.4004001851679933,0.3799917856390864
A1170471,64.0,0.017084496127570317,0.001880596099279675,0.043735409447787955,0.037788457211263046,0.008765726368453025,0.008765726368453025,0.0034666373696875495,0.005747365367725019,0.005747365367725019,0.0023944426677821075,0.007622733385516528,0.007622857868849368,0.0034666373696875495,0.0034666373696875495,0.005270710676030994,0.004909916637851956,0.40972521215659063,0.3773831100959786,0.009394469689076484,0.00939626551335453,0.001880596099279675,0.043735409447787955,0.037788457211263046,0.010370912220669626,0.010370912220669626,0.006670953064522546,0.006669038003205543,0.006995695174429094,0.006995695174429094,0.008332208129496066,0.008331685414815533,0.010370912220669626,0.010370912220669626,0.009067854121604293,0.007620859820372267,0.00939626551335453,0.00939626551335453,0.005270710676030994,0.004909916637851956,0.40972521215659063,0.3773831100959786,0.005747365367725019,0.005747365367725019,0.007622733385516528,0.007622857868849368,0.005003688685168242,0.005078328309381272,0.4075007052867383,0.3766786599968119
A1170476,64.0,0.012476064719211024,0.002462558190395969,0.036423085092811336,0.02603920889145486,0.010747196896393299,0.010747196896393299,0.0036875417533306187,0.007172160395644929,0.007172160395644929,0.003264039165511208,0.008996138975518238,0.008998415858382673,0.0036875417533306187,0.0036875417533306187,0.005846755999004514,0.005660457009688374,0.42952467472516903,0.38113530063110906,0.011851473143491454,0.011850903599112996,0.002462558190395969,0.036423085092811336,0.02603920889145486,0.012368957183088204,0.012368957183088204,0.008920732866750625,0.00892510733497842,0.009219413574259566,0.009219413574259566,0.010237619246343312,0.010237776947095224,0.012368957183088204,0.012368957183088204,0.01093477923224562,0.009168111461680707,0.011850903599112996,0.011850903599112996,0.005846755999004514,0.005660457009688374,0.42952467472516903,0.38113530063110906,0.007172160395644929,0.007172160395644929,0.008996138975518238,0.008998415858382673,0.005826855959085695,0.005625313197107788,0.4291853027051897,0.3812071344059895
A1170479,64.0,0.019766175398211645,0.0023762357801683145,0.06099913748956058,0.04977391312604806,0.012583726487170118,0.012583726487170118,0.0038465865447258017,0.007631381667899666,0.007631381667899666,0.0029662112709940743,0.010330641308103135,0.010330354227446733,0.0038465865447258017,0.0038465865447258017,0.00436218786005039,0.004970801409233687,0.4383529419598006,0.3986737542725637,0.013577968012678436,0.01357818277020444,0.0023762357801683145,0.06099913748956058,0.04977391312604806,0.013720592828712274,0.013720592828712274,0.008716840913114327,0.008738818023918593,0.009242538840057428,0.009242538840057428,0.011319734534140934,0.011320034723584099,0.013720592828712274,0.013720592828712274,0.012677067417564893,0.009320726222158241,0.01357818277020444,0.01357818277020444,0.00436218786005039,0.004970801409233687,0.4383529419598006,0.3986737542725637,0.007631381667899666,0.007631381667899666,0.010330641308103135,0.010330354227446733,0.00437430954626024,0.00482715817910829,0.43651605263873156,0.39670813548504474
A1170480,64.0,0.014461475272555641,0.0021688789965032622,0.046088149245580114,0.04273005915205162,0.012632172438838834,0.012632172438838834,0.004011872442300873,0.00845451724247109,0.00845451724247109,0.002872608969995306,0.011280414249793026,0.011280434961952615,0.004011872442300873,0.004011872442300873,0.006219399563775978,0.006537086731710601,0.42100940333375386,0.3803640304773297,0.013406926194077644,0.013423730025683492,0.0021688789965032622,0.046088149245580114,0.04273005915205162,0.01355738630598752,0.01355738630598752,0.009861519162623086,0.00986169635553744,0.010155077938577445,0.010155077938577445,0.01157242461953583,0.011571680853526662,0.01355738630598752,0.01355738630598752,0.011914414418472267,0.011402312239393987,0.013423730025683492,0.013423730025683492,0.006219399563775978,0.006537086731710601,0.42100940333375386,0.3803640304773297,0.00845451724247109,0.00845451724247109,0.011280414249793026,0.011280434961952615,0.006218932393567933,0.006486291704765592,0.423252934566563,0.38260726703410797
A1170493,64.0,0.042254685226594195,0.0021261952955996767,0.06078367099167158,0.04490453895353975,0.009217962164030464,0.009217962164030464,0.0036410219602321867,0.007831807834089759,0.007831807834089759,0.003104307473242734,0.008966727872209982,0.008967319850934916,0.0036410219602321867,0.0036410219602321867,0.005415904457509608,0.006350919641511527,0.3885661605631442,0.35442939491629455,0.010861125685162811,0.010980390979174241,0.0021261952955996767,0.06078367099167158,0.04490453895353975,0.010544420831016312,0.010544420831016312,0.00864552816511263,0.00864753302170062,0.00904633935895864,0.00904633935895864,0.009531604599975596,0.009531724455031152,0.010544420831016312,0.010544420831016312,0.009825949368451718,0.009048235667005638,0.010980390979174241,0.010980390979174241,0.005415904457509608,0.006350919641511527,0.3885661605631442,0.35442939491629455,0.007831807834089759,0.007831807834089759,0.008966727872209982,0.008967319850934916,0.005250875827182076,0.005760878802976758,0.3837238546429758,0.3532037109402134
A1170499,64.0,0.030753599217978364,0.0025102543986251697,0.03723244709590267,0.02788665244426325,0.008168526152612383,0.008168526152612383,0.003940647500270864,0.005492589595840501,0.005492589595840501,0.0032843387970610104,0.0073309708001249455,0.00733263921709494,0.003940647500270864,0.003940647500270864,0.0038493051181765613,0.003942742659587527,0.3658236535396199,0.34810653680451914,0.009522011516590365,0.009522934739370766,0.0025102543986251697,0.03723244709590267,0.02788665244426325,0.009861755003057039,0.009861755003057039,0.0059782696740268895,0.005978541015744816,0.006496827400075925,0.006496827400075925,0.007954280490116664,0.007940808196711308,0.009861755003057039,0.009861755003057039,0.008741770075376801,0.006746478134946816,0.009522934739370766,0.009522934739370766,0.0038493051181765613,0.003942742659587527,0.3658236535396199,0.34810653680451914,0.005492589595840501,0.005492589595840501,0.0073309708001249455,0.00733263921709494,0.0037951502358762297,0.003549077913005993,0.36314707240481514,0.34650404618857467
A1170504,64.0,0.02553299057192119,0.00231885592565321,0.11497304458763774,0.08023176003995008,0.009182466849453601,0.009182466849453601,0.0029227034567314413,0.0072442501118944,0.0072442501118944,0.0026742466857772643,0.008306934186063823,0.008306845004541935,0.0029227034567314413,0.0029227034567314413,0.003999396993455631,0.005223866250438357,0.4672651349382091,0.427000181557237,0.00920827968551771,0.009167914221608182,0.00231885592565321,0.11497304458763774,0.08023176003995008,0.009889101965598862,0.009889101965598862,0.007527336119540069,0.007528258550494131,0.007849784635599783,0.007849784635599783,0.008135682329922692,0.008135478853596742,0.009889101965598862,0.009889101965598862,0.008718054630672852,0.008314421088566355,0.009167914221608182,0.009167914221608182,0.003999396993455631,0.005223866250438357,0.4672651349382091,0.427000181557237,0.0072442501118944,0.0072442501118944,0.008306934186063823,0.008306845004541935,0.0040561721528409615,0.005072696350322322,0.4621877742415446,0.42268933322436986
A1170507,64.0,0.022890723330606145,0.0019286470030789665,0.04206555520710209,0.029444001989914127,0.0064651750309637985,0.0064651750309637985,0.002695192267302973,0.004616571022388898,0.004616571022388898,0.002326613503221498,0.005257633091530184,0.00525550522426796,0.002695192267302973,0.002695192267302973,0.002983825242657401,0.003186490308157659,0.3993623684832719,0.3791493214398413,0.007632767646699063,0.0076258461677996365,0.0019286470030789665,0.04206555520710209,0.029444001989914127,0.008420380304639603,0.008420380304639603,0.005310392447384548,0.005310199180267284,0.006275465872930307,0.006275465872930307,0.005896977161960675,0.005899206706758297,0.008420380304639603,0.008420380304639603,0.007335106905610988,0.005951657769028355,0.0076258461677996365,0.0076258461677996365,0.002983825242657401,0.003186490308157659,0.3993623684832719,0.3791493214398413,0.004616571022388898,0.004616571022388898,0.005257633091530184,0.00525550522426796,0.002939295261765339,0.0031291187585520573,0.39787806221962435,0.37768821310084394
A1170513,64.0,0.017555600631779935,0.002356140713648406,0.030830985921772188,0.02424015474409399,0.00841586622266527,0.00841586622266527,0.0034229802780105264,0.006285368632856591,0.006285368632856591,0.0027097861992266196,0.00729594835275541,0.007295246560286412,0.0034229802780105264,0.0034229802780105264,0.003866393226294628,0.004704789373744042,0.3672053495994313,0.3425978942515242,0.009013846759508825,0.009014210464222192,0.002356140713648406,0.030830985921772188,0.02424015474409399,0.00944136152916783,0.00944136152916783,0.007496442046722781,0.007496193074386326,0.007747425981996829,0.007747425981996829,0.007549797260151805,0.007550019325765505,0.00944136152916783,0.00944136152916783,0.00827779672643969,0.0076251975525935415,0.009014210464222192,0.009014210464222192,0.003866393226294628,0.004704789373744042,0.3672053495994313,0.3425978942515242,0.006285368632856591,0.006285368632856591,0.00729594835275541,0.007295246560286412,0.004067341191696394,0.004741771951982129,0.3700341636735306,0.34244286223176423
A1170515,64.0,0.021428160130376565,0.0024652408759668768,0.03129142583352515,0.02037366579112387,0.010648857764467869,0.010648857764467869,0.004114150617746724,0.008197305020344063,0.008197305020344063,0.002849144202609136,0.009459789348675193,0.009461372144354703,0.004114150617746724,0.004114150617746724,0.005589020164543016,0.006587289274507845,0.38407316780947826,0.3509455102613671,0.012057215372049854,0.012054319486529581,0.0024652408759668768,0.03129142583352515,0.02037366579112387,0.012264389483596528,0.012264389483596528,0.009405900701618283,0.009405368098288196,0.0091622064416195,0.0091622064416195,0.01031311387486577,0.010312977870270064,0.012264389483596528,0.012264389483596528,0.011619664872068128,0.009253410977844398,0.012054319486529581,0.012054319486529581,0.005589020164543016,0.006587289274507845,0.38407316780947826,0.3509455102613671,0.008197305020344063,0.008197305020344063,0.009459789348675193,0.009461372144354703,0.005530463413319765,0.0067802402983699476,0.3825397986354912,0.35243085167137833
A1170516,64.0,0.02405223049045773,0.003270592218611095,0.06993230107462045,0.05465768105913141,0.010908390562598978,0.010908390562598978,0.0051286494378651815,0.008214291365840702,0.008214291365840702,0.004154872758279319,0.008971430484891877,0.008972143394589896,0.0051286494378651815,0.0051286494378651815,0.005058316979784162,0.005660654699837944,0.3861280096032944,0.36971865780177704,0.011858579438000233,0.011858058786578897,0.003270592218611095,0.06993230107462045,0.05465768105913141,0.01200235009524204,0.01200235009524204,0.008628372519149247,0.008631579968257972,0.009444922060694408,0.009444922060694408,0.010204279812916,0.010204190158104375,0.01200235009524204,0.01200235009524204,0.011228965743379104,0.008584027609434898,0.011858058786578897,0.011858058786578897,0.005058316979784162,0.005660654699837944,0.3861280096032944,0.36971865780177704,0.008214291365840702,0.008214291365840702,0.008971430484891877,0.008972143394589896,0.00470990982167238,0.0055677450803529455,0.3868149315066106,0.3692322342092306
A1170518,64.0,0.01792004475384581,0.0025412110046019415,0.046733130575079586,0.03690789960968224,0.007370889661147224,0.007370889661147224,0.0033607660761032247,0.004902764242740859,0.004902764242740859,0.002889382612243685,0.006728800763971987,0.006728743510378924,0.0033607660761032247,0.0033607660761032247,0.003560082642055665,0.003959044716379308,0.4199153334739948,0.3753710289840847,0.008104950767010266,0.008106370004966565,0.0025412110046019415,0.046733130575079586,0.03690789960968224,0.008287984152548415,0.008287984152548415,0.005392281800342517,0.005396746340473811,0.006130881915571305,0.006130881915571305,0.006760629010781871,0.006760473735564077,0.008287984152548415,0.008287984152548415,0.0075759563318693,0.005504552413871928,0.008106370004966565,0.008106370004966565,0.003560082642055665,0.003959044716379308,0.4199153334739948,0.3753710289840847,0.004902764242740859,0.004902764242740859,0.006728800763971987,0.006728743510378924,0.0036173560987865215,0.003960657039236385,0.41888902289929186,0.37528381371347624
A1170527,64.0,0.02013672624884649,0.002821573877463826,0.059724783049252314,0.04507688276049368,0.011140445450168429,0.011140445450168429,0.004891401186983471,0.008773124699681233,0.008773124699681233,0.0037133110738129665,0.010978592275465805,0.010978548878323606,0.004891401186983471,0.004891401186983471,0.006868419278883468,0.007695738151099662,0.37797650638653457,0.3565577710558112,0.011746978823599222,0.01175752140008271,0.002821573877463826,0.059724783049252314,0.04507688276049368,0.012015736627601095,0.012015736627601095,0.009545424121620428,0.009516120332399488,0.009744107893892897,0.009744107893892897,0.011150007041887719,0.011149717218547194,0.012015736627601095,0.012015736627601095,0.011213247813543424,0.010342498343508427,0.01175752140008271,0.01175752140008271,0.006868419278883468,0.007695738151099662,0.37797650638653457,0.3565577710558112,0.008773124699681233,0.008773124699681233,0.010978592275465805,0.010978548878323606,0.006915798476218794,0.0075299564730213625,0.3729181245738465,0.3536666101380035
A1170535,65.0,0.017209628902359973,0.0024293754066868458,0.06585180657340872,0.0481693191688713,0.009442100906331493,0.009442100906331493,0.0037857589284812556,0.005681786050683718,0.005681786050683718,0.0028695464153466565,0.007187746007524485,0.007187708771441996,0.0037857589284812556,0.0037857589284812556,0.0040104637686826355,0.005034497803841371,0.4093130049338551,0.3586413599631705,0.010827977463177017,0.010828985926989814,0.0024293754066868458,0.06585180657340872,0.0481693191688713,0.011980409874776355,0.011980409874776355,0.005961336537157521,0.005955492988086117,0.006853898602334779,0.006853898602334779,0.009103634906735483,0.009104097295583955,0.011980409874776355,0.011980409874776355,0.00949990848059407,0.007085442621556387,0.010828985926989814,0.010828985926989814,0.0040104637686826355,0.005034497803841371,0.4093130049338551,0.3586413599631705,0.005681786050683718,0.005681786050683718,0.007187746007524485,0.007187708771441996,0.003994217530611181,0.005009487121494568,0.40999545480762173,0.36053050413066046
A1170541,64.0,0.014921697529291797,0.002962805296326381,0.03167522181561123,0.025806882069183225,0.012047527562417197,0.012047527562417197,0.005565821396945972,0.008717120392910692,0.008717120392910692,0.004751156482018429,0.010461826956881172,0.01046262328788819,0.005565821396945972,0.005565821396945972,0.005211050141704707,0.006282200538333911,0.4002259248216048,0.3611658850705507,0.012865085432059917,0.012866061605842322,0.002962805296326381,0.03167522181561123,0.025806882069183225,0.013124416782875719,0.013124416782875719,0.009721588311890439,0.009845308376649693,0.010014315065604023,0.010014315065604023,0.01174838601799385,0.011748389737342773,0.013124416782875719,0.013124416782875719,0.011980644590308898,0.011212330144985018,0.012866061605842322,0.012866061605842322,0.005211050141704707,0.006282200538333911,0.4002259248216048,0.3611658850705507,0.008717120392910692,0.008717120392910692,0.010461826956881172,0.01046262328788819,0.005228167074778534,0.006258404301061682,0.39856938156567906,0.36045695179642734
A12069cW,64.0,0.1104242294612446,0.00240830660267827,0.017766884542559848,0.009174798079216463,0.0023567929631096254,0.0023567929631096254,0.0032423839497325293,0.002270657828526916,0.002270657828526916,0.0030741509310660262,0.00241447781414036,0.0024140515840595255,0.0032423839497325293,0.0032423839497325293,0.0016734531981677206,0.0016184464055452605,0.5128971306691879,0.3552860714132096,0.0025869068971533576,0.002587985360672737,0.00240830660267827,0.017766884542559848,0.009174798079216463,0.0026036458395289706,0.0026036458395289706,0.0024492421951782133,0.002450434204544215,0.0025521027749906833,0.0025521027749906833,0.002683922189391668,0.002685101102645914,0.0026036458395289706,0.0026036458395289706,0.002459430635123451,0.0022837680944056923,0.002587985360672737,0.002587985360672737,0.0016734531981677206,0.0016184464055452605,0.5128971306691879,0.3552860714132096,0.002270657828526916,0.002270657828526916,0.00241447781414036,0.0024140515840595255,0.0016760022566853622,0.0016175494913354546,0.5056294501056042,0.3531489170708529
A13415cW,64.0,0.11923415250801823,0.0022673501309934973,0.012962750876628598,0.004553442331115528,0.005563709673723871,0.005563709673723871,0.0048143110957879634,0.0056807876593063696,0.0056807876593063696,0.0047146367118658114,0.005930663705180619,0.005930955366959691,0.0048143110957879634,0.0048143110957879634,0.0023053799652343276,0.0020892484538790027,0.3147313258249326,0.2686061127733874,0.0060582416396391635,0.006056383598678958,0.0022673501309934973,0.012962750876628598,0.004553442331115528,0.006182997375323323,0.006182997375323323,0.006001596968440201,0.0060013052312253784,0.006208372532019058,0.006208372532019058,0.005989612509900822,0.005989767973432185,0.006182997375323323,0.006182997375323323,0.005914005483129653,0.004862331936489086,0.006056383598678958,0.006056383598678958,0.0023053799652343276,0.0020892484538790027,0.3147313258249326,0.2686061127733874,0.0056807876593063696,0.0056807876593063696,0.005930663705180619,0.005930955366959691,0.002085667904799346,0.0021388014575184347,0.30949471408247287,0.2571834880918875
A13415dW,64.0,0.09792441160932004,0.0016220474588252822,0.009509408418417768,0.003458194350929022,0.0028460780438782367,0.0028460780438782367,0.002073042628992369,0.0023420246570552395,0.0023420246570552395,0.0020119777818354404,0.0028695127624533707,0.0028443675185458412,0.002073042628992369,0.002073042628992369,0.0017394592073722282,0.0016554157562382766,0.2715194702220456,0.16002626800536046,0.003296394747180708,0.0032933363419248417,0.0016220474588252822,0.009509408418417768,0.003458194350929022,0.003248190798622455,0.003248190798622455,0.0028993172580615532,0.002900518634601794,0.0029676563933295273,0.0029676563933295273,0.003299165582350519,0.003300517569513893,0.003248190798622455,0.003248190798622455,0.0034211163089035057,0.002967838781571531,0.0032933363419248417,0.0032933363419248417,0.0017394592073722282,0.0016554157562382766,0.2715194702220456,0.16002626800536046,0.0023420246570552395,0.0023420246570552395,0.0028695127624533707,0.0028443675185458412,0.001606750652759748,0.0016009673048349746,0.24454316820336996,0.13179495664695978
A13451bW,64.0,0.2646877011686839,0.0018635918982945444,0.014377224583533289,0.006064559948983698,0.003130176371126691,0.003130176371126691,0.0031529062244642957,0.003270678329812429,0.003270678329812429,0.0032370524000005867,0.0033645379972841332,0.0033643102176419927,0.0031529062244642957,0.0031529062244642957,0.0017567558886231473,0.0019765205177296606,0.2876602118492184,0.17808978185768193,0.003487753353165608,0.003486833558651269,0.0018635918982945444,0.014377224583533289,0.006064559948983698,0.003524043372090968,0.003524043372090968,0.0035864914358778744,0.003586719130057445,0.0038090547564618034,0.0038090547564618034,0.003436707503513656,0.0034401774718267964,0.003524043372090968,0.003524043372090968,0.0036811740643234708,0.00339769888843116,0.003486833558651269,0.003486833558651269,0.0017567558886231473,0.0019765205177296606,0.2876602118492184,0.17808978185768193,0.003270678329812429,0.003270678329812429,0.0033645379972841332,0.0033643102176419927,0.0017213530503294076,0.0018579436718643481,0.26923468641361464,0.13743828488595394
AEOJUM204,64.0,0.014916632346001081,0.0028338474492210584,0.04370596195350556,0.05006557395918378,0.007602192228094979,0.007602192228094979,0.004110052344975278,0.006108725853023846,0.006108725853023846,0.003958279098601894,0.007293690381211728,0.007292072650925163,0.004110052344975278,0.004110052344975278,0.003119525422570294,0.003611492954427695,0.41498372400777933,0.3780158112742955,0.009337204477852105,0.009336087702786756,0.0028338474492210584,0.04370596195350556,0.05006557395918378,0.009646148179884564,0.009646148179884564,0.006317118971923675,0.006296138258035353,0.006825286200076359,0.006825286200076359,0.007402401557058726,0.007404559019970854,0.009646148179884564,0.009646148179884564,0.008171746100159926,0.006659632525821164,0.009336087702786756,0.009336087702786756,0.003119525422570294,0.003611492954427695,0.41498372400777933,0.3780158112742955,0.006108725853023846,0.006108725853023846,0.007293690381211728,0.007292072650925163,0.0030251793353559776,0.0036033347277671223,0.41277687234027394,0.3759953913092415
AEOJUM303,64.0,0.025603453880429252,0.002402287101774192,0.05124710988436446,0.03962367959538,0.008607617018792155,0.008607617018792155,0.003587994279490303,0.0068217822149314045,0.0068217822149314045,0.0031559549066285976,0.007920812691010415,0.007921703964370776,0.003587994279490303,0.003587994279490303,0.0038168576479489383,0.005224633955040938,0.4448542672727299,0.3846295635478536,0.00940610616057487,0.009404936747319556,0.002402287101774192,0.05124710988436446,0.03962367959538,0.010278224905211124,0.010278224905211124,0.006964339536623547,0.006962168572214619,0.0074922216683991644,0.0074922216683991644,0.008035499846753775,0.008034836106488719,0.010278224905211124,0.010278224905211124,0.008916807552242676,0.006820991212615998,0.009404936747319556,0.009404936747319556,0.0038168576479489383,0.005224633955040938,0.4448542672727299,0.3846295635478536,0.0068217822149314045,0.0068217822149314045,0.007920812691010415,0.007921703964370776,0.0034488567911299603,0.004997038740851504,0.4474557290238442,0.38678965210677974
AEOJUM402,64.0,0.03177429788236152,0.0047755051413245105,0.07039129419809069,0.06688501786878137,0.012075106363586607,0.012075106363586607,0.009411600809862426,0.008933328084511475,0.008933328084511475,0.0070830803593838415,0.009984670986458355,0.009999185310099667,0.009411600809862426,0.009411600809862426,0.00548188109228657,0.005910529974584277,0.5039474914737488,0.4432691298679964,0.013165059432890144,0.013158978442510946,0.0047755051413245105,0.07039129419809069,0.06688501786878137,0.012980409384915592,0.012980409384915592,0.010030058747979643,0.010032026581126618,0.010367246953774568,0.010367246953774568,0.011519038716967127,0.011517757988224641,0.012980409384915592,0.012980409384915592,0.012491080903486764,0.009644690680796555,0.013158978442510946,0.013158978442510946,0.00548188109228657,0.005910529974584277,0.5039474914737488,0.4432691298679964,0.008933328084511475,0.008933328084511475,0.009984670986458355,0.009999185310099667,0.005567591255565546,0.005805604747287819,0.50290230932455,0.44146336733505315
AEOJUM501,64.0,0.012472194937954791,0.002548830679075034,0.05342545674429337,0.046113660472818424,0.00805533358115262,0.00805533358115262,0.0037368956862134876,0.005447760839146977,0.005447760839146977,0.003621494609090766,0.006262809768927368,0.006253097186009762,0.0037368956862134876,0.0037368956862134876,0.002535751921942108,0.003034958490478934,0.44393777322130845,0.40119332036422817,0.009378823601465185,0.009370260326509314,0.002548830679075034,0.05342545674429337,0.046113660472818424,0.009472913976486063,0.009472913976486063,0.006039470401897916,0.006041788896541784,0.006577710216941633,0.006577710216941633,0.007503589360460597,0.007505719788890082,0.009472913976486063,0.009472913976486063,0.008322710087562371,0.006359031913762076,0.009370260326509314,0.009370260326509314,0.002535751921942108,0.003034958490478934,0.44393777322130845,0.40119332036422817,0.005447760839146977,0.005447760839146977,0.006262809768927368,0.006253097186009762,0.0024623714097165485,0.0029210478063004613,0.44616286445454534,0.40110361034642145
AEOJUM707,64.0,0.02623873628282049,0.0024713635387185427,0.024290555481461962,0.01768253934930102,0.011771764493002677,0.011771764493002677,0.004797833561048815,0.00887284899961794,0.00887284899961794,0.003802288032233031,0.01026067810677775,0.010256914495365298,0.004797833561048815,0.004797833561048815,0.005103079458327107,0.005640874374146024,0.39661736063563074,0.3529207344279093,0.01248873517798336,0.012481879025793157,0.0024713635387185427,0.024290555481461962,0.01768253934930102,0.01260034445962155,0.01260034445962155,0.010350537736396099,0.010347153290234404,0.010159061893238504,0.010159061893238504,0.011133505930371455,0.01113209327304661,0.01260034445962155,0.01260034445962155,0.01163996785716428,0.008951063436517621,0.012481879025793157,0.012481879025793157,0.005103079458327107,0.005640874374146024,0.39661736063563074,0.3529207344279093,0.00887284899961794,0.00887284899961794,0.01026067810677775,0.010256914495365298,0.0051117536019631175,0.00537817045781663,0.3997249295045064,0.3539197819933869
AEOJUM807,64.0,0.03220068884162472,0.002825945802352388,0.036868000378102464,0.02543703839498554,0.010113445953446572,0.010113445953446572,0.005201498019637797,0.008054599543010002,0.008054599543010002,0.004361247445443643,0.009210290140459486,0.009209978426712324,0.005201498019637797,0.005201498019637797,0.0054956034215619875,0.005401149282176259,0.4324758177459596,0.37835988124350056,0.011437304608082116,0.011430093572095535,0.002825945802352388,0.036868000378102464,0.02543703839498554,0.011902517196423155,0.011902517196423155,0.009047119314289632,0.009046951115452274,0.009844846995177509,0.009844846995177509,0.009978459474412102,0.009978535527920517,0.011902517196423155,0.011902517196423155,0.010751479225673774,0.008747569490997488,0.011430093572095535,0.011430093572095535,0.0054956034215619875,0.005401149282176259,0.4324758177459596,0.37835988124350056,0.008054599543010002,0.008054599543010002,0.009210290140459486,0.009209978426712324,0.005514712505284915,0.005315170859917342,0.43168872950551507,0.3780885391831149
AETJUM104,64.0,0.030247090202223985,0.0036401935559950485,0.04868176306079317,0.05288200742083705,0.013296464721268825,0.013296464721268825,0.006852082517591001,0.009975461643810125,0.009975461643810125,0.004897762271383445,0.011490881040725156,0.011490414827081555,0.006852082517591001,0.006852082517591001,0.007712611311627501,0.00797261826951283,0.475191749600338,0.4172625890748127,0.013769704569142838,0.01376966382516293,0.0036401935559950485,0.04868176306079317,0.05288200742083705,0.01402968390318796,0.01402968390318796,0.010824848157302919,0.010824326013110014,0.01102422996064422,0.01102422996064422,0.012496825602882195,0.012497254938284276,0.01402968390318796,0.01402968390318796,0.013145708754593786,0.01003352658060194,0.01376966382516293,0.01376966382516293,0.007712611311627501,0.00797261826951283,0.475191749600338,0.4172625890748127,0.009975461643810125,0.009975461643810125,0.011490881040725156,0.011490414827081555,0.007770976902864037,0.007899876583455923,0.4771316282917805,0.419738445899789
AETJUM111,64.0,0.01874856656835574,0.0026702778989421048,0.03529011402290103,0.03078725917448832,0.01059540877704106,0.01059540877704106,0.003273578747199099,0.006853735474632851,0.006853735474632851,0.0029059089779823475,0.008637500541659338,0.008680047170185168,0.003273578747199099,0.003273578747199099,0.004730550610953504,0.005251296284684899,0.45407814578454814,0.4085772755083614,0.011804048993409387,0.011806001262631897,0.0026702778989421048,0.03529011402290103,0.03078725917448832,0.012466111782428945,0.012466111782428945,0.007781703042709104,0.007781595341256686,0.008756295562814395,0.008756295562814395,0.009361794787996642,0.009382876758892668,0.012466111782428945,0.012466111782428945,0.010841830829892077,0.008611739119799079,0.011806001262631897,0.011806001262631897,0.004730550610953504,0.005251296284684899,0.45407814578454814,0.4085772755083614,0.006853735474632851,0.006853735474632851,0.008637500541659338,0.008680047170185168,0.004711960615423651,0.0050861138244272545,0.44990053109241984,0.4057371768521142
AETJUM119,64.0,0.02154683390099987,0.0028460867771799834,0.027127754439436682,0.019745717869458505,0.009830655441626932,0.009830655441626932,0.003792939872997767,0.007893016448548052,0.007893016448548052,0.0033284666954970427,0.008881678998080024,0.008883253196166731,0.003792939872997767,0.003792939872997767,0.006417995564248538,0.006553208543931623,0.42793299321078926,0.38063674186935215,0.010485910041766912,0.010485829534147482,0.0028460867771799834,0.027127754439436682,0.019745717869458505,0.01025690133623556,0.01025690133623556,0.008640705346394726,0.00864155060366906,0.009197818758408282,0.009197818758408282,0.009680503750652868,0.009680389728609304,0.01025690133623556,0.01025690133623556,0.010127342570458511,0.00885365360624238,0.010485829534147482,0.010485829534147482,0.006417995564248538,0.006553208543931623,0.42793299321078926,0.38063674186935215,0.007893016448548052,0.007893016448548052,0.008881678998080024,0.008883253196166731,0.006242155190910134,0.006260827739347056,0.42045008517249205,0.3726865441974849
AETJUM229,64.0,0.021208388334162272,0.0020610320322921065,0.03164827890343293,0.024927837849783613,0.00970458165651094,0.00970458165651094,0.0029020272315265386,0.006502193080888848,0.006502193080888848,0.002557394079749704,0.008528983603204775,0.008529371208802851,0.0029020272315265386,0.0029020272315265386,0.004660309452873862,0.004371694516435138,0.4704195672085109,0.40051041675771176,0.011252641579274324,0.011252725609204635,0.0020610320322921065,0.03164827890343293,0.024927837849783613,0.011363714169904334,0.011363714169904334,0.007555475025010027,0.0073796458559694696,0.00819448859294924,0.00819448859294924,0.00891857170108001,0.00891834416018634,0.011363714169904334,0.011363714169904334,0.0103145297071533,0.007485275502285887,0.011252725609204635,0.011252725609204635,0.004660309452873862,0.004371694516435138,0.4704195672085109,0.40051041675771176,0.006502193080888848,0.006502193080888848,0.008528983603204775,0.008529371208802851,0.0047467725100657976,0.004420769159321244,0.46894900090415365,0.40082758796856127
APTJUM107,64.0,0.03296315477003785,0.00304142743278122,0.04406934147598824,0.04948520088856389,0.014113708682606821,0.014113708682606821,0.005728581733455571,0.010241176010401639,0.010241176010401639,0.004685421133497369,0.01209991024795724,0.012108919661717047,0.005728581733455571,0.005728581733455571,0.006100149734905331,0.006345500754696187,0.39075141739239866,0.34728467710138966,0.015082739468191966,0.015080890934506012,0.00304142743278122,0.04406934147598824,0.04948520088856389,0.015951358082229028,0.015951358082229028,0.010991491208367586,0.010993633712465029,0.012177105967899117,0.012177105967899117,0.012520440636766089,0.012520528393333539,0.015951358082229028,0.015951358082229028,0.014452692978940626,0.010538697287244377,0.015080890934506012,0.015080890934506012,0.006100149734905331,0.006345500754696187,0.39075141739239866,0.34728467710138966,0.010241176010401639,0.010241176010401639,0.01209991024795724,0.012108919661717047,0.0060293173660106595,0.006048828798558164,0.39283520181260745,0.3497953125595565
APTJUM110,64.0,0.0166956125208045,0.0023131421764875184,0.03299716960845964,0.019554645936660238,0.006687129733538917,0.006687129733538917,0.004111174437297021,0.005716941677929759,0.005716941677929759,0.0036170121568742954,0.0059011255887839115,0.005900196553698574,0.004111174437297021,0.004111174437297021,0.003120434267485357,0.0035754211818254202,0.38737798452006583,0.35326864832421384,0.007238632285761309,0.007240509509590918,0.0023131421764875184,0.03299716960845964,0.019554645936660238,0.0071735356133364615,0.0071735356133364615,0.00626911571626909,0.006266767614756449,0.006047418296467085,0.006047418296467085,0.00611875541453348,0.006118152395047913,0.0071735356133364615,0.0071735356133364615,0.007114583482600849,0.0061259175959484935,0.007240509509590918,0.007240509509590918,0.003120434267485357,0.0035754211818254202,0.38737798452006583,0.35326864832421384,0.005716941677929759,0.005716941677929759,0.0059011255887839115,0.005900196553698574,0.00302390136276454,0.003548802827762616,0.38708650267132727,0.3508676428024057
APTJUM114,64.0,0.017291504715105523,0.0027522873569316587,0.023402407892297472,0.017346069023152992,0.007222709852747834,0.007222709852747834,0.004156760169898807,0.005922444910834563,0.005922444910834563,0.003854177586836441,0.006646836463719443,0.006645999107196574,0.004156760169898807,0.004156760169898807,0.004054794717684557,0.004679429588973948,0.38328226125485804,0.3495047315179142,0.008168271053557906,0.00816985553744789,0.0027522873569316587,0.023402407892297472,0.017346069023152992,0.009677207130414485,0.009677207130414485,0.006280941224507703,0.006282557617186095,0.0070557800900495375,0.0070557800900495375,0.006707502210060741,0.006709423878104128,0.009677207130414485,0.009677207130414485,0.0072037772032641926,0.006534728721152218,0.00816985553744789,0.00816985553744789,0.004054794717684557,0.004679429588973948,0.38328226125485804,0.3495047315179142,0.005922444910834563,0.005922444910834563,0.006646836463719443,0.006645999107196574,0.004044498226954806,0.004668441655036756,0.38571790605118195,0.3517852381598988
APTJUM124,64.0,0.019503715396349677,0.0022293134900513503,0.02971734650964848,0.020762390334856672,0.012208579113714486,0.012208579113714486,0.005280794470062493,0.00999357347300023,0.00999357347300023,0.004453969659360785,0.011078705959511674,0.011082638640705154,0.005280794470062493,0.005280794470062493,0.004525364055540946,0.0059141948624058405,0.3343341592911735,0.3240032093537408,0.013013115324305087,0.013013062670783967,0.0022293134900513503,0.02971734650964848,0.020762390334856672,0.013824585129725656,0.013824585129725656,0.010928738544482878,0.010923397106461171,0.011571431697506067,0.011571431697506067,0.011340053216438465,0.011330557245923127,0.013824585129725656,0.013824585129725656,0.011835837785771793,0.01038068143820531,0.013013062670783967,0.013013062670783967,0.004525364055540946,0.0059141948624058405,0.3343341592911735,0.3240032093537408,0.00999357347300023,0.00999357347300023,0.011078705959511674,0.011082638640705154,0.004441551843175301,0.005753193286753309,0.3330358637672254,0.3226101348202619
APTJUM131,64.0,0.02042902322398023,0.0027786169524218595,0.03246167106840566,0.021105977858050358,0.008743667698181683,0.008743667698181683,0.0043832555295471665,0.006541717694279087,0.006541717694279087,0.0034055963876348135,0.008749846480969773,0.008748020117617404,0.0043832555295471665,0.0043832555295471665,0.004006807676027946,0.004704637692589652,0.38144452015414193,0.3433717032815908,0.010662058352268028,0.010663043164494316,0.0027786169524218595,0.03246167106840566,0.021105977858050358,0.010945824037897388,0.010945824037897388,0.006762955749893627,0.006801990574668633,0.007891746676444936,0.007891746676444936,0.00874640193319573,0.008746956674902997,0.010945824037897388,0.010945824037897388,0.009543355279125266,0.008100151564765295,0.010663043164494316,0.010663043164494316,0.004006807676027946,0.004704637692589652,0.38144452015414193,0.3433717032815908,0.006541717694279087,0.006541717694279087,0.008749846480969773,0.008748020117617404,0.003964687781918595,0.004386113821121033,0.3761676196614653,0.34237408326898405
APTJUM212,64.0,0.0141077839433651,0.0025214686409220696,0.030176891713417604,0.02256399508302949,0.01767459604293608,0.01767459604293608,0.005579697146087517,0.01288387470356391,0.01288387470356391,0.004202993824354004,0.016352644221015906,0.016359022266761312,0.005579697146087517,0.005579697146087517,0.005121096170755296,0.007265255577388879,0.38111154394118196,0.3451763013944791,0.0204015547855325,0.020403644219705145,0.0025214686409220696,0.030176891713417604,0.02256399508302949,0.02125915416900713,0.02125915416900713,0.014566661837001595,0.014567467779023707,0.01492018144927463,0.01492018144927463,0.01762080488148074,0.017620483677530545,0.02125915416900713,0.02125915416900713,0.01901513969809671,0.01168153822471123,0.020403644219705145,0.020403644219705145,0.005121096170755296,0.007265255577388879,0.38111154394118196,0.3451763013944791,0.01288387470356391,0.01288387470356391,0.016352644221015906,0.016359022266761312,0.005148631917783752,0.006738715192074966,0.3793596744389059,0.3429538789568271
APTJUM216,64.0,0.015412764573990859,0.002074487698612972,0.024102337150282618,0.017878641539858253,0.008816440666016112,0.008816440666016112,0.0027977464630966646,0.006401143775782608,0.006401143775782608,0.002571558437561917,0.007742793146415161,0.007743014900046049,0.0027977464630966646,0.0027977464630966646,0.004013041393986282,0.004384706962968429,0.37431910530574986,0.3543673770785049,0.009087774391156656,0.009088462273647355,0.002074487698612972,0.024102337150282618,0.017878641539858253,0.009266375236861552,0.009266375236861552,0.007143106765204403,0.007143363351070147,0.00707594858542912,0.00707594858542912,0.008254910727604856,0.008254084918079465,0.009266375236861552,0.009266375236861552,0.008762694715435967,0.007893695283767783,0.009088462273647355,0.009088462273647355,0.004013041393986282,0.004384706962968429,0.37431910530574986,0.3543673770785049,0.006401143775782608,0.006401143775782608,0.007742793146415161,0.007743014900046049,0.003923024543620574,0.004380847349892528,0.36543533616524077,0.3479664830191801
APTJUM229,64.0,0.019762938696432156,0.0029325392652105927,0.04083792030064298,0.030343735337413916,0.013137633320788846,0.013137633320788846,0.0049646694362017445,0.009571564797101374,0.009571564797101374,0.004272656595423795,0.011380370716334538,0.01138278512127863,0.0049646694362017445,0.0049646694362017445,0.005481127498327856,0.006796706433992156,0.4347186140653367,0.3971762101507396,0.014544637709768934,0.014558186466413131,0.0029325392652105927,0.04083792030064298,0.030343735337413916,0.015513069036819614,0.015513069036819614,0.011803408693675256,0.011804644515808836,0.011734570024339449,0.011734570024339449,0.012990714259729868,0.012990244354470364,0.015513069036819614,0.015513069036819614,0.013014565770252744,0.011009139220437995,0.014558186466413131,0.014558186466413131,0.005481127498327856,0.006796706433992156,0.4347186140653367,0.3971762101507396,0.009571564797101374,0.009571564797101374,0.011380370716334538,0.01138278512127863,0.005636126199465457,0.007099419447664306,0.4364251683772156,0.4006079752055917
APTJUM324,64.0,0.018785565674952605,0.0032068933437899277,0.03181989015548119,0.028733323293348656,0.005817163233905909,0.005817163233905909,0.004200465387746495,0.004665098635182182,0.004665098635182182,0.004144964050986543,0.0052548528454734985,0.005254169205445977,0.004200465387746495,0.004200465387746495,0.002008449054907738,0.0024694963758476055,0.4228804394271832,0.37317167949746594,0.006254916013023616,0.0062550627802784265,0.0032068933437899277,0.03181989015548119,0.028733323293348656,0.006933880624288924,0.006933880624288924,0.004684147567319893,0.0046884361278679825,0.005320270644739906,0.005320270644739906,0.0054630813969607575,0.005463049090513249,0.006933880624288924,0.006933880624288924,0.005573370478645835,0.004680463025261476,0.0062550627802784265,0.0062550627802784265,0.002008449054907738,0.0024694963758476055,0.4228804394271832,0.37317167949746594,0.004665098635182182,0.004665098635182182,0.0052548528454734985,0.005254169205445977,0.002106014415261053,0.0027452490455523075,0.4189251021777039,0.3688630793504151
APTJUM327,64.0,0.019369635822042618,0.004247326724132659,0.028138918785388954,0.02097767479880732,0.010727945855426881,0.010727945855426881,0.005050544787158391,0.009094451460298792,0.009094451460298792,0.004625939252245202,0.00889147451518948,0.008890734982222636,0.005050544787158391,0.005050544787158391,0.0045163962697179864,0.005144063245013901,0.35835284647742244,0.335930986200943,0.0120740950656894,0.012074706859714353,0.004247326724132659,0.028138918785388954,0.02097767479880732,0.01257035269332591,0.01257035269332591,0.0103802940908279,0.010377493995239784,0.010668436876553373,0.010668436876553373,0.009649813477824343,0.00965122687819774,0.01257035269332591,0.01257035269332591,0.011779619737073779,0.008859165778112512,0.012074706859714353,0.012074706859714353,0.0045163962697179864,0.005144063245013901,0.35835284647742244,0.335930986200943,0.009094451460298792,0.009094451460298792,0.00889147451518948,0.008890734982222636,0.004724539807940502,0.005375253737211627,0.3536709128568897,0.33617578039562684
APTJUM611,64.0,0.022288059394605066,0.002178592793896211,0.029193790210587187,0.01985626453993563,0.007704481405203744,0.007704481405203744,0.003307348158347898,0.0047720158193149155,0.0047720158193149155,0.002827930376385336,0.006312995702957158,0.006313430023008909,0.003307348158347898,0.003307348158347898,0.0036838349969243846,0.0038388011215498394,0.45124618504897973,0.3901877886819414,0.007751425476259767,0.007738094157609109,0.002178592793896211,0.029193790210587187,0.01985626453993563,0.00823952179517429,0.00823952179517429,0.005569874247247615,0.005567869339190224,0.005804672620628413,0.005804672620628413,0.006734380327947543,0.006735798345176935,0.00823952179517429,0.00823952179517429,0.007217940812529852,0.0070700012020416285,0.007738094157609109,0.007738094157609109,0.0036838349969243846,0.0038388011215498394,0.45124618504897973,0.3901877886819414,0.0047720158193149155,0.0047720158193149155,0.006312995702957158,0.006313430023008909,0.00355077635556912,0.0037858979340618243,0.4405194935722184,0.38851505640426187
ATSJUM106,64.0,0.02805354235629279,0.00272795789259025,0.08286203513214618,0.0666971954325581,0.01248954620170608,0.01248954620170608,0.004577798269898407,0.00975170416610044,0.00975170416610044,0.003736793568765704,0.012199579701361353,0.01219910385298578,0.004577798269898407,0.004577798269898407,0.005858229955077714,0.006889619440422219,0.4375972362507901,0.3918686128474066,0.014929729723734986,0.01491377618740816,0.00272795789259025,0.08286203513214618,0.0666971954325581,0.01583329107251534,0.01583329107251534,0.0108399144221522,0.010922669476248611,0.012045698727629874,0.012045698727629874,0.012294990569463907,0.01226283945917748,0.01583329107251534,0.01583329107251534,0.014538980372206427,0.011421377581419074,0.01491377618740816,0.01491377618740816,0.005858229955077714,0.006889619440422219,0.4375972362507901,0.3918686128474066,0.00975170416610044,0.00975170416610044,0.012199579701361353,0.01219910385298578,0.0059381525633215556,0.006705210912319196,0.435205804427874,0.3884616414276133
ATSJUM113,64.0,0.013775302232189458,0.0023855786092640205,0.03449410228114657,0.030098745101482298,0.008930663911932129,0.008930663911932129,0.004628883294718264,0.006435954513542207,0.006435954513542207,0.0032788875960060313,0.007746079515892116,0.00774620926868541,0.004628883294718264,0.004628883294718264,0.0050882928645907335,0.005325349655981323,0.4317871469547253,0.3814878547403539,0.009925879230735657,0.010051912736757195,0.0023855786092640205,0.03449410228114657,0.030098745101482298,0.010125027365116133,0.010125027365116133,0.006878952569820089,0.00687171426510141,0.007386099497931906,0.007386099497931906,0.008635670340529956,0.008635912544347235,0.010125027365116133,0.010125027365116133,0.00951302152422187,0.0076186272935551405,0.010051912736757195,0.010051912736757195,0.0050882928645907335,0.005325349655981323,0.4317871469547253,0.3814878547403539,0.006435954513542207,0.006435954513542207,0.007746079515892116,0.00774620926868541,0.005281204384470856,0.0054963758355841144,0.42717003579636476,0.38017927878540847
ATSJUM118,64.0,0.02786512363247498,0.0022883269531450523,0.03181013340345431,0.022263818467396636,0.013412269113979915,0.013412269113979915,0.004444908923040975,0.00964094251131835,0.00964094251131835,0.003269546890830632,0.011068032984769181,0.011045091494816492,0.004444908923040975,0.004444908923040975,0.005441868226559671,0.00553882514221166,0.4036890808616191,0.36005618046898435,0.014925990608395893,0.01492488099999896,0.0022883269531450523,0.03181013340345431,0.022263818467396636,0.015263357203719978,0.015263357203719978,0.011361006061600641,0.01135405444621582,0.01170332730973621,0.01170332730973621,0.012225548675973013,0.012224819139546653,0.015263357203719978,0.015263357203719978,0.01365627742614115,0.010699072151439133,0.01492488099999896,0.01492488099999896,0.005441868226559671,0.00553882514221166,0.4036890808616191,0.36005618046898435,0.00964094251131835,0.00964094251131835,0.011068032984769181,0.011045091494816492,0.0053831062071608244,0.005283837483593312,0.4068040442259222,0.36248227681124695
ATSJUM127,64.0,0.020870211955511194,0.0024522142457640487,0.06656765784436951,0.05603587365995751,0.01699120490796457,0.01699120490796457,0.00503897382079774,0.011565445062783088,0.011565445062783088,0.0037730720009421684,0.014788706796528085,0.014791491271925973,0.00503897382079774,0.00503897382079774,0.005940440445563141,0.0065523877123113,0.4100541648154438,0.3721283280127803,0.018511397756523593,0.018490751872599322,0.0024522142457640487,0.06656765784436951,0.05603587365995751,0.018432345113724217,0.018432345113724217,0.012601195213143986,0.01259821498321811,0.012928524851166537,0.012928524851166537,0.015637538119854775,0.01563708303933271,0.018432345113724217,0.018432345113724217,0.016883812732610266,0.011642263120900475,0.018490751872599322,0.018490751872599322,0.005940440445563141,0.0065523877123113,0.4100541648154438,0.3721283280127803,0.011565445062783088,0.011565445062783088,0.014788706796528085,0.014791491271925973,0.005878740719757134,0.006432883486399562,0.413595076707319,0.3732872808167991
ATSJUM202,64.0,0.020933123724426822,0.00315998578677649,0.024251286604368674,0.014285146307433216,0.00810239970679747,0.00810239970679747,0.0038727798827831073,0.006486105397103216,0.006486105397103216,0.003417408619191883,0.00709762996069568,0.007099816707551966,0.0038727798827831073,0.0038727798827831073,0.004782073566681284,0.004578368416644864,0.4501813008194418,0.4011577603456395,0.008747597299697303,0.008746805245824406,0.00315998578677649,0.024251286604368674,0.014285146307433216,0.009234376666555442,0.009234376666555442,0.007019928673545983,0.007020305109835036,0.007656221146551375,0.007656221146551375,0.007525742379447264,0.0075258982604796115,0.009234376666555442,0.009234376666555442,0.008507757270364494,0.006665965594774384,0.008746805245824406,0.008746805245824406,0.004782073566681284,0.004578368416644864,0.4501813008194418,0.4011577603456395,0.006486105397103216,0.006486105397103216,0.00709762996069568,0.007099816707551966,0.004785198424079907,0.004777501846997832,0.44752402488008075,0.39957249280133855
ATSJUM206,64.0,0.02085850773978281,0.002206916753339136,0.03455451239143033,0.026634707123636504,0.008509770733693547,0.008509770733693547,0.0034718974378081615,0.005787736571849356,0.005787736571849356,0.003118032586443813,0.006619462276191814,0.006623637932079122,0.0034718974378081615,0.0034718974378081615,0.003388500913689733,0.0038264710605117,0.42563135216474857,0.3780140724259853,0.008920519479985673,0.008915365064334803,0.002206916753339136,0.03455451239143033,0.026634707123636504,0.009896616490782866,0.009896616490782866,0.00610847165449948,0.006110949473506418,0.006738607779166651,0.006738607779166651,0.007674447647684364,0.0076481345944893276,0.009896616490782866,0.009896616490782866,0.008498761752267268,0.005904418443972774,0.008915365064334803,0.008915365064334803,0.003388500913689733,0.0038264710605117,0.42563135216474857,0.3780140724259853,0.005787736571849356,0.005787736571849356,0.006619462276191814,0.006623637932079122,0.0033958910742142886,0.003957455332932699,0.42234091572709526,0.37668163586078196
ATSJUM214,64.0,0.024075719163343386,0.0020331088550313335,0.02990629442268279,0.01887276248222772,0.009662041081261447,0.009662041081261447,0.0034238046828677427,0.007243817710671088,0.007243817710671088,0.002743088248122759,0.007647694531693737,0.007646959084486912,0.0034238046828677427,0.0034238046828677427,0.0038250361673997394,0.00383391329207624,0.4215747434311429,0.36510537636733353,0.010274174728540815,0.010273950759510935,0.0020331088550313335,0.02990629442268279,0.01887276248222772,0.01055523288862784,0.01055523288862784,0.008201289999534761,0.008202488184418667,0.008794046666635975,0.008794046666635975,0.008422722898719513,0.008422170272501672,0.01055523288862784,0.01055523288862784,0.009922839243594748,0.007348786630353103,0.010273950759510935,0.010273950759510935,0.0038250361673997394,0.00383391329207624,0.4215747434311429,0.36510537636733353,0.007243817710671088,0.007243817710671088,0.007647694531693737,0.007646959084486912,0.003562029635269941,0.003743629191520126,0.4209061287082609,0.3647709277413056
ATSJUM222,64.0,0.015378593818512488,0.00262019554227385,0.02745766472016308,0.021478263774642705,0.008858318118215731,0.008858318118215731,0.0032970520809414827,0.005961243836574897,0.005961243836574897,0.0030972944712938486,0.006671599127975066,0.006673964198307828,0.0032970520809414827,0.0032970520809414827,0.002843023073521684,0.0033610464935779883,0.4037223711437444,0.3633147022480319,0.011026990997449172,0.011025919781377142,0.00262019554227385,0.02745766472016308,0.021478263774642705,0.011131995518688235,0.011131995518688235,0.006471196649233071,0.006468465990381501,0.006977527302551459,0.006977527302551459,0.008228104234778003,0.008227205262470533,0.011131995518688235,0.011131995518688235,0.010202735977047359,0.006597221165776631,0.011025919781377142,0.011025919781377142,0.002843023073521684,0.0033610464935779883,0.4037223711437444,0.3633147022480319,0.005961243836574897,0.005961243836574897,0.006671599127975066,0.006673964198307828,0.002639657316451911,0.003264247269606867,0.4060601384365652,0.3639981697827944
ATSJUM228,64.0,0.029999793428433633,0.002461308282848094,0.03803023423827329,0.031394328212073275,0.009973867448138819,0.009973867448138819,0.004539457326023014,0.00765442136183491,0.00765442136183491,0.004138431533787819,0.00867907660876826,0.008679047663197237,0.004539457326023014,0.004539457326023014,0.004544651466901041,0.005448999036639676,0.42859372640109306,0.37830184102765396,0.010294282201175913,0.010307760682402741,0.002461308282848094,0.03803023423827329,0.031394328212073275,0.01048799355418725,0.01048799355418725,0.00861642169005977,0.008618780454889736,0.008488000830890127,0.008488000830890127,0.009104095435922928,0.009099503883122506,0.01048799355418725,0.01048799355418725,0.009670149480860046,0.008242431284061904,0.010307760682402741,0.010307760682402741,0.004544651466901041,0.005448999036639676,0.42859372640109306,0.37830184102765396,0.00765442136183491,0.00765442136183491,0.00867907660876826,0.008679047663197237,0.004365009874719393,0.005153665121725524,0.4318801566968411,0.3787478496280712
ATSJUM401,64.0,0.02826395109505375,0.0022995371615391184,0.06595804751742493,0.0590502911128745,0.00928978810017124,0.00928978810017124,0.00333077985739045,0.006586143642654924,0.006586143642654924,0.002901125021480014,0.008397328267557087,0.008397258795603685,0.00333077985739045,0.00333077985739045,0.006010623740613554,0.00572865297574502,0.4645114119851255,0.412667559888682,0.0097008900412247,0.009700799397216431,0.0022995371615391184,0.06595804751742493,0.0590502911128745,0.010407486418729876,0.010407486418729876,0.006715519672255175,0.006717034842487918,0.007604401339410669,0.007604401339410669,0.008636046850524333,0.00863654709877212,0.010407486418729876,0.010407486418729876,0.00943871364777456,0.008176247586890437,0.009700799397216431,0.009700799397216431,0.006010623740613554,0.00572865297574502,0.4645114119851255,0.412667559888682,0.006586143642654924,0.006586143642654924,0.008397328267557087,0.008397258795603685,0.005532787311573018,0.005642174221469725,0.4690357228202518,0.41729838579154116
ATSJUM418,64.0,0.025016603772293,0.003441657403240058,0.044930993783493495,0.03887820973992383,0.012129040408297018,0.012129040408297018,0.005809734648263105,0.00990635752988123,0.00990635752988123,0.005223688520595728,0.011662169515587208,0.011664494623032675,0.005809734648263105,0.005809734648263105,0.005237696535809233,0.0057067499364172195,0.44733715305018745,0.39153521242379546,0.01317288506729756,0.0131486130040041,0.003441657403240058,0.044930993783493495,0.03887820973992383,0.013963723879569637,0.013963723879569637,0.010775885461248264,0.010766195258806012,0.011351814879604436,0.011351814879604436,0.011796996942173506,0.01179565932334234,0.013963723879569637,0.013963723879569637,0.012431645938860912,0.010291359748857755,0.0131486130040041,0.0131486130040041,0.005237696535809233,0.0057067499364172195,0.44733715305018745,0.39153521242379546,0.00990635752988123,0.00990635752988123,0.011662169515587208,0.011664494623032675,0.005083392569035538,0.005410938572730572,0.44258066765198234,0.38969244066004266
ATTJUM206,64.0,0.024294186868423603,0.0026458883398780744,0.0635021304510491,0.048988337070656425,0.018367302541073386,0.018367302541073386,0.006519805172536502,0.012218872965277624,0.012218872965277624,0.004635012456153341,0.016323090378993696,0.016308787066558823,0.006519805172536502,0.006519805172536502,0.007210458412003662,0.007853681677596445,0.43565170395048364,0.373999063192352,0.02036205740057003,0.020368297664112186,0.0026458883398780744,0.0635021304510491,0.048988337070656425,0.020517200038810666,0.020517200038810666,0.01332834636749072,0.013329796922653242,0.01362799056960351,0.01362799056960351,0.017534013653431504,0.017534344839088643,0.020517200038810666,0.020517200038810666,0.018924725161484655,0.013766544931724117,0.020368297664112186,0.020368297664112186,0.007210458412003662,0.007853681677596445,0.43565170395048364,0.373999063192352,0.012218872965277624,0.012218872965277624,0.016323090378993696,0.016308787066558823,0.006990757873947867,0.007458367405377156,0.43105533809278596,0.37082470754097724
B040103b,64.0,0.03423273353137661,0.0022417239602865163,0.030071857860287984,0.019698864334349947,0.006364155377858315,0.006364155377858315,0.003550204871108406,0.005028845277605658,0.005028845277605658,0.003136219943293057,0.005505990512519391,0.005506598730076298,0.003550204871108406,0.003550204871108406,0.0027406839500862903,0.003183525666594514,0.3466032360044209,0.33625615738888165,0.0075075268956549136,0.0075026491711830045,0.0022417239602865163,0.030071857860287984,0.019698864334349947,0.007976337937520478,0.007976337937520478,0.006037398804465022,0.00603711201559766,0.0063931430981213075,0.0063931430981213075,0.005859615377288506,0.0058598379570308605,0.007976337937520478,0.007976337937520478,0.00707157070990558,0.005723017873912583,0.0075026491711830045,0.0075026491711830045,0.0027406839500862903,0.003183525666594514,0.3466032360044209,0.33625615738888165,0.005028845277605658,0.005028845277605658,0.005505990512519391,0.005506598730076298,0.002719580754856099,0.0031203443964670893,0.3489707575228493,0.3356756774951331
B040903b,64.0,0.03769035990179402,0.002099321037711339,0.038118780405835544,0.021827119629712392,0.005742386067082584,0.005742386067082584,0.0026770783151409405,0.004233934439251151,0.004233934439251151,0.002375929419706392,0.005216721265318123,0.005216228269319742,0.0026770783151409405,0.0026770783151409405,0.0032183655862967502,0.003216858709992142,0.42930223869274753,0.3817035944783837,0.006534778420487724,0.0065351480969902285,0.002099321037711339,0.038118780405835544,0.021827119629712392,0.0065562551374054355,0.0065562551374054355,0.0047007097588287515,0.00470127464948111,0.00512419302918734,0.00512419302918734,0.0056838492442609235,0.005685064254636444,0.0065562551374054355,0.0065562551374054355,0.006117526623705672,0.005085800149885854,0.0065351480969902285,0.0065351480969902285,0.0032183655862967502,0.003216858709992142,0.42930223869274753,0.3817035944783837,0.004233934439251151,0.004233934439251151,0.005216721265318123,0.005216228269319742,0.0032139205325709174,0.003173466132450894,0.41804008303452367,0.3754978471910482
B040903c,64.0,0.0340251067338945,0.0025952453699526657,0.029357117395834527,0.015126374190452676,0.007783826880887094,0.007783826880887094,0.0029363927128733913,0.0057141050860897566,0.0057141050860897566,0.0027098644430790775,0.006805713081670456,0.006805439742106622,0.0029363927128733913,0.0029363927128733913,0.002450823281662632,0.003039179267930021,0.37497871945428535,0.33885968713990705,0.008384849090135326,0.008383712241797129,0.0025952453699526657,0.029357117395834527,0.015126374190452676,0.008556216270162155,0.008556216270162155,0.006139424165618157,0.006139779795176826,0.007002722751730002,0.007002722751730002,0.006480477125274335,0.006480668136676797,0.008556216270162155,0.008556216270162155,0.008142594765396713,0.00608581814931617,0.008383712241797129,0.008383712241797129,0.002450823281662632,0.003039179267930021,0.37497871945428535,0.33885968713990705,0.0057141050860897566,0.0057141050860897566,0.006805713081670456,0.006805439742106622,0.002595765733940833,0.00298582532306709,0.3732990442674554,0.3369586367068224
B40003dW,64.0,0.08023254896998518,0.0034131267350477387,0.0380389767474873,0.02070266728835842,0.009198409079627682,0.009198409079627682,0.004917834866447685,0.007449552105237144,0.007449552105237144,0.004519184687635593,0.00754579769091184,0.007546631910453945,0.004917834866447685,0.004917834866447685,0.004495117088899303,0.004785549825768212,0.3817270387022835,0.34878650920383775,0.009325675641033026,0.009325614228605044,0.0034131267350477387,0.0380389767474873,0.02070266728835842,0.009504575760545836,0.009504575760545836,0.007855903942306848,0.007873189725376165,0.008308549635763628,0.008308549635763628,0.00795321759305525,0.007952743785274148,0.009504575760545836,0.009504575760545836,0.008687534821813196,0.007868601076440714,0.009325614228605044,0.009325614228605044,0.004495117088899303,0.004785549825768212,0.3817270387022835,0.34878650920383775,0.007449552105237144,0.007449552105237144,0.00754579769091184,0.007546631910453945,0.004516662467692863,0.004584006256491256,0.37638261625326164,0.34438967556716804
B40403bW,64.0,0.11154198108472854,0.003437001175380559,0.029749699937015445,0.017572030750988114,0.007169331757910068,0.007169331757910068,0.00532211188002488,0.006389170708199258,0.006389170708199258,0.005093998782892433,0.006911365568335195,0.006911607786823369,0.00532211188002488,0.00532211188002488,0.003215843757807502,0.003520432217096137,0.3873856444040875,0.3447297799622061,0.00799570946686449,0.007954480103612736,0.003437001175380559,0.029749699937015445,0.017572030750988114,0.008300748505612993,0.008300748505612993,0.006553789108702662,0.006555905556065594,0.007006845752142586,0.007006845752142586,0.007109989320552961,0.007109852318272809,0.008300748505612993,0.008300748505612993,0.007967682066399244,0.00626420495877803,0.007954480103612736,0.007954480103612736,0.003215843757807502,0.003520432217096137,0.3873856444040875,0.3447297799622061,0.006389170708199258,0.006389170708199258,0.006911365568335195,0.006911607786823369,0.0031713091569817954,0.003458250829092877,0.3817469111330537,0.3396550001793919
B40703cW,64.0,0.1836427390811469,0.0023581501762664214,0.05708258916737348,0.03227888158183815,0.010731689992775774,0.010731689992775774,0.005229717965842216,0.007529189438677358,0.007529189438677358,0.004257350787453328,0.009840715955554342,0.009841088612072089,0.005229717965842216,0.005229717965842216,0.004825456226179467,0.004578623804680002,0.386823384917631,0.3415986183778677,0.011554271313939721,0.011554233378435225,0.0023581501762664214,0.05708258916737348,0.03227888158183815,0.011690050740047038,0.011690050740047038,0.00796484933022616,0.007964651804954882,0.008806577726712839,0.008806577726712839,0.010294104348528323,0.010289504944764518,0.011690050740047038,0.011690050740047038,0.011103646320964888,0.008744552369623255,0.011554233378435225,0.011554233378435225,0.004825456226179467,0.004578623804680002,0.386823384917631,0.3415986183778677,0.007529189438677358,0.007529189438677358,0.009840715955554342,0.009841088612072089,0.004726083014562219,0.004828457069824009,0.3846119534959163,0.3412984695420197
BAY5867c,64.0,0.062226753951144985,0.0017144012903498953,0.007209970780890139,0.0029587325273029057,0.0038050526599032386,0.0038050526599032386,0.0028545886072528543,0.003523650508131304,0.003523650508131304,0.002696872671122935,0.004407016687697311,0.004409088757221007,0.0028545886072528543,0.0028545886072528543,0.0014879892317658746,0.0016365718060420277,0.30640309567679086,0.22683301405092168,0.0040570972452164044,0.004061241342593715,0.0017144012903498953,0.007209970780890139,0.0029587325273029057,0.004419865639811864,0.004419865639811864,0.0033829929020227282,0.0033824401358371926,0.0038281161357502955,0.0038281161357502955,0.0038064906267067018,0.0038067544709756533,0.004419865639811864,0.004419865639811864,0.003257540961946879,0.0031451637463335187,0.004061241342593715,0.004061241342593715,0.0014879892317658746,0.0016365718060420277,0.30640309567679086,0.22683301405092168,0.003523650508131304,0.003523650508131304,0.004407016687697311,0.004409088757221007,0.0015194147978252353,0.0016349340661812445,0.28866236699525943,0.18297641338590123
BAY5869b,64.0,0.07530381820879617,0.0016553274796343909,0.008394108919783502,0.0030641996683930983,0.0037922553499359296,0.0037922553499359296,0.0022453016730847267,0.003451316035271232,0.003451316035271232,0.0021505697223613775,0.004066354268110312,0.004078429288452223,0.0022453016730847267,0.0022453016730847267,0.0016927809377857428,0.001687898072531231,0.3171195526143083,0.2732614067529271,0.0046340219434102044,0.004646936023466287,0.0016553274796343909,0.008394108919783502,0.0030641996683930983,0.00477890567584079,0.00477890567584079,0.004025898862905143,0.0040294921853502134,0.004268565206991001,0.004268565206991001,0.004498438510132216,0.00445505045841017,0.00477890567584079,0.00477890567584079,0.004359932888391878,0.003577758484948853,0.004646936023466287,0.004646936023466287,0.0016927809377857428,0.001687898072531231,0.3171195526143083,0.2732614067529271,0.003451316035271232,0.003451316035271232,0.004066354268110312,0.004078429288452223,0.0016785928736876708,0.001683027598608124,0.31081492316816184,0.26550628392021286
BAY5870d,64.0,0.1052550411754147,0.0017930122509159008,0.009355920572175002,0.004496692057845834,0.004409750356626552,0.004409750356626552,0.003124437583627494,0.004538245868109035,0.004538245868109035,0.0028080538898708498,0.004906091536110112,0.004906280917903381,0.003124437583627494,0.003124437583627494,0.002127014861939072,0.002072059421143382,0.3151584056363588,0.24624560249950622,0.004750262386853689,0.004749364401646346,0.0017930122509159008,0.009355920572175002,0.004496692057845834,0.005392753022815789,0.005392753022815789,0.004891830379225383,0.004895055336060323,0.005023113732656047,0.005023113732656047,0.004842799953263798,0.004843014285254767,0.005392753022815789,0.005392753022815789,0.004656630420067719,0.004822703161129344,0.004749364401646346,0.004749364401646346,0.002127014861939072,0.002072059421143382,0.3151584056363588,0.24624560249950622,0.004538245868109035,0.004538245868109035,0.004906091536110112,0.004906280917903381,0.002031843531878191,0.0020577573243776236,0.30052774514658304,0.18968105648967376
BAY5872a,64.0,0.15940651880425447,0.002167795623282251,0.010697306730219704,0.0053884531487610075,0.004763810177372684,0.004763810177372684,0.0033136320916957135,0.004445442534996017,0.004445442534996017,0.003356923578841614,0.004847464314907948,0.004836410721199013,0.0033136320916957135,0.0033136320916957135,0.0015451036483239563,0.0016791413546835623,0.30707383773233105,0.26026170454755704,0.00508582730923318,0.00507993745832528,0.002167795623282251,0.010697306730219704,0.0053884531487610075,0.005474203892229674,0.005474203892229674,0.00442308150603059,0.004406095855435452,0.0051548961936915185,0.0051548961936915185,0.004566750969831146,0.004565720656429478,0.005474203892229674,0.005474203892229674,0.0049196999752510705,0.0038793465663844147,0.00507993745832528,0.00507993745832528,0.0015451036483239563,0.0016791413546835623,0.30707383773233105,0.26026170454755704,0.004445442534996017,0.004445442534996017,0.004847464314907948,0.004836410721199013,0.0015034179690585961,0.0016236018121331328,0.30445676929032656,0.26839659102581725
BAY5873c,64.0,0.09444747803596368,0.002185051842361921,0.01274779115974857,0.007495123950035398,0.0033434179992462105,0.0033434179992462105,0.004124806960168417,0.0030262532763754954,0.0030262532763754954,0.0040153353806357235,0.003211966323653029,0.0032248936929979355,0.004124806960168417,0.004124806960168417,0.001819986944437494,0.0018270309887407623,0.3686332876497231,0.3386000184996665,0.0038323760310148853,0.0037070770733240044,0.002185051842361921,0.01274779115974857,0.007495123950035398,0.003702008781721195,0.003702008781721195,0.0033267609455004082,0.0033196056957193005,0.003185175820200127,0.003185175820200127,0.0037114980574481904,0.003711721790080605,0.003702008781721195,0.003702008781721195,0.0038025183546841783,0.0033380859844859357,0.0037070770733240044,0.0037070770733240044,0.001819986944437494,0.0018270309887407623,0.3686332876497231,0.3386000184996665,0.0030262532763754954,0.0030262532763754954,0.003211966323653029,0.0032248936929979355,0.001883520509750404,0.0017630290691155602,0.35392652186744,0.32731658981387346
BAY5876d,64.0,0.15207403905262482,0.0026086962596665844,0.016185396523935004,0.006172262887352665,0.004321982772118437,0.004321982772118437,0.0035637952462007475,0.004263902340012716,0.004263902340012716,0.003585930530742214,0.004968512418033135,0.00496945426591508,0.0035637952462007475,0.0035637952462007475,0.001998761349257653,0.0022689064749308986,0.2997996745733016,0.25646236287212776,0.005433237529472437,0.005438405852050407,0.0026086962596665844,0.016185396523935004,0.006172262887352665,0.005520590915869705,0.005520590915869705,0.004428410651391562,0.004437188613122779,0.004764169349057675,0.004764169349057675,0.004770762350157687,0.004643798591740355,0.005520590915869705,0.005520590915869705,0.004936526474563375,0.004005264758046121,0.005438405852050407,0.005438405852050407,0.001998761349257653,0.0022689064749308986,0.2997996745733016,0.25646236287212776,0.004263902340012716,0.004263902340012716,0.004968512418033135,0.00496945426591508,0.0019175465401825148,0.002203583278722034,0.2919730167098228,0.24321881157904368
BR5867c3,64.0,0.02202922353159782,0.0018703633049118296,0.0240484806850782,0.016491435769313233,0.007962475559245022,0.007962475559245022,0.0026989843872182065,0.005426437084976507,0.005426437084976507,0.0023167715834287797,0.006379546707610661,0.006379591284994346,0.0026989843872182065,0.0026989843872182065,0.003474985755340889,0.0041514110895175356,0.41567333982433524,0.3602521626142762,0.00883672611255551,0.008839476542132605,0.0018703633049118296,0.0240484806850782,0.016491435769313233,0.009378327927734445,0.009378327927734445,0.006071545451637417,0.006071769695094963,0.0070027908229228965,0.0070027908229228965,0.006533809156669476,0.006533811378526808,0.009378327927734445,0.009378327927734445,0.008051906321267743,0.00812553646330523,0.008839476542132605,0.008839476542132605,0.003474985755340889,0.0041514110895175356,0.41567333982433524,0.3602521626142762,0.005426437084976507,0.005426437084976507,0.006379546707610661,0.006379591284994346,0.003342731012496263,0.004025625407992926,0.41612331240364,0.35809472706435597
BR5868b3,64.0,0.029607155335446608,0.002044333188668467,0.040002475900171766,0.024970691791719013,0.006479925591613499,0.006479925591613499,0.002637641683412638,0.004335055115440078,0.004335055115440078,0.0024532474245244746,0.005222818563697374,0.00521925728513359,0.002637641683412638,0.002637641683412638,0.0030414620886454863,0.0029793928066254383,0.4350385634416642,0.36711797279585456,0.0074163277133901615,0.007417132278870759,0.002044333188668467,0.040002475900171766,0.024970691791719013,0.008076033203786739,0.008076033203786739,0.0055075996106133075,0.0055081006103031615,0.005816576102539869,0.005816576102539869,0.006433812041649218,0.006433454366769052,0.008076033203786739,0.008076033203786739,0.0069425257481459945,0.005091014126684578,0.007417132278870759,0.007417132278870759,0.0030414620886454863,0.0029793928066254383,0.4350385634416642,0.36711797279585456,0.004335055115440078,0.004335055115440078,0.005222818563697374,0.00521925728513359,0.0031281981097772437,0.0030274852771611602,0.4306605581624688,0.36613690816911487
BR5870b3,64.0,0.02546206826050574,0.00196545837718404,0.03352971081855959,0.02355208835951276,0.007261921015905198,0.007261921015905198,0.0026592018526117936,0.005451300164855002,0.005451300164855002,0.0024284379078293606,0.006080020057947193,0.006079576148909779,0.0026592018526117936,0.0026592018526117936,0.003457721387081776,0.003814386172227385,0.42255116077566957,0.3806266780557659,0.008011720629020436,0.008011937238500298,0.00196545837718404,0.03352971081855959,0.02355208835951276,0.00812157243463983,0.00812157243463983,0.0062235128786814675,0.006223922633773834,0.006508267965974149,0.006508267965974149,0.006891878001198196,0.006891546059983743,0.00812157243463983,0.00812157243463983,0.00738586465778382,0.006201694077773534,0.008011937238500298,0.008011937238500298,0.003457721387081776,0.003814386172227385,0.42255116077566957,0.3806266780557659,0.005451300164855002,0.005451300164855002,0.006080020057947193,0.006079576148909779,0.0034113492954854227,0.003617695112429614,0.4153639573260377,0.37578646962003837
BR5872c3,65.0,0.042252849068368806,0.0018984708730556562,0.0243636800371648,0.016446479568522982,0.007141242415190604,0.007141242415190604,0.00276023990505842,0.006361944976965231,0.006361944976965231,0.00264031847816569,0.006701077970462798,0.006700661505178545,0.00276023990505842,0.00276023990505842,0.0035772122552413213,0.004032709701009913,0.3836288275474798,0.3508255268567692,0.007937134312257326,0.00793690512984174,0.0018984708730556562,0.0243636800371648,0.016446479568522982,0.008401594471571044,0.008401594471571044,0.006641320727266662,0.006642009531205605,0.007190185102861041,0.007190185102861041,0.007073379130601586,0.007073301740464533,0.008401594471571044,0.008401594471571044,0.007535473909670792,0.0071140981919809105,0.00793690512984174,0.00793690512984174,0.0035772122552413213,0.004032709701009913,0.3836288275474798,0.3508255268567692,0.006361944976965231,0.006361944976965231,0.006701077970462798,0.006700661505178545,0.00362331487615391,0.003939946648001494,0.3785351155874325,0.3467632013510436
BR5873b3,64.0,0.0245396360024546,0.002616813638188888,0.02463228968621075,0.015333535939211355,0.008310209369376716,0.008310209369376716,0.0043227923755672975,0.006526995997478191,0.006526995997478191,0.003818950533942167,0.006999228092674282,0.00699933677972522,0.0043227923755672975,0.0043227923755672975,0.003984296664476975,0.00408314149817512,0.4019815378613587,0.38961167041833444,0.00881227077858072,0.008806179124180262,0.002616813638188888,0.02463228968621075,0.015333535939211355,0.009001096540466788,0.009001096540466788,0.0073252035114474865,0.007324610183804766,0.007244783336434605,0.007244783336434605,0.007774080078850458,0.007774412454320925,0.009001096540466788,0.009001096540466788,0.008080063592503309,0.00687663652411821,0.008806179124180262,0.008806179124180262,0.003984296664476975,0.00408314149817512,0.4019815378613587,0.38961167041833444,0.006526995997478191,0.006526995997478191,0.006999228092674282,0.00699933677972522,0.004027381299726378,0.004065741261448914,0.40359904261419416,0.3920952503818457
BR5875b3,64.0,0.03219040889805067,0.0023465209876701704,0.02920993088923504,0.017745908349657273,0.007111086787414169,0.007111086787414169,0.003186030590597694,0.00590019415334707,0.00590019415334707,0.0029356962019534347,0.0069397721369312895,0.006939578680839383,0.003186030590597694,0.003186030590597694,0.003867358959354566,0.00404888823570091,0.3565357698077264,0.3377151712139,0.008019197122002978,0.008019440261604626,0.0023465209876701704,0.02920993088923504,0.017745908349657273,0.008301485142379366,0.008301485142379366,0.006647665252056628,0.006640287709815025,0.007090548467421147,0.007090548467421147,0.006738118543401093,0.006733200640778969,0.008301485142379366,0.008301485142379366,0.007438693293506675,0.005911201236322719,0.008019440261604626,0.008019440261604626,0.003867358959354566,0.00404888823570091,0.3565357698077264,0.3377151712139,0.00590019415334707,0.00590019415334707,0.0069397721369312895,0.006939578680839383,0.003687405427987782,0.003956210499927769,0.356152768435494,0.3372033326581573
C13459aW,64.0,0.051970833339764974,0.003039339412944461,0.06698025501930469,0.03500507592244981,0.018788747180382193,0.018788747180382193,0.0058435743871885545,0.013675085535184303,0.013675085535184303,0.005122930674426527,0.01627210591880983,0.016269167600445618,0.0058435743871885545,0.0058435743871885545,0.008437124783586375,0.008137036751746037,0.4956534879293658,0.4683554965388388,0.020278234670063348,0.020283717849373842,0.003039339412944461,0.06698025501930469,0.03500507592244981,0.020675628409499512,0.020675628409499512,0.014799366758058204,0.014800138760596599,0.015585467688974024,0.015585467688974024,0.017669324428667477,0.017670121850299134,0.020675628409499512,0.020675628409499512,0.019112108165661914,0.013971982901290132,0.020283717849373842,0.020283717849373842,0.008437124783586375,0.008137036751746037,0.4956534879293658,0.4683554965388388,0.013675085535184303,0.013675085535184303,0.01627210591880983,0.016269167600445618,0.008430628875740276,0.008112953875376517,0.4972202561732171,0.4710129044971541
C13459bW,64.0,0.0598185523966843,0.003389442357726462,0.07372498559492668,0.044937066617707196,0.010894511852254441,0.010894511852254441,0.006170233676329233,0.009018266163960453,0.009018266163960453,0.005077716594101101,0.00983483274829819,0.009835700847806111,0.006170233676329233,0.006170233676329233,0.005310039057643264,0.005277201999927307,0.46207517258838265,0.42579614680319244,0.011669025746975415,0.011669132796184308,0.003389442357726462,0.07372498559492668,0.044937066617707196,0.01240273542615261,0.01240273542615261,0.0096917726277458,0.009694797283086212,0.010253869089994969,0.010253869089994969,0.010745093177210265,0.010744523262606135,0.01240273542615261,0.01240273542615261,0.010893803101757705,0.009468348428399392,0.011669132796184308,0.011669132796184308,0.005310039057643264,0.005277201999927307,0.46207517258838265,0.42579614680319244,0.009018266163960453,0.009018266163960453,0.00983483274829819,0.009835700847806111,0.005385297631840049,0.005143681237864385,0.46064691162896426,0.42537401485282594
C13487cW,64.0,0.08498592826951755,0.0028952816581940895,0.15394348666601176,0.10650571939803578,0.013961376851856973,0.013961376851856973,0.004996316636683502,0.011167989714519858,0.011167989714519858,0.004343535259279748,0.012150015094166312,0.01214993272919697,0.004996316636683502,0.004996316636683502,0.006318637218981533,0.007542583158008751,0.5052706814449519,0.4711939058431226,0.014968796588321218,0.014964018353061461,0.0028952816581940895,0.15394348666601176,0.10650571939803578,0.016079846305305352,0.016079846305305352,0.011596320869183135,0.011594402086030133,0.012336996473013544,0.012336996473013544,0.013179345466575164,0.013178449118699498,0.016079846305305352,0.016079846305305352,0.013727765992347915,0.011336651722006449,0.014964018353061461,0.014964018353061461,0.006318637218981533,0.007542583158008751,0.5052706814449519,0.4711939058431226,0.011167989714519858,0.011167989714519858,0.012150015094166312,0.01214993272919697,0.006276726365078776,0.007572640546752547,0.5034994591258866,0.47092332003735243
DMSO71-102_1,384.0,0.426305703385202,0.012188375695397666,0.038659351412397805,0.08176166262835377,0.008399851067698355,0.008399851067698355,0.012925881885087082,0.008390128652307385,0.008390128652307385,0.012971563622113482,0.008398209167422493,0.00840018925637778,0.012925881885087082,0.012925881885087082,0.008138844557317206,0.008142318780824928,0.038325054130060765,0.013601179741599983,0.00840250417831953,0.008401328395700602,0.012188375695397666,0.038659351412397805,0.08176166262835377,0.008401689272200781,0.008401689272200781,0.008400993066401843,0.008399022605528429,0.00838912494789427,0.00838912494789427,0.008407285850790954,0.008408613401103845,0.008401689272200781,0.008401689272200781,0.008169479580894352,0.008154151882823592,0.008401328395700602,0.008401328395700602,0.008138844557317206,0.008142318780824928,0.038325054130060765,0.013601179741599983,0.008390128652307385,0.008390128652307385,0.008398209167422493,0.00840018925637778,0.008140250035407557,0.008142803456174326,0.039748178296117063,0.01377876105816403
Dest210531-152149,64.0,0.051767837154455196,0.0038781670221105244,0.06936355136007256,0.05361593907403002,0.013165255311506814,0.013165255311506814,0.007910974704871138,0.009717713840351066,0.009717713840351066,0.005801236968534863,0.012141420211893666,0.01214191961048978,0.007910974704871138,0.007910974704871138,0.006977284299859555,0.007859871746437205,0.44663613089607124,0.40911823390124596,0.014050832466073648,0.014069534866993917,0.0038781670221105244,0.06936355136007256,0.05361593907403002,0.01393698181954104,0.01393698181954104,0.010470777382255594,0.010470307233340392,0.010437735857669802,0.010437735857669802,0.013429951803800756,0.013429907818953547,0.01393698181954104,0.01393698181954104,0.01330835801044001,0.010677772300921923,0.014069534866993917,0.014069534866993917,0.006977284299859555,0.007859871746437205,0.44663613089607124,0.40911823390124596,0.009717713840351066,0.009717713840351066,0.012141420211893666,0.01214191961048978,0.007212731431231468,0.008050427888442319,0.4449433481874375,0.4080828432747618
Dest210531-152324,64.0,0.020274493728465126,0.0023343944696302536,0.06151472193108756,0.05027650786881044,0.016171599254214682,0.016171599254214682,0.0056829914370305394,0.010690094669611041,0.010690094669611041,0.0035807825849320314,0.01209611350918958,0.012096086734498298,0.0056829914370305394,0.0056829914370305394,0.0053368069284897394,0.005950899885266003,0.4541786739804212,0.41002026858741963,0.018249664247256398,0.018249564234877995,0.0023343944696302536,0.06151472193108756,0.05027650786881044,0.018775046846910226,0.018775046846910226,0.011350294440293058,0.011343955396895969,0.012538065299691684,0.012538065299691684,0.015067265004023136,0.015067858930818958,0.018775046846910226,0.018775046846910226,0.01610346537655684,0.010734859782759468,0.018249564234877995,0.018249564234877995,0.0053368069284897394,0.005950899885266003,0.4541786739804212,0.41002026858741963,0.010690094669611041,0.010690094669611041,0.01209611350918958,0.012096086734498298,0.005077754149315605,0.005766156296767272,0.45142999826069147,0.40689845642794714
Dest210531-152634,64.0,0.015389398226317427,0.0023491882454826267,0.026926479602721487,0.020336237141028907,0.006550376800088721,0.006550376800088721,0.0029997673666102955,0.003349892927314729,0.003349892927314729,0.0026272086471084105,0.004301048615387575,0.004301267873187325,0.0029997673666102955,0.0029997673666102955,0.0028197361026547946,0.0030085151077660216,0.4565274434605698,0.39513521475235097,0.007213259583427378,0.007213805004078673,0.0023491882454826267,0.026926479602721487,0.020336237141028907,0.007238711985753158,0.007238711985753158,0.0034979115521343567,0.0034985172406776536,0.004118617365039087,0.004118617365039087,0.005107783047863922,0.005108180119281964,0.007238711985753158,0.007238711985753158,0.00668386954306543,0.004577283156774067,0.007213805004078673,0.007213805004078673,0.0028197361026547946,0.0030085151077660216,0.4565274434605698,0.39513521475235097,0.003349892927314729,0.003349892927314729,0.004301048615387575,0.004301267873187325,0.002641184524230921,0.0029191916398892126,0.4540021072340462,0.39384868044581745
Dest210601-153606,64.0,0.016797279398345126,0.0024271110197465733,0.06358850591056481,0.06107062875724304,0.006739836678919094,0.006739836678919094,0.003953835562824367,0.0050041453580929205,0.0050041453580929205,0.0035765254142010594,0.005959809922488268,0.0059597668286051645,0.003953835562824367,0.003953835562824367,0.0039061250181818704,0.004163725570677249,0.4434040236217368,0.4136307039213355,0.00811006629636816,0.008108768964357443,0.0024271110197465733,0.06358850591056481,0.06107062875724304,0.008760836813272794,0.008760836813272794,0.005789826100095556,0.005789607150832421,0.005790457779399765,0.005790457779399765,0.00618086095535825,0.0061764491862077555,0.008760836813272794,0.008760836813272794,0.007205234085168587,0.005405226943360327,0.008108768964357443,0.008108768964357443,0.0039061250181818704,0.004163725570677249,0.4434040236217368,0.4136307039213355,0.0050041453580929205,0.0050041453580929205,0.005959809922488268,0.0059597668286051645,0.003738801767155881,0.0039711565307953755,0.4403779988483302,0.4087023211327576
Dest210601-154612,64.0,0.019593035132183335,0.0020941454476379466,0.029337507085974983,0.024489819514498565,0.005272005698818441,0.005272005698818441,0.003059909698202348,0.00418558804980345,0.00418558804980345,0.0025606684608987596,0.0053080884720131056,0.005309961369341031,0.003059909698202348,0.003059909698202348,0.003440756554102832,0.003593680212890939,0.37691816770229475,0.3652235166640214,0.006086074830762419,0.006086066722328362,0.0020941454476379466,0.029337507085974983,0.024489819514498565,0.006331890592629189,0.006331890592629189,0.004369355002826704,0.004370064289892244,0.004788206504917701,0.004788206504917701,0.005447819902657665,0.005447819664981791,0.006331890592629189,0.006331890592629189,0.005674539979526015,0.004951200309314162,0.006086066722328362,0.006086066722328362,0.003440756554102832,0.003593680212890939,0.37691816770229475,0.3652235166640214,0.00418558804980345,0.00418558804980345,0.0053080884720131056,0.005309961369341031,0.0032796324242251288,0.003536397252082157,0.3710468354619105,0.36227965593768674
Dest210601-155722,64.0,0.008334981057230385,0.0031889812245535585,0.0197079467145894,0.020254260310435278,0.006035749403366795,0.006035749403366795,0.004181263732357198,0.004759135023712058,0.004759135023712058,0.00372094696083648,0.005261313047909268,0.005261252512227451,0.004181263732357198,0.004181263732357198,0.003224358681112832,0.003517553563592715,0.38215086438290785,0.3710956115158926,0.006618027269096529,0.006611824003730639,0.0031889812245535585,0.0197079467145894,0.020254260310435278,0.007213921833996918,0.007213921833996918,0.005037644960726808,0.0050221639832316095,0.0054447659538868175,0.0054447659538868175,0.005152248811758097,0.005152306684875822,0.007213921833996918,0.007213921833996918,0.005933538326674273,0.005245340205920194,0.006611824003730639,0.006611824003730639,0.003224358681112832,0.003517553563592715,0.38215086438290785,0.3710956115158926,0.004759135023712058,0.004759135023712058,0.005261313047909268,0.005261252512227451,0.0031586290202254407,0.0033957891192677486,0.3804551990248842,0.3698359089499311
Dest210607-134930,64.0,0.019776215133892154,0.0026768726971366508,0.03551273438712105,0.021524236074375716,0.01341902861387488,0.01341902861387488,0.0056718937203254025,0.010444051867594237,0.010444051867594237,0.005094259157290926,0.011811693468953196,0.011812120511972276,0.0056718937203254025,0.0056718937203254025,0.0033588407773850024,0.0049288591102575295,0.37358443644184286,0.33713731882183007,0.015620131112900646,0.015596151606200679,0.0026768726971366508,0.03551273438712105,0.021524236074375716,0.016679774921003393,0.016679774921003393,0.011181923188447452,0.011186433567679167,0.01270359542875486,0.01270359542875486,0.012314052242198106,0.012322660433112783,0.016679774921003393,0.016679774921003393,0.014139713376538764,0.010002787787507168,0.015596151606200679,0.015596151606200679,0.0033588407773850024,0.0049288591102575295,0.37358443644184286,0.33713731882183007,0.010444051867594237,0.010444051867594237,0.011811693468953196,0.011812120511972276,0.0032598950861593584,0.004755293735211621,0.36593556716897624,0.3306037269679001
Dest210607-135106,64.0,0.01479202848405053,0.0028957206330731764,0.05232841560901566,0.03833503543633941,0.010449555346860897,0.010449555346860897,0.004938748182808405,0.007167535471490632,0.007167535471490632,0.004291882643090887,0.008620116648285315,0.008620243775765226,0.004938748182808405,0.004938748182808405,0.004209679642466167,0.004547259827133315,0.3602307525969348,0.3371951443863939,0.011122497545835587,0.011123191245440114,0.0028957206330731764,0.05232841560901566,0.03833503543633941,0.011569119065179554,0.011569119065179554,0.007593079838001718,0.007592380447053968,0.00853940274345049,0.00853940274345049,0.008824110525019725,0.008824289641949926,0.011569119065179554,0.011569119065179554,0.010551977217240528,0.00811793176412331,0.011123191245440114,0.011123191245440114,0.004209679642466167,0.004547259827133315,0.3602307525969348,0.3371951443863939,0.007167535471490632,0.007167535471490632,0.008620116648285315,0.008620243775765226,0.004055445537704514,0.004288019407679271,0.3555005029218566,0.3336612874844797
Dest210607-135426,64.0,0.018333433314320986,0.003659068951229684,0.03246844630890384,0.03265034983068158,0.010629452887127105,0.010629452887127105,0.004792079041287691,0.007376709022402064,0.007376709022402064,0.004604011535242951,0.008215301325809872,0.008216136864307395,0.004792079041287691,0.004792079041287691,0.004216617718573479,0.004927167527608616,0.3806182131584895,0.34077410451579504,0.011097489680732042,0.011081037020204718,0.003659068951229684,0.03246844630890384,0.03265034983068158,0.012344310928229884,0.012344310928229884,0.008142677759746628,0.008143244923851121,0.00895691438978028,0.00895691438978028,0.008403580753844628,0.008402818798005363,0.012344310928229884,0.012344310928229884,0.010135554600606585,0.008462101011157314,0.011081037020204718,0.011081037020204718,0.004216617718573479,0.004927167527608616,0.3806182131584895,0.34077410451579504,0.007376709022402064,0.007376709022402064,0.008215301325809872,0.008216136864307395,0.004057287853968635,0.004646261712230693,0.37886718383923046,0.33984766942559624
Dest210608-151243,64.0,0.022475748609733455,0.0025697235944887433,0.04608614071092598,0.03763992843173546,0.01159394784126652,0.01159394784126652,0.005117485186381578,0.007664561681861313,0.007664561681861313,0.0037151325326883295,0.009564968568272296,0.00956486850404699,0.005117485186381578,0.005117485186381578,0.005460793441772776,0.006200071205618413,0.42842675411253484,0.3747529254161634,0.012109899815394128,0.012033808836699045,0.0025697235944887433,0.04608614071092598,0.03763992843173546,0.012722131017835772,0.012722131017835772,0.008252310005635744,0.008253666021882298,0.008782166575652634,0.008782166575652634,0.010170213714554252,0.010171671261820876,0.012722131017835772,0.012722131017835772,0.011156020800935768,0.008423312642972199,0.012033808836699045,0.012033808836699045,0.005460793441772776,0.006200071205618413,0.42842675411253484,0.3747529254161634,0.007664561681861313,0.007664561681861313,0.009564968568272296,0.00956486850404699,0.005300045928406564,0.00569911655925169,0.4258081709296206,0.3733322508981238
Dest210608-152610,61.0,0.013903325303562291,0.002709647215331151,0.034381260080943055,0.024129252793231616,0.013272023549564074,0.013272023549564074,0.005512776665361919,0.008099192974891336,0.008099192974891336,0.004016927397667818,0.01083305618384439,0.0108345813795523,0.005512776665361919,0.005512776665361919,0.004759102717985659,0.006076083108472583,0.39520226863802355,0.3591739958033281,0.01421108914444164,0.014209019713137656,0.002709647215331151,0.034381260080943055,0.024129252793231616,0.014609261552103372,0.014609261552103372,0.009236786683507707,0.009331491458294231,0.01004315090335672,0.01004315090335672,0.011825105594288796,0.011825156769025204,0.014609261552103372,0.014609261552103372,0.01365427883318342,0.010845779824684034,0.014209019713137656,0.014209019713137656,0.004759102717985659,0.006076083108472583,0.39520226863802355,0.3591739958033281,0.008099192974891336,0.008099192974891336,0.01083305618384439,0.0108345813795523,0.004529977213574631,0.006045369565268681,0.3933719807410439,0.35775545768458156
Dest210608-153057,59.0,0.014191133978599441,0.004409642336461121,0.045632890816798194,0.03271123730342274,0.013488725379905883,0.013488725379905883,0.007287946336895816,0.010402573269177364,0.010402573269177364,0.005593664486434186,0.01200935893447154,0.01200994438419764,0.007287946336895816,0.007287946336895816,0.006311631717644646,0.007497449965349769,0.43155386354829983,0.3913197177180015,0.01430301946310181,0.014306665307711117,0.004409642336461121,0.045632890816798194,0.03271123730342274,0.014760421697545342,0.014760421697545342,0.011281818657671411,0.011281933324123354,0.011443372537401887,0.011443372537401887,0.012975682730891341,0.012975569465019522,0.014760421697545342,0.014760421697545342,0.013494988974714543,0.010422806172971656,0.014306665307711117,0.014306665307711117,0.006311631717644646,0.007497449965349769,0.43155386354829983,0.3913197177180015,0.010402573269177364,0.010402573269177364,0.01200935893447154,0.01200994438419764,0.006370223174438141,0.007602257855639671,0.4245097857130494,0.38700993730872285
Dest210614-162933,64.0,0.01157129892504157,0.002481974386555598,0.03822777657156572,0.030571215819996316,0.007522502247227946,0.007522502247227946,0.0027952472429142467,0.004383874600303936,0.004383874600303936,0.002593757288795421,0.005552037821373578,0.005549682985584958,0.0027952472429142467,0.0027952472429142467,0.0035484767757218453,0.004242515898872859,0.4263848336581976,0.38031990680266,0.00892292114327988,0.008922995754411649,0.002481974386555598,0.03822777657156572,0.030571215819996316,0.008497430190376491,0.008497430190376491,0.005219710822056262,0.005221037170711127,0.006080442858926608,0.006080442858926608,0.006418658361877751,0.006418777859564928,0.008497430190376491,0.008497430190376491,0.008540313010193916,0.007060057772102057,0.008922995754411649,0.008922995754411649,0.0035484767757218453,0.004242515898872859,0.4263848336581976,0.38031990680266,0.004383874600303936,0.004383874600303936,0.005552037821373578,0.005549682985584958,0.0033132581989494536,0.00404809149897181,0.4207324094085057,0.3780762926937317
Dest210614-164243,63.0,0.02762600044468203,0.0030550900900031827,0.04622409274144748,0.02946192557830818,0.01910293048687552,0.01910293048687552,0.007670414459100105,0.012981035736966098,0.012981035736966098,0.005772852271756587,0.01564072342225152,0.01564091873089663,0.007670414459100105,0.007670414459100105,0.005463360097600922,0.006817054162727367,0.36375520348976415,0.3355686261475048,0.020687086195615722,0.020687711318445174,0.0030550900900031827,0.04622409274144748,0.02946192557830818,0.0213625352994256,0.0213625352994256,0.013620607930580305,0.013620967068808573,0.014674379569039954,0.014674379569039954,0.015852190122816297,0.015852427721523506,0.0213625352994256,0.0213625352994256,0.01883633172198222,0.014434017484513659,0.020687711318445174,0.020687711318445174,0.005463360097600922,0.006817054162727367,0.36375520348976415,0.3355686261475048,0.012981035736966098,0.012981035736966098,0.01564072342225152,0.01564091873089663,0.005104684221314531,0.006467377713123557,0.36012357076857127,0.3307950998710366
Dest210614-165045,60.0,0.01922794693597025,0.0023535838085524093,0.03139643868316545,0.019222364199739106,0.009018384039686213,0.009018384039686213,0.0039533609360940655,0.006219481227398952,0.006219481227398952,0.0030299408716191853,0.0072363537624793705,0.007236371691925134,0.0039533609360940655,0.0039533609360940655,0.0035255597318301435,0.0041229056368000585,0.38918903988938325,0.36338420976860863,0.009628437225878392,0.0096286151466732,0.0023535838085524093,0.03139643868316545,0.019222364199739106,0.009230929741991932,0.009230929741991932,0.006988246644071213,0.0069885582913432505,0.006939809103493055,0.006939809103493055,0.007427585907409695,0.0074307578422439565,0.009230929741991932,0.009230929741991932,0.008840724687808745,0.007265039944519313,0.0096286151466732,0.0096286151466732,0.0035255597318301435,0.0041229056368000585,0.38918903988938325,0.36338420976860863,0.006219481227398952,0.006219481227398952,0.0072363537624793705,0.007236371691925134,0.0031232157316310755,0.0037858840134931105,0.38636333336806356,0.3613791514274071
Dest210615-151336,61.0,0.02292960499345769,0.0022830161840644474,0.06614937387386757,0.038766290942478854,0.008608931080612796,0.008608931080612796,0.003176682746360773,0.00508829442309056,0.00508829442309056,0.00249030952959842,0.006409565264709158,0.006409920767907682,0.003176682746360773,0.003176682746360773,0.0031114609813604286,0.004024153226420312,0.43325401610987907,0.37505602950718936,0.00943138047290341,0.00942755212557352,0.0022830161840644474,0.06614937387386757,0.038766290942478854,0.009237283685097308,0.009237283685097308,0.005549800732787876,0.00554919701883833,0.0061553370982636805,0.0061553370982636805,0.006516869231292176,0.0065169770164555775,0.009237283685097308,0.009237283685097308,0.008973183456297199,0.0064072229305440435,0.00942755212557352,0.00942755212557352,0.0031114609813604286,0.004024153226420312,0.43325401610987907,0.37505602950718936,0.00508829442309056,0.00508829442309056,0.006409565264709158,0.006409920767907682,0.0027025367033689063,0.0036388921334979114,0.43235037948026517,0.375045051604797
Dest210615-152648,61.0,0.011314646974989004,0.0020083844990378425,0.039556425158999105,0.02913088271319628,0.008457083754997976,0.008457083754997976,0.0037859907400339785,0.005775261813426989,0.005775261813426989,0.0028612167188281964,0.007211355796386796,0.007211507750873258,0.0037859907400339785,0.0037859907400339785,0.0036693805298794236,0.003895621394525513,0.42059062984530166,0.38072764436298234,0.009218245255850932,0.009219381392088577,0.0020083844990378425,0.039556425158999105,0.02913088271319628,0.008753452468394348,0.008753452468394348,0.006397764312886316,0.006398126792276911,0.006720755205917337,0.006720755205917337,0.0072881724036193436,0.007288173022039164,0.008753452468394348,0.008753452468394348,0.008783160850706496,0.005741172961552313,0.009219381392088577,0.009219381392088577,0.0036693805298794236,0.003895621394525513,0.42059062984530166,0.38072764436298234,0.005775261813426989,0.005775261813426989,0.007211355796386796,0.007211507750873258,0.003517387562297862,0.003801164605858969,0.4144499510175525,0.3769559775500979
Dest210615-153137,60.0,0.017635141009775417,0.00229289205361603,0.05330090129706798,0.03712379185518241,0.008330800686610804,0.008330800686610804,0.003322851843366886,0.004996305813986559,0.004996305813986559,0.00267915157026889,0.007126841863789364,0.007126659186108186,0.003322851843366886,0.003322851843366886,0.00375952213293372,0.0046773648744679215,0.4215578565545452,0.3938576609757533,0.009280207194960555,0.00927909958903783,0.00229289205361603,0.05330090129706798,0.03712379185518241,0.009551763836057499,0.009551763836057499,0.005667168195999439,0.005666849977052981,0.006293783985580618,0.006293783985580618,0.007108985692834039,0.007108847204594854,0.009551763836057499,0.009551763836057499,0.00815129827231228,0.007129930421908613,0.00927909958903783,0.00927909958903783,0.00375952213293372,0.0046773648744679215,0.4215578565545452,0.3938576609757533,0.004996305813986559,0.004996305813986559,0.007126841863789364,0.007126659186108186,0.0036004482049347944,0.0044990981737480775,0.4185824351866922,0.389898063408117
Dest210621-132542,64.0,0.012123081418917943,0.0024463393240302138,0.03819769568866485,0.029881190140320337,0.013352254419822022,0.013352254419822022,0.004749570049830349,0.009120724879920283,0.009120724879920283,0.0036755507962145093,0.010857801143493035,0.010858491031783461,0.004749570049830349,0.004749570049830349,0.004842651147930773,0.005918796246498079,0.3961248448000705,0.3611153014195877,0.014967913540570461,0.014966792861227561,0.0024463393240302138,0.03819769568866485,0.029881190140320337,0.015449020713420834,0.015449020713420834,0.01013123433626437,0.010131566915557624,0.011428519338921115,0.011428519338921115,0.0119914345651708,0.011954523162973069,0.015449020713420834,0.015449020713420834,0.01336189627519763,0.009619206273701305,0.014966792861227561,0.014966792861227561,0.004842651147930773,0.005918796246498079,0.3961248448000705,0.3611153014195877,0.009120724879920283,0.009120724879920283,0.010857801143493035,0.010858491031783461,0.004436377880100028,0.005755846626894025,0.3898991916509859,0.3566714516757104
Dest210621-132717,64.0,0.01569998631141512,0.0028304973149579295,0.03960793658487539,0.034919788276378295,0.007368155666220018,0.007368155666220018,0.004231204430767626,0.005236459603289041,0.005236459603289041,0.003799378830394083,0.00582692815575967,0.005827007279174323,0.004231204430767626,0.004231204430767626,0.003447183861505854,0.0038469626253927946,0.43283682578180493,0.3994058753437344,0.00851501209638282,0.008515613364732628,0.0028304973149579295,0.03960793658487539,0.034919788276378295,0.008602024646580893,0.008602024646580893,0.0057287165348761,0.00572726561377453,0.006108763030189667,0.006108763030189667,0.007212241716175505,0.007212156598527243,0.008602024646580893,0.008602024646580893,0.007506672276661886,0.006626998508359008,0.008515613364732628,0.008515613364732628,0.003447183861505854,0.0038469626253927946,0.43283682578180493,0.3994058753437344,0.005236459603289041,0.005236459603289041,0.00582692815575967,0.005827007279174323,0.0034012233778028447,0.0038542944850280957,0.42867463720232674,0.3986806410887042
Dest210621-133202,64.0,0.011030532466803808,0.0022152927201305583,0.022859153932323392,0.016144584484071117,0.006300333779940359,0.006300333779940359,0.0036876329773085745,0.0049066697411851105,0.0049066697411851105,0.0028019967454362693,0.005848777067638138,0.005849899334440207,0.0036876329773085745,0.0036876329773085745,0.003960091944408413,0.004606187293973222,0.3956880488304168,0.3685295910968598,0.006687319717366666,0.006694881263688273,0.0022152927201305583,0.022859153932323392,0.016144584484071117,0.007075022170314986,0.007075022170314986,0.0052282292295732875,0.005228482786252393,0.005848936500779013,0.005848936500779013,0.00536239713193455,0.00536238190439312,0.007075022170314986,0.007075022170314986,0.00625819133882684,0.006031296331765845,0.006694881263688273,0.006694881263688273,0.003960091944408413,0.004606187293973222,0.3956880488304168,0.3685295910968598,0.0049066697411851105,0.0049066697411851105,0.005848777067638138,0.005849899334440207,0.003974798220310995,0.004814028678938518,0.3951460656220883,0.36827467752806864
Dest210622-142830,60.0,0.011582835996689298,0.001989288549107563,0.05001365823629796,0.04250688751881133,0.009484726414414167,0.009484726414414167,0.003172956974318664,0.006121113044298765,0.006121113044298765,0.002414055384238671,0.008503884869874459,0.00850381511928678,0.003172956974318664,0.003172956974318664,0.0039292690430444204,0.004599988058469841,0.4152724628149574,0.37162473579662725,0.010730111900173554,0.010730601855593378,0.001989288549107563,0.05001365823629796,0.04250688751881133,0.011432406297640337,0.011432406297640337,0.007077573580242279,0.007077755969164342,0.007702667811554289,0.007702667811554289,0.008037590705158514,0.008037633468913185,0.011432406297640337,0.011432406297640337,0.009445799392677779,0.0065802108989768075,0.010730601855593378,0.010730601855593378,0.0039292690430444204,0.004599988058469841,0.4152724628149574,0.37162473579662725,0.006121113044298765,0.006121113044298765,0.008503884869874459,0.00850381511928678,0.003775681966967195,0.004488504917554037,0.41047518241691094,0.3685366812477234
Dest210622-144945,60.0,0.0153147373619168,0.003250631347180904,0.034599880494356444,0.031064254319436404,0.007156134244822772,0.007156134244822772,0.005169721948754105,0.006243227705562117,0.006243227705562117,0.004254882920482751,0.0066441295342785315,0.006643923791927918,0.005169721948754105,0.005169721948754105,0.0041199804707459705,0.004252529674509068,0.39350829042059765,0.37493513995410427,0.007730345546098371,0.007728951750623854,0.003250631347180904,0.034599880494356444,0.031064254319436404,0.008011929789580088,0.008011929789580088,0.0067991478743656426,0.006800936014520113,0.007049045266519772,0.007049045266519772,0.006952642685521651,0.00694615347817748,0.008011929789580088,0.008011929789580088,0.007103076978611071,0.007013378692837361,0.007728951750623854,0.007728951750623854,0.0041199804707459705,0.004252529674509068,0.39350829042059765,0.37493513995410427,0.006243227705562117,0.006243227705562117,0.0066441295342785315,0.006643923791927918,0.004045469461409934,0.004283551467558078,0.38951125223627936,0.3746633958244001
Dest210622-145259,60.0,0.017744608431112453,0.0029773342652007146,0.052542379877893626,0.04214411490290334,0.007263572471782823,0.007263572471782823,0.004265774492660203,0.004273329289690536,0.004273329289690536,0.0034708169648137873,0.0057608661750797,0.005903711626234123,0.004265774492660203,0.004265774492660203,0.002855295643062373,0.0034568420647589763,0.4013650460858425,0.3840815959991557,0.008069486267693247,0.008070178487383619,0.0029773342652007146,0.052542379877893626,0.04214411490290334,0.007959753126890337,0.007959753126890337,0.005176943154600868,0.005181073863334071,0.005568885651369198,0.005568885651369198,0.006348262266466289,0.006348561933314419,0.007959753126890337,0.007959753126890337,0.007323220309170519,0.005358594589970847,0.008070178487383619,0.008070178487383619,0.002855295643062373,0.0034568420647589763,0.4013650460858425,0.3840815959991557,0.004273329289690536,0.004273329289690536,0.0057608661750797,0.005903711626234123,0.0027509049684201325,0.0032181900034714836,0.3936843257262252,0.37793493322095434
Dest210705-142134,64.0,0.016944194744611403,0.002491033054959553,0.02407004538664852,0.017508279468695747,0.007806318690494354,0.007806318690494354,0.00477922726584133,0.005652409035636374,0.005652409035636374,0.0034933158444434126,0.006718630380936602,0.0067186588626973135,0.00477922726584133,0.00477922726584133,0.0032781277854359416,0.0038225955601615745,0.37467384290493777,0.360593424295787,0.008425655309511738,0.008426211177143714,0.002491033054959553,0.02407004538664852,0.017508279468695747,0.008956318143225174,0.008956318143225174,0.006475010066581885,0.0064732111458911685,0.006456259930117402,0.006456259930117402,0.007375283284002362,0.007375658478485207,0.008956318143225174,0.008956318143225174,0.007752005411964466,0.006743864740413165,0.008426211177143714,0.008426211177143714,0.0032781277854359416,0.0038225955601615745,0.37467384290493777,0.360593424295787,0.005652409035636374,0.005652409035636374,0.006718630380936602,0.0067186588626973135,0.003337298901183953,0.003763819866061203,0.3669449439658055,0.3545561693672153
Dest210705-143821,60.0,0.021378068530233062,0.002929358409447914,0.02985353130313093,0.026341703825295305,0.008766554887223414,0.008766554887223414,0.0036835982275788114,0.004779846739960482,0.004779846739960482,0.0031691005612050193,0.006615061445412305,0.006602079453085661,0.0036835982275788114,0.0036835982275788114,0.0024188180606192606,0.0029421737968324054,0.421052397816717,0.37569082059045744,0.009363207367997683,0.009371053936465446,0.002929358409447914,0.02985353130313093,0.026341703825295305,0.009772756521870226,0.009772756521870226,0.005215317390595046,0.005218518491441976,0.005868463262286405,0.005868463262286405,0.007037843309249935,0.007038187161912125,0.009772756521870226,0.009772756521870226,0.008682146640606448,0.006127717213946752,0.009371053936465446,0.009371053936465446,0.0024188180606192606,0.0029421737968324054,0.421052397816717,0.37569082059045744,0.004779846739960482,0.004779846739960482,0.006615061445412305,0.006602079453085661,0.0022903034530434695,0.003046672269098699,0.41675037885626975,0.3714916333642415
Dest210705-144135,60.0,0.015193803324641169,0.0026139103361399996,0.017145817792279874,0.013466878340973315,0.0052354022644005285,0.0052354022644005285,0.002873380671335746,0.004096376002835373,0.004096376002835373,0.00265198498557457,0.004343914333275712,0.004343884242520652,0.002873380671335746,0.002873380671335746,0.0029273348409853206,0.003460587846531168,0.3715812471984882,0.3649577683675054,0.005716486060970399,0.005716590270102587,0.0026139103361399996,0.017145817792279874,0.013466878340973315,0.006154356629823352,0.006154356629823352,0.004383944100297703,0.004383928258111489,0.004497954101095243,0.004497954101095243,0.004358482381750459,0.004358566076247909,0.006154356629823352,0.006154356629823352,0.005054553678811627,0.004403111303896923,0.005716590270102587,0.005716590270102587,0.0029273348409853206,0.003460587846531168,0.3715812471984882,0.3649577683675054,0.004096376002835373,0.004096376002835373,0.004343914333275712,0.004343884242520652,0.0026368405941073333,0.003044670721646835,0.3655062558596078,0.36043712818544615
Dest210707-094057,60.0,0.017142856380268946,0.002199737095449127,0.023031839188395856,0.01801275041082002,0.00840568278963664,0.00840568278963664,0.0033517748049711913,0.006245557857104276,0.006245557857104276,0.0026701020022948394,0.007051432538060701,0.007051132979897797,0.0033517748049711913,0.0033517748049711913,0.003965992560003846,0.004866444443881886,0.40278259470757,0.3827636344539275,0.009369045531029109,0.009415761435030938,0.002199737095449127,0.023031839188395856,0.01801275041082002,0.009518910082478902,0.009518910082478902,0.0071122328442783656,0.007111865133825787,0.007006570772564413,0.007006570772564413,0.007504620765304213,0.007504838692175352,0.009518910082478902,0.009518910082478902,0.007911141845898677,0.006884610611874896,0.009415761435030938,0.009415761435030938,0.003965992560003846,0.004866444443881886,0.40278259470757,0.3827636344539275,0.006245557857104276,0.006245557857104276,0.007051432538060701,0.007051132979897797,0.003950005943562831,0.004775349370537754,0.40303490177420864,0.3821956766754067
Dest210707-094231,60.0,0.016411975392898865,0.0017465639369021897,0.029068694517535656,0.025811778169738873,0.007670155084614533,0.007670155084614533,0.002695224619907992,0.006794767991626723,0.006794767991626723,0.0026958071748749987,0.007618053119486808,0.00761804327464301,0.002695224619907992,0.002695224619907992,0.002978298579625553,0.0034718222402098852,0.3747065812244956,0.3582140374571365,0.008843979742110384,0.008842610923720955,0.0017465639369021897,0.029068694517535656,0.025811778169738873,0.008929961982328698,0.008929961982328698,0.007201739361103984,0.0072013808529096685,0.007924692537898707,0.007924692537898707,0.007075727361700238,0.007075321165670519,0.008929961982328698,0.008929961982328698,0.008021975137458181,0.006250398380904378,0.008842610923720955,0.008842610923720955,0.002978298579625553,0.0034718222402098852,0.3747065812244956,0.3582140374571365,0.006794767991626723,0.006794767991626723,0.007618053119486808,0.00761804327464301,0.0029596742077221097,0.003350256354280635,0.36980411901325155,0.3550370582551621
Dest210707-094542,60.0,0.01635659028122308,0.00252790678210353,0.022475817761396996,0.021086522280554628,0.005107179627896432,0.005107179627896432,0.0028691029948830727,0.0033550469126599988,0.0033550469126599988,0.002469984155479031,0.004113053214948629,0.004113139123176636,0.0028691029948830727,0.0028691029948830727,0.0023101894791689418,0.0032399231993294675,0.35662650920863853,0.37143180173185364,0.005479234839872922,0.00548094545839788,0.00252790678210353,0.022475817761396996,0.021086522280554628,0.005655145173810212,0.005655145173810212,0.003962736475249861,0.003962635296178066,0.0042600404282335394,0.0042600404282335394,0.004287279327490843,0.004287257757471325,0.005655145173810212,0.005655145173810212,0.005130785816819239,0.0047182607021717055,0.00548094545839788,0.00548094545839788,0.0023101894791689418,0.0032399231993294675,0.35662650920863853,0.37143180173185364,0.0033550469126599988,0.0033550469126599988,0.004113053214948629,0.004113139123176636,0.002261384827152849,0.003426408398941146,0.35438381784402756,0.3710698266405412
Dest210726-160506,60.0,0.021941223398030046,0.002446309016222161,0.1590751025639371,0.12133044380148096,0.007503856351367233,0.007503856351367233,0.0035204973103532882,0.005527971733566176,0.005527971733566176,0.0032337718712295424,0.006360494851060292,0.006358104437734542,0.0035204973103532882,0.0035204973103532882,0.0038916236527313432,0.004408820706590931,0.492230392824973,0.45846863048242503,0.008936873973180022,0.008936769802487409,0.002446309016222161,0.1590751025639371,0.12133044380148096,0.00912973693032948,0.00912973693032948,0.005887982684246254,0.0058875995104411515,0.006339899860924437,0.006339899860924437,0.007476483159848296,0.007476417223640214,0.00912973693032948,0.00912973693032948,0.008009886866245486,0.00628989916028889,0.008936769802487409,0.008936769802487409,0.0038916236527313432,0.004408820706590931,0.492230392824973,0.45846863048242503,0.005527971733566176,0.005527971733566176,0.006360494851060292,0.006358104437734542,0.004036713398569574,0.004310087732782126,0.4872886539730461,0.4544074384891958
Dest210726-160643,60.0,0.019726082587479786,0.002528501762270027,0.07477991012318103,0.045616688256231594,0.009537193573088623,0.009537193573088623,0.004965451946788328,0.006854077526863205,0.006854077526863205,0.0038053386559938557,0.008398121514865608,0.008395754582800482,0.004965451946788328,0.004965451946788328,0.005801886136376089,0.006414505725651182,0.46551232599510484,0.41785582366364127,0.01046087762015844,0.0104613642938904,0.002528501762270027,0.07477991012318103,0.045616688256231594,0.01075939640881027,0.01075939640881027,0.00744618198491413,0.007468312062935757,0.008169312869713513,0.008169312869713513,0.009024484867359498,0.009024279338103092,0.01075939640881027,0.01075939640881027,0.009661251724919497,0.008090223699040795,0.0104613642938904,0.0104613642938904,0.005801886136376089,0.006414505725651182,0.46551232599510484,0.41785582366364127,0.006854077526863205,0.006854077526863205,0.008398121514865608,0.008395754582800482,0.00552769655055821,0.005870535478272149,0.45780190376189067,0.4115058841787547
Dest210726-162828,60.0,0.01608693078753132,0.0019372818784826895,0.04613239739082679,0.032905594286192164,0.005383867241411219,0.005383867241411219,0.0028276079685460986,0.0041629214990769785,0.0041629214990769785,0.0025124168414661927,0.005396158511491066,0.005395333312774671,0.0028276079685460986,0.0028276079685460986,0.002318333634067175,0.0028755149400843203,0.421651271160105,0.39856652022255795,0.0062834713773329475,0.006285518835099353,0.0019372818784826895,0.04613239739082679,0.032905594286192164,0.006516215313131928,0.006516215313131928,0.004577785238749507,0.004576993346097358,0.004981341558292935,0.004981341558292935,0.00495548317390219,0.0049552294382403704,0.006516215313131928,0.006516215313131928,0.005298280622539024,0.004119186521628704,0.006285518835099353,0.006285518835099353,0.002318333634067175,0.0028755149400843203,0.421651271160105,0.39856652022255795,0.0041629214990769785,0.0041629214990769785,0.005396158511491066,0.005395333312774671,0.002343628069988078,0.002878191920248449,0.4212627591006213,0.39782671445544737
Dest210727-153944,64.0,0.028690520808844804,0.0028960538692310287,0.03437746881027051,0.02083288029055942,0.009418959475760491,0.009418959475760491,0.00431118303431502,0.006753089039100992,0.006753089039100992,0.003483973202521969,0.007755303275975335,0.007755054417893862,0.00431118303431502,0.00431118303431502,0.00377743304363503,0.004005456474993764,0.38214142800258905,0.34537378790491036,0.010986298665891313,0.011013421666324982,0.0028960538692310287,0.03437746881027051,0.02083288029055942,0.010406657684963587,0.010406657684963587,0.007903165285490808,0.007904561147036143,0.008135078409121333,0.008135078409121333,0.008458698142671056,0.008458359570100332,0.010406657684963587,0.010406657684963587,0.00949899951559047,0.007098432425833399,0.011013421666324982,0.011013421666324982,0.00377743304363503,0.004005456474993764,0.38214142800258905,0.34537378790491036,0.006753089039100992,0.006753089039100992,0.007755303275975335,0.007755054417893862,0.003753356411663335,0.0040389442754068675,0.3781417841459064,0.3447550829457116
Dest210727-154746,64.0,0.027610676463566915,0.0031101667656736665,0.06216824495338294,0.05389248903573204,0.009953961385530155,0.009953961385530155,0.004740923161572469,0.0068701278844489275,0.0068701278844489275,0.003881450843494548,0.007912350194554314,0.00791366570815777,0.004740923161572469,0.004740923161572469,0.004672037856874724,0.005283586116503337,0.42277406244447235,0.38695262156391136,0.010977492056852483,0.01097624780371362,0.0031101667656736665,0.06216824495338294,0.05389248903573204,0.011103740224299176,0.011103740224299176,0.007803244089926236,0.00780105523324571,0.008214174940873146,0.008214174940873146,0.008792844689712326,0.008792075693257408,0.011103740224299176,0.011103740224299176,0.010114872574103507,0.007888266706595282,0.01097624780371362,0.01097624780371362,0.004672037856874724,0.005283586116503337,0.42277406244447235,0.38695262156391136,0.0068701278844489275,0.0068701278844489275,0.007912350194554314,0.00791366570815777,0.004524494971081928,0.0051461971788532125,0.4121810183605559,0.38089939348699847
Dest210727-155901,64.0,0.03871623597332876,0.0035277392950766335,0.04668693243254822,0.03971924098977019,0.00812735644149486,0.00812735644149486,0.0050115147440812444,0.006809267246520374,0.006809267246520374,0.004734693585825541,0.0073572021264804825,0.007357737126923107,0.0050115147440812444,0.0050115147440812444,0.0032412514622942967,0.004081522105849113,0.4009828814691496,0.37957254424240294,0.009066948246755913,0.00906893992530448,0.0035277392950766335,0.04668693243254822,0.03971924098977019,0.009311873659165871,0.009311873659165871,0.00674466691227499,0.00674481774922024,0.007761066556530603,0.007761066556530603,0.00730905820805563,0.007308909743711189,0.009311873659165871,0.009311873659165871,0.00803627725777653,0.0075647257903813745,0.00906893992530448,0.00906893992530448,0.0032412514622942967,0.004081522105849113,0.4009828814691496,0.37957254424240294,0.006809267246520374,0.006809267246520374,0.0073572021264804825,0.007357737126923107,0.0030651128527914564,0.00402998426056792,0.38624863046470387,0.3679268389001448
Dest210803-154133,60.0,0.03566918288546469,0.006074227342962236,0.11586847755132079,0.09678098866252924,0.031595721351961134,0.031595721351961134,0.011877571086472371,0.022821346717310988,0.022821346717310988,0.009740815103911928,0.02637622175572669,0.02636652343519021,0.011877571086472371,0.011877571086472371,0.00806021168050271,0.012589745102968281,0.4228816969065978,0.39568168856251856,0.032064989942221574,0.03207496685486393,0.006074227342962236,0.11586847755132079,0.09678098866252924,0.03353201522310876,0.03353201522310876,0.025106509302470572,0.025106318451518513,0.026184154025424674,0.026184154025424674,0.026836429465321696,0.02683537103926461,0.03353201522310876,0.03353201522310876,0.030189265245385555,0.022086067738558656,0.03207496685486393,0.03207496685486393,0.00806021168050271,0.012589745102968281,0.4228816969065978,0.39568168856251856,0.022821346717310988,0.022821346717310988,0.02637622175572669,0.02636652343519021,0.0074115155309139175,0.011695537394648578,0.4193386687697112,0.39272414933986105
Dest210803-160041,60.0,0.05808227075014081,0.004312088600850415,0.12893811334960584,0.1021617610515979,0.024465029767384006,0.024465029767384006,0.012252269783128121,0.018857831516890935,0.018857831516890935,0.009054805260956781,0.02248325204001437,0.022482330816919062,0.012252269783128121,0.012252269783128121,0.007637262714863317,0.011011490310537355,0.40567280341653095,0.3859490243929908,0.026660257460320174,0.02665244188775031,0.004312088600850415,0.12893811334960584,0.1021617610515979,0.02795058885140948,0.02795058885140948,0.019789770502885565,0.019787889101493414,0.02129482439891955,0.02129482439891955,0.023226755817152844,0.023226744237376522,0.02795058885140948,0.02795058885140948,0.024588097827236463,0.020549613154005164,0.02665244188775031,0.02665244188775031,0.007637262714863317,0.011011490310537355,0.40567280341653095,0.3859490243929908,0.018857831516890935,0.018857831516890935,0.02248325204001437,0.022482330816919062,0.007496839860262907,0.010558450317630868,0.4012979275159416,0.3834779784431611
Dest210803-160702,9.0,0.009641362494965687,0.0001497998750707277,0.007673644975680112,0.0001609110286907837,0.0006427538011504731,0.0006427538011504731,0.0005955815219875952,0.0005457585797323325,0.0005457585797323325,0.0002592564693413053,0.0005616822535042182,0.0005615940920647975,0.0005955815219875952,0.0005955815219875952,0.00012190256859508848,0.00016687893613166304,0.19403343869785544,0.029403318781059992,0.0036061957315049863,0.003599249018651272,0.0001497998750707277,0.007673644975680112,0.0001609110286907837,0.0038757734610376893,0.0038757734610376893,0.0005198570316748003,0.0005197935963845664,0.0005241581100760591,0.0005241581100760591,0.0028483532029157893,0.0028481027440178195,0.0038757734610376893,0.0038757734610376893,0.0007024207904993315,0.0005646287548565365,0.003599249018651272,0.003599249018651272,0.00012190256859508848,0.00016687893613166304,0.19403343869785544,0.029403318781059992,0.0005457585797323325,0.0005457585797323325,0.0005616822535042182,0.0005615940920647975,0.0001269500474749925,0.00017071007400635624,0.09946323823177393,0.001693793448333957
Dest210809-134710,60.0,0.03832431978313044,0.0034848583557144782,0.06746207000119613,0.05809779213765518,0.018306456198527065,0.018306456198527065,0.006920047878759985,0.013114687396002845,0.013114687396002845,0.004859840177116805,0.01688676076377344,0.016893671689786553,0.006920047878759985,0.006920047878759985,0.006613126993946291,0.007070985278010278,0.40629275250775493,0.37858930082264225,0.01982025609576423,0.01980292414038087,0.0034848583557144782,0.06746207000119613,0.05809779213765518,0.020108025124835185,0.020108025124835185,0.014671702899547447,0.014673169134776213,0.016080682267180676,0.016080682267180676,0.01712095557405872,0.01712058921225828,0.020108025124835185,0.020108025124835185,0.018650200679304427,0.013752525431719271,0.01980292414038087,0.01980292414038087,0.006613126993946291,0.007070985278010278,0.40629275250775493,0.37858930082264225,0.013114687396002845,0.013114687396002845,0.01688676076377344,0.016893671689786553,0.0067746267776683,0.006724543747009292,0.4021921345466613,0.37535711940661215
Dest210809-135505,60.0,0.050176403430459225,0.0035710493010365357,0.051332324569147915,0.04896140649305234,0.009943257907088181,0.009943257907088181,0.004346768612519156,0.0074741937746716,0.0074741937746716,0.003719293099180738,0.008961451835807797,0.008962596095705709,0.004346768612519156,0.004346768612519156,0.005066450569675141,0.005390768041398848,0.4275974428324531,0.3817527997339806,0.011852626692628414,0.011855572503565536,0.0035710493010365357,0.051332324569147915,0.04896140649305234,0.01232227808155955,0.01232227808155955,0.00791043153478851,0.007898206487565276,0.009259417979098551,0.009259417979098551,0.009557151151899729,0.009557084901963374,0.01232227808155955,0.01232227808155955,0.01047157827828596,0.00814721634752031,0.011855572503565536,0.011855572503565536,0.005066450569675141,0.005390768041398848,0.4275974428324531,0.3817527997339806,0.0074741937746716,0.0074741937746716,0.008961451835807797,0.008962596095705709,0.004831886478697819,0.00524090561417396,0.4237103301505888,0.3795280645141666
Dest210809-141809,60.0,0.05553633394183711,0.003884113103493931,0.07058845283822733,0.061183568575404225,0.01068638776422585,0.01068638776422585,0.0054139542851380455,0.007997439208187537,0.007997439208187537,0.004394565341320802,0.009483485642562173,0.009482732826931867,0.0054139542851380455,0.0054139542851380455,0.006434933339981222,0.0064782279172387845,0.4688520656087706,0.4380931660220448,0.011111445628985627,0.011111806461492096,0.003884113103493931,0.07058845283822733,0.061183568575404225,0.011552312158799805,0.011552312158799805,0.008469467703370561,0.008416813449674739,0.008866055624360627,0.008866055624360627,0.00923173530749235,0.009232816505881225,0.011552312158799805,0.011552312158799805,0.010699515536089868,0.009106223800947694,0.011111806461492096,0.011111806461492096,0.006434933339981222,0.0064782279172387845,0.4688520656087706,0.4380931660220448,0.007997439208187537,0.007997439208187537,0.009483485642562173,0.009482732826931867,0.006189375125850336,0.0060825475469481,0.46259520150663214,0.43374732200093935
Dest210810-173859,60.0,0.04137734438059324,0.0031771023971671865,0.12220414898324954,0.07907300032967929,0.010224062332707451,0.010224062332707451,0.006078633593899263,0.00763223434116435,0.00763223434116435,0.004768505425119093,0.008594252929460764,0.008594007662676487,0.006078633593899263,0.006078633593899263,0.005271993907997746,0.005621677584511744,0.46813728367485713,0.41981411111159456,0.011105935575515887,0.011105415013092958,0.0031771023971671865,0.12220414898324954,0.07907300032967929,0.01104376827191665,0.01104376827191665,0.008588527498999824,0.008588461609279903,0.008645605072141935,0.008645605072141935,0.009485155985424005,0.00948485721078061,0.01104376827191665,0.01104376827191665,0.010920860230626928,0.00924971930329012,0.011105415013092958,0.011105415013092958,0.005271993907997746,0.005621677584511744,0.46813728367485713,0.41981411111159456,0.00763223434116435,0.00763223434116435,0.008594252929460764,0.008594007662676487,0.0052094572031748075,0.005494014149052036,0.463365408085062,0.41370191325893985
Dest210810-175828,60.0,0.0907960586230724,0.004084933072001641,0.10353427573067951,0.07393351300381328,0.008260150226266774,0.008260150226266774,0.006351717648092433,0.006857247294674773,0.006857247294674773,0.005239458400281816,0.007647591520447306,0.007647128902516535,0.006351717648092433,0.006351717648092433,0.005078610708262829,0.005339092539245831,0.47936581839877695,0.4380821576612626,0.008521664006458592,0.008521842921496898,0.004084933072001641,0.10353427573067951,0.07393351300381328,0.00865800678498232,0.00865800678498232,0.007291507956447896,0.0072924444484684875,0.0074752155534480455,0.0074752155534480455,0.0076636226008324594,0.007663703192725228,0.00865800678498232,0.00865800678498232,0.008691193066909828,0.00698970519754242,0.008521842921496898,0.008521842921496898,0.005078610708262829,0.005339092539245831,0.47936581839877695,0.4380821576612626,0.006857247294674773,0.006857247294674773,0.007647591520447306,0.007647128902516535,0.004967524537927553,0.005192352116291503,0.4739157199600981,0.4337482600245361
Dest210810-180004,60.0,0.08170616928259632,0.003941940905588009,0.10668461316100797,0.07883970555321193,0.007199572180586535,0.007199572180586535,0.005632590865891764,0.005480733721641092,0.005480733721641092,0.004835997628630505,0.006099211134405201,0.006099111982654367,0.005632590865891764,0.005632590865891764,0.004173933774963337,0.004512050636718041,0.46107578931263676,0.4346424413237745,0.007324668836094731,0.007324721953464134,0.003941940905588009,0.10668461316100797,0.07883970555321193,0.007315843181939225,0.007315843181939225,0.0058591987639714255,0.005858399921224839,0.006140509039642762,0.006140509039642762,0.006997143033359617,0.00699179623624524,0.007315843181939225,0.007315843181939225,0.0073187683807443855,0.006122457357613978,0.007324721953464134,0.007324721953464134,0.004173933774963337,0.004512050636718041,0.46107578931263676,0.4346424413237745,0.005480733721641092,0.005480733721641092,0.006099211134405201,0.006099111982654367,0.003957325049115402,0.004504571063555305,0.45887354746964104,0.43106093078267477
Dest210823-172940,64.0,0.017881980720018207,0.0027381383845222164,0.04445224561698072,0.0340051507237166,0.014000257631245095,0.014000257631245095,0.0034374462097583047,0.008942508463430374,0.008942508463430374,0.0027048845877205266,0.010349158267050615,0.01034939648117339,0.0034374462097583047,0.0034374462097583047,0.005440431822128444,0.00683353841706716,0.41475251536421126,0.37240443490738845,0.015133164118804844,0.015133222716329456,0.0027381383845222164,0.04445224561698072,0.0340051507237166,0.01624180490149257,0.01624180490149257,0.010168633608970594,0.010168460631342174,0.011406171596570928,0.011406171596570928,0.011514727776066677,0.011514778696027484,0.01624180490149257,0.01624180490149257,0.013456828352163419,0.01189577377379687,0.015133222716329456,0.015133222716329456,0.005440431822128444,0.00683353841706716,0.41475251536421126,0.37240443490738845,0.008942508463430374,0.008942508463430374,0.010349158267050615,0.01034939648117339,0.005211116286451648,0.00639132441783089,0.40988908284891784,0.3702349600335272
Dest210823-173441,64.0,0.0141958922699259,0.002363495372179747,0.02307839223285135,0.01927215904665773,0.007554757918668197,0.007554757918668197,0.00385363406048286,0.006505676236532832,0.006505676236532832,0.0030080789555947383,0.0072603295714857964,0.007259640911302513,0.00385363406048286,0.00385363406048286,0.0038152411732901834,0.004533482562428693,0.3818216707979146,0.3479684823589804,0.008106737676986357,0.00810908711734781,0.002363495372179747,0.02307839223285135,0.01927215904665773,0.00856423815817904,0.00856423815817904,0.006511533922939886,0.006512037356101807,0.007007734441627776,0.007007734441627776,0.0069146751812634785,0.006914835560185375,0.00856423815817904,0.00856423815817904,0.007757598256581996,0.006646809834035508,0.00810908711734781,0.00810908711734781,0.0038152411732901834,0.004533482562428693,0.3818216707979146,0.3479684823589804,0.006505676236532832,0.006505676236532832,0.0072603295714857964,0.007259640911302513,0.0039035671361329753,0.004545339706929725,0.3826807984821985,0.34814818160341277
Dest210823-173752,64.0,0.016663047026731905,0.0023660575236428226,0.04100060005440497,0.03401081433454474,0.006286962306497082,0.006286962306497082,0.004103864838107979,0.005163909478744181,0.005163909478744181,0.003217595257492687,0.005689230716562701,0.005689377886984818,0.004103864838107979,0.004103864838107979,0.003994373122043568,0.004520389218453045,0.4202718255572821,0.38253082975598374,0.006547921949904761,0.006548184435610793,0.0023660575236428226,0.04100060005440497,0.03401081433454474,0.006685052937946635,0.006685052937946635,0.005558856421025095,0.0055594945154738284,0.005826528618300759,0.005826528618300759,0.005920342643053868,0.005920386638410481,0.006685052937946635,0.006685052937946635,0.006439631106006137,0.005775244824966758,0.006548184435610793,0.006548184435610793,0.003994373122043568,0.004520389218453045,0.4202718255572821,0.38253082975598374,0.005163909478744181,0.005163909478744181,0.005689230716562701,0.005689377886984818,0.0039399762610910815,0.004555957453243881,0.42267756310532073,0.3826555411124644
Dest210823-180039,64.0,0.03161753084524701,0.004916776776465705,0.11327419448960939,0.1007256557013663,0.02032172224041448,0.02032172224041448,0.011734241059566402,0.014328544786992569,0.014328544786992569,0.008461326520516507,0.0176219259801912,0.01762061443444226,0.011734241059566402,0.011734241059566402,0.005745977398203094,0.00715674365242008,0.4292533066079542,0.38188752395802794,0.02276279810266367,0.022757722858445087,0.004916776776465705,0.11327419448960939,0.1007256557013663,0.025832748810945244,0.025832748810945244,0.014535559624635298,0.01453257687184599,0.016032489405540685,0.016032489405540685,0.019171174523444526,0.019162415539670737,0.025832748810945244,0.025832748810945244,0.02120284885222031,0.013573004594207,0.022757722858445087,0.022757722858445087,0.005745977398203094,0.00715674365242008,0.4292533066079542,0.38188752395802794,0.014328544786992569,0.014328544786992569,0.0176219259801912,0.01762061443444226,0.005475663692441282,0.006951607828416999,0.42648269444572995,0.3810425936973054
Dest210823-181018,60.0,0.018971037994271592,0.003483881006129916,0.07011836557451949,0.05360096898169866,0.02083256683894137,0.02083256683894137,0.009467510940272107,0.014257886229963435,0.014257886229963435,0.007083648522904238,0.02010575386246638,0.02011832060304815,0.009467510940272107,0.009467510940272107,0.007134076722943158,0.007078390635036509,0.39721905740257163,0.3875855896188008,0.022583506263226524,0.022582095684290183,0.003483881006129916,0.07011836557451949,0.05360096898169866,0.023000346385930584,0.023000346385930584,0.01686082421860946,0.016864066614967674,0.016621057233276764,0.016621057233276764,0.02107683288779285,0.021069248161016303,0.023000346385930584,0.023000346385930584,0.019935264723680887,0.015189519480996404,0.022582095684290183,0.022582095684290183,0.007134076722943158,0.007078390635036509,0.39721905740257163,0.3875855896188008,0.014257886229963435,0.014257886229963435,0.02010575386246638,0.02011832060304815,0.007131956574186454,0.0071021409957811536,0.39759317692067875,0.38781386780636684
Dest210823-181501,60.0,0.03681968206646126,0.003975115100535237,0.10763982730070719,0.10712121446935771,0.024163308966319606,0.024163308966319606,0.012481514536708366,0.01719007980209224,0.01719007980209224,0.00939767525280913,0.021433541247638403,0.021434524382642296,0.012481514536708366,0.012481514536708366,0.005486970313291288,0.007565997684834961,0.39604971629154406,0.36998951889637915,0.025922934374429354,0.02592621512334982,0.003975115100535237,0.10763982730070719,0.10712121446935771,0.02651574784169003,0.02651574784169003,0.02074338883522886,0.0207386189879105,0.021143039262670235,0.021143039262670235,0.02139064600056246,0.021388975572360868,0.02651574784169003,0.02651574784169003,0.023760523431293916,0.015862750386304473,0.02592621512334982,0.02592621512334982,0.005486970313291288,0.007565997684834961,0.39604971629154406,0.36998951889637915,0.01719007980209224,0.01719007980209224,0.021433541247638403,0.021434524382642296,0.005415639590389309,0.0071344772305522225,0.3944137059939025,0.3676300816763958
EC000002,64.0,0.062419486643739024,0.002540427048490708,0.0210124130035839,0.010483536457418789,0.00697654525304137,0.00697654525304137,0.00399185122388177,0.005493662953009314,0.005493662953009314,0.003479339037252544,0.006428288800986419,0.006439131265853599,0.00399185122388177,0.00399185122388177,0.002358493443933888,0.0028977409652980613,0.32544543576912904,0.3017952784524346,0.007846612595209964,0.007843298071049127,0.002540427048490708,0.0210124130035839,0.010483536457418789,0.008187154617453264,0.008187154617453264,0.0062022325882702825,0.006200889112807203,0.006826605524405224,0.006826605524405224,0.00725173432896179,0.007249943223876782,0.008187154617453264,0.008187154617453264,0.00717471525159819,0.005937707131535533,0.007843298071049127,0.007843298071049127,0.002358493443933888,0.0028977409652980613,0.32544543576912904,0.3017952784524346,0.005493662953009314,0.005493662953009314,0.006428288800986419,0.006439131265853599,0.002441623972340652,0.0030228804311398278,0.32154233776233904,0.2991492787621907
EC000006,64.0,0.048662999392170156,0.002590971348656774,0.026487665660957855,0.013331650370225689,0.010861942638799669,0.010861942638799669,0.0034776484646545022,0.009438651377224539,0.009438651377224539,0.0032500230592034784,0.009977831084102915,0.009979046036280583,0.0034776484646545022,0.0034776484646545022,0.004228823915573355,0.00436079912861581,0.3339474405495858,0.3066089502890547,0.01147083823036534,0.011431082044850622,0.002590971348656774,0.026487665660957855,0.013331650370225689,0.01185478296185633,0.01185478296185633,0.010683108045338821,0.010685158850712919,0.010953353473482213,0.010953353473482213,0.010376757525178592,0.010379521195454973,0.01185478296185633,0.01185478296185633,0.01103616058789919,0.009352365866211616,0.011431082044850622,0.011431082044850622,0.004228823915573355,0.00436079912861581,0.3339474405495858,0.3066089502890547,0.009438651377224539,0.009438651377224539,0.009977831084102915,0.009979046036280583,0.004031093289910897,0.004010080522214389,0.33142069351198156,0.3031921740350394
EC000007,64.0,0.05293163842746011,0.002185382285062936,0.013681620881538337,0.0073235039295072545,0.010309524954297872,0.010309524954297872,0.0038029774175179706,0.006912071449449216,0.006912071449449216,0.0035579225471984357,0.008786103061428375,0.008785305192536987,0.0038029774175179706,0.0038029774175179706,0.0038502745278235803,0.0038587052715244566,0.36375300093690693,0.329908109205542,0.011162054296854617,0.011203727464320365,0.002185382285062936,0.013681620881538337,0.0073235039295072545,0.010617364170249962,0.010617364170249962,0.00813193062875869,0.008127650529035102,0.008050553617852283,0.008050553617852283,0.009730012095514353,0.009729648856291262,0.010617364170249962,0.010617364170249962,0.009908724195709491,0.008027597281862277,0.011203727464320365,0.011203727464320365,0.0038502745278235803,0.0038587052715244566,0.36375300093690693,0.329908109205542,0.006912071449449216,0.006912071449449216,0.008786103061428375,0.008785305192536987,0.003791156067928252,0.0036560123798409895,0.36144825159463684,0.3292559732634791
EC000016,64.0,0.04214438965417394,0.0020978149085637246,0.024711851051009533,0.014334987326817076,0.006963203625505481,0.006963203625505481,0.003515595643943065,0.004970780247251866,0.004970780247251866,0.003178314532275695,0.0058612297559829316,0.005860964069405385,0.003515595643943065,0.003515595643943065,0.0027644995137943943,0.002846116095749291,0.2919731035048244,0.2896032554953714,0.007380177876714953,0.007381512967219586,0.0020978149085637246,0.024711851051009533,0.014334987326817076,0.007496979712856379,0.007496979712856379,0.006087213480111809,0.006098946469387189,0.006053008355226341,0.006053008355226341,0.006660863245213501,0.006678741415884941,0.007496979712856379,0.007496979712856379,0.006817038003955827,0.006428430398333197,0.007381512967219586,0.007381512967219586,0.0027644995137943943,0.002846116095749291,0.2919731035048244,0.2896032554953714,0.004970780247251866,0.004970780247251866,0.0058612297559829316,0.005860964069405385,0.0029212588968558985,0.002791757806241084,0.28979267115779717,0.28834837848131156
EC000017,64.0,0.04562036447832093,0.0023485646324870775,0.017116555578998546,0.010167675718572175,0.007385786092784483,0.007385786092784483,0.003655456183567877,0.006607504245206103,0.006607504245206103,0.0031523506002313966,0.006993516458138968,0.006993483477489448,0.003655456183567877,0.003655456183567877,0.004460824061340664,0.005103394656976005,0.3234192737115451,0.332531320261702,0.007424569712668431,0.007424926620714569,0.0023485646324870775,0.017116555578998546,0.010167675718572175,0.007842724017480684,0.007842724017480684,0.006894936448636166,0.006894705652793737,0.007307666642864423,0.007307666642864423,0.007198591092385097,0.0071986533624939794,0.007842724017480684,0.007842724017480684,0.006954896369680668,0.006801180358631955,0.007424926620714569,0.007424926620714569,0.004460824061340664,0.005103394656976005,0.3234192737115451,0.332531320261702,0.006607504245206103,0.006607504245206103,0.006993516458138968,0.006993483477489448,0.004879553560699051,0.00520108686937792,0.3267131134133733,0.3337615719622779
EC000018,64.0,0.03998037811043266,0.0023946012624553423,0.014077946494244294,0.009094865967593855,0.005573164350609765,0.005573164350609765,0.004044763639232917,0.004865430249253278,0.004865430249253278,0.0036809588456210413,0.0052836381102643465,0.00528326335118454,0.004044763639232917,0.004044763639232917,0.003330897625722212,0.0034779003282711294,0.3008384323500657,0.2957268908737223,0.005924410960398374,0.005929692099864757,0.0023946012624553423,0.014077946494244294,0.009094865967593855,0.006179141771532914,0.006179141771532914,0.005308748230236046,0.0053095964887050475,0.005642919515357133,0.005642919515357133,0.005301131909374981,0.005300740087689753,0.006179141771532914,0.006179141771532914,0.005855127821754255,0.005781135442498232,0.005929692099864757,0.005929692099864757,0.003330897625722212,0.0034779003282711294,0.3008384323500657,0.2957268908737223,0.004865430249253278,0.004865430249253278,0.0052836381102643465,0.00528326335118454,0.003319694949655735,0.003432500435103355,0.29411651477996115,0.29043067088951413
EC000020,64.0,0.5191862195958956,0.0025096942027025768,0.031721268164313726,0.0169531255630023,0.01079564532832002,0.01079564532832002,0.00461740797977628,0.009574594606757057,0.009574594606757057,0.003980683778766814,0.010113938355021432,0.010117104102686972,0.00461740797977628,0.00461740797977628,0.005416681586197308,0.0055158995897726625,0.35484648283959513,0.3317855175801892,0.011532034870016458,0.011551261789129805,0.0025096942027025768,0.031721268164313726,0.0169531255630023,0.011772958918420241,0.011772958918420241,0.010122678897240374,0.01012751386774,0.01080086868751644,0.01080086868751644,0.010817638117457753,0.010816790613046691,0.011772958918420241,0.011772958918420241,0.011125897231041132,0.009224467654181483,0.011551261789129805,0.011551261789129805,0.005416681586197308,0.0055158995897726625,0.35484648283959513,0.3317855175801892,0.009574594606757057,0.009574594606757057,0.010113938355021432,0.010117104102686972,0.005360877810197336,0.005593987652532665,0.3495807293362867,0.3306097944256268
EC000022,62.0,0.04284207898048977,0.0024142987255561764,0.030717526669996133,0.01989867386318751,0.007447822722752188,0.007447822722752188,0.003208088545703833,0.00629484392238345,0.00629484392238345,0.0029623841372650823,0.007409751159987969,0.007409883896357509,0.003208088545703833,0.003208088545703833,0.004581461160491058,0.004288900032593968,0.3803974375421343,0.3456789560562241,0.007999604547863923,0.008000397843503405,0.0024142987255561764,0.030717526669996133,0.01989867386318751,0.008230561514699896,0.008230561514699896,0.006526868239327654,0.0065058586581563035,0.007036403312142485,0.007036403312142485,0.00773773411042285,0.007737237693910082,0.008230561514699896,0.008230561514699896,0.007428448833415754,0.006403196850275835,0.008000397843503405,0.008000397843503405,0.004581461160491058,0.004288900032593968,0.3803974375421343,0.3456789560562241,0.00629484392238345,0.00629484392238345,0.007409751159987969,0.007409883896357509,0.004589608946768054,0.004340088647976229,0.3787801680718645,0.34392001638447073
EC000025,64.0,0.043067209232411474,0.0019082707854947783,0.02475424993006818,0.012300075861543348,0.011112817927882223,0.011112817927882223,0.0036424838160406072,0.008775671208655614,0.008775671208655614,0.002685460344776793,0.01031595827202503,0.010318265279204953,0.0036424838160406072,0.0036424838160406072,0.0046469716884311296,0.004924189183625986,0.3827783076379486,0.32893812835052155,0.011557105898901382,0.01158205354008189,0.0019082707854947783,0.02475424993006818,0.012300075861543348,0.01180973890084985,0.01180973890084985,0.009110586568289314,0.009113469557502515,0.009718363729924512,0.009718363729924512,0.010135540179213469,0.010135471042354792,0.01180973890084985,0.01180973890084985,0.010829533510209358,0.009030728772952303,0.01158205354008189,0.01158205354008189,0.0046469716884311296,0.004924189183625986,0.3827783076379486,0.32893812835052155,0.008775671208655614,0.008775671208655614,0.01031595827202503,0.010318265279204953,0.0046686165938501795,0.004777661622448737,0.3773832373469901,0.32732762458571485
EC000031,64.0,0.06299991165977539,0.0022709976802883797,0.02534038118652644,0.021534359456119135,0.012462890222065134,0.012462890222065134,0.004177038088759275,0.008173219925615946,0.008173219925615946,0.0032292700644642944,0.01008511114311626,0.010070569074301143,0.004177038088759275,0.004177038088759275,0.0035932302861614164,0.004209959834760397,0.31997488602444707,0.3026548629678062,0.013063761559130221,0.013062965346161281,0.0022709976802883797,0.02534038118652644,0.021534359456119135,0.013921068623149215,0.013921068623149215,0.009479042388337902,0.009381249246576651,0.010573225098126268,0.010573225098126268,0.011503690866675345,0.011495973023409479,0.013921068623149215,0.013921068623149215,0.012210590759470119,0.008568976070120991,0.013062965346161281,0.013062965346161281,0.0035932302861614164,0.004209959834760397,0.31997488602444707,0.3026548629678062,0.008173219925615946,0.008173219925615946,0.01008511114311626,0.010070569074301143,0.0035557753522932702,0.004264132158908179,0.31649070045396904,0.2988145032202231
EC000037,64.0,0.03772645759552974,0.002323833180940884,0.021178457501202133,0.011444548993012747,0.006413957339075869,0.006413957339075869,0.003146822240119247,0.0059593919983223715,0.0059593919983223715,0.0028935931600814185,0.006379203613902264,0.006387428586912619,0.003146822240119247,0.003146822240119247,0.0032444206568290478,0.003705563147315057,0.36401257548769983,0.35260294410423043,0.0072667278829912805,0.007263937098066248,0.002323833180940884,0.021178457501202133,0.011444548993012747,0.007673681517619781,0.007673681517619781,0.006188746702703459,0.006185054294949148,0.006813488471530724,0.006813488471530724,0.006262931493833846,0.006263331570300899,0.007673681517619781,0.007673681517619781,0.0066999576486640065,0.006663181577488921,0.007263937098066248,0.007263937098066248,0.0032444206568290478,0.003705563147315057,0.36401257548769983,0.35260294410423043,0.0059593919983223715,0.0059593919983223715,0.006379203613902264,0.006387428586912619,0.003163455163586944,0.003541998277904028,0.3564012121161072,0.34784912860239336
EC000042,64.0,0.054498368266086575,0.003684626098197256,0.03485629983099674,0.020692799623160688,0.010745232576058543,0.010745232576058543,0.005714771069016695,0.009362062269420582,0.009362062269420582,0.005287918714278638,0.01010067225816767,0.010103205517291824,0.005714771069016695,0.005714771069016695,0.005660409577324123,0.005995392304731799,0.3543709071636824,0.322300292388816,0.011872726848997085,0.011857430041411503,0.003684626098197256,0.03485629983099674,0.020692799623160688,0.012188400123451477,0.012188400123451477,0.009869102566725012,0.009869030067086974,0.009957952123030567,0.009957952123030567,0.010432219725216595,0.010432459618048142,0.012188400123451477,0.012188400123451477,0.011368534317127062,0.009355153011047074,0.011857430041411503,0.011857430041411503,0.005660409577324123,0.005995392304731799,0.3543709071636824,0.322300292388816,0.009362062269420582,0.009362062269420582,0.01010067225816767,0.010103205517291824,0.006108966507015729,0.006034565840902155,0.3517456114722121,0.3205040745593632
EC000045,30.0,0.0231511514201188,0.0008313834797707131,0.018076019982570978,0.0057586097846108585,0.006724945890746147,0.006724945890746147,0.0015847709990825848,0.004769145771147282,0.004769145771147282,0.0010660935722226024,0.007327481012453682,0.007327751836036905,0.0015847709990825848,0.0015847709990825848,0.0022288930011902944,0.0018508930260969843,0.30863228269122567,0.24928367163794268,0.009944148441799604,0.00994449174216953,0.0008313834797707131,0.018076019982570978,0.0057586097846108585,0.010171991235814594,0.010171991235814594,0.006648675609274705,0.006648975883149403,0.007890519994278476,0.007890519994278476,0.007992201068594945,0.007992388154347043,0.010171991235814594,0.010171991235814594,0.007733725294781783,0.007442147128244909,0.00994449174216953,0.00994449174216953,0.0022288930011902944,0.0018508930260969843,0.30863228269122567,0.24928367163794268,0.004769145771147282,0.004769145771147282,0.007327481012453682,0.007327751836036905,0.002398483061612923,0.002442004724969369,0.29067622686228617,0.20196137366646044
EC000053,64.0,0.03593413391018963,0.0019379230910578475,0.019775313336824852,0.013131383543634755,0.00842881046577972,0.00842881046577972,0.0033468893750969795,0.008029009634890075,0.008029009634890075,0.0033545573999330526,0.007918881090772318,0.007919232865205085,0.0033468893750969795,0.0033468893750969795,0.003119726602721531,0.003288826304760493,0.29849343604747725,0.29706257111941003,0.008953161110241165,0.008952955700010184,0.0019379230910578475,0.019775313336824852,0.013131383543634755,0.009247739034901316,0.009247739034901316,0.008861130565849045,0.008860506793550306,0.008867847291864623,0.008867847291864623,0.007922831271512701,0.007921350753366743,0.009247739034901316,0.009247739034901316,0.008798231276234384,0.007500594372265064,0.008952955700010184,0.008952955700010184,0.003119726602721531,0.003288826304760493,0.29849343604747725,0.29706257111941003,0.008029009634890075,0.008029009634890075,0.007918881090772318,0.007919232865205085,0.0030545692023685456,0.0033800487658017216,0.29275633840338916,0.29162918379407515
EC000054,64.0,0.040149595867865435,0.0020804678759126834,0.03956699206233643,0.023688173637255203,0.008581397404578731,0.008581397404578731,0.0032428884110103718,0.007040835263740213,0.007040835263740213,0.0028070907340286473,0.007978970066242987,0.00797715850378916,0.0032428884110103718,0.0032428884110103718,0.004772774064486854,0.005213143154758506,0.3582628131583489,0.33231851626475506,0.009906888929786098,0.009901992693228707,0.0020804678759126834,0.03956699206233643,0.023688173637255203,0.009878620444337977,0.009878620444337977,0.0077538395066722035,0.00775002583163918,0.00801965478307975,0.00801965478307975,0.008507932939638798,0.008508555725811438,0.009878620444337977,0.009878620444337977,0.009442943116045502,0.007957402093330406,0.009901992693228707,0.009901992693228707,0.004772774064486854,0.005213143154758506,0.3582628131583489,0.33231851626475506,0.007040835263740213,0.007040835263740213,0.007978970066242987,0.00797715850378916,0.004943637021221448,0.005151222588808145,0.3592985916252578,0.3293083386582978
EC000055,64.0,0.04098072353264237,0.0025635255452665455,0.03703712464602473,0.02275927212036425,0.01393765535232744,0.01393765535232744,0.004979804877150017,0.01127152090054813,0.01127152090054813,0.004109641977201508,0.012482392806599041,0.01248479418792355,0.004979804877150017,0.004979804877150017,0.005721330969260513,0.006533837140356878,0.32813500739136087,0.3057150028487813,0.014817268785054342,0.014823199407511459,0.0025635255452665455,0.03703712464602473,0.02275927212036425,0.014765373895623747,0.014765373895623747,0.012369630935258008,0.012359920064366127,0.01250771611621151,0.01250771611621151,0.013536695489376301,0.013542208106680435,0.014765373895623747,0.014765373895623747,0.014189318907627538,0.011331549500456502,0.014823199407511459,0.014823199407511459,0.005721330969260513,0.006533837140356878,0.32813500739136087,0.3057150028487813,0.01127152090054813,0.01127152090054813,0.012482392806599041,0.01248479418792355,0.005658063835990651,0.006391459755994229,0.32586592461190217,0.30375241850518486
EC000056,64.0,0.02877471513419613,0.0025820970529470077,0.035437692070659006,0.022785447828316156,0.01151191603918624,0.01151191603918624,0.0047895991669537055,0.009447066712365044,0.009447066712365044,0.003938415514473504,0.010158494928013689,0.0102804048945017,0.0047895991669537055,0.0047895991669537055,0.006721534800406609,0.006548333878771885,0.3594144315363824,0.3331393994662345,0.01306260644572347,0.013063677209499377,0.0025820970529470077,0.035437692070659006,0.022785447828316156,0.013396745212476057,0.013396745212476057,0.010967710192571626,0.010968163063334799,0.01098871497231207,0.01098871497231207,0.011482376645843062,0.011482041160139709,0.013396745212476057,0.013396745212476057,0.012492645671954372,0.009572543767635888,0.013063677209499377,0.013063677209499377,0.006721534800406609,0.006548333878771885,0.3594144315363824,0.3331393994662345,0.009447066712365044,0.009447066712365044,0.010158494928013689,0.0102804048945017,0.00670916131730392,0.006351978404887248,0.3548051709459814,0.3272371298887183
EC000063,64.0,0.0427092699724678,0.002466278050716552,0.024825272072407267,0.009907445487811951,0.013490011944283512,0.013490011944283512,0.0057813504311632095,0.010833010290616884,0.010833010290616884,0.0045699467238207335,0.011552352080283906,0.011485342490295326,0.0057813504311632095,0.0057813504311632095,0.005151011954433005,0.005649478550850924,0.43490935270697056,0.37359822538452164,0.015202227047514972,0.015201945336154536,0.002466278050716552,0.024825272072407267,0.009907445487811951,0.016663843507523833,0.016663843507523833,0.011046043816589591,0.011051986297649757,0.012798096725019114,0.012798096725019114,0.013282292584373315,0.013280461712935872,0.016663843507523833,0.016663843507523833,0.013932193368146287,0.010236243805328475,0.015201945336154536,0.015201945336154536,0.005151011954433005,0.005649478550850924,0.43490935270697056,0.37359822538452164,0.010833010290616884,0.010833010290616884,0.011552352080283906,0.011485342490295326,0.0053911825024767655,0.005345694604679104,0.43848770736988557,0.37587180506480555
EC000065,64.0,0.047019510800339184,0.0026355099834961806,0.028109868410775365,0.018261169507900903,0.021244487996454037,0.021244487996454037,0.004647043892641357,0.015979361470830053,0.015979361470830053,0.003972743849770585,0.019903624810544106,0.019902997765413526,0.004647043892641357,0.004647043892641357,0.005245029744704473,0.005787929676621748,0.3246668109946856,0.2991256570870314,0.0243706807963337,0.024333614998401046,0.0026355099834961806,0.028109868410775365,0.018261169507900903,0.02604813052620293,0.02604813052620293,0.01789926238855876,0.017900091377892346,0.020616436474130626,0.020616436474130626,0.021780239653145225,0.021779932418145992,0.02604813052620293,0.02604813052620293,0.022597393548290913,0.01607268250036567,0.024333614998401046,0.024333614998401046,0.005245029744704473,0.005787929676621748,0.3246668109946856,0.2991256570870314,0.015979361470830053,0.015979361470830053,0.019903624810544106,0.019902997765413526,0.004902621154186057,0.005485429262983354,0.31767554842110857,0.29665860100767294
EC000066,64.0,0.04779380977235768,0.0027337905442993333,0.03552850654109233,0.016985459607896117,0.00947494919475074,0.00947494919475074,0.005248302740792753,0.006384306775362214,0.006384306775362214,0.003930743013248777,0.0075361528578425626,0.007517244146522135,0.005248302740792753,0.005248302740792753,0.003964214704640016,0.0036622434433068235,0.4462524785523646,0.3641573590812677,0.010371870199696855,0.010368229097654532,0.0027337905442993333,0.03552850654109233,0.016985459607896117,0.011217792519803151,0.011217792519803151,0.007311211061998052,0.0073134484835958675,0.007517502397767768,0.007517502397767768,0.009314406338640436,0.009302711220048571,0.011217792519803151,0.011217792519803151,0.009621391975053378,0.0070267219729058545,0.010368229097654532,0.010368229097654532,0.003964214704640016,0.0036622434433068235,0.4462524785523646,0.3641573590812677,0.006384306775362214,0.006384306775362214,0.0075361528578425626,0.007517244146522135,0.0039973388193418535,0.0036251513312462232,0.44065711471922914,0.3619809747078373
EC000073,64.0,0.041893466002503627,0.0026999428123350416,0.022221559483739,0.010479478114208069,0.006555038990826007,0.006555038990826007,0.0026594528682107,0.004857739128178642,0.004857739128178642,0.0026267210221642937,0.0063798070707977265,0.0063788945047660766,0.0026594528682107,0.0026594528682107,0.002272724398489506,0.0025094217487746794,0.3002067559125367,0.28570138585524585,0.007101996147884482,0.007100081643719907,0.0026999428123350416,0.022221559483739,0.010479478114208069,0.0070895029156753595,0.0070895029156753595,0.005584263733977279,0.005563290756290412,0.005926955054376695,0.005926955054376695,0.006184066892029698,0.006160676215485539,0.0070895029156753595,0.0070895029156753595,0.006847425688866543,0.006032894535883899,0.007100081643719907,0.007100081643719907,0.002272724398489506,0.0025094217487746794,0.3002067559125367,0.28570138585524585,0.004857739128178642,0.004857739128178642,0.0063798070707977265,0.0063788945047660766,0.0022151619239493465,0.0025553743082600768,0.2946975680337766,0.28123199457168435
EC000077,64.0,0.06497145172673285,0.002929251868399838,0.030059372180033246,0.021669943429189167,0.006078423414499411,0.006078423414499411,0.0033920719766640617,0.005191822720538558,0.005191822720538558,0.00338643096810092,0.00570706368789373,0.005706095648448087,0.0033920719766640617,0.0033920719766640617,0.002814938610588931,0.0027265337060254865,0.36018620478051305,0.32981451745294516,0.006629683338311009,0.006633168046348649,0.002929251868399838,0.030059372180033246,0.021669943429189167,0.007397784105418585,0.007397784105418585,0.005356442567491981,0.00535303449063024,0.005911428358827581,0.005911428358827581,0.0056519646322297,0.005642516009443206,0.007397784105418585,0.007397784105418585,0.005963543777651349,0.004739056543797446,0.006633168046348649,0.006633168046348649,0.002814938610588931,0.0027265337060254865,0.36018620478051305,0.32981451745294516,0.005191822720538558,0.005191822720538558,0.00570706368789373,0.005706095648448087,0.002592404923342416,0.00273079061097316,0.3495153317466135,0.325618713566498
EC000084,63.0,0.05684245881959827,0.0033737866039046183,0.023263283597062725,0.015381417405323035,0.006960153265341128,0.006960153265341128,0.004963279024638734,0.0060984554594290565,0.0060984554594290565,0.004559391265201421,0.006548869512614891,0.006557613345897377,0.004963279024638734,0.004963279024638734,0.0028836551374453734,0.003158580139254136,0.3247960984827752,0.31313403130008804,0.008872505869905649,0.008874652671330786,0.0033737866039046183,0.023263283597062725,0.015381417405323035,0.008091789633982884,0.008091789633982884,0.007689941985288647,0.007684675070912371,0.007068248210940808,0.007068248210940808,0.007634653920174204,0.007636365803024145,0.008091789633982884,0.008091789633982884,0.008460150814748274,0.006047762216360783,0.008874652671330786,0.008874652671330786,0.0028836551374453734,0.003158580139254136,0.3247960984827752,0.31313403130008804,0.0060984554594290565,0.0060984554594290565,0.006548869512614891,0.006557613345897377,0.00283222437795243,0.0031164676453582373,0.3238514051966576,0.3112360443943837
EC000090,64.0,0.14846288269751906,0.09839187540417864,0.24292524872834895,0.19349129122749925,0.009774327045181002,0.009774327045181002,0.18600596428842237,0.011114765704875783,0.011114765704875783,0.14695743911561968,0.009796165617359003,0.009795324536797313,0.18600596428842237,0.18600596428842237,0.004669982012908787,0.005341506888789955,0.3636081532802103,0.3377617895949655,0.010468022640995731,0.010477958085802375,0.09839187540417864,0.24292524872834895,0.19349129122749925,0.013796632676174416,0.013796632676174416,0.011857749387526073,0.011859563177887418,0.012993258182084792,0.012993258182084792,0.009578758348569943,0.009572888361839591,0.013796632676174416,0.013796632676174416,0.01031871186679855,0.008514918602829456,0.010477958085802375,0.010477958085802375,0.004669982012908787,0.005341506888789955,0.3636081532802103,0.3377617895949655,0.011114765704875783,0.011114765704875783,0.009796165617359003,0.009795324536797313,0.004643042945206978,0.005516299034119906,0.37095238940828806,0.33702178408491124
EC000091,64.0,0.03064451704991901,0.002353608455564248,0.08944100477239494,0.06679357331792367,0.0030546297430798885,0.0030546297430798885,0.0028350373925843434,0.0026098431729220024,0.0026098431729220024,0.002819070383641054,0.0031645216404377753,0.003164323204214065,0.0028350373925843434,0.0028350373925843434,0.001926742273761767,0.002080893121910237,0.48527277070141506,0.42926336276255694,0.003254277779000063,0.003256995224172194,0.002353608455564248,0.08944100477239494,0.06679357331792367,0.0033769205466356606,0.0033769205466356606,0.0028786514732940843,0.002880144802376917,0.0029332748574815255,0.0029332748574815255,0.00302925886360912,0.003028986420601497,0.0033769205466356606,0.0033769205466356606,0.0032458558291356566,0.0028389482589395868,0.003256995224172194,0.003256995224172194,0.001926742273761767,0.002080893121910237,0.48527277070141506,0.42926336276255694,0.0026098431729220024,0.0026098431729220024,0.0031645216404377753,0.003164323204214065,0.0018938043867504056,0.0020166959245439525,0.4770171748918919,0.4251980343857803
EC000092,64.0,0.025770405954333237,0.0024952437213367636,0.02203280031387935,0.011689961769975655,0.006940489367675201,0.006940489367675201,0.003724534158543007,0.005102801219510034,0.005102801219510034,0.003442899250999774,0.00589253703291399,0.005909518022777301,0.003724534158543007,0.003724534158543007,0.002529747939394552,0.002921694422721227,0.3470729750217301,0.3216469725656747,0.007515373622010705,0.007513321020149066,0.0024952437213367636,0.02203280031387935,0.011689961769975655,0.0073059252002958775,0.0073059252002958775,0.006020307615700699,0.006020796836921292,0.0057565839380013745,0.0057565839380013745,0.006759522082689361,0.006756714885774845,0.0073059252002958775,0.0073059252002958775,0.007053220824534719,0.005970407624590234,0.007513321020149066,0.007513321020149066,0.002529747939394552,0.002921694422721227,0.3470729750217301,0.3216469725656747,0.005102801219510034,0.005102801219510034,0.00589253703291399,0.005909518022777301,0.0025491372071165174,0.0028971477539112378,0.34905082583994507,0.3219525527724657
EC000098,63.0,0.0328824199249312,0.0023139973463666475,0.014191302665782337,0.009942453133167108,0.007039988712250276,0.007039988712250276,0.002721558897109197,0.005368731103861883,0.005368731103861883,0.002650225336047872,0.006366826934270658,0.006366229310143528,0.002721558897109197,0.002721558897109197,0.003675665569532331,0.0033843841176437487,0.334302334719038,0.33682917942243024,0.0077198961133311894,0.007724398972780173,0.0023139973463666475,0.014191302665782337,0.009942453133167108,0.00744694030004206,0.00744694030004206,0.0064029587921821925,0.006402340178990085,0.006494202463164406,0.006494202463164406,0.007002246491248103,0.007001392070813254,0.00744694030004206,0.00744694030004206,0.007675476538701293,0.0059162860601302035,0.007724398972780173,0.007724398972780173,0.003675665569532331,0.0033843841176437487,0.334302334719038,0.33682917942243024,0.005368731103861883,0.005368731103861883,0.006366826934270658,0.006366229310143528,0.003730240407337995,0.003447142662806876,0.3317153497936442,0.33303871820155495
EC000100,64.0,0.030000170838914465,0.002113727316944947,0.02043159574880337,0.010458499714754184,0.004982074931498228,0.004982074931498228,0.003126416644161947,0.004783993898564607,0.004783993898564607,0.002883746593034058,0.004695652881399264,0.00469559976457881,0.003126416644161947,0.003126416644161947,0.003300125933024796,0.003201755432485434,0.36768773152655393,0.35548884563895605,0.00541522905187628,0.0054022986617086165,0.002113727316944947,0.02043159574880337,0.010458499714754184,0.005362020777397362,0.005362020777397362,0.005032252073369487,0.005031921326631833,0.005148122603559329,0.005148122603559329,0.00480460238573797,0.004806052118351023,0.005362020777397362,0.005362020777397362,0.005296539803457745,0.004580207957453232,0.0054022986617086165,0.0054022986617086165,0.003300125933024796,0.003201755432485434,0.36768773152655393,0.35548884563895605,0.004783993898564607,0.004783993898564607,0.004695652881399264,0.00469559976457881,0.003366868818411069,0.003207214552029712,0.3586613056434086,0.3472300798221847
EC000102,64.0,0.03836863317490161,0.0024398757258821844,0.03306706855252358,0.019454570612245595,0.007327807535783501,0.007327807535783501,0.00412031543011315,0.005453623434047453,0.005453623434047453,0.003722784755167023,0.006001432534366262,0.0060027161039277604,0.00412031543011315,0.00412031543011315,0.0026555705700605017,0.0029579887888125577,0.39126147615442414,0.35751794022817507,0.007739173876351276,0.007761078984893852,0.0024398757258821844,0.03306706855252358,0.019454570612245595,0.007966590276502207,0.007966590276502207,0.005616117628539481,0.0056095780412435264,0.006400882084976571,0.006400882084976571,0.006152922694016419,0.006017053991731698,0.007966590276502207,0.007966590276502207,0.008175201821511314,0.006145239836087327,0.007761078984893852,0.007761078984893852,0.0026555705700605017,0.0029579887888125577,0.39126147615442414,0.35751794022817507,0.005453623434047453,0.005453623434047453,0.006001432534366262,0.0060027161039277604,0.002645586816534146,0.0027941153547699858,0.3804299303473413,0.3502077904705026
EC000104,64.0,0.04201587638649618,0.0023344153408030683,0.021911192302002593,0.012142893009733235,0.008798563185194121,0.008798563185194121,0.004007072303086537,0.007999095642695795,0.007999095642695795,0.003458914398030177,0.008505702376431746,0.00850490068289969,0.004007072303086537,0.004007072303086537,0.003573729408945328,0.00387564379037851,0.33967379027383116,0.3156982411353363,0.010158750587486467,0.010158598083444964,0.0023344153408030683,0.021911192302002593,0.012142893009733235,0.011390783311214722,0.011390783311214722,0.00811709112771302,0.008102216158999951,0.00901638306689914,0.00901638306689914,0.008486070840065857,0.008486138402983793,0.011390783311214722,0.011390783311214722,0.009547630386511822,0.007748443631225696,0.010158598083444964,0.010158598083444964,0.003573729408945328,0.00387564379037851,0.33967379027383116,0.3156982411353363,0.007999095642695795,0.007999095642695795,0.008505702376431746,0.00850490068289969,0.0035734119645665133,0.004078910950765903,0.34160689680974987,0.31580880820447416
EC000112,64.0,0.041342729952827076,0.0029721312722108474,0.03720143284223377,0.020435134727686856,0.0093195971791021,0.0093195971791021,0.004463659718781959,0.0070062316045457545,0.0070062316045457545,0.0038389777855321583,0.00877962778602353,0.008780143452980407,0.004463659718781959,0.004463659718781959,0.005253275617759943,0.004730967777212243,0.36558076965713965,0.3489070587634011,0.009950121599069588,0.00995072478788148,0.0029721312722108474,0.03720143284223377,0.020435134727686856,0.01042108036176773,0.01042108036176773,0.008580862921822923,0.008613228908953342,0.008531784380678096,0.008531784380678096,0.009105103623150451,0.009108313059711395,0.01042108036176773,0.01042108036176773,0.009473861868571569,0.008203330072851449,0.00995072478788148,0.00995072478788148,0.005253275617759943,0.004730967777212243,0.36558076965713965,0.3489070587634011,0.0070062316045457545,0.0070062316045457545,0.00877962778602353,0.008780143452980407,0.005352439441133252,0.004988312832413267,0.36362802529530586,0.347523443555686
EC000114,64.0,0.02627811745000369,0.002113239484932,0.04667352969311419,0.035541919582376236,0.011489871356629596,0.011489871356629596,0.00364323065556277,0.010426380356384091,0.010426380356384091,0.003198075513181991,0.011925056145594347,0.011915105573219693,0.00364323065556277,0.00364323065556277,0.004268031387399281,0.004521347088905914,0.325141399034005,0.31173533899972017,0.013701552206160254,0.013699755832078817,0.002113239484932,0.04667352969311419,0.035541919582376236,0.013803589081146032,0.013803589081146032,0.010147400468385566,0.010148322149400346,0.011128979889397225,0.011128979889397225,0.012251761855485245,0.012259231990105946,0.013803589081146032,0.013803589081146032,0.012078956193553,0.010628369860036459,0.013699755832078817,0.013699755832078817,0.004268031387399281,0.004521347088905914,0.325141399034005,0.31173533899972017,0.010426380356384091,0.010426380356384091,0.011925056145594347,0.011915105573219693,0.0040804536826979125,0.004612700327324636,0.32511886852335153,0.3109285188635431
EC000115,58.0,0.017845699377096822,0.002436539903484512,0.1876176002284128,0.12014115020328439,0.006345727362627293,0.006345727362627293,0.003299128019416479,0.00631627660128324,0.00631627660128324,0.0032319579042177334,0.0065305125533505265,0.006530564423705454,0.003299128019416479,0.003299128019416479,0.0030128354899258167,0.0031312290452725784,0.677813688722129,0.6127967536548294,0.006987109549160065,0.006986383262328585,0.002436539903484512,0.1876176002284128,0.12014115020328439,0.00755385877169293,0.00755385877169293,0.006265105532672612,0.006262187361585177,0.006563063490598129,0.006563063490598129,0.006417893489250916,0.006417049853444706,0.00755385877169293,0.00755385877169293,0.006414207271525389,0.005481076539768352,0.006986383262328585,0.006986383262328585,0.0030128354899258167,0.0031312290452725784,0.677813688722129,0.6127967536548294,0.00631627660128324,0.00631627660128324,0.0065305125533505265,0.006530564423705454,0.0031072053069329955,0.0031732912124891547,0.6774822515575857,0.6165284835591014
EC000117,64.0,0.021851289760356156,0.0020227103391809507,0.019903367728403593,0.011190687639102144,0.013697222630424031,0.013697222630424031,0.003966716645954156,0.01175584407865551,0.01175584407865551,0.0032034105332737484,0.013371930469153937,0.013371581597473297,0.003966716645954156,0.003966716645954156,0.0054322040692934195,0.006115915694583767,0.38522953271431043,0.35247368064601936,0.014673109693029535,0.01467287606470903,0.0020227103391809507,0.019903367728403593,0.011190687639102144,0.015060637501537733,0.015060637501537733,0.011868284520391185,0.011839292392931088,0.01324063546074419,0.01324063546074419,0.013136899127875079,0.013136944095045911,0.015060637501537733,0.015060637501537733,0.012911234837536997,0.011953868462153088,0.01467287606470903,0.01467287606470903,0.0054322040692934195,0.006115915694583767,0.38522953271431043,0.35247368064601936,0.01175584407865551,0.01175584407865551,0.013371930469153937,0.013371581597473297,0.0054358620418648645,0.006347455870087005,0.38662344946991756,0.3530260772668284
EC000121,61.0,0.02335612506416697,0.002320900435342986,0.14716002373760534,0.08976428036802028,0.00835284772013334,0.00835284772013334,0.0030214689602858493,0.00694703501031598,0.00694703501031598,0.0026282140269650697,0.008164684629840912,0.008165110967096387,0.0030214689602858493,0.0030214689602858493,0.005259649468854443,0.005662817867707968,0.6404007787588788,0.5674221714583035,0.008733090926739595,0.008734182690789493,0.002320900435342986,0.14716002373760534,0.08976428036802028,0.009027547829618001,0.009027547829618001,0.007539033445517786,0.0075394371372826076,0.007977395140409745,0.007977395140409745,0.007860531674890313,0.007861096046635391,0.009027547829618001,0.009027547829618001,0.008346926174760879,0.007127318335050255,0.008734182690789493,0.008734182690789493,0.005259649468854443,0.005662817867707968,0.6404007787588788,0.5674221714583035,0.00694703501031598,0.00694703501031598,0.008164684629840912,0.008165110967096387,0.005109994904343768,0.005439720486258185,0.6404949908866147,0.5684194398233084
EC000125,64.0,0.029040268479040482,0.002639550441371209,0.06297853860570603,0.042699410251334134,0.014114815673203399,0.014114815673203399,0.004966969032749317,0.011573721353024286,0.011573721353024286,0.0036876488246503553,0.014201675803431324,0.014202527808939082,0.004966969032749317,0.004966969032749317,0.006086487418361711,0.006133209800522018,0.3891775866355064,0.34954901524346094,0.014344441577866348,0.014300430473067142,0.002639550441371209,0.06297853860570603,0.042699410251334134,0.015188785500276098,0.015188785500276098,0.012298853678127313,0.01229640335103045,0.013198464701715852,0.013198464701715852,0.01282757543248707,0.012879728089595248,0.015188785500276098,0.015188785500276098,0.013650198100787624,0.011578877339397296,0.014300430473067142,0.014300430473067142,0.006086487418361711,0.006133209800522018,0.3891775866355064,0.34954901524346094,0.011573721353024286,0.011573721353024286,0.014201675803431324,0.014202527808939082,0.0061490067171739845,0.0061761443834771265,0.38166171304503865,0.34476131947792954
EC000128,64.0,0.022319385625667213,0.001977671861570221,0.021870310801562546,0.013134449038929555,0.009204545093083586,0.009204545093083586,0.0038201655030864353,0.008079482793036214,0.008079482793036214,0.0035038224684688147,0.00902630688941874,0.009036087291644866,0.0038201655030864353,0.0038201655030864353,0.0028056571927025315,0.003046591864988978,0.3347624836536107,0.31880231426981714,0.010895104327657302,0.010910579758050301,0.001977671861570221,0.021870310801562546,0.013134449038929555,0.010835878594750702,0.010835878594750702,0.008781188291133646,0.008728373082679422,0.009392092842087349,0.009392092842087349,0.00992369968107762,0.009924870175839463,0.010835878594750702,0.010835878594750702,0.010376455001804221,0.008030499964230466,0.010910579758050301,0.010910579758050301,0.0028056571927025315,0.003046591864988978,0.3347624836536107,0.31880231426981714,0.008079482793036214,0.008079482793036214,0.00902630688941874,0.009036087291644866,0.002755293950419219,0.0028154364870340586,0.325753842147182,0.31301230351134435
EC000132,64.0,0.023028530269257226,0.0021751344963458056,0.046809206430355396,0.026766989287962114,0.011394129702028641,0.011394129702028641,0.003011677891705627,0.008338752992106815,0.008338752992106815,0.0027245720664315493,0.010547147851696477,0.010549414204074034,0.003011677891705627,0.003011677891705627,0.005283024580889875,0.0050475509309311824,0.4455632656830451,0.39566231014852726,0.012092233306476952,0.012092571102335725,0.0021751344963458056,0.046809206430355396,0.026766989287962114,0.012418926136480875,0.012418926136480875,0.009068774456165456,0.009068210237982094,0.009725465211734195,0.009725465211734195,0.01011376447074873,0.010109724552821796,0.012418926136480875,0.012418926136480875,0.011422027895975044,0.008470771998939152,0.012092571102335725,0.012092571102335725,0.005283024580889875,0.0050475509309311824,0.4455632656830451,0.39566231014852726,0.008338752992106815,0.008338752992106815,0.010547147851696477,0.010549414204074034,0.005021541982043897,0.004863584092694137,0.44656449641690904,0.39683877344783
EC000138,64.0,0.026922398390367166,0.0021592035187681467,0.026255845308434816,0.01958426358478816,0.012471842302762503,0.012471842302762503,0.004575027558396182,0.009856305095991754,0.009856305095991754,0.0040864179135394465,0.011431568525786931,0.011428087051852099,0.004575027558396182,0.004575027558396182,0.004599071126890335,0.005089725583467559,0.3717463723083817,0.329112610508137,0.012959349765666253,0.012949910576469227,0.0021592035187681467,0.026255845308434816,0.01958426358478816,0.014100859313771533,0.014100859313771533,0.010536282022497935,0.0105444901980035,0.0113353359416795,0.0113353359416795,0.011558187071172375,0.011559740917731782,0.014100859313771533,0.014100859313771533,0.012072504840000643,0.010568389247141593,0.012949910576469227,0.012949910576469227,0.004599071126890335,0.005089725583467559,0.3717463723083817,0.329112610508137,0.009856305095991754,0.009856305095991754,0.011431568525786931,0.011428087051852099,0.004513444654916686,0.0051253405550636694,0.372100407428192,0.32776213554765826
EC000143,64.0,0.033587401831087514,0.0019499984096714796,0.027725565020257716,0.016338048013693318,0.01112643142846005,0.01112643142846005,0.0031335343191697626,0.008011121414299443,0.008011121414299443,0.0025716682268931822,0.009944801377637034,0.00991991905239985,0.0031335343191697626,0.0031335343191697626,0.004770751492033407,0.005227400713610357,0.3892119859508817,0.36583056760579385,0.0127702353784429,0.012729693546398364,0.0019499984096714796,0.027725565020257716,0.016338048013693318,0.011999512840046689,0.011999512840046689,0.00930153962144659,0.009296946522720867,0.009648517055325153,0.009648517055325153,0.010612446048417759,0.010614041275110446,0.011999512840046689,0.011999512840046689,0.011645377358336777,0.009695726658373052,0.012729693546398364,0.012729693546398364,0.004770751492033407,0.005227400713610357,0.3892119859508817,0.36583056760579385,0.008011121414299443,0.008011121414299443,0.009944801377637034,0.00991991905239985,0.0047918293378864454,0.005154262241767319,0.38193562032640604,0.3572240563016023
EC000144,64.0,0.022310518888458065,0.00211847411180834,0.023913152518147893,0.017069827331983846,0.00800035055871991,0.00800035055871991,0.0028787671911732968,0.0059023519787247646,0.0059023519787247646,0.0027189207887944994,0.00721376550604452,0.00721185495237009,0.0028787671911732968,0.0028787671911732968,0.00303102774443649,0.003357257728912063,0.3425357260814477,0.35014332483084126,0.009862588648724987,0.009849566474223304,0.00211847411180834,0.023913152518147893,0.017069827331983846,0.009145650233323033,0.009145650233323033,0.007237091803469404,0.007226448100823197,0.00730778612408819,0.00730778612408819,0.008160686114195691,0.00816609702790279,0.009145650233323033,0.009145650233323033,0.009121830438925229,0.006847244320851349,0.009849566474223304,0.009849566474223304,0.00303102774443649,0.003357257728912063,0.3425357260814477,0.35014332483084126,0.0059023519787247646,0.0059023519787247646,0.00721376550604452,0.00721185495237009,0.002955944655814425,0.0031575728754139345,0.33863420828734114,0.3465662542014164
EC000146,64.0,0.03670367524015476,0.002658611421519422,0.04793284801511421,0.02875622776310042,0.01079145418777968,0.01079145418777968,0.004720806892787374,0.009314807377879451,0.009314807377879451,0.00436957647067232,0.011016767484266277,0.01101757115596853,0.004720806892787374,0.004720806892787374,0.004567324968847198,0.005189603121802433,0.3617380114028016,0.32832010537144807,0.011331945936517302,0.011328127883320542,0.002658611421519422,0.04793284801511421,0.02875622776310042,0.011540390546234864,0.011540390546234864,0.009263325842872146,0.009263262555772249,0.01012151983271278,0.01012151983271278,0.010283697878750386,0.010282736729367902,0.011540390546234864,0.011540390546234864,0.010424852421929478,0.009244835736520058,0.011328127883320542,0.011328127883320542,0.004567324968847198,0.005189603121802433,0.3617380114028016,0.32832010537144807,0.009314807377879451,0.009314807377879451,0.011016767484266277,0.01101757115596853,0.004479375815603462,0.005284800729863526,0.3574929422951428,0.32376616843346334
EC000147,64.0,0.021196424609820835,0.0024227485080740383,0.017890361684046813,0.012034910542307346,0.01500123038427049,0.01500123038427049,0.005069464637181057,0.010998875111583095,0.010998875111583095,0.004944548766270131,0.013361007912237138,0.013366669430069901,0.005069464637181057,0.005069464637181057,0.004602635551921651,0.0052248250027430495,0.34820769863687057,0.30795808410284636,0.0174271074226226,0.01743914192642007,0.0024227485080740383,0.017890361684046813,0.012034910542307346,0.017967107883552408,0.017967107883552408,0.012448851092651867,0.012477014303025015,0.013209197693218926,0.013209197693218926,0.015524231833927706,0.015512721762684284,0.017967107883552408,0.017967107883552408,0.015747377598430562,0.01137129460086197,0.01743914192642007,0.01743914192642007,0.004602635551921651,0.0052248250027430495,0.34820769863687057,0.30795808410284636,0.010998875111583095,0.010998875111583095,0.013361007912237138,0.013366669430069901,0.004571643762360548,0.005115721562180765,0.3489625620600056,0.30677219594119515
EC000150,64.0,0.028427731656309508,0.002095151748660562,0.061711674861802235,0.03868924532529383,0.013189575034375348,0.013189575034375348,0.003811578138156624,0.009512324567459705,0.009512324567459705,0.003019458787303682,0.010545496575477518,0.010544816836381567,0.003811578138156624,0.003811578138156624,0.005117076899144801,0.004716632544578862,0.44663299372508375,0.37790751027327907,0.014352985421714032,0.014346439265857415,0.002095151748660562,0.061711674861802235,0.03868924532529383,0.014615409734806283,0.014615409734806283,0.010831710728612635,0.010827144774368124,0.012219946319597266,0.012219946319597266,0.012762847369668616,0.012800307727336637,0.014615409734806283,0.014615409734806283,0.014275370594448871,0.009062434155821869,0.014346439265857415,0.014346439265857415,0.005117076899144801,0.004716632544578862,0.44663299372508375,0.37790751027327907,0.009512324567459705,0.009512324567459705,0.010545496575477518,0.010544816836381567,0.005492488514344806,0.004807437230777275,0.4453484854943138,0.37632417125349393
EC000156,64.0,0.025318181755493042,0.002136507492636926,0.014854875905992767,0.008207626885306307,0.011301964196323691,0.011301964196323691,0.0033697316723470434,0.009952733759872413,0.009952733759872413,0.00290887754735319,0.011108028181895598,0.011106918171519625,0.0033697316723470434,0.0033697316723470434,0.004526234840883953,0.004838382337434831,0.33661916041023965,0.3115912852267174,0.012865483870980183,0.012864733254597548,0.002136507492636926,0.014854875905992767,0.008207626885306307,0.013378763642087534,0.013378763642087534,0.010672978875088222,0.010672891048649017,0.011057497765687237,0.011057497765687237,0.011655533744463847,0.011654483562030417,0.013378763642087534,0.013378763642087534,0.012861618722566368,0.00982948041939139,0.012864733254597548,0.012864733254597548,0.004526234840883953,0.004838382337434831,0.33661916041023965,0.3115912852267174,0.009952733759872413,0.009952733759872413,0.011108028181895598,0.011106918171519625,0.004741926933657583,0.004977423745857225,0.3359121171602762,0.31214489424971487
EC000167,64.0,0.028346184212531888,0.0022111519717713615,0.016538661650221317,0.01119733474452684,0.01485626518144944,0.01485626518144944,0.004474439461102557,0.01150967744391666,0.01150967744391666,0.0033579605053662338,0.013146303738356362,0.01314845257715445,0.004474439461102557,0.004474439461102557,0.0077431000690895615,0.007058986724266732,0.39013232460661196,0.35467035217545406,0.01615763293117265,0.01615840253079324,0.0022111519717713615,0.016538661650221317,0.01119733474452684,0.016878844694578645,0.016878844694578645,0.01254644519678212,0.012551817260909065,0.014015820320307269,0.014015820320307269,0.014924854898311078,0.014924886107966946,0.016878844694578645,0.016878844694578645,0.014766194376273354,0.01301736449493708,0.01615840253079324,0.01615840253079324,0.0077431000690895615,0.007058986724266732,0.39013232460661196,0.35467035217545406,0.01150967744391666,0.01150967744391666,0.013146303738356362,0.01314845257715445,0.007656558045156905,0.00707232158911155,0.39079725986944414,0.35401621153896706
EC000170,64.0,0.03187965424747101,0.002553285790476056,0.035659734185303896,0.02158733824910217,0.01197623732848963,0.01197623732848963,0.0048088586524117445,0.01052440565044541,0.01052440565044541,0.00410493291079044,0.011827797424184314,0.011786724322060071,0.0048088586524117445,0.0048088586524117445,0.00637097208871282,0.00613062651150578,0.35487976476659716,0.32619126680602123,0.012403709332744452,0.012407368811348287,0.002553285790476056,0.035659734185303896,0.02158733824910217,0.013040641277634324,0.013040641277634324,0.010771642088697547,0.01077003064253098,0.01117148144582294,0.01117148144582294,0.01198339047679737,0.011982688592706384,0.013040641277634324,0.013040641277634324,0.012213208770889043,0.01015290833756869,0.012407368811348287,0.012407368811348287,0.00637097208871282,0.00613062651150578,0.35487976476659716,0.32619126680602123,0.01052440565044541,0.01052440565044541,0.011827797424184314,0.011786724322060071,0.006543886250897666,0.006274165888052787,0.3484324766670854,0.32050000291946873
EC103-132DMSO2,384.0,0.4129476036493332,0.011424887199305655,0.04402192616414647,0.0813831029088778,0.008394421212572629,0.008394421212572629,0.011508210513450612,0.008390084196659282,0.008390084196659282,0.01155006110482384,0.00839220653591293,0.008393897477422417,0.011508210513450612,0.011508210513450612,0.00814184588084632,0.008145654132718769,0.03458039618642723,0.013104458391974556,0.008395174179243264,0.008397199637166598,0.011424887199305655,0.04402192616414647,0.0813831029088778,0.008393747370978937,0.008393747370978937,0.00840179571810649,0.008402884770382826,0.008389578562338563,0.008389578562338563,0.008401377588668246,0.008404722871173286,0.008393747370978937,0.008393747370978937,0.008170989288242014,0.008159034481625825,0.008397199637166598,0.008397199637166598,0.00814184588084632,0.008145654132718769,0.03458039618642723,0.013104458391974556,0.008390084196659282,0.008390084196659282,0.00839220653591293,0.008393897477422417,0.00814424917210767,0.00814707836105659,0.03321518183242097,0.01310270597633547
EC133-171DMSO1,384.0,0.5503659264663231,0.010719079499689395,0.03257841067519632,0.06648587787777312,0.00839095109797072,0.00839095109797072,0.010906741037871552,0.008386826630225266,0.008386826630225266,0.01095082061194736,0.008389058711715617,0.00839047726083506,0.010906741037871552,0.010906741037871552,0.008138181091344199,0.008145088644172375,0.04852744939775328,0.014114269244185032,0.008394218998305197,0.008392459807944492,0.010719079499689395,0.03257841067519632,0.06648587787777312,0.008388665216522763,0.008388665216522763,0.008395191747346901,0.008395737468273963,0.008381249774586229,0.008381249774586229,0.008395785367877094,0.008398510376251613,0.008388665216522763,0.008388665216522763,0.008165435073165254,0.008153365437457363,0.008392459807944492,0.008392459807944492,0.008138181091344199,0.008145088644172375,0.04852744939775328,0.014114269244185032,0.008386826630225266,0.008386826630225266,0.008389058711715617,0.00839047726083506,0.008136617404117669,0.00814272073346199,0.04729562732585341,0.01404580128478503
GR00003279,240.0,0.08362725033781579,0.011305718258903872,0.06774536109249255,0.08973866635124046,0.023859380482347328,0.023859380482347328,0.014532039333724428,0.02145312015943022,0.02145312015943022,0.014091124711882452,0.023537377223509025,0.023535606885352153,0.014532039333724428,0.014532039333724428,0.016103293698068157,0.018164882320855287,0.662160580058705,0.5564475701878389,0.02359469204147281,0.023591410454463866,0.011305718258903872,0.06774536109249255,0.08973866635124046,0.02395684394776242,0.02395684394776242,0.021411558370864312,0.021406712617733668,0.021742584695145506,0.021742584695145506,0.022861905593103863,0.022858983001945055,0.02395684394776242,0.02395684394776242,0.02352730325686387,0.019363095337197326,0.023591410454463866,0.023591410454463866,0.016103293698068157,0.018164882320855287,0.662160580058705,0.5564475701878389,0.02145312015943022,0.02145312015943022,0.023537377223509025,0.023535606885352153,0.01617312307015476,0.01800901832398615,0.6632471305117903,0.5586077416951672
GR00003285,240.0,0.06065199579207736,0.008789705068558796,0.045771726531249536,0.08008414257605152,0.024718395200261537,0.024718395200261537,0.010261715371031647,0.021520798144456413,0.021520798144456413,0.010042277816300873,0.023815840986754815,0.023819484755105265,0.010261715371031647,0.010261715371031647,0.016733787489720507,0.017793976630749647,0.6406481415475164,0.5288587999148956,0.024752556896955977,0.024749767438357682,0.008789705068558796,0.045771726531249536,0.08008414257605152,0.02517914617113442,0.02517914617113442,0.0216473514111867,0.02164985487300968,0.021868046031969696,0.021868046031969696,0.02322481114113456,0.023227659025839776,0.02517914617113442,0.02517914617113442,0.024463259255395435,0.020935419222918784,0.024749767438357682,0.024749767438357682,0.016733787489720507,0.017793976630749647,0.6406481415475164,0.5288587999148956,0.021520798144456413,0.021520798144456413,0.023815840986754815,0.023819484755105265,0.016813251464878845,0.01806119344780218,0.6470492945157295,0.5345493380777585
GR00003289,240.0,0.04441284679398191,0.008410031248879448,0.04635546982280495,0.07285889508193841,0.02215832152831192,0.02215832152831192,0.009731904267261615,0.019457308565054694,0.019457308565054694,0.009405139802521547,0.022136688447343192,0.022142384590534855,0.009731904267261615,0.009731904267261615,0.015263679691895961,0.016230854430758068,0.6565650338277951,0.5454368152584158,0.022164428159632134,0.022175678481735853,0.008410031248879448,0.04635546982280495,0.07285889508193841,0.023439648462663297,0.023439648462663297,0.019189059530482517,0.019194302890588377,0.019824290467011504,0.019824290467011504,0.021059742454507775,0.021055636905292153,0.023439648462663297,0.023439648462663297,0.021791375557338174,0.01822508213039831,0.022175678481735853,0.022175678481735853,0.015263679691895961,0.016230854430758068,0.6565650338277951,0.5454368152584158,0.019457308565054694,0.019457308565054694,0.022136688447343192,0.022142384590534855,0.01545727762207052,0.01630293510074236,0.6544817529350997,0.541698415995966
GR00003290,240.0,0.06584575223861937,0.010875201148715756,0.06154110641818,0.07745602448952607,0.02338768660865874,0.02338768660865874,0.011457770926734119,0.021403782836558135,0.021403782836558135,0.011230880238238351,0.024282904544111396,0.024284230690074547,0.011457770926734119,0.011457770926734119,0.016292848618459872,0.01793253859823313,0.628003469889259,0.5487683276862183,0.02408845290976273,0.02408824731565447,0.010875201148715756,0.06154110641818,0.07745602448952607,0.025815936033426072,0.025815936033426072,0.021211496981825898,0.02120975940727836,0.022081545240870006,0.022081545240870006,0.022996967892186616,0.02298876352316783,0.025815936033426072,0.025815936033426072,0.023847002166107537,0.019755201713594395,0.02408824731565447,0.02408824731565447,0.016292848618459872,0.01793253859823313,0.628003469889259,0.5487683276862183,0.021403782836558135,0.021403782836558135,0.024282904544111396,0.024284230690074547,0.016895886969277282,0.018618921881783466,0.634609814604667,0.5564792819017413
GR00003296,240.0,0.06542411965200091,0.010035205457553277,0.07961296812749946,0.09819518844259006,0.02771637276941653,0.02771637276941653,0.011436401472873472,0.023741341961490102,0.023741341961490102,0.010870177999706705,0.02669422815471998,0.02669442787408136,0.011436401472873472,0.011436401472873472,0.019591246186505557,0.022901815838668505,0.6001578502143161,0.5504808530193102,0.02773597163223255,0.027735916036094505,0.010035205457553277,0.07961296812749946,0.09819518844259006,0.027736605323736205,0.027736605323736205,0.023829459719025666,0.023828079776375338,0.02371858400806924,0.02371858400806924,0.026332959176343634,0.02633490899590857,0.027736605323736205,0.027736605323736205,0.027349179474383957,0.022598685439782253,0.027735916036094505,0.027735916036094505,0.019591246186505557,0.022901815838668505,0.6001578502143161,0.5504808530193102,0.023741341961490102,0.023741341961490102,0.02669422815471998,0.02669442787408136,0.019687453928975324,0.023021476075333305,0.6010919201486331,0.5570604985393358
GR00003297,240.0,0.0613057488194089,0.009725968855206983,0.07036322220914797,0.08447633143503926,0.026862476075757404,0.026862476075757404,0.011301953488134038,0.023498398496660154,0.023498398496660154,0.010645467624642293,0.0267022148628086,0.026703388742403897,0.011301953488134038,0.011301953488134038,0.02045959095437735,0.02430320896639768,0.5990796382550857,0.5699475648265119,0.027020882461019538,0.027019218408749653,0.009725968855206983,0.07036322220914797,0.08447633143503926,0.02782812799276112,0.02782812799276112,0.023246038061037498,0.023248016586767332,0.023632815602330954,0.023632815602330954,0.02569296484879367,0.02568631864815932,0.02782812799276112,0.02782812799276112,0.02668524407936756,0.023265304742232644,0.027019218408749653,0.027019218408749653,0.02045959095437735,0.02430320896639768,0.5990796382550857,0.5699475648265119,0.023498398496660154,0.023498398496660154,0.0267022148628086,0.026703388742403897,0.020741376271366716,0.024591358025661404,0.6060161683528678,0.5738532404593116
GR00003298,240.0,0.0581396476733963,0.010020173488839795,0.08843593783537956,0.09472664339452995,0.030602886023821295,0.030602886023821295,0.011167225366472914,0.02583707365967053,0.02583707365967053,0.010610097693949211,0.02949292238367702,0.02949023109997588,0.011167225366472914,0.011167225366472914,0.020261783300103878,0.02553257382440911,0.6091150921247739,0.5783282647808412,0.03133043418320861,0.031332855760178545,0.010020173488839795,0.08843593783537956,0.09472664339452995,0.032889708288425766,0.032889708288425766,0.02590152524481661,0.025905078650654424,0.026274344974979633,0.026274344974979633,0.029065507407887842,0.029063083344932884,0.032889708288425766,0.032889708288425766,0.030105649690095278,0.023680354549194437,0.031332855760178545,0.031332855760178545,0.020261783300103878,0.02553257382440911,0.6091150921247739,0.5783282647808412,0.02583707365967053,0.02583707365967053,0.02949292238367702,0.02949023109997588,0.02077628913902657,0.026184446956069328,0.6120427892838761,0.5814788669519434
GR00003299,240.0,0.061501616740098776,0.009733391407977411,0.10376948787595977,0.09421835897760976,0.024097782827611304,0.024097782827611304,0.01081487601474664,0.021490327638000663,0.021490327638000663,0.010324056759437464,0.023659405574382772,0.02366288550810144,0.01081487601474664,0.01081487601474664,0.018540633296964138,0.021316477500064126,0.5947228096503189,0.5601498364038332,0.02405458469761607,0.024054735621635223,0.009733391407977411,0.10376948787595977,0.09421835897760976,0.02435901059248843,0.02435901059248843,0.021668546661172104,0.021676932919477768,0.021900456384429914,0.021900456384429914,0.023091950249013657,0.02309273692056062,0.02435901059248843,0.02435901059248843,0.02380974895559281,0.020999671883593377,0.024054735621635223,0.024054735621635223,0.018540633296964138,0.021316477500064126,0.5947228096503189,0.5601498364038332,0.021490327638000663,0.021490327638000663,0.023659405574382772,0.02366288550810144,0.01884781750910782,0.021534252557148213,0.5979245566780106,0.5618449783723947
GR00003306,240.0,0.05903296283824856,0.008924308697009196,0.14991984329712904,0.15580238361066606,0.026047601521820864,0.026047601521820864,0.011881251577863785,0.021543602591769625,0.021543602591769625,0.011406950740410947,0.026198857848447485,0.026207350370871588,0.011881251577863785,0.011881251577863785,0.017213582765362785,0.01945363700470876,0.6050441421748521,0.5561482227330907,0.026227565104926538,0.02622822232217091,0.008924308697009196,0.14991984329712904,0.15580238361066606,0.02717077696431162,0.02717077696431162,0.021529070305067573,0.021529580468743682,0.021833283203209257,0.021833283203209257,0.02538061606295195,0.02537641332279953,0.02717077696431162,0.02717077696431162,0.025837871067265206,0.021110546745293744,0.02622822232217091,0.02622822232217091,0.017213582765362785,0.01945363700470876,0.6050441421748521,0.5561482227330907,0.021543602591769625,0.021543602591769625,0.026198857848447485,0.026207350370871588,0.0174670412983554,0.019796020578474734,0.6083248815132947,0.5555240477476681
GR00003311,240.0,0.06715951457331089,0.008809201687654393,0.07009143097231284,0.08259289215412877,0.023052988046890873,0.023052988046890873,0.01139670465291389,0.01984801926798895,0.01984801926798895,0.010724121029203925,0.022703120262575104,0.02269996631569817,0.01139670465291389,0.01139670465291389,0.015051848785642159,0.015909786498905294,0.6157512688031184,0.5305546605266865,0.023664038202296307,0.023667136054117802,0.008809201687654393,0.07009143097231284,0.08259289215412877,0.024566348138881304,0.024566348138881304,0.020078894753581506,0.020091854717712673,0.020523136492888092,0.020523136492888092,0.022535760006562076,0.022531295841827732,0.024566348138881304,0.024566348138881304,0.023215379304797047,0.01880712822510237,0.023667136054117802,0.023667136054117802,0.015051848785642159,0.015909786498905294,0.6157512688031184,0.5305546605266865,0.01984801926798895,0.01984801926798895,0.022703120262575104,0.02269996631569817,0.01533214677802895,0.016135787786366085,0.6213977861729635,0.5376273183639563
GR00003315,240.0,0.1459548607016137,0.018208071531720663,0.23997414610933807,0.23427729612021178,0.04529046241410603,0.04529046241410603,0.025919740692932958,0.032560734609632415,0.032560734609632415,0.024246016433258095,0.04377484097888841,0.04377845706020992,0.025919740692932958,0.025919740692932958,0.026495959541893446,0.05426819706129563,0.6624937055296004,0.6075963222720773,0.04528068923592796,0.04526831848527831,0.018208071531720663,0.23997414610933807,0.23427729612021178,0.046408867790123313,0.046408867790123313,0.0319531205828137,0.0319536350857113,0.03271891551626916,0.03271891551626916,0.04213996423276025,0.04214523511296291,0.046408867790123313,0.046408867790123313,0.04351325638929767,0.03401408961000351,0.04526831848527831,0.04526831848527831,0.026495959541893446,0.05426819706129563,0.6624937055296004,0.6075963222720773,0.032560734609632415,0.032560734609632415,0.04377484097888841,0.04377845706020992,0.026663688835494314,0.0544222740741851,0.667730781400807,0.6120457547678712
GR00003316,240.0,0.09221255323399227,0.008601449811055933,0.08114899949959499,0.09756963556781655,0.028653741300035573,0.028653741300035573,0.010569079852607998,0.02406509880890638,0.02406509880890638,0.010034463304923217,0.02734580983148972,0.02734776927805329,0.010569079852607998,0.010569079852607998,0.017095434397143134,0.01912672900892676,0.6383037803818367,0.5661512879804372,0.028343730123831363,0.0283456624594085,0.008601449811055933,0.08114899949959499,0.09756963556781655,0.029270024002541792,0.029270024002541792,0.023643999769019153,0.023644852854745123,0.02443468965943519,0.02443468965943519,0.026646947750878638,0.026661779828388785,0.029270024002541792,0.029270024002541792,0.028052345372577933,0.02195363450626266,0.0283456624594085,0.0283456624594085,0.017095434397143134,0.01912672900892676,0.6383037803818367,0.5661512879804372,0.02406509880890638,0.02406509880890638,0.02734580983148972,0.02734776927805329,0.01719641061479601,0.019077760984333836,0.6377579199399,0.5654175304206085
GR00003318,240.0,0.11318419469129708,0.009256515483708132,0.08538148412317877,0.12095435644175191,0.02150717983526058,0.02150717983526058,0.011689179996652616,0.019244485078536273,0.019244485078536273,0.0114560593265704,0.021047828217552498,0.021047968638953807,0.011689179996652616,0.011689179996652616,0.015280666864095432,0.016311063696341676,0.626886007539753,0.5650302694475688,0.021434648297021228,0.021437854064871604,0.009256515483708132,0.08538148412317877,0.12095435644175191,0.021701000937107338,0.021701000937107338,0.01904708093700688,0.019048694273754593,0.019766713344233026,0.019766713344233026,0.02045515306501854,0.02045760996176241,0.021701000937107338,0.021701000937107338,0.021354364103230404,0.018155456133316268,0.021437854064871604,0.021437854064871604,0.015280666864095432,0.016311063696341676,0.626886007539753,0.5650302694475688,0.019244485078536273,0.019244485078536273,0.021047828217552498,0.021047968638953807,0.015439405277211526,0.016402846758571336,0.6291961461022825,0.5669489846813994
GR00003330,240.0,0.0384610637969181,0.00926237290284313,0.12130086329990374,0.11691233093264351,0.02934439102750158,0.02934439102750158,0.011684828169031315,0.023757431367752622,0.023757431367752622,0.010483955342249662,0.028516812621534642,0.02851732882044269,0.011684828169031315,0.011684828169031315,0.02122174184300909,0.025801772533936066,0.64273122825184,0.6091657581128337,0.029757215253153075,0.02975592246215843,0.00926237290284313,0.12130086329990374,0.11691233093264351,0.029996598412955947,0.029996598412955947,0.023870342046957614,0.02386755176689259,0.024148606755386267,0.024148606755386267,0.027958824372293023,0.027960333731508184,0.029996598412955947,0.029996598412955947,0.02919432447859266,0.024266658955391627,0.02975592246215843,0.02975592246215843,0.02122174184300909,0.025801772533936066,0.64273122825184,0.6091657581128337,0.023757431367752622,0.023757431367752622,0.028516812621534642,0.02851732882044269,0.02137389637380787,0.026213910281885053,0.6438932204988056,0.6111892897864379
GR00003333,240.0,0.03351044245391295,0.008156063171569307,0.07962509639951706,0.08759585868693935,0.02247095527491518,0.02247095527491518,0.009752468522076974,0.02015114316505428,0.02015114316505428,0.009302931771270357,0.021898114410140553,0.021898032513999945,0.009752468522076974,0.009752468522076974,0.017089873309553503,0.018506682026425587,0.6688716096796913,0.623391553337147,0.022695637330026597,0.02269778389229884,0.008156063171569307,0.07962509639951706,0.08759585868693935,0.023284549058342284,0.023284549058342284,0.019851236337339224,0.019860592547337252,0.020575558100218824,0.020575558100218824,0.02114760438512756,0.0211485852866638,0.023284549058342284,0.023284549058342284,0.02250455543967674,0.01991361593695392,0.02269778389229884,0.02269778389229884,0.017089873309553503,0.018506682026425587,0.6688716096796913,0.623391553337147,0.02015114316505428,0.02015114316505428,0.021898114410140553,0.021898032513999945,0.017249983572529895,0.018534474716453676,0.6678840367163092,0.6218011567681884
GR00003336,240.0,0.03720120238617222,0.008289759578444196,0.09923349157735334,0.10556328380022281,0.03364145481252302,0.03364145481252302,0.010385006568503727,0.0266501966193744,0.0266501966193744,0.009054576155391436,0.032826583236032165,0.032820263384140076,0.010385006568503727,0.010385006568503727,0.021730704243716106,0.02962839830316626,0.6078963751128039,0.5806939155601685,0.03410495060472945,0.03411282260583421,0.008289759578444196,0.09923349157735334,0.10556328380022281,0.033863896588648315,0.033863896588648315,0.02661342671096394,0.026610840354187863,0.02685720986741393,0.02685720986741393,0.031319639205244006,0.03131789787496599,0.033863896588648315,0.033863896588648315,0.03262299321061544,0.02615757274091803,0.03411282260583421,0.03411282260583421,0.021730704243716106,0.02962839830316626,0.6078963751128039,0.5806939155601685,0.0266501966193744,0.0266501966193744,0.032826583236032165,0.032820263384140076,0.02185314156000819,0.029631977854343853,0.6082604908087011,0.5793434396325646
GR00003337,240.0,0.03207195731248402,0.008711483415818757,0.10057350130938086,0.1045296343698958,0.031347078569857,0.031347078569857,0.010364985039640862,0.025252411261426223,0.025252411261426223,0.009460896202080083,0.029333679991074915,0.029331716053323444,0.010364985039640862,0.010364985039640862,0.02043808581110525,0.024069431297491298,0.6108128481065489,0.5847245619226935,0.03149952643629484,0.03150083147650094,0.008711483415818757,0.10057350130938086,0.1045296343698958,0.03093995523588124,0.03093995523588124,0.02573865608232633,0.025739202067644986,0.025386796912751496,0.025386796912751496,0.028865200185542988,0.028856251170875882,0.03093995523588124,0.03093995523588124,0.03030253585172378,0.0233910598508129,0.03150083147650094,0.03150083147650094,0.02043808581110525,0.024069431297491298,0.6108128481065489,0.5847245619226935,0.025252411261426223,0.025252411261426223,0.029333679991074915,0.029331716053323444,0.020758405665059525,0.02431261529727968,0.613305398620187,0.585133007128313
GR00003341,240.0,0.08563288078264128,0.016420799675982027,0.13461655248046925,0.13179069968006304,0.039804384757922966,0.039804384757922966,0.021058691515240525,0.030441111932834174,0.030441111932834174,0.020447836686331097,0.037762796595620284,0.03776407174935806,0.021058691515240525,0.021058691515240525,0.02332804304274059,0.04103727831830942,0.6658364485941154,0.6119503258894802,0.04062489921096813,0.04062610519946618,0.016420799675982027,0.13461655248046925,0.13179069968006304,0.04203769670211669,0.04203769670211669,0.029830769263747146,0.029829285737341147,0.030681146487246,0.030681146487246,0.037343852953098895,0.03734249878587715,0.04203769670211669,0.04203769670211669,0.03915511674962688,0.02950813228159271,0.04062610519946618,0.04062610519946618,0.02332804304274059,0.04103727831830942,0.6658364485941154,0.6119503258894802,0.030441111932834174,0.030441111932834174,0.037762796595620284,0.03776407174935806,0.02360439196818807,0.04092373470698903,0.6625937913127781,0.6124018989412572
GR00003342,240.0,0.0875131629035218,0.01504695818572195,0.16114930364921615,0.16416851697434093,0.04146077031692173,0.04146077031692173,0.018135618850272657,0.03246097302356061,0.03246097302356061,0.017466207124271018,0.03971688418461118,0.039716758249501986,0.018135618850272657,0.018135618850272657,0.024861593980965383,0.041052808214380794,0.6622845773560254,0.6114959427990916,0.041782689017381726,0.04178020426784424,0.01504695818572195,0.16114930364921615,0.16416851697434093,0.04335197024982226,0.04335197024982226,0.03190456785485308,0.03190509502072138,0.033529642815373246,0.033529642815373246,0.038165176170797954,0.038163020260394684,0.04335197024982226,0.04335197024982226,0.039869086939838615,0.03342696062504716,0.04178020426784424,0.04178020426784424,0.024861593980965383,0.041052808214380794,0.6622845773560254,0.6114959427990916,0.03246097302356061,0.03246097302356061,0.03971688418461118,0.039716758249501986,0.025388966461645627,0.040892566309840506,0.6681358329534711,0.6165642809515944
GR00003344,240.0,0.05214379548337449,0.014831129119675997,0.11441654271658744,0.10567947640270098,0.025460777724350306,0.025460777724350306,0.016339739396692716,0.021252701777849818,0.021252701777849818,0.015475065615162863,0.025049611283978944,0.025049928917605838,0.016339739396692716,0.016339739396692716,0.018183140938478094,0.02076473072538033,0.6897010303025579,0.632720837866735,0.02554411241238323,0.025537987477069424,0.014831129119675997,0.11441654271658744,0.10567947640270098,0.027000485784333693,0.027000485784333693,0.021374139852837624,0.0213771399055085,0.021638251745603368,0.021638251745603368,0.02408957550070736,0.024087994827466257,0.027000485784333693,0.027000485784333693,0.025046421937442234,0.020441094490843574,0.025537987477069424,0.025537987477069424,0.018183140938478094,0.02076473072538033,0.6897010303025579,0.632720837866735,0.021252701777849818,0.021252701777849818,0.025049611283978944,0.025049928917605838,0.01852156762893298,0.02142516163417085,0.7012046892265646,0.6393906943407799
GR00003381,240.0,0.05304654533132824,0.007574785483405443,0.06839389190211162,0.07549429067111225,0.024653980100268678,0.024653980100268678,0.009363941557904633,0.021569600938001626,0.021569600938001626,0.008867056717250372,0.024646527211217302,0.024645823992008174,0.009363941557904633,0.009363941557904633,0.017083775093790905,0.017937796568383808,0.6375834528150525,0.5553756922622229,0.024505168371042205,0.024500454036190073,0.007574785483405443,0.06839389190211162,0.07549429067111225,0.0253514102913466,0.0253514102913466,0.02142252087633549,0.02142081362738315,0.021616601119582857,0.021616601119582857,0.02389628202625705,0.02389843838784518,0.0253514102913466,0.0253514102913466,0.024210398467245806,0.019982293956564742,0.024500454036190073,0.024500454036190073,0.017083775093790905,0.017937796568383808,0.6375834528150525,0.5553756922622229,0.021569600938001626,0.021569600938001626,0.024646527211217302,0.024645823992008174,0.017370183321729547,0.01813738197259179,0.6406623930725447,0.5626300863878553
GR00003382,240.0,0.04105615182346263,0.0078556341663309,0.053112601370857604,0.06760654115283976,0.024393533478694145,0.024393533478694145,0.00914124352409826,0.02003164290608913,0.02003164290608913,0.008775359329940306,0.022783457015728686,0.022780504390402377,0.00914124352409826,0.00914124352409826,0.01551847588836374,0.016868173905335297,0.6548485600500488,0.5998815526162062,0.024557493430827453,0.02456217432240871,0.0078556341663309,0.053112601370857604,0.06760654115283976,0.024879243136245042,0.024879243136245042,0.02021736908410808,0.020216454955903684,0.020199778386446113,0.020199778386446113,0.02284656125700438,0.02286343951294382,0.024879243136245042,0.024879243136245042,0.024256102966771283,0.01863927881508435,0.02456217432240871,0.02456217432240871,0.01551847588836374,0.016868173905335297,0.6548485600500488,0.5998815526162062,0.02003164290608913,0.02003164290608913,0.022783457015728686,0.022780504390402377,0.015701067056236046,0.016993266427374764,0.6562923668753012,0.6031075573531379
GR00003384,240.0,0.03277610663739297,0.007984394667169966,0.03742383193784879,0.05330165906577369,0.02146654591541148,0.02146654591541148,0.009447184147444125,0.01962149680530807,0.01962149680530807,0.009314826750756323,0.021752458975524826,0.0217580849582547,0.009447184147444125,0.009447184147444125,0.015058593214781752,0.01586672747899006,0.6473461739922459,0.5676206380616786,0.02176319868423703,0.021766996143339892,0.007984394667169966,0.03742383193784879,0.05330165906577369,0.022608414937615905,0.022608414937615905,0.019263480958246506,0.01927742219577648,0.0197944554633307,0.0197944554633307,0.021157921755545112,0.021160319775844497,0.022608414937615905,0.022608414937615905,0.021457911381700386,0.01768376020193602,0.021766996143339892,0.021766996143339892,0.015058593214781752,0.01586672747899006,0.6473461739922459,0.5676206380616786,0.01962149680530807,0.01962149680530807,0.021752458975524826,0.0217580849582547,0.015306165124804755,0.015998224395478395,0.650573678714058,0.5710601615554564
GR00003386,240.0,0.045657842340716605,0.007747042611226937,0.06743353235725585,0.07802655595159304,0.01990647572149663,0.01990647572149663,0.0090850084216484,0.016754438909457037,0.016754438909457037,0.008938743326337203,0.019190241994565354,0.019187735010694835,0.0090850084216484,0.0090850084216484,0.01372492027255488,0.01386128560575335,0.705051621837603,0.6368508233915003,0.020074206362046102,0.020074961555386458,0.007747042611226937,0.06743353235725585,0.07802655595159304,0.019921963315531147,0.019921963315531147,0.0169417014733084,0.016941902320269518,0.01700982386231974,0.01700982386231974,0.018878425892169006,0.018881310588787694,0.019921963315531147,0.019921963315531147,0.019822263152979382,0.016349878860816965,0.020074961555386458,0.020074961555386458,0.01372492027255488,0.01386128560575335,0.705051621837603,0.6368508233915003,0.016754438909457037,0.016754438909457037,0.019190241994565354,0.019187735010694835,0.013744171616642105,0.013987571306447339,0.7044422965907028,0.6345810663885664
GR00003390,240.0,0.043571129096953834,0.008407775025604544,0.06360607516497449,0.07997297970991853,0.019349325271192132,0.019349325271192132,0.008918804579237244,0.016396512021934654,0.016396512021934654,0.008711443005671997,0.019112381527337484,0.01911000834486907,0.008918804579237244,0.008918804579237244,0.013563445733346158,0.014564086148003134,0.6200354533681179,0.5168249067864469,0.019383901796216744,0.019379739267808636,0.008407775025604544,0.06360607516497449,0.07997297970991853,0.01989859594882214,0.01989859594882214,0.01636142975587732,0.016361751705533327,0.016640675875275193,0.016640675875275193,0.018717250584845448,0.018721307775437488,0.01989859594882214,0.01989859594882214,0.018873477664259355,0.015678944910350726,0.019379739267808636,0.019379739267808636,0.013563445733346158,0.014564086148003134,0.6200354533681179,0.5168249067864469,0.016396512021934654,0.016396512021934654,0.019112381527337484,0.01911000834486907,0.013775507799267301,0.014855692617367279,0.6199943188036481,0.5192694211991485
GR00003391,240.0,0.0427803532503961,0.009093031488678984,0.0885129401149774,0.1119188966072152,0.025606134394829123,0.025606134394829123,0.011841182146686925,0.02267572211114501,0.02267572211114501,0.011286935421731092,0.024806684527996444,0.024804506171570324,0.011841182146686925,0.011841182146686925,0.016335956987963675,0.01827870050665141,0.6435482992154234,0.576251967404174,0.025987367054191836,0.02599237241853952,0.009093031488678984,0.0885129401149774,0.1119188966072152,0.025798238684762533,0.025798238684762533,0.022771761529394086,0.022769351075503534,0.02278856638912506,0.02278856638912506,0.024158262863490453,0.024158540208921157,0.025798238684762533,0.025798238684762533,0.025523375484600843,0.019949511862352255,0.02599237241853952,0.02599237241853952,0.016335956987963675,0.01827870050665141,0.6435482992154234,0.576251967404174,0.02267572211114501,0.02267572211114501,0.024806684527996444,0.024804506171570324,0.01652088798559361,0.018346877576984024,0.6451386745438614,0.5806989513842435
GR00003393,240.0,0.03190765895070879,0.008768233260488858,0.061999770436478814,0.08986064734484443,0.023905598026295997,0.023905598026295997,0.010816134849193183,0.02042317292214211,0.02042317292214211,0.010393952580750331,0.024038511644625376,0.024044758465896758,0.010816134849193183,0.010816134849193183,0.015950927494046602,0.01790348516886492,0.631922354793716,0.5341114383792148,0.024074523227362324,0.024075027450915953,0.008768233260488858,0.061999770436478814,0.08986064734484443,0.025303093476008853,0.025303093476008853,0.020409952632812145,0.02041197851816483,0.020776744850007165,0.020776744850007165,0.023319651014799787,0.023330150157607654,0.025303093476008853,0.025303093476008853,0.02376616831220301,0.018959006316756417,0.024075027450915953,0.024075027450915953,0.015950927494046602,0.01790348516886492,0.631922354793716,0.5341114383792148,0.02042317292214211,0.02042317292214211,0.024038511644625376,0.024044758465896758,0.016417315624510372,0.018321957059358778,0.6376983508259635,0.5488676486224562
GR00003396,240.0,0.0376534245190351,0.007702111866566639,0.059140398485944504,0.07524362162207261,0.023471977122523684,0.023471977122523684,0.009113361691461049,0.020365601275461373,0.020365601275461373,0.008810479254835872,0.023272644214578565,0.02327168891854588,0.009113361691461049,0.009113361691461049,0.016111797770024316,0.01769116064077126,0.6284817720692185,0.549977985930843,0.02385266964647126,0.02385456156060261,0.007702111866566639,0.059140398485944504,0.07524362162207261,0.024394849109725145,0.024394849109725145,0.020282150984667204,0.02027588762338305,0.02060305783586458,0.02060305783586458,0.022890220170128657,0.022889036826878224,0.024394849109725145,0.024394849109725145,0.02315639560613053,0.01900839033054109,0.02385456156060261,0.02385456156060261,0.016111797770024316,0.01769116064077126,0.6284817720692185,0.549977985930843,0.020365601275461373,0.020365601275461373,0.023272644214578565,0.02327168891854588,0.01649994926328515,0.018167239588700538,0.6312250012909227,0.5522369718111421
GR00004368,240.0,0.0455805986944275,0.008450615132217308,0.1290767149428544,0.12389385883975922,0.03262676407822734,0.03262676407822734,0.010512346614440156,0.024067777143027744,0.024067777143027744,0.0092725839180592,0.03002115417316452,0.03002131060202958,0.010512346614440156,0.010512346614440156,0.01963175986800579,0.02374820636899451,0.6389771916394459,0.5886743876274437,0.03292978587286462,0.03292098985746421,0.008450615132217308,0.1290767149428544,0.12389385883975922,0.03301475821378507,0.03301475821378507,0.02489428032262551,0.024891321664846422,0.024650125356946516,0.024650125356946516,0.030322905963360135,0.0303212936998383,0.03301475821378507,0.03301475821378507,0.03195352190448289,0.0249362469844094,0.03292098985746421,0.03292098985746421,0.01963175986800579,0.02374820636899451,0.6389771916394459,0.5886743876274437,0.024067777143027744,0.024067777143027744,0.03002115417316452,0.03002131060202958,0.019693745725605706,0.02345617524793464,0.6388615532017795,0.5887689098447404
GR00004370,240.0,0.040168292598494255,0.008644492510379636,0.1062205468721969,0.11720808734241189,0.03167355783011134,0.03167355783011134,0.010318821719694104,0.02446513242108039,0.02446513242108039,0.009590551033743002,0.032000635928759104,0.03200287396583159,0.010318821719694104,0.010318821719694104,0.01873303652702326,0.022959513317977208,0.6482610824204371,0.5958977149360519,0.032559701504129526,0.03256204389829325,0.008644492510379636,0.1062205468721969,0.11720808734241189,0.03333263671041713,0.03333263671041713,0.024724452298688967,0.024724895419041368,0.025165704216492057,0.025165704216492057,0.03005112814727002,0.030050215717237243,0.03333263671041713,0.03333263671041713,0.03190981740578011,0.0240524231251818,0.03256204389829325,0.03256204389829325,0.01873303652702326,0.022959513317977208,0.6482610824204371,0.5958977149360519,0.02446513242108039,0.02446513242108039,0.032000635928759104,0.03200287396583159,0.0189684791323094,0.022814739131967878,0.6466103323024884,0.5966663894389562
GR00004373,240.0,0.03227850009332372,0.0103176272416396,0.2490946382092174,0.2092685143277114,0.01964093803494331,0.01964093803494331,0.010846150225337416,0.01627062878252416,0.01627062878252416,0.010247114625056066,0.019783983954026703,0.019780099844372744,0.010846150225337416,0.010846150225337416,0.012833379354229872,0.01330509994833834,0.6640798870522361,0.5834868639449774,0.01961837118477192,0.01962543301202062,0.0103176272416396,0.2490946382092174,0.2092685143277114,0.020859108323050737,0.020859108323050737,0.016260918668359783,0.01626154777793461,0.016856106269229322,0.016856106269229322,0.019133812703622407,0.019129661032092862,0.020859108323050737,0.020859108323050737,0.019385418200634507,0.01587407870311391,0.01962543301202062,0.01962543301202062,0.012833379354229872,0.01330509994833834,0.6640798870522361,0.5834868639449774,0.01627062878252416,0.01627062878252416,0.019783983954026703,0.019780099844372744,0.013144390576083704,0.013492260102112576,0.6723570141008209,0.5851802879035173
GR00004374,240.0,0.041959923583555124,0.008367383724512642,0.11933123065631267,0.10817695460452859,0.024004342952353916,0.024004342952353916,0.009327500031870445,0.019434623505066244,0.019434623505066244,0.008911460693125772,0.023365832852021033,0.023366630621156105,0.009327500031870445,0.009327500031870445,0.015806227677808316,0.017520523118773463,0.7026816720043538,0.6261932357351168,0.02425056384634178,0.024252231876211637,0.008367383724512642,0.11933123065631267,0.10817695460452859,0.024365662198150347,0.024365662198150347,0.019560323300806443,0.019564387839248763,0.019877986441785286,0.019877986441785286,0.022401809298290498,0.022400940670961537,0.024365662198150347,0.024365662198150347,0.02383324113388376,0.019764647612734384,0.024252231876211637,0.024252231876211637,0.015806227677808316,0.017520523118773463,0.7026816720043538,0.6261932357351168,0.019434623505066244,0.019434623505066244,0.023365832852021033,0.023366630621156105,0.015975606220273317,0.01748970371331954,0.7025319378962868,0.6278254513468846
GR00004379,240.0,0.06385726598928004,0.00982067101093801,0.1982437066693698,0.19804217203616972,0.020914452457785043,0.020914452457785043,0.010471652476471386,0.019105831585701283,0.019105831585701283,0.010200502597406392,0.02091418271120969,0.02090543272310771,0.010471652476471386,0.010471652476471386,0.014164553374448278,0.015113801362821484,0.7054186411870711,0.6589282349692404,0.021232335467893184,0.021235795172489393,0.00982067101093801,0.1982437066693698,0.19804217203616972,0.0213132287634247,0.0213132287634247,0.01896316518193912,0.01895813073084245,0.01936563746680311,0.01936563746680311,0.020012705342806955,0.02001564507666389,0.0213132287634247,0.0213132287634247,0.021039542092072032,0.017543541870420155,0.021235795172489393,0.021235795172489393,0.014164553374448278,0.015113801362821484,0.7054186411870711,0.6589282349692404,0.019105831585701283,0.019105831585701283,0.02091418271120969,0.02090543272310771,0.014281385438753198,0.0152546349733206,0.7036790708399352,0.6563002811187556
GR00004382,240.0,0.05806750296974537,0.009800760579967321,0.06666068245001903,0.0701261543912637,0.0225625945109772,0.0225625945109772,0.010306461556071317,0.018555961344263638,0.018555961344263638,0.010063024570139642,0.021066896600191683,0.021064199710165783,0.010306461556071317,0.010306461556071317,0.01487289570927382,0.015937301299635564,0.6045852362897135,0.5345646041408708,0.022791262338431772,0.022797568498372736,0.009800760579967321,0.06666068245001903,0.0701261543912637,0.022284390780809533,0.022284390780809533,0.019032453916709154,0.019022033354536762,0.019019413793164238,0.019019413793164238,0.020506511459092987,0.02051161447991403,0.022284390780809533,0.022284390780809533,0.022455487420870755,0.018869795283865964,0.022797568498372736,0.022797568498372736,0.01487289570927382,0.015937301299635564,0.6045852362897135,0.5345646041408708,0.018555961344263638,0.018555961344263638,0.021066896600191683,0.021064199710165783,0.014760579574652545,0.015670419259973555,0.6048967525379408,0.5365725724874905
GR00004384,240.0,0.05197147607165236,0.00927821764551842,0.1296912453883387,0.1330999695389386,0.023835748527614293,0.023835748527614293,0.010617558553364093,0.02209233125649307,0.02209233125649307,0.010187730294651491,0.02398263465096311,0.023986416721979716,0.010617558553364093,0.010617558553364093,0.016107945731452904,0.01731592380462391,0.650940009816939,0.599191596937128,0.024323311957771637,0.024323582922743045,0.00927821764551842,0.1296912453883387,0.1330999695389386,0.024840491941825405,0.024840491941825405,0.022506760881388622,0.022500105898790552,0.022820953379829523,0.022820953379829523,0.02301726730526267,0.02301757275006445,0.024840491941825405,0.024840491941825405,0.023888548471999765,0.020410007429569468,0.024323582922743045,0.024323582922743045,0.016107945731452904,0.01731592380462391,0.650940009816939,0.599191596937128,0.02209233125649307,0.02209233125649307,0.02398263465096311,0.023986416721979716,0.01636739329320621,0.017862607808306213,0.6514682992343148,0.6003863083745162
GR00004385,240.0,0.14605483373817382,0.010498466105724144,0.13424487313786546,0.13214878601247942,0.02765850397865487,0.02765850397865487,0.012476025447347524,0.02429667120542639,0.02429667120542639,0.011684057309536465,0.026234030819579916,0.02623182457600738,0.012476025447347524,0.012476025447347524,0.0172357883877766,0.018742906589891768,0.6513798613752976,0.5941763426525989,0.02819438074084062,0.028196942179294804,0.010498466105724144,0.13424487313786546,0.13214878601247942,0.027662102888775776,0.027662102888775776,0.024490267294203148,0.024487526121251147,0.02422969624027944,0.02422969624027944,0.025950547729064636,0.025950786475837498,0.027662102888775776,0.027662102888775776,0.02738911891171807,0.021113880678091633,0.028196942179294804,0.028196942179294804,0.0172357883877766,0.018742906589891768,0.6513798613752976,0.5941763426525989,0.02429667120542639,0.02429667120542639,0.026234030819579916,0.02623182457600738,0.0170761730219758,0.018436562688750945,0.6504216235262344,0.5927012064284578
GR00004392,240.0,0.06515563400876707,0.00868869906195149,0.21106030178055962,0.2103241171965466,0.024585907738071736,0.024585907738071736,0.01031690957820545,0.02082298436450438,0.02082298436450438,0.009489495340338957,0.024092143000646375,0.02408740041437042,0.01031690957820545,0.01031690957820545,0.017377778588715028,0.019485223813385445,0.7122577358709744,0.6665110055559571,0.025040271167253436,0.025037541762399494,0.00868869906195149,0.21106030178055962,0.2103241171965466,0.025180781341517206,0.025180781341517206,0.020849846519606523,0.020848981557531305,0.021250113496632514,0.021250113496632514,0.023795477725147254,0.023795118082490258,0.025180781341517206,0.025180781341517206,0.024616323196572792,0.019479597220762136,0.025037541762399494,0.025037541762399494,0.017377778588715028,0.019485223813385445,0.7122577358709744,0.6665110055559571,0.02082298436450438,0.02082298436450438,0.024092143000646375,0.02408740041437042,0.01732975504886818,0.019429409652967043,0.7065682937127169,0.6612651988870606
GR00004397,240.0,0.04528910748857139,0.008264605296623515,0.17344110663635853,0.1582208325663978,0.023215658033101372,0.023215658033101372,0.009525804526340059,0.020559790504951984,0.020559790504951984,0.009046201795543834,0.022580040883649732,0.02258550741281932,0.009525804526340059,0.009525804526340059,0.017286766826963763,0.019196469895881585,0.7221300011858568,0.6680575805889932,0.02341782862012932,0.02342006942647649,0.008264605296623515,0.17344110663635853,0.1582208325663978,0.023813836225078454,0.023813836225078454,0.02078689246600722,0.020781021665891474,0.02095550133456614,0.02095550133456614,0.022662451239929455,0.02266230580636315,0.023813836225078454,0.023813836225078454,0.023216891405802968,0.02006284816064039,0.02342006942647649,0.02342006942647649,0.017286766826963763,0.019196469895881585,0.7221300011858568,0.6680575805889932,0.020559790504951984,0.020559790504951984,0.022580040883649732,0.02258550741281932,0.017632436516767002,0.019409355294690386,0.7307244234171842,0.6725052693877379
GR00004398,240.0,0.03402836362833572,0.007812605002897696,0.1324897526809908,0.12528312209141976,0.02385996409908079,0.02385996409908079,0.008707514856937234,0.020308375825813598,0.020308375825813598,0.008282476124259527,0.02390050488255591,0.02389956263845013,0.008707514856937234,0.008707514856937234,0.016982404549221505,0.019536391848654747,0.7102796981915789,0.6459663769573135,0.023817460545947813,0.023814534817956798,0.007812605002897696,0.1324897526809908,0.12528312209141976,0.024074959978451056,0.024074959978451056,0.020385402725957368,0.020392597343095863,0.020221952986733276,0.020221952986733276,0.023116587016074604,0.023116374264311138,0.024074959978451056,0.024074959978451056,0.023505569106251217,0.019460117460278235,0.023814534817956798,0.023814534817956798,0.016982404549221505,0.019536391848654747,0.7102796981915789,0.6459663769573135,0.020308375825813598,0.020308375825813598,0.02390050488255591,0.02389956263845013,0.01740229287665946,0.02005259903541802,0.721403555050368,0.6553043266269704
GR00004401,240.0,0.039025218703005224,0.008295545908767075,0.16790971444089373,0.1468818061481266,0.020878593234540357,0.020878593234540357,0.009311624007634483,0.017738126927707834,0.017738126927707834,0.008670658635331422,0.02051881616286727,0.020518302705457774,0.009311624007634483,0.009311624007634483,0.015549850454194566,0.017486254910524888,0.752087111960318,0.6865673377731973,0.02124156919854848,0.02124192413818681,0.008295545908767075,0.16790971444089373,0.1468818061481266,0.021232947728442655,0.021232947728442655,0.017957849799066044,0.017955644138789188,0.01799840687687235,0.01799840687687235,0.020075370837842155,0.020078800367475717,0.021232947728442655,0.021232947728442655,0.020732550891206115,0.01735801791381667,0.02124192413818681,0.02124192413818681,0.015549850454194566,0.017486254910524888,0.752087111960318,0.6865673377731973,0.017738126927707834,0.017738126927707834,0.02051881616286727,0.020518302705457774,0.015697127790677383,0.01765111905323714,0.7615721185433195,0.6969870225033266
GR00004411,240.0,0.05374418681823459,0.010259026114477876,0.18354833222518988,0.17047579539820487,0.034351881982908575,0.034351881982908575,0.012678510984266962,0.024070149008586096,0.024070149008586096,0.01142185300553185,0.03144501954181425,0.03144352522893681,0.012678510984266962,0.012678510984266962,0.020139442089995616,0.02554897384894619,0.68956952688007,0.634277672606465,0.03498238359307387,0.034983785087234244,0.010259026114477876,0.18354833222518988,0.17047579539820487,0.035139180417351,0.035139180417351,0.024318976808768662,0.024326165805753246,0.024456235535924332,0.024456235535924332,0.03143121081464919,0.03143149614779239,0.035139180417351,0.035139180417351,0.0334194392840874,0.024247263068464784,0.034983785087234244,0.034983785087234244,0.020139442089995616,0.02554897384894619,0.68956952688007,0.634277672606465,0.024070149008586096,0.024070149008586096,0.03144501954181425,0.03144352522893681,0.020222003047414068,0.025100939153411727,0.6905309466381375,0.6351716982379669
GR00004414,240.0,0.07804031335819481,0.012008860911802545,0.19494169509712425,0.19709885277073375,0.0303270317810327,0.0303270317810327,0.013376130034185354,0.024597484533029346,0.024597484533029346,0.012233439512904235,0.030274098806942432,0.030278410981920138,0.013376130034185354,0.013376130034185354,0.020014074429411877,0.024713800881238212,0.6317626993225337,0.5998118489275635,0.03083046050352697,0.030828821038276978,0.012008860911802545,0.19494169509712425,0.19709885277073375,0.03244943537295719,0.03244943537295719,0.024295556655411478,0.024291495654928556,0.025248692419837817,0.025248692419837817,0.029467084806589532,0.029466105129319926,0.03244943537295719,0.03244943537295719,0.029954025075139522,0.023063123939130615,0.030828821038276978,0.030828821038276978,0.020014074429411877,0.024713800881238212,0.6317626993225337,0.5998118489275635,0.024597484533029346,0.024597484533029346,0.030274098806942432,0.030278410981920138,0.020543616241605778,0.025465435571940576,0.6391300988547236,0.60211381774482
GR00004417,240.0,0.16235366840028545,0.012135136413527457,0.1377942934612553,0.12577552173125175,0.031790437683491185,0.031790437683491185,0.01774094730947463,0.029082811960852516,0.029082811960852516,0.014827450968158918,0.03069064671861988,0.030687779752850912,0.01774094730947463,0.01774094730947463,0.022783338219410323,0.025340672986898585,0.5896451156648367,0.534100897691207,0.03166280061649687,0.03166389298668824,0.012135136413527457,0.1377942934612553,0.12577552173125175,0.031565110759095384,0.031565110759095384,0.029412890370644,0.029416492861952463,0.029325279538490786,0.029325279538490786,0.03014769998667407,0.03014570428955511,0.031565110759095384,0.031565110759095384,0.03122701017313455,0.026572656372417187,0.03166389298668824,0.03166389298668824,0.022783338219410323,0.025340672986898585,0.5896451156648367,0.534100897691207,0.029082811960852516,0.029082811960852516,0.03069064671861988,0.030687779752850912,0.022932417136471515,0.02536327625042085,0.59137356042705,0.5343511664236108
GR00004420,240.0,0.11468789903948153,0.011571414792809513,0.1711817313083243,0.141597454899789,0.028997723370043384,0.028997723370043384,0.01538851554753087,0.0269226591690548,0.0269226591690548,0.013815033576159477,0.0280298666708087,0.028027743044924735,0.01538851554753087,0.01538851554753087,0.01936921713452312,0.02208974833563636,0.5961458292129119,0.5608914010567874,0.029364720787765464,0.029363364088517325,0.011571414792809513,0.1711817313083243,0.141597454899789,0.030078379011138096,0.030078379011138096,0.02673073653023703,0.02672910357020865,0.02746275653212892,0.02746275653212892,0.027478624118732,0.027479299543690546,0.030078379011138096,0.030078379011138096,0.02899242595207739,0.02371785535929614,0.029363364088517325,0.029363364088517325,0.01936921713452312,0.02208974833563636,0.5961458292129119,0.5608914010567874,0.0269226591690548,0.0269226591690548,0.0280298666708087,0.028027743044924735,0.01975901167395183,0.022520147214175754,0.6009863378433276,0.5649093924922506
J12284d,64.0,0.038078343571640416,0.002975459132730146,0.048355753320799555,0.032978029058694604,0.014693586327163003,0.014693586327163003,0.0057621105046284215,0.012305645380159496,0.012305645380159496,0.004114799789896341,0.01403618108373036,0.0140361053619144,0.0057621105046284215,0.0057621105046284215,0.007529280070626535,0.007752931030501458,0.4594075830725598,0.41081869394819226,0.0160883565888463,0.016068368494730523,0.002975459132730146,0.048355753320799555,0.032978029058694604,0.016761412142157563,0.016761412142157563,0.013458550125630749,0.013457718690866488,0.01379634830451095,0.01379634830451095,0.014356440462362244,0.01435895945801231,0.016761412142157563,0.016761412142157563,0.014990253893799488,0.01338941596834844,0.016068368494730523,0.016068368494730523,0.007529280070626535,0.007752931030501458,0.4594075830725598,0.41081869394819226,0.012305645380159496,0.012305645380159496,0.01403618108373036,0.0140361053619144,0.00725229225659085,0.007336863454615453,0.4603404023097507,0.41169158910550085
J12424a,64.0,0.042718816599316624,0.002424718628763127,0.08965572321162188,0.05763260562203546,0.006655844801646189,0.006655844801646189,0.0030233439511223705,0.004717734742962063,0.004717734742962063,0.0027866230557228,0.005984738773070501,0.005984794713747807,0.0030233439511223705,0.0030233439511223705,0.0037452046548439545,0.0040000166697535715,0.46209862505322735,0.40965946978983114,0.007717337134878242,0.007634244372224055,0.002424718628763127,0.08965572321162188,0.05763260562203546,0.0076169940479927385,0.0076169940479927385,0.005288287466150955,0.005285079221108834,0.005564686032921999,0.005564686032921999,0.0063707407561729296,0.006370700792613129,0.0076169940479927385,0.0076169940479927385,0.006501625356029106,0.0058324138460073794,0.007634244372224055,0.007634244372224055,0.0037452046548439545,0.0040000166697535715,0.46209862505322735,0.40965946978983114,0.004717734742962063,0.004717734742962063,0.005984738773070501,0.005984794713747807,0.0037232504737201824,0.003965625496309885,0.45914595949830517,0.4079449806769313
J12424d,64.0,0.050963767598706425,0.0025764049554202035,0.04942490727274179,0.0236421657231557,0.012843420798927446,0.012843420798927446,0.005700750635850536,0.009928858118600647,0.009928858118600647,0.0035713698822306974,0.011525232147703991,0.011525275334169145,0.005700750635850536,0.005700750635850536,0.00606239735573584,0.0056153819305517095,0.4954363101591952,0.402578212017299,0.01328236848699773,0.013282244945955297,0.0025764049554202035,0.04942490727274179,0.0236421657231557,0.013860716247450808,0.013860716247450808,0.010258948798608497,0.010258196688785094,0.01101684704434544,0.01101684704434544,0.011947244925540787,0.011947146251269594,0.013860716247450808,0.013860716247450808,0.012792633100684528,0.009481901822783566,0.013282244945955297,0.013282244945955297,0.00606239735573584,0.0056153819305517095,0.4954363101591952,0.402578212017299,0.009928858118600647,0.009928858118600647,0.011525232147703991,0.011525275334169145,0.006034317175720126,0.005680926896200184,0.4969313846157144,0.4042792939414878
J12432a,64.0,0.04025897589004043,0.002695154132504836,0.04702581511284272,0.028435717174863893,0.012100171853853363,0.012100171853853363,0.004335005829948551,0.008662007771041164,0.008662007771041164,0.0037712241603401185,0.00973698222425878,0.009737028513954783,0.004335005829948551,0.004335005829948551,0.004850542296487258,0.005567004127532856,0.4729919529691902,0.40304980767594567,0.012070439687603003,0.012071022113072158,0.002695154132504836,0.04702581511284272,0.028435717174863893,0.012871261434406027,0.012871261434406027,0.010041195659213834,0.010041031833262371,0.010044138856942981,0.010044138856942981,0.010257949417913484,0.010258263970928865,0.012871261434406027,0.012871261434406027,0.01092759814061228,0.008986392939530592,0.012071022113072158,0.012071022113072158,0.004850542296487258,0.005567004127532856,0.4729919529691902,0.40304980767594567,0.008662007771041164,0.008662007771041164,0.00973698222425878,0.009737028513954783,0.004744693780105435,0.005490121527482649,0.47042884246763433,0.40232692307572065
J12440dW,64.0,0.15938799296458658,0.0017750674171089363,0.010837617057174538,0.004833910837421993,0.0029799140649205192,0.0029799140649205192,0.002938885553905159,0.002521312554836775,0.002521312554836775,0.0029816412307904455,0.0028091705878242968,0.002807194877287131,0.002938885553905159,0.002938885553905159,0.0014891979930721222,0.001540942010805782,0.3264837874798304,0.2577746077231722,0.0030468349954388017,0.003041558344108171,0.0017750674171089363,0.010837617057174538,0.004833910837421993,0.002855426058720736,0.002855426058720736,0.002983567862269202,0.00298393424415856,0.002753183944584502,0.002753183944584502,0.0029173040483924653,0.002921657584195772,0.002855426058720736,0.002855426058720736,0.0028785009192296763,0.002685039653951005,0.003041558344108171,0.003041558344108171,0.0014891979930721222,0.001540942010805782,0.3264837874798304,0.2577746077231722,0.002521312554836775,0.002521312554836775,0.0028091705878242968,0.002807194877287131,0.0015060043023280372,0.001516039272009081,0.31150813197533594,0.23635589518938918
J12450b,64.0,0.04896595652966267,0.0021429080800742712,0.03929188546985652,0.02819108636157266,0.010810514315609204,0.010810514315609204,0.0040472948673958495,0.008199218459381936,0.008199218459381936,0.0030125816137551017,0.009720594026663745,0.009707577310654813,0.0040472948673958495,0.0040472948673958495,0.005648065929496461,0.00595236408891413,0.43945899767057095,0.38833433307000753,0.011631730160779986,0.011627408809356539,0.0021429080800742712,0.03929188546985652,0.02819108636157266,0.012438745596855198,0.012438745596855198,0.0090033377450519,0.009002213111667478,0.009945448537860052,0.009945448537860052,0.009778456405636711,0.009782554339563605,0.012438745596855198,0.012438745596855198,0.010950359578984721,0.009326111032063268,0.011627408809356539,0.011627408809356539,0.005648065929496461,0.00595236408891413,0.43945899767057095,0.38833433307000753,0.008199218459381936,0.008199218459381936,0.009720594026663745,0.009707577310654813,0.00562091348302991,0.0057618000295172845,0.4324962514791871,0.38611122227877326
J12459b,64.0,0.11583208999547298,0.0025813842747825734,0.03571759678312605,0.020894772559925702,0.0042383344754358225,0.0042383344754358225,0.0035349970792109353,0.0033987745937711306,0.0033987745937711306,0.0034770347133466373,0.0039934326835327745,0.003993984734842513,0.0035349970792109353,0.0035349970792109353,0.002341136979079351,0.002525603038153139,0.41131723620364935,0.365007398565385,0.004529346318740401,0.004529923977705567,0.0025813842747825734,0.03571759678312605,0.020894772559925702,0.004734562250091889,0.004734562250091889,0.0035682324862775896,0.003568684879171822,0.0038308893188982404,0.0038308893188982404,0.00363406423334496,0.0036458386679054204,0.004734562250091889,0.004734562250091889,0.003936649759679576,0.0036731687433791678,0.004529923977705567,0.004529923977705567,0.002341136979079351,0.002525603038153139,0.41131723620364935,0.365007398565385,0.0033987745937711306,0.0033987745937711306,0.0039934326835327745,0.003993984734842513,0.0023083453797789586,0.0024706214604648252,0.40861898167922245,0.36281811210619486
P24P27dW,45.0,0.10395113613678551,0.0013941735065314304,0.012897863605265738,0.0037899758616167967,0.003477514167138558,0.003477514167138558,0.0020132555359590213,0.0033556125807643654,0.0033556125807643654,0.0019601737569950317,0.0037680028799556005,0.003766139101164467,0.0020132555359590213,0.0020132555359590213,0.0010441949031052553,0.0011881102062970554,0.3435072506011567,0.24276368202600432,0.0034924583511608516,0.0034927066804416847,0.0013941735065314304,0.012897863605265738,0.0037899758616167967,0.003999130353923044,0.003999130353923044,0.003287643781884409,0.0032781917606586443,0.003787274976575585,0.003787274976575585,0.003316961807036343,0.0033171669948891085,0.003999130353923044,0.003999130353923044,0.0034407934311284846,0.0031002904450700914,0.0034927066804416847,0.0034927066804416847,0.0010441949031052553,0.0011881102062970554,0.3435072506011567,0.24276368202600432,0.0033556125807643654,0.0033556125807643654,0.0037680028799556005,0.003766139101164467,0.0010792838558248883,0.001153879122344346,0.3276103298857696,0.19645907792224457
SP05P08b,64.0,0.01777045791997321,0.0018596883364233948,0.04342581534096265,0.02750267010536817,0.004918918282104156,0.004918918282104156,0.002655070521720853,0.004149955065588541,0.004149955065588541,0.0021999233114359655,0.004127127726234854,0.004128283936984873,0.002655070521720853,0.002655070521720853,0.0024850173109400233,0.003090381877480861,0.40072626234645536,0.3672672075601007,0.005047574658772005,0.00505905098049301,0.0018596883364233948,0.04342581534096265,0.02750267010536817,0.005237661655225816,0.005237661655225816,0.004288490846007751,0.004287442257445686,0.004687538428399781,0.004687538428399781,0.0045213738902319485,0.004521767433545955,0.005237661655225816,0.005237661655225816,0.005110347072844384,0.0041170915508905,0.00505905098049301,0.00505905098049301,0.0024850173109400233,0.003090381877480861,0.40072626234645536,0.3672672075601007,0.004149955065588541,0.004149955065588541,0.004127127726234854,0.004128283936984873,0.002406584479253621,0.003051452699146823,0.4027325259515758,0.3674004693016335
SP05P08c,64.0,0.01883608205683028,0.0020191735453920405,0.031127548920398977,0.01873113997806515,0.006838228669269269,0.006838228669269269,0.00264210843370519,0.004702286951479009,0.004702286951479009,0.0022568621960330315,0.005740815140463811,0.005744493303724619,0.00264210843370519,0.00264210843370519,0.003280761057106273,0.0034808402824308155,0.41150728691697613,0.3741309723638138,0.008088592737819991,0.008089492230718528,0.0020191735453920405,0.031127548920398977,0.01873113997806515,0.00855372892543821,0.00855372892543821,0.005134529547684572,0.005134734130903255,0.005723051188995223,0.005723051188995223,0.005855648557690645,0.005855518481715469,0.00855372892543821,0.00855372892543821,0.007494832503911008,0.006673580914037332,0.008089492230718528,0.008089492230718528,0.003280761057106273,0.0034808402824308155,0.41150728691697613,0.3741309723638138,0.004702286951479009,0.004702286951479009,0.005740815140463811,0.005744493303724619,0.003536261170177121,0.0032798902311025778,0.4046158109587013,0.3718529088182103
SP09P12d,64.0,0.027130073728444382,0.0032513326242949794,0.047612972040866036,0.024665620857499473,0.015014023075713718,0.015014023075713718,0.006723168148225116,0.013024981996315292,0.013024981996315292,0.004865522757448181,0.01417699874417805,0.014175923174949371,0.006723168148225116,0.006723168148225116,0.009558340151503737,0.01001396695197966,0.47427271575331137,0.40565727688139713,0.01509919798194027,0.015099666346373483,0.0032513326242949794,0.047612972040866036,0.024665620857499473,0.01611215538458989,0.01611215538458989,0.013511807539315397,0.013512724654875095,0.013716522406226474,0.013716522406226474,0.01472225348104392,0.01472222805020959,0.01611215538458989,0.01611215538458989,0.014720857888913537,0.01311734961362494,0.015099666346373483,0.015099666346373483,0.009558340151503737,0.01001396695197966,0.47427271575331137,0.40565727688139713,0.013024981996315292,0.013024981996315292,0.01417699874417805,0.014175923174949371,0.009852987541489252,0.009929019058161796,0.4625807333200285,0.4010560369439188
SP16P19d,64.0,0.035620568241481666,0.0025990969829651402,0.05360484128998622,0.03104573569252803,0.007967353282246799,0.007967353282246799,0.003919372074204389,0.005975383796753421,0.005975383796753421,0.0030942134947174508,0.006978393261286462,0.0069787551228775785,0.003919372074204389,0.003919372074204389,0.003721192793607687,0.004408090385493781,0.4755040456270612,0.4186343438706079,0.008717681061182536,0.008734843981770378,0.0025990969829651402,0.05360484128998622,0.03104573569252803,0.009020138864333305,0.009020138864333305,0.00626579613854837,0.006265889352610658,0.0065529672042016545,0.0065529672042016545,0.007504939279061691,0.007504789821563298,0.009020138864333305,0.009020138864333305,0.007616096476267426,0.006416447226361996,0.008734843981770378,0.008734843981770378,0.003721192793607687,0.004408090385493781,0.4755040456270612,0.4186343438706079,0.005975383796753421,0.005975383796753421,0.006978393261286462,0.0069787551228775785,0.0036503251761043284,0.004359575829895883,0.47223890535977814,0.4131201216152868
SP28P31d,64.0,0.04023232896677388,0.002984223759744437,0.09391983245965026,0.05314720366924434,0.012906463555352408,0.012906463555352408,0.005329928063933377,0.010042285869770684,0.010042285869770684,0.004173148384181449,0.011750649479194894,0.011750719820371272,0.005329928063933377,0.005329928063933377,0.006048761200429089,0.007134324117184251,0.4402750106002049,0.40424822124750287,0.013706554057724227,0.013706135798076127,0.002984223759744437,0.09391983245965026,0.05314720366924434,0.01363770753532014,0.01363770753532014,0.011091215216383463,0.011215636199347154,0.011440280376550817,0.011440280376550817,0.011754281343227663,0.011754193352372377,0.01363770753532014,0.01363770753532014,0.012593236980069604,0.011026367308024537,0.013706135798076127,0.013706135798076127,0.006048761200429089,0.007134324117184251,0.4402750106002049,0.40424822124750287,0.010042285869770684,0.010042285869770684,0.011750649479194894,0.011750719820371272,0.006070910570465034,0.007192332457138374,0.43850640780902883,0.4030105754304811
SP36P38a,64.0,0.03765302564038354,0.002143394348802314,0.09205258409082014,0.060325060382987745,0.010714156195885546,0.010714156195885546,0.003161981865638415,0.007370020281052619,0.007370020281052619,0.0025653622632727667,0.008241888885416696,0.008242019217886622,0.003161981865638415,0.003161981865638415,0.005109868664142036,0.006425068703814921,0.4680663168955917,0.41418742554664423,0.010196355002243274,0.01019672458052285,0.002143394348802314,0.09205258409082014,0.060325060382987745,0.010912738544458084,0.010912738544458084,0.007427594331007843,0.007428858285004642,0.008369153627503513,0.008369153627503513,0.00810572262795383,0.008105696194553614,0.010912738544458084,0.010912738544458084,0.009297237047153736,0.008199639211387954,0.01019672458052285,0.01019672458052285,0.005109868664142036,0.006425068703814921,0.4680663168955917,0.41418742554664423,0.007370020281052619,0.007370020281052619,0.008241888885416696,0.008242019217886622,0.005004831185532537,0.006043842477583784,0.4643789525262869,0.41208123016986425
UL000081,193.0,0.019235896663568803,0.00511798239183044,0.05597486740369798,0.0513685151627126,0.01060829412121518,0.01060829412121518,0.005354534252773426,0.009490936882429598,0.009490936882429598,0.005198626214464439,0.010398090679665354,0.010396931551896187,0.005354534252773426,0.005354534252773426,0.00916277556156031,0.009065355601487642,0.6982856642746941,0.6209000044874095,0.010573637374358246,0.01057362376674466,0.00511798239183044,0.05597486740369798,0.0513685151627126,0.010659498450334865,0.010659498450334865,0.009483442652071607,0.009482079767350602,0.009624759504714562,0.009624759504714562,0.010181882207980594,0.010187947138109837,0.010659498450334865,0.010659498450334865,0.010479633578314843,0.009445320167862932,0.01057362376674466,0.01057362376674466,0.00916277556156031,0.009065355601487642,0.6982856642746941,0.6209000044874095,0.009490936882429598,0.009490936882429598,0.010398090679665354,0.010396931551896187,0.00912130448577615,0.00904722781723506,0.701349721519588,0.6253150756680872
UL000083,176.0,0.08679234757041984,0.10677885186141654,0.301660730030355,0.2837097961557695,0.005921645620795582,0.005921645620795582,0.20698753132314304,0.005553328979685184,0.005553328979685184,0.11662724543647865,0.005986427850338654,0.005986901464695326,0.20698753132314304,0.20698753132314304,0.005342806732940527,0.0052922761176755085,0.802941959175408,0.6459870003787013,0.005949400399509852,0.00594862583146453,0.10677885186141654,0.301660730030355,0.2837097961557695,0.006563053623163057,0.006563053623163057,0.005496473816461813,0.0054965482530196855,0.00561764182142884,0.00561764182142884,0.005857221648040368,0.005852384896836821,0.006563053623163057,0.006563053623163057,0.005893151342445518,0.005435713364668811,0.00594862583146453,0.00594862583146453,0.005342806732940527,0.0052922761176755085,0.802941959175408,0.6459870003787013,0.005553328979685184,0.005553328979685184,0.005986427850338654,0.005986901464695326,0.005406615671686773,0.005323081579101485,0.8038253748012842,0.6463292027643432
UL000087,192.0,0.02037406599041634,0.005570558061394267,0.13851094079835227,0.11723699454547361,0.009083219341958163,0.009083219341958163,0.006105058953119729,0.008507808528748035,0.008507808528748035,0.005903599424916669,0.009111895762765243,0.009119497527302829,0.006105058953119729,0.006105058953119729,0.00765190508997845,0.0072629000755176365,0.7374765548538429,0.6968645330394829,0.009121707962139585,0.009122066366275232,0.005570558061394267,0.13851094079835227,0.11723699454547361,0.009232331261112522,0.009232331261112522,0.008607920117062028,0.00860906307156485,0.008604931157346571,0.008604931157346571,0.008963017828907145,0.008974637191063268,0.009232331261112522,0.009232331261112522,0.009005786319856884,0.008094458800024316,0.009122066366275232,0.009122066366275232,0.00765190508997845,0.0072629000755176365,0.7374765548538429,0.6968645330394829,0.008507808528748035,0.008507808528748035,0.009111895762765243,0.009119497527302829,0.007780575911627494,0.007311255418330513,0.7369040750168915,0.6959663887374025
UL000089,777.0,0.14988468035582367,0.020177769230532758,0.14979946262062024,0.26930798747460705,0.016347944678323952,0.016347944678323952,0.02035701906439193,0.016405945080183122,0.016405945080183122,0.020404100107559688,0.016336409663716765,0.016336447662642344,0.02035701906439193,0.02035701906439193,0.01636243388067112,0.016291562127107317,0.9416233669249306,0.9232928385484449,0.016324037220791537,0.01633725411155846,0.020177769230532758,0.14979946262062024,0.26930798747460705,0.01633672383426283,0.01633672383426283,0.01639517104034579,0.016406611382833537,0.016407819142090396,0.016407819142090396,0.016341257272200604,0.01634111302152746,0.01633672383426283,0.01633672383426283,0.016321136314677295,0.016323106646735537,0.01633725411155846,0.01633725411155846,0.01636243388067112,0.016291562127107317,0.9416233669249306,0.9232928385484449,0.016405945080183122,0.016405945080183122,0.016336409663716765,0.016336447662642344,0.01636308308113003,0.016290929351877762,0.9418871221936183,0.9239460192163546
UL000091,193.0,0.0219557408240567,0.004938432395392211,0.04438504960206581,0.03777157038847611,0.006842105050481972,0.006842105050481972,0.005018447031239214,0.006341142319482711,0.006341142319482711,0.004965029348325685,0.006835897063054609,0.0068355527187747575,0.005018447031239214,0.005018447031239214,0.006189352429833444,0.006009211435800601,0.7578371693758886,0.6257410307982222,0.006823649645717611,0.006824433040695789,0.004938432395392211,0.04438504960206581,0.03777157038847611,0.006912787564527647,0.006912787564527647,0.006339925655250298,0.00634133179540445,0.006391691680966363,0.006391691680966363,0.006708691460705265,0.006707245158194609,0.006912787564527647,0.006912787564527647,0.006838359863769963,0.006311252561624258,0.006824433040695789,0.006824433040695789,0.006189352429833444,0.006009211435800601,0.7578371693758886,0.6257410307982222,0.006341142319482711,0.006341142319482711,0.006835897063054609,0.0068355527187747575,0.006144169310123051,0.005993033780832982,0.7538403250738818,0.6232948378746873
UL000093,194.0,0.04123707896195683,0.007853278356802836,0.315679082752792,0.28749239834653234,0.010415034225345366,0.010415034225345366,0.008252973848604475,0.009542839107287012,0.009542839107287012,0.007814027320792755,0.010369481694234725,0.010365309729258027,0.008252973848604475,0.008252973848604475,0.008714432479228259,0.008258014166910533,0.7114278490337033,0.6306957251016923,0.01034972784167192,0.010348052390560573,0.007853278356802836,0.315679082752792,0.28749239834653234,0.010598625101852655,0.010598625101852655,0.009472195889664557,0.009476507357556207,0.009646789611828532,0.009646789611828532,0.010142204814660136,0.010141692851536873,0.010598625101852655,0.010598625101852655,0.010328673689943375,0.008923106783618559,0.010348052390560573,0.010348052390560573,0.008714432479228259,0.008258014166910533,0.7114278490337033,0.6306957251016923,0.009542839107287012,0.009542839107287012,0.010369481694234725,0.010365309729258027,0.008714635743659141,0.00840951591626305,0.7137825762530395,0.6351671414608545
UL000095,192.0,0.05750841572105526,0.0060586260800665126,0.1427855401709293,0.11679861684935805,0.009340032803737993,0.009340032803737993,0.006328130992369226,0.0087971986507919,0.0087971986507919,0.0061980203273658205,0.009588807692527134,0.00958941343758247,0.006328130992369226,0.006328130992369226,0.007952866584814634,0.007759589784766625,0.7003868304653871,0.6117985888312002,0.009404725465368172,0.009405903307938777,0.0060586260800665126,0.1427855401709293,0.11679861684935805,0.009543763192858042,0.009543763192858042,0.008651305896222119,0.00865232085386149,0.008926336190455084,0.008926336190455084,0.009187523673376866,0.009186162643742007,0.009543763192858042,0.009543763192858042,0.009318658562466798,0.008311428004213181,0.009405903307938777,0.009405903307938777,0.007952866584814634,0.007759589784766625,0.7003868304653871,0.6117985888312002,0.0087971986507919,0.0087971986507919,0.009588807692527134,0.00958941343758247,0.007922380246222407,0.007857293935062662,0.7021439272643016,0.6130562500560958
UL000097,192.0,0.04067642489618562,0.006125375420793982,0.07044985269515343,0.05868404647626869,0.010713515842745236,0.010713515842745236,0.006443591854796074,0.009868939662398681,0.009868939662398681,0.006217917582024397,0.010702545602859609,0.010701377264132353,0.006443591854796074,0.006443591854796074,0.008974763991233188,0.009019669083599994,0.7006454553305589,0.6357007544643146,0.01070685147651293,0.010700973059384868,0.006125375420793982,0.07044985269515343,0.05868404647626869,0.010718996096271645,0.010718996096271645,0.009864215737005777,0.009869685495219386,0.009933199577744647,0.009933199577744647,0.01033896544891594,0.010338823678824096,0.010718996096271645,0.010718996096271645,0.010621551389344452,0.009482455886117134,0.010700973059384868,0.010700973059384868,0.008974763991233188,0.009019669083599994,0.7006454553305589,0.6357007544643146,0.009868939662398681,0.009868939662398681,0.010702545602859609,0.010701377264132353,0.008990465546186032,0.009004491082020283,0.7011838779889236,0.6354840675724854
UL000579,226.0,0.12694725256890266,0.007726972265925837,0.39735371138489634,0.3587089245856642,0.005706408756546395,0.005706408756546395,0.008778682612241863,0.005631010376423816,0.005631010376423816,0.008354068895201641,0.005881745339200993,0.005881605685304259,0.008778682612241863,0.008778682612241863,0.0052943838810790315,0.005215142463715174,0.832626820339675,0.7052044585661963,0.005646151734597504,0.00564526872276779,0.007726972265925837,0.39735371138489634,0.3587089245856642,0.005803530165919682,0.005803530165919682,0.005580618293011221,0.005581303345517732,0.005636324957834982,0.005636324957834982,0.005627650909342295,0.005627689613730397,0.005803530165919682,0.005803530165919682,0.005625250502695824,0.005360236014737849,0.00564526872276779,0.00564526872276779,0.0052943838810790315,0.005215142463715174,0.832626820339675,0.7052044585661963,0.005631010376423816,0.005631010376423816,0.005881745339200993,0.005881605685304259,0.005342345665960107,0.005265146815387761,0.8278192592386808,0.7049943075398385
UL000581,228.0,0.1303256124906611,0.010477817607982533,0.16836391111341958,0.16707661229163018,0.005929018706535973,0.005929018706535973,0.011111331555122771,0.005810232847007773,0.005810232847007773,0.010843448395642016,0.005979476414782757,0.005979306987676939,0.011111331555122771,0.011111331555122771,0.005363462478415619,0.0054015954069030776,0.9085418375835776,0.7170861738350464,0.0058318165566218945,0.005824791231860461,0.010477817607982533,0.16836391111341958,0.16707661229163018,0.006043048817215093,0.006043048817215093,0.005665477164065929,0.005665935942300961,0.005791955153237164,0.005791955153237164,0.005810320130312987,0.005809867170061529,0.006043048817215093,0.006043048817215093,0.005800122775364743,0.005610000312166886,0.005824791231860461,0.005824791231860461,0.005363462478415619,0.0054015954069030776,0.9085418375835776,0.7170861738350464,0.005810232847007773,0.005810232847007773,0.005979476414782757,0.005979306987676939,0.005384451548081578,0.00538303884536266,0.9078474018400959,0.7160937135977905
UL000585,192.0,0.044624851193399546,0.005701210056376429,0.03957296339230539,0.03446820749286011,0.005688741033754521,0.005688741033754521,0.0061657888585174465,0.005663930288748378,0.005663930288748378,0.005917683017914735,0.005761834775353862,0.005762390798141778,0.0061657888585174465,0.0061657888585174465,0.005021267904766672,0.004993904323824161,0.8179440285830171,0.6414626740175858,0.005660602112035135,0.005662982520176991,0.005701210056376429,0.03957296339230539,0.03446820749286011,0.005846965353808958,0.005846965353808958,0.0056195561659528334,0.005619293428353371,0.005713501276429566,0.005713501276429566,0.005647943688192648,0.005638303520444557,0.005846965353808958,0.005846965353808958,0.0056578877487270035,0.00534458115975445,0.005662982520176991,0.005662982520176991,0.005021267904766672,0.004993904323824161,0.8179440285830171,0.6414626740175858,0.005663930288748378,0.005663930288748378,0.005761834775353862,0.005762390798141778,0.005094251556392443,0.004998502321584116,0.8212390039785671,0.641174529219476
UL000587,551.0,0.2472394642100251,0.014534809502071321,0.27412185797267324,0.3267364250838765,0.012702263146559598,0.012702263146559598,0.014882670570469806,0.012544218600238745,0.012544218600238745,0.014805483591630256,0.012676268930349661,0.012677733540199602,0.014882670570469806,0.014882670570469806,0.012461518931346255,0.01222623994386478,0.9433356761369431,0.8830309453619057,0.012671348241424973,0.012679328848649517,0.014534809502071321,0.27412185797267324,0.3267364250838765,0.012688128552792501,0.012688128552792501,0.012531747338006598,0.012536784923750733,0.012541240739522083,0.012541240739522083,0.012683310079491436,0.01268338044091443,0.012688128552792501,0.012688128552792501,0.01265128811618102,0.012371820041702602,0.012679328848649517,0.012679328848649517,0.012461518931346255,0.01222623994386478,0.9433356761369431,0.8830309453619057,0.012544218600238745,0.012544218600238745,0.012676268930349661,0.012677733540199602,0.012477569001740605,0.012245946478111221,0.9463267008155186,0.8830313419852618
UL000593,192.0,0.04739176233463321,0.005939685655711777,0.07960656936185427,0.07320111181128948,0.005930608757478241,0.005930608757478241,0.006700460788669955,0.005516719096258396,0.005516719096258396,0.006297657760167396,0.005998464410838543,0.00599825554011475,0.006700460788669955,0.006700460788669955,0.0051980496744102505,0.005051677281647365,0.8133189525905488,0.6421986966463216,0.005878974559822287,0.005875055670553482,0.005939685655711777,0.07960656936185427,0.07320111181128948,0.006044056398649202,0.006044056398649202,0.005463958298830546,0.005461825076666209,0.005545366144699805,0.005545366144699805,0.005826820042057412,0.005833565695086939,0.006044056398649202,0.006044056398649202,0.005851434453764084,0.005288160469060548,0.005875055670553482,0.005875055670553482,0.0051980496744102505,0.005051677281647365,0.8133189525905488,0.6421986966463216,0.005516719096258396,0.005516719096258396,0.005998464410838543,0.00599825554011475,0.0051740257328212165,0.005013225157997385,0.8017328047077917,0.640860917231257
UL000599,524.0,0.21173107995656948,0.01435753150914823,0.19279554577856856,0.22899340227390164,0.013112719945939372,0.013112719945939372,0.01495807495241924,0.013203709098477331,0.013203709098477331,0.014686471218183166,0.013084418778160928,0.013083514947636024,0.01495807495241924,0.01495807495241924,0.012790226890848772,0.012355847028649728,0.9493488207039716,0.881370930387717,0.013091792571711131,0.013099725951339182,0.01435753150914823,0.19279554577856856,0.22899340227390164,0.013107598975349724,0.013107598975349724,0.013185410696619417,0.013192221547292025,0.013203507130170617,0.013203507130170617,0.013082518726800186,0.013082985217958885,0.013107598975349724,0.013107598975349724,0.013071873510093071,0.012560318527453141,0.013099725951339182,0.013099725951339182,0.012790226890848772,0.012355847028649728,0.9493488207039716,0.881370930387717,0.013203709098477331,0.013203709098477331,0.013084418778160928,0.013083514947636024,0.012794231439571192,0.012362602456154337,0.947957037074479,0.8803199295690648
UL001641,192.0,0.018725415112324874,0.005461079508611165,0.03807904695959028,0.03883928946706721,0.00901517212782615,0.00901517212782615,0.0054915561182958305,0.008415035454659043,0.008415035454659043,0.005453776921171538,0.008940459140379215,0.008940759551111179,0.0054915561182958305,0.0054915561182958305,0.0077447463214845485,0.0075578715256791875,0.6738157346799513,0.6013700845706146,0.009068142373245007,0.009068642828592363,0.005461079508611165,0.03807904695959028,0.03883928946706721,0.009154440551503391,0.009154440551503391,0.008394652822066539,0.008390830642335671,0.008508573324894462,0.008508573324894462,0.008753974989284234,0.00875385032912628,0.009154440551503391,0.009154440551503391,0.008993810087348984,0.008047028498115043,0.009068642828592363,0.009068642828592363,0.0077447463214845485,0.0075578715256791875,0.6738157346799513,0.6013700845706146,0.008415035454659043,0.008415035454659043,0.008940459140379215,0.008940759551111179,0.007754242376732392,0.0075389777793214464,0.6746237730390466,0.6033788555100961
UL001643,192.0,0.02139951984062907,0.005075974488628608,0.048213452369827166,0.04304603893718576,0.010111734450920057,0.010111734450920057,0.005219659175185549,0.009118450284102506,0.009118450284102506,0.0051487008811740426,0.009884269845642687,0.009884320694799612,0.005219659175185549,0.005219659175185549,0.008559782243463201,0.008251174185665568,0.6998828377177618,0.6277614695973436,0.010067760405445063,0.01006712909657854,0.005075974488628608,0.048213452369827166,0.04304603893718576,0.010222840427684458,0.010222840427684458,0.0091296684636176,0.009130623527376208,0.00918392204375756,0.00918392204375756,0.009745683845445203,0.009749322406515706,0.010222840427684458,0.010222840427684458,0.00998560856663742,0.00877107606426102,0.01006712909657854,0.01006712909657854,0.008559782243463201,0.008251174185665568,0.6998828377177618,0.6277614695973436,0.009118450284102506,0.009118450284102506,0.009884269845642687,0.009884320694799612,0.008535058025395089,0.008159875171387538,0.7000508934330701,0.62611819519244
UL001645,192.0,0.02620615443410512,0.00497599979933631,0.04061281676371889,0.04067919958358759,0.008960008126247908,0.008960008126247908,0.005101431996113146,0.008216110277699192,0.008216110277699192,0.005124107053374073,0.008948897803194291,0.00894923588061624,0.005101431996113146,0.005101431996113146,0.007673267436289443,0.007261981309889425,0.7170476849249797,0.6332072181600127,0.008997395152878566,0.008997923230747643,0.00497599979933631,0.04061281676371889,0.04067919958358759,0.009109739287230757,0.009109739287230757,0.008178037096644395,0.008178531112970202,0.008279665031214014,0.008279665031214014,0.00881882640920737,0.008817554387940178,0.009109739287230757,0.009109739287230757,0.008940650787812811,0.00785504869337854,0.008997923230747643,0.008997923230747643,0.007673267436289443,0.007261981309889425,0.7170476849249797,0.6332072181600127,0.008216110277699192,0.008216110277699192,0.008948897803194291,0.00894923588061624,0.0076990883998982575,0.007420753391632733,0.71812139290864,0.6328850386760313
UL001647,192.0,0.01925470457560272,0.005119582075200719,0.06300052935600395,0.05887387387157305,0.009697845257858762,0.009697845257858762,0.005240226221467367,0.008596296634771515,0.008596296634771515,0.005181371520744307,0.009657403577476084,0.009657630006817177,0.005240226221467367,0.005240226221467367,0.008105651843959638,0.008034533716365562,0.6819643217056178,0.5894638996199629,0.009634176437358623,0.009633704978152925,0.005119582075200719,0.06300052935600395,0.05887387387157305,0.009897870982333148,0.009897870982333148,0.008558703529516124,0.008560523701362698,0.008642927244704232,0.008642927244704232,0.009344157139975993,0.009348749926881969,0.009897870982333148,0.009897870982333148,0.009584744410569746,0.008382775481229333,0.009633704978152925,0.009633704978152925,0.008105651843959638,0.008034533716365562,0.6819643217056178,0.5894638996199629,0.008596296634771515,0.008596296634771515,0.009657403577476084,0.009657630006817177,0.008133932676079236,0.008025263460295895,0.686052453588168,0.5966835332846631
UL001649,192.0,0.018702655253541058,0.005206004223191269,0.03474682231405586,0.034859526457883885,0.010575245474637571,0.010575245474637571,0.0054324714468859565,0.009356151486097352,0.009356151486097352,0.005327877625193079,0.010361671779471544,0.010359850378366101,0.0054324714468859565,0.0054324714468859565,0.008637864935991385,0.008128946576881043,0.6882144323884966,0.6176351341593799,0.010529153501535318,0.010532076615106077,0.005206004223191269,0.03474682231405586,0.034859526457883885,0.010840955037510668,0.010840955037510668,0.009274267002368526,0.009279759588173625,0.009421186442693559,0.009421186442693559,0.010045682683657164,0.01004491580766347,0.010840955037510668,0.010840955037510668,0.01037276642230611,0.008884575693585833,0.010532076615106077,0.010532076615106077,0.008637864935991385,0.008128946576881043,0.6882144323884966,0.6176351341593799,0.009356151486097352,0.009356151486097352,0.010361671779471544,0.010359850378366101,0.008642627273351812,0.008216300360947545,0.68873752764355,0.6187827442212966
UL001651,192.0,0.018178704452233612,0.004994154335765506,0.038941403616077286,0.037286495253221384,0.009751980598768176,0.009751980598768176,0.005215941446321959,0.008534897500770806,0.008534897500770806,0.005204887016213264,0.009422662021110926,0.009410020513713766,0.005215941446321959,0.005215941446321959,0.008162131815859624,0.0076252812313998075,0.6984897543764497,0.6179205531830118,0.00976762467634151,0.009766398574736821,0.004994154335765506,0.038941403616077286,0.037286495253221384,0.009863679818504518,0.009863679818504518,0.008732921625416043,0.008733726084657731,0.008749083517610485,0.008749083517610485,0.009379626911770847,0.00937981924146432,0.009863679818504518,0.009863679818504518,0.00968080222033627,0.00832831140898115,0.009766398574736821,0.009766398574736821,0.008162131815859624,0.0076252812313998075,0.6984897543764497,0.6179205531830118,0.008534897500770806,0.008534897500770806,0.009422662021110926,0.009410020513713766,0.008212012689692533,0.007713451497461086,0.7027782790148729,0.6205073878139401
UL001653,192.0,0.019501414619508262,0.004861634500555978,0.03647951353069625,0.03357377361998882,0.010616111720406994,0.010616111720406994,0.005059203782075038,0.009501158251560839,0.009501158251560839,0.0049931630475121055,0.010415067933639248,0.010414711409149792,0.005059203782075038,0.005059203782075038,0.008535822258461416,0.007992264164620384,0.695673487411189,0.6093600051498232,0.01066694680613048,0.010662672783567438,0.004861634500555978,0.03647951353069625,0.03357377361998882,0.010771820615994568,0.010771820615994568,0.009632473067170908,0.009622288718845514,0.009699900139419366,0.009699900139419366,0.010205146624732942,0.010203773721584493,0.010771820615994568,0.010771820615994568,0.010577992943188034,0.008807624599064656,0.010662672783567438,0.010662672783567438,0.008535822258461416,0.007992264164620384,0.695673487411189,0.6093600051498232,0.009501158251560839,0.009501158251560839,0.010415067933639248,0.010414711409149792,0.008575204823968785,0.008134802094715203,0.6962822155694482,0.6113929782923105
UL001655,192.0,0.018781322843276854,0.00500399933927547,0.05507957107553396,0.04637781464534757,0.010955562432879132,0.010955562432879132,0.005292214825858733,0.009410659249757217,0.009410659249757217,0.005160235910024238,0.010641741294252847,0.010640670690391325,0.005292214825858733,0.005292214825858733,0.008795549167079917,0.00837412395024155,0.6911038921188025,0.5950927821343996,0.011201330495005312,0.01120918151856926,0.00500399933927547,0.05507957107553396,0.04637781464534757,0.01118817095099553,0.01118817095099553,0.009461986338456033,0.009461599020013249,0.009619608362847053,0.009619608362847053,0.010499105199003357,0.010494985047398195,0.01118817095099553,0.01118817095099553,0.010966934186219995,0.009250014311440591,0.01120918151856926,0.01120918151856926,0.008795549167079917,0.00837412395024155,0.6911038921188025,0.5950927821343996,0.009410659249757217,0.009410659249757217,0.010641741294252847,0.010640670690391325,0.008849075244362731,0.00839829496248764,0.6943114954435557,0.6002128535819687
UL001665,192.0,0.024986030728300208,0.005185712976745719,0.055879809817234394,0.05393202211669464,0.009908792424304197,0.009908792424304197,0.005236091971671251,0.008865790280020257,0.008865790280020257,0.005255653160560004,0.009878105670206359,0.009876870562971983,0.005236091971671251,0.005236091971671251,0.008277416944877774,0.007874450698260553,0.7108236505182542,0.6348296979166866,0.009982203454415564,0.00998165610497642,0.005185712976745719,0.055879809817234394,0.05393202211669464,0.009915066561810895,0.009915066561810895,0.008766119001964045,0.00876962752583161,0.008980632000127216,0.008980632000127216,0.009559107364637326,0.009552110910785986,0.009915066561810895,0.009915066561810895,0.009867464698227248,0.008542895263909256,0.00998165610497642,0.00998165610497642,0.008277416944877774,0.007874450698260553,0.7108236505182542,0.6348296979166866,0.008865790280020257,0.008865790280020257,0.009878105670206359,0.009876870562971983,0.00820982895705089,0.00790184004444889,0.7142613650704809,0.6389130919070151
UL001667,194.0,0.03508976903594674,0.005422334337891309,0.052575750140777984,0.0501711749178646,0.008084952266074145,0.008084952266074145,0.005558389595983108,0.007430196736614405,0.007430196736614405,0.005531063378103119,0.008122896244795622,0.00812009081654907,0.005558389595983108,0.005558389595983108,0.00697703124146439,0.006723870497900317,0.750186550131605,0.6298591114852529,0.008066176740699642,0.008065760285556374,0.005422334337891309,0.052575750140777984,0.0501711749178646,0.008274741172281665,0.008274741172281665,0.007398767951280272,0.0073998455156630795,0.00751204828881137,0.00751204828881137,0.007735002318398025,0.007733935636179379,0.008274741172281665,0.008274741172281665,0.008000181659091853,0.007166645732511435,0.008065760285556374,0.008065760285556374,0.00697703124146439,0.006723870497900317,0.750186550131605,0.6298591114852529,0.007430196736614405,0.007430196736614405,0.008122896244795622,0.00812009081654907,0.007031558503666229,0.006756736932315802,0.7474580679802257,0.6267851928238172
UL001669,192.0,0.057581673895561784,0.00511768885899228,0.042236601509467404,0.03708642061108262,0.010608584032314563,0.010608584032314563,0.00549804686581246,0.009326165310396733,0.009326165310396733,0.005212759436231645,0.010343915802901034,0.010341779688897376,0.00549804686581246,0.00549804686581246,0.009157716377915988,0.00871667881378446,0.7009509321318373,0.599805672080549,0.010672878337933492,0.010675708644617863,0.00511768885899228,0.042236601509467404,0.03708642061108262,0.010823889410039334,0.010823889410039334,0.009369777244523208,0.009368734463931702,0.009536579241653015,0.009536579241653015,0.010301489742823189,0.01030089242742061,0.010823889410039334,0.010823889410039334,0.010602035813934626,0.009428472215514938,0.010675708644617863,0.010675708644617863,0.009157716377915988,0.00871667881378446,0.7009509321318373,0.599805672080549,0.009326165310396733,0.009326165310396733,0.010343915802901034,0.010341779688897376,0.009134405601530877,0.00885129474809487,0.7014078305592003,0.6012467816765709
UL001671,192.0,0.01985183544887818,0.005053633969524815,0.04930693656460316,0.0508124208467288,0.01003868517725755,0.01003868517725755,0.00530200854738926,0.009083420041993985,0.009083420041993985,0.005268292209465462,0.010179203368514706,0.010177787159599104,0.00530200854738926,0.00530200854738926,0.008197317442584728,0.00774640072115015,0.6926747347885763,0.6095620187355986,0.010238721680982539,0.010235792563506504,0.005053633969524815,0.04930693656460316,0.0508124208467288,0.01052816922430728,0.01052816922430728,0.00912172440778285,0.009120084316886691,0.009167860582069797,0.009167860582069797,0.010059329922643903,0.01005461116212355,0.01052816922430728,0.01052816922430728,0.010081733188629032,0.008452586150012573,0.010235792563506504,0.010235792563506504,0.008197317442584728,0.00774640072115015,0.6926747347885763,0.6095620187355986,0.009083420041993985,0.009083420041993985,0.010179203368514706,0.010177787159599104,0.008296180894817888,0.007864383158047808,0.6955649943698208,0.6122764700390048
UL001673,192.0,0.01836197007209705,0.004988576562801096,0.032730637023799296,0.0349828595185829,0.010409486740296837,0.010409486740296837,0.005163557518508559,0.009508920780748893,0.009508920780748893,0.005126785925746543,0.010483195933500604,0.010486949795520279,0.005163557518508559,0.005163557518508559,0.00855275355631076,0.008205514998408927,0.6655567802446344,0.5863123695765394,0.010424574493864728,0.010422463884687474,0.004988576562801096,0.032730637023799296,0.0349828595185829,0.010574796460146708,0.010574796460146708,0.009427103392807572,0.009427735785714547,0.00962951853415038,0.00962951853415038,0.010145734182211355,0.010146079408236357,0.010574796460146708,0.010574796460146708,0.010309878315135437,0.008998498896523066,0.010422463884687474,0.010422463884687474,0.00855275355631076,0.008205514998408927,0.6655567802446344,0.5863123695765394,0.009508920780748893,0.009508920780748893,0.010483195933500604,0.010486949795520279,0.008676936036966785,0.008334640250834564,0.6703549050308881,0.5856414031455257
UL001675,192.0,0.01941725836335168,0.005021811319179334,0.04623980832330327,0.04401179613185014,0.009517527678188325,0.009517527678188325,0.00523059177579081,0.008975020220481944,0.008975020220481944,0.005118676895273013,0.009864842254092586,0.009863909469701343,0.00523059177579081,0.00523059177579081,0.00825488533978099,0.008044411213460454,0.7242401847160593,0.6747716060300412,0.009628530670162786,0.009630611768240737,0.005021811319179334,0.04623980832330327,0.04401179613185014,0.009940839132237644,0.009940839132237644,0.008964622968104609,0.008977570913853641,0.00905066568541494,0.00905066568541494,0.009604893290061766,0.009608984927042917,0.009940839132237644,0.009940839132237644,0.00958541664641414,0.008504027405300497,0.009630611768240737,0.009630611768240737,0.00825488533978099,0.008044411213460454,0.7242401847160593,0.6747716060300412,0.008975020220481944,0.008975020220481944,0.009864842254092586,0.009863909469701343,0.008406926523092084,0.008287346371734446,0.7240212640775595,0.6649125571992827
UL001677,192.0,0.021374365061467167,0.0049849025356471085,0.055241567428354406,0.050404363604882124,0.010330869415659288,0.010330869415659288,0.005165235852504477,0.009230179598835254,0.009230179598835254,0.005073580954551952,0.010140516496833514,0.010146527272059686,0.005165235852504477,0.005165235852504477,0.008760247039998847,0.008543444862753288,0.7083830206694195,0.6419905738094013,0.010251594378511761,0.010250954653846553,0.0049849025356471085,0.055241567428354406,0.050404363604882124,0.010254964003737379,0.010254964003737379,0.009287298365580282,0.0092795765851628,0.009310076259112045,0.009310076259112045,0.009836181456245865,0.009835425777694988,0.010254964003737379,0.010254964003737379,0.010120891861343675,0.009087534655105327,0.010250954653846553,0.010250954653846553,0.008760247039998847,0.008543444862753288,0.7083830206694195,0.6419905738094013,0.009230179598835254,0.009230179598835254,0.010140516496833514,0.010146527272059686,0.008673492869599701,0.008526236927923014,0.7076529769243985,0.6425975592723686
UL001679,992.0,0.171476430512051,0.025694028387199735,0.14491691695134282,0.29440131696682664,0.020915283068138026,0.020915283068138026,0.02591126313848939,0.020898237368127518,0.020898237368127518,0.02593956369970878,0.02090640146473714,0.020906713347248383,0.02591126313848939,0.02591126313848939,0.020899180552426424,0.02079001349192914,0.9525617307476426,0.9355468173196413,0.020878293040516936,0.020909017604338696,0.025694028387199735,0.14491691695134282,0.29440131696682664,0.02090884940498349,0.02090884940498349,0.02087672179709787,0.020900631372414612,0.020899657808103184,0.020899657808103184,0.020919696411168767,0.02091992010489589,0.02090884940498349,0.02090884940498349,0.020875941480316223,0.020878522256840854,0.020909017604338696,0.020909017604338696,0.020899180552426424,0.02079001349192914,0.9525617307476426,0.9355468173196413,0.020898237368127518,0.020898237368127518,0.02090640146473714,0.020906713347248383,0.020901903759092393,0.020793625168643148,0.9530373784323107,0.9355615964347839
UL001713,228.0,0.08666684460652666,0.005868454084706492,0.06074022435578491,0.06595910918028651,0.008805155104834898,0.008805155104834898,0.006054099872091125,0.008135357152172232,0.008135357152172232,0.006001154745618361,0.008860712092756283,0.008859932045003936,0.006054099872091125,0.006054099872091125,0.007815694909566647,0.007388270722482332,0.7445821068647906,0.6583954862558412,0.008840129762601668,0.008841298486643612,0.005868454084706492,0.06074022435578491,0.06595910918028651,0.009067532305615373,0.009067532305615373,0.008079462852586136,0.008081561657762127,0.008210339397465337,0.008210339397465337,0.008614906861893153,0.008616483134249458,0.009067532305615373,0.009067532305615373,0.008819253581995142,0.007736071738257652,0.008841298486643612,0.008841298486643612,0.007815694909566647,0.007388270722482332,0.7445821068647906,0.6583954862558412,0.008135357152172232,0.008135357152172232,0.008860712092756283,0.008859932045003936,0.007872877268790551,0.007374834581345221,0.7498875564779839,0.661139195692581
UL001717,226.0,0.10992351137751585,0.043224157686158685,0.36502586965493733,0.35570830798228076,0.007487731850040428,0.007487731850040428,0.06895363818610523,0.007240673619933524,0.007240673619933524,0.044444733102899134,0.007591553126353295,0.007588652197827651,0.06895363818610523,0.06895363818610523,0.006746836122512811,0.006433630924658857,0.798002763898087,0.6988406135386412,0.007434264668011566,0.007427837365147371,0.043224157686158685,0.36502586965493733,0.35570830798228076,0.007912596023057545,0.007912596023057545,0.007219447370578096,0.007217580284974272,0.007327237925128751,0.007327237925128751,0.007447522521754393,0.007444943928730438,0.007912596023057545,0.007912596023057545,0.007350950440033677,0.006715336394553986,0.007427837365147371,0.007427837365147371,0.006746836122512811,0.006433630924658857,0.798002763898087,0.6988406135386412,0.007240673619933524,0.007240673619933524,0.007591553126353295,0.007588652197827651,0.006776968957397927,0.0064708304700884945,0.7996198368357835,0.6991952806998154
UL001719,207.0,0.09018562098117884,0.005441852622820779,0.1983399591692121,0.18454276680951703,0.009754463421309855,0.009754463421309855,0.00556339754718902,0.008633207485908118,0.008633207485908118,0.005501117923832944,0.009662521243198207,0.009660447062933793,0.00556339754718902,0.00556339754718902,0.008265659196004723,0.007635993599670281,0.7316193047863894,0.6483405100635112,0.009803764305498876,0.009806186908844721,0.005441852622820779,0.1983399591692121,0.18454276680951703,0.00998108680893596,0.00998108680893596,0.00862638905993321,0.008628869388034983,0.008771384442022164,0.008771384442022164,0.009533650992512932,0.009537465305785758,0.00998108680893596,0.00998108680893596,0.00965294181200111,0.008240026914007655,0.009806186908844721,0.009806186908844721,0.008265659196004723,0.007635993599670281,0.7316193047863894,0.6483405100635112,0.008633207485908118,0.008633207485908118,0.009662521243198207,0.009660447062933793,0.00835068558671418,0.007725133571705238,0.7280140376120786,0.6455911568096874
UL001765,193.0,0.0204345262959583,0.005492052983459916,0.06701965652212909,0.0579397183945859,0.010242308775988796,0.010242308775988796,0.00563745390564375,0.009025438332349527,0.009025438332349527,0.005599932718779484,0.010031961416210933,0.010035752868064546,0.00563745390564375,0.00563745390564375,0.008454156920270732,0.00812504741494826,0.7191791956200935,0.6303924291454116,0.01026704886035666,0.010266316385858636,0.005492052983459916,0.06701965652212909,0.0579397183945859,0.010255740907698048,0.010255740907698048,0.008970811180083364,0.008970419664760546,0.009128755258287108,0.009128755258287108,0.009777630185737728,0.009777040718847775,0.010255740907698048,0.010255740907698048,0.010092882468169388,0.00880090876351064,0.010266316385858636,0.010266316385858636,0.008454156920270732,0.00812504741494826,0.7191791956200935,0.6303924291454116,0.009025438332349527,0.009025438332349527,0.010031961416210933,0.010035752868064546,0.008503140688412777,0.008214217849530357,0.7211444783448904,0.6357336801979376
UL001769,194.0,0.04988851293168432,0.005958563761906031,0.09123283051475471,0.09428563139901515,0.00961475732204055,0.00961475732204055,0.006076049116612967,0.008975516456156732,0.008975516456156732,0.0059889850383631725,0.009722222285655351,0.009722003092948324,0.006076049116612967,0.006076049116612967,0.008127159154211446,0.0079190802514749,0.7264753332035639,0.6326178821386998,0.009820784340933928,0.009819178563492596,0.005958563761906031,0.09123283051475471,0.09428563139901515,0.009950310485474336,0.009950310485474336,0.009026068778150475,0.009026944111339138,0.009107293307116534,0.009107293307116534,0.009574253902669765,0.009574733519454497,0.009950310485474336,0.009950310485474336,0.009697078513709767,0.008619256001158232,0.009819178563492596,0.009819178563492596,0.008127159154211446,0.0079190802514749,0.7264753332035639,0.6326178821386998,0.008975516456156732,0.008975516456156732,0.009722222285655351,0.009722003092948324,0.008222607299358003,0.008000416340793926,0.7306581815946481,0.6382681280530593
UL001771,192.0,0.05030666242597139,0.005589486326437211,0.23862586917529774,0.21110252451614767,0.009953265550623374,0.009953265550623374,0.006163602145066591,0.008508220653476587,0.008508220653476587,0.005811370346892753,0.009759177705796285,0.009755167556938438,0.006163602145066591,0.006163602145066591,0.008310300124119461,0.008219069566649867,0.740572388550104,0.6634408420865032,0.009732942383254964,0.009727984458601216,0.005589486326437211,0.23862586917529774,0.21110252451614767,0.009860684318127491,0.009860684318127491,0.008504278451204998,0.008504226960861554,0.008571568483919491,0.008571568483919491,0.009492601851478781,0.009492122824544256,0.009860684318127491,0.009860684318127491,0.009665872998993423,0.008639998194608567,0.009727984458601216,0.009727984458601216,0.008310300124119461,0.008219069566649867,0.740572388550104,0.6634408420865032,0.008508220653476587,0.008508220653476587,0.009759177705796285,0.009755167556938438,0.00828610133025869,0.008253623101502355,0.7430566690746013,0.6677512924941467
UL001781,320.0,0.04255342655571044,0.008018334758504003,0.10717654401649077,0.11305537179485273,0.010011640313913146,0.010011640313913146,0.008058178974870763,0.009334717827350006,0.009334717827350006,0.008038461871343602,0.009987492981685716,0.009988054354107424,0.008058178974870763,0.008058178974870763,0.00917874894648614,0.00871195184924,0.8553435547053427,0.8247470550450238,0.00993616332522755,0.00993766543005865,0.008018334758504003,0.10717654401649077,0.11305537179485273,0.01012632359260721,0.01012632359260721,0.009198260639615295,0.00920065491864203,0.00932560189694671,0.00932560189694671,0.009775118961465169,0.009772159963627043,0.01012632359260721,0.01012632359260721,0.009865025818751615,0.008769266279717889,0.00993766543005865,0.00993766543005865,0.00917874894648614,0.00871195184924,0.8553435547053427,0.8247470550450238,0.009334717827350006,0.009334717827350006,0.009987492981685716,0.009988054354107424,0.00918107636854351,0.008773438163107269,0.8538697692262843,0.8230282871565932
UL001785,187.0,0.018857161833743082,0.0048242493699030085,0.25984904227552696,0.2025555554630995,0.00933451217843071,0.00933451217843071,0.00498499828970034,0.008204721077922252,0.008204721077922252,0.0048734307950582985,0.009384238473053114,0.009384883203149284,0.00498499828970034,0.00498499828970034,0.008076950832280598,0.007661470253441998,0.7198476233628966,0.6299114010905038,0.009365091188817594,0.009366186657427698,0.0048242493699030085,0.25984904227552696,0.2025555554630995,0.009481890998481528,0.009481890998481528,0.008328645383646926,0.008328861037964128,0.008344274119062939,0.008344274119062939,0.009122153480165885,0.009120685948224712,0.009481890998481528,0.009481890998481528,0.00932804129713008,0.00813857048535736,0.009366186657427698,0.009366186657427698,0.008076950832280598,0.007661470253441998,0.7198476233628966,0.6299114010905038,0.008204721077922252,0.008204721077922252,0.009384238473053114,0.009384883203149284,0.008085816054617093,0.007891127453671884,0.7207767590263366,0.6321554619977305
UL001787,190.0,0.01815714687171785,0.004778197571683075,0.23216898728481666,0.19115408658721497,0.01114162788288102,0.01114162788288102,0.005013358872082629,0.010084059738414067,0.010084059738414067,0.004884623163150778,0.011216532826324201,0.011217557226778791,0.005013358872082629,0.005013358872082629,0.00910656425998512,0.008785569005697475,0.7037264360406277,0.6166972902422375,0.011185896290238282,0.01118783650778631,0.004778197571683075,0.23216898728481666,0.19115408658721497,0.011443842038491898,0.011443842038491898,0.010177532432328277,0.010168995294137164,0.010224239802083401,0.010224239802083401,0.010971371382279826,0.010972328124703539,0.011443842038491898,0.011443842038491898,0.01104666769001907,0.009537403222088183,0.01118783650778631,0.01118783650778631,0.00910656425998512,0.008785569005697475,0.7037264360406277,0.6166972902422375,0.010084059738414067,0.010084059738414067,0.011216532826324201,0.011217557226778791,0.009207817799201847,0.008862155068316545,0.7043899696862482,0.6194911550018846
UL001789,192.0,0.025975631453292253,0.005062569487946145,0.038599967245125995,0.03676938681545943,0.008649409255188567,0.008649409255188567,0.0051637947532648274,0.007918547880388998,0.007918547880388998,0.00511171527551303,0.008567345173846873,0.008567404684893165,0.0051637947532648274,0.0051637947532648274,0.007144482280834954,0.006884237558618248,0.7235432858954902,0.6283936314366665,0.008643728415673632,0.00864578122538145,0.005062569487946145,0.038599967245125995,0.03676938681545943,0.0087202297630849,0.0087202297630849,0.007967672712464896,0.007966068578405108,0.00800830691897022,0.00800830691897022,0.008440127412822122,0.00843909550201463,0.0087202297630849,0.0087202297630849,0.008466405417350486,0.007555487692507104,0.00864578122538145,0.00864578122538145,0.007144482280834954,0.006884237558618248,0.7235432858954902,0.6283936314366665,0.007918547880388998,0.007918547880388998,0.008567345173846873,0.008567404684893165,0.00724021253214367,0.006938117909344542,0.7255170070842502,0.6293967645135615
UL001791,192.0,0.021910224957349036,0.004930073480837683,0.06167554658882027,0.05677842298433774,0.010576723919339996,0.010576723919339996,0.005053708636576389,0.009081876027019488,0.009081876027019488,0.004988579100131683,0.010389456784632375,0.010392057073132328,0.005053708636576389,0.005053708636576389,0.008710246710102237,0.008238699714844734,0.7229788107228172,0.6225803438302262,0.010449273889806003,0.010455434450866727,0.004930073480837683,0.06167554658882027,0.05677842298433774,0.010780764032643992,0.010780764032643992,0.009101352916774096,0.009098434448984546,0.009195961579187872,0.009195961579187872,0.010075593251327446,0.010075115325167545,0.010780764032643992,0.010780764032643992,0.010324590522375396,0.008837362624762972,0.010455434450866727,0.010455434450866727,0.008710246710102237,0.008238699714844734,0.7229788107228172,0.6225803438302262,0.009081876027019488,0.009081876027019488,0.010389456784632375,0.010392057073132328,0.008653570996886767,0.008301179467727569,0.7249036673115823,0.6280040127327791
UL001793,192.0,0.023980297407603133,0.004791427134104136,0.05538507212682495,0.048674944611139775,0.010039319334133082,0.010039319334133082,0.004901510224263286,0.008754749831323736,0.008754749831323736,0.004896276628294236,0.009654957472873772,0.009656055355679228,0.004901510224263286,0.004901510224263286,0.008389273736104663,0.00831593993507589,0.7170924473479346,0.6306144478618526,0.01010240633455381,0.010099161611851475,0.004791427134104136,0.05538507212682495,0.048674944611139775,0.010089146252918063,0.010089146252918063,0.008726152714466539,0.008726215243806937,0.008832288710692164,0.008832288710692164,0.009591496019330905,0.009592653416193116,0.010089146252918063,0.010089146252918063,0.009951759235055058,0.008929251407536263,0.010099161611851475,0.010099161611851475,0.008389273736104663,0.00831593993507589,0.7170924473479346,0.6306144478618526,0.008754749831323736,0.008754749831323736,0.009654957472873772,0.009656055355679228,0.008411592410523824,0.008302438121046203,0.7172761681243411,0.6315251856347041
UL001795,191.0,0.021792378081228043,0.004885527366384082,0.04587887448991455,0.043238021106311995,0.009303910279449006,0.009303910279449006,0.005000269394802298,0.008240568708504759,0.008240568708504759,0.004962152531512091,0.009103631029844341,0.00910459317565175,0.005000269394802298,0.005000269394802298,0.007639343449215353,0.007415804346511096,0.7128645910731287,0.6100111383913711,0.00925374641701417,0.00925221178714908,0.004885527366384082,0.04587887448991455,0.043238021106311995,0.009342280878817888,0.009342280878817888,0.008218791385830761,0.008219458030816416,0.008311144268622481,0.008311144268622481,0.008894365009153695,0.008893958609851765,0.009342280878817888,0.009342280878817888,0.009187315774445228,0.007998103807698727,0.00925221178714908,0.00925221178714908,0.007639343449215353,0.007415804346511096,0.7128645910731287,0.6100111383913711,0.008240568708504759,0.008240568708504759,0.009103631029844341,0.00910459317565175,0.007654015720370543,0.007371961903840042,0.715505722058033,0.6143950430630918
UL001797,193.0,0.024756223792763103,0.005030884237572893,0.05931015336904609,0.059426285555863996,0.009356698702003818,0.009356698702003818,0.005253999212825084,0.008190392547890897,0.008190392547890897,0.0051442399732447444,0.009132608864031147,0.009128177926738297,0.005253999212825084,0.005253999212825084,0.008105660812411573,0.007563122248496875,0.7404842859760964,0.6349842149534917,0.009304688637253184,0.009314194563589225,0.005030884237572893,0.05931015336904609,0.059426285555863996,0.009349070104032967,0.009349070104032967,0.008154917460585406,0.008160418488734653,0.008337046973537855,0.008337046973537855,0.008962279154666688,0.008965599385617338,0.009349070104032967,0.009349070104032967,0.009240387138239272,0.00805692830902743,0.009314194563589225,0.009314194563589225,0.008105660812411573,0.007563122248496875,0.7404842859760964,0.6349842149534917,0.008190392547890897,0.008190392547890897,0.009132608864031147,0.009128177926738297,0.008042137749080967,0.007506993813002439,0.7390466443217999,0.6317904092876673
UL001799,192.0,0.02076581063426926,0.004831519707076009,0.046888980353988134,0.04455157442248076,0.008740544312462755,0.008740544312462755,0.005008760411053842,0.008356675848208608,0.008356675848208608,0.004890896174771567,0.00896666617163991,0.008956137916940212,0.005008760411053842,0.005008760411053842,0.00767852864553812,0.007493727798452487,0.7143834841623389,0.6089616420165574,0.008790015594498773,0.008788439607032383,0.004831519707076009,0.046888980353988134,0.04455157442248076,0.008933363958800837,0.008933363958800837,0.008283870706638819,0.008284106050889117,0.008450938957478246,0.008450938957478246,0.008671952062676192,0.00867162590971451,0.008933363958800837,0.008933363958800837,0.008702963016819935,0.007884735554397402,0.008788439607032383,0.008788439607032383,0.00767852864553812,0.007493727798452487,0.7143834841623389,0.6089616420165574,0.008356675848208608,0.008356675848208608,0.00896666617163991,0.008956137916940212,0.007696306410479606,0.007483517646202732,0.7166401029565997,0.6095253663378624
Mean mAP,113.34020618556701,0.045667962592606526,0.004690691090668991,0.06260151452497441,0.05452565158621499,0.01193413312341688,0.01193413312341688,0.006825267374008347,0.00940594180642212,0.00940594180642212,0.005735805829218288,0.01093889993611313,0.010938980211586348,0.006825267374008347,0.006825267374008347,0.006700260024284971,0.0074184642767456815,0.4689789226123822,0.42116548395804504,0.012668225522996485,0.012667872535475405,0.004690691090668991,0.06260151452497441,0.05452565158621499,0.013057894740437679,0.013057894740437679,0.009952206859350674,0.009952845429698251,0.01040047543985475,0.01040047543985475,0.011256438265493463,0.01125559975247832,0.013057894740437679,0.013057894740437679,0.012024151897654616,0.009884794535512055,0.012667872535475405,0.012667872535475405,0.006700260024284971,0.0074184642767456815,0.4689789226123822,0.42116548395804504,0.00940594180642212,0.00940594180642212,0.01093889993611313,0.010938980211586348,0.0066933357238405326,0.007389253333047807,0.46730644247631214,0.4196534027226548
